MA_solar_pv,CT_onshore_wind,CT_solar_pv,ME_onshore_wind,ME_solar_pv,MA_onshore_wind
0.0,0.569944978,0.0,0.920104027,0.000000000,0.788151730
0.0,0.623258889,0.0,0.882233679,0.000000000,0.787871963
0.0,0.694188416,0.0,0.89507395,0.000000000,0.824660907
0.0,0.647399664,0.0,0.87304908,0.000000000,0.782960390
0.0,0.381773531,0.0,0.831012249,0.000000000,0.654180787
0.0,0.244582877,0.0,0.776541591,0.000000000,0.532230226
0.0,0.293396771,0.0,0.704862773,0.000000000,0.521843411
0.0,0.37860319,0.0,0.64796108,0.000000000,0.531477697
0.1779,0.329338044,0.2003,0.526324749,0.202483104,0.488294780
0.429,1.52e-5,0.4221,0.079201177,0.441354541,0.017261577
0.5748,4.55e-5,0.5774,0.02501085,0.597452303,0.022949352
0.6484,0.00057204,0.6504,0.006543793,0.663804052,0.000000000
0.6208,0.086801805,0.6166,0.012104483,0.630002362,0.058819208
0.596,0.341097623,0.6205,0.018969901,0.629954770,0.167297296
0.5013,0.326572925,0.513,0.034807973,0.528192032,0.193670310
0.3311,0.38522929,0.3369,0.089363858,0.345254797,0.235788585
0.0642,0.25948137,0.1068,0.198931903,0.106140100,0.272089325
0.0,0.818314612,0.0,0.486049294,0.000000000,0.687933316
0.0,0.947374165,0.0,0.695741773,0.000000000,0.833341227
0.0,0.884191096,0.0,0.893018901,0.000000000,0.946669537
0.0,0.863175511,0.0,0.884643197,0.000000000,0.900656683
0.0,0.935150564,0.0,0.961134374,0.000000000,0.980145603
0.0,0.973402262,0.0,0.955752611,0.000000000,1.000000000
0.0,0.746089995,0.0,0.952378809,0.000000000,0.881904660
0.0,0.433065981,0.0,0.905306697,0.000000000,0.714125487
0.0,0.503579199,0.0,0.868118405,0.000000000,0.709393082
0.0,0.820716262,0.0,0.810200989,0.000000000,0.845733196
0.0,0.861984015,0.0,0.878156662,0.000000000,0.904356542
0.0,0.635637224,0.0,0.943921924,0.000000000,0.806428290
0.0,0.684829473,0.0,0.907720923,0.000000000,0.851848594
0.0,0.745589137,0.0,0.828339458,0.000000000,0.825971172
0.0,0.27747938,0.0,0.849667013,0.000000000,0.547881100
0.16,0.655076563,0.1615,0.907849193,0.175540880,0.823870597
0.3418,0.843971074,0.4263,0.964260221,0.408026508,0.934358075
0.4952,0.989659667,0.57,0.942756534,0.563627754,0.990524342
0.5654,0.995543838,0.6482,0.85308063,0.669437200,0.939779052
0.5713,1.0,0.6314,0.791825891,0.618732630,0.926326396
0.5414,1.0,0.5409,0.882102609,0.570696832,0.999366444
0.4677,0.998463929,0.4277,0.888284206,0.481774918,0.980835824
0.3193,0.957467973,0.3402,0.899303496,0.349984054,0.934999280
0.1003,0.884891868,0.1301,0.918197513,0.116724464,0.939538583
0.0,0.697858751,0.0,0.785050571,0.000000000,0.768148348
0.0,0.532083452,0.0,0.849610209,0.000000000,0.731406481
0.0,0.179168805,0.0,0.890681326,0.000000000,0.567854940
0.0,0.460624933,0.0,0.895241141,0.000000000,0.696397890
0.0,0.575961411,0.0,0.842129111,0.000000000,0.727221133
0.0,0.526084423,0.0,0.778776944,0.000000000,0.677887329
0.0,0.570720732,0.0,0.798049688,0.000000000,0.683156740
0.0,0.616125405,0.0,0.865914464,0.000000000,0.750188634
0.0,0.687053382,0.0,0.807153344,0.000000000,0.739409050
0.0,0.553053379,0.0,0.573096633,0.000000000,0.582460580
0.0,0.677880645,0.0,0.476775587,0.000000000,0.597950728
0.0,0.80630821,0.0,0.574992657,0.000000000,0.695060244
0.0,0.801423192,0.0,0.604182601,0.000000000,0.725104119
0.0,0.736126423,0.0,0.744862914,0.000000000,0.794837914
0.0,0.630956411,0.0,0.792550921,0.000000000,0.764663737
0.2147,0.731341124,0.1899,0.87292397,0.211367854,0.848535919
0.436,0.992636561,0.4305,0.912224948,0.412000770,0.986096976
0.5787,1.0,0.5707,0.980872095,0.578499374,1.000000000
0.632,1.0,0.6554,0.994781852,0.664740081,1.000000000
0.6451,1.0,0.6621,0.988758683,0.677846260,1.000000000
0.6207,1.0,0.6529,0.998735309,0.660509340,1.000000000
0.5504,1.0,0.5731,0.996199667,0.577650344,1.000000000
0.3781,0.999652565,0.4127,0.983224452,0.414457207,1.000000000
0.1371,0.945950031,0.1725,0.998122811,0.166175401,1.000000000
0.0,0.987837434,0.0,0.997993112,0.000000000,1.000000000
0.0,1.0,0.0,0.997174382,0.000000000,0.996139314
0.0,0.958051622,0.0,0.987223804,0.000000000,1.000000000
0.0,1.0,0.0,0.981596351,0.000000000,1.000000000
0.0,0.996488094,0.0,0.992870092,0.000000000,1.000000000
0.0,0.997731447,0.0,0.954669297,0.000000000,0.987750080
0.0,0.997055888,0.0,0.9347471,0.000000000,1.000000000
0.0,1.0,0.0,0.978952587,0.000000000,1.000000000
0.0,0.999057055,0.0,0.945270836,0.000000000,1.000000000
0.0,0.964799762,0.0,0.929749548,0.000000000,0.959730910
0.0,0.929325104,0.0,0.909057319,0.000000000,0.935839157
0.0,0.906229854,0.0,0.901528418,0.000000000,0.931975368
0.0,0.809327066,0.0,0.910134673,0.000000000,0.924216598
0.0,0.651830137,0.0,0.867187142,0.000000000,0.786015263
0.0,0.48080951,0.0,0.876390636,0.000000000,0.675417108
0.2277,0.378751755,0.2204,0.823099732,0.218723775,0.612904826
0.4502,0.383687705,0.4435,0.801250398,0.470236057,0.623719339
0.6046,0.43698281,0.5641,0.801717401,0.600978136,0.606957427
0.6791,0.027345492,0.6709,0.240071028,0.699600867,0.154204388
0.6728,0.000123209,0.6513,0.299450189,0.698767382,0.075983111
0.6482,5.38e-5,0.6024,0.186628819,0.649046539,0.127772973
0.528,6.64e-5,0.4635,0.105973914,0.528406118,0.075420377
0.3343,0.002060085,0.305,0.071392164,0.325124125,0.015691226
0.028,5.04e-5,0.0783,0.033698864,0.022871836,0.021850333
0.0,0.097491965,0.0,0.225880757,0.000000000,0.170737070
0.0,0.291266352,0.0,0.277302444,0.000000000,0.284544866
0.0,0.210415676,0.0,0.370590001,0.000000000,0.337918769
0.0,0.223368809,0.0,0.342927366,0.000000000,0.270071914
0.0,0.409326077,0.0,0.468558729,0.000000000,0.448280819
0.0,0.685454428,0.0,0.585748136,0.000000000,0.674097468
0.0,0.560226202,0.0,0.687084079,0.000000000,0.690366477
0.0,0.414616615,0.0,0.582934856,0.000000000,0.536271575
0.0,0.492882252,0.0,0.574557364,0.000000000,0.554891448
0.0,0.543901205,0.0,0.535381913,0.000000000,0.573898361
0.0,0.584094465,0.0,0.601786137,0.000000000,0.628733329
0.0,0.575396657,0.0,0.5711748,0.000000000,0.582154932
0.0,0.222339511,0.0,0.524353385,0.000000000,0.360769607
0.0,0.063489825,0.0,0.469980359,0.000000000,0.279572316
0.0,0.034827486,0.0,0.364646316,0.000000000,0.223041783
0.1033,0.0359466,0.1154,0.391142845,0.103872982,0.235231549
0.2804,0.168909371,0.2997,0.372059673,0.304382959,0.278194400
0.4372,0.119043224,0.4896,0.292032659,0.478572738,0.191638751
0.5913,0.057592459,0.5795,0.214939833,0.577176719,0.149662635
0.5349,0.084502511,0.5517,0.320211053,0.595176863,0.199568332
0.4854,0.249637455,0.4408,0.390997708,0.444368326,0.358824560
0.3973,0.350143909,0.4072,0.371668875,0.406828199,0.347099478
0.2948,0.742475271,0.3063,0.564464331,0.331542649,0.669793047
0.0897,0.870121062,0.1054,0.659781039,0.104324360,0.792328489
0.0,0.958805382,0.0,0.668345809,0.000000000,0.853245602
0.0,0.799080312,0.0,0.775924802,0.000000000,0.825969103
0.0,0.399789095,0.0,0.654665828,0.000000000,0.557071484
0.0,0.343781441,0.0,0.754780889,0.000000000,0.577349734
0.0,0.002315517,0.0,0.167690724,0.000000000,0.097218522
0.0,0.094827555,0.0,0.573313653,0.000000000,0.317225959
0.0,0.031066958,0.0,0.43366161,0.000000000,0.252520023
0.0,0.097598262,0.0,0.349793971,0.000000000,0.230326987
0.0,0.058144085,0.0,0.266512692,0.000000000,0.178586891
0.0,0.142925054,0.0,0.180226371,0.000000000,0.172117344
0.0,0.373674929,0.0,0.118735507,0.000000000,0.228854648
0.0,0.434153348,0.0,0.091907203,0.000000000,0.312167258
0.0,0.435889482,0.0,0.070327573,0.000000000,0.269385187
0.0,0.563583791,0.0,0.099923894,0.000000000,0.341163164
0.0,0.845474541,0.0,0.154476166,0.000000000,0.513935551
0.1023,0.694941878,0.139,0.193684876,0.141641367,0.443910455
0.2939,0.832901537,0.4082,0.242370129,0.355375864,0.525277196
0.5036,0.784772754,0.5689,0.246076912,0.584509279,0.554414002
0.62,0.584573805,0.6386,0.237035424,0.673124182,0.418570623
0.5947,0.526055634,0.5749,0.226963848,0.606472372,0.409695951
0.4261,0.535089731,0.557,0.258899093,0.506319851,0.376834635
0.3649,0.20891723,0.3724,0.195579961,0.380094990,0.226339591
0.1992,0.3200486,0.1936,0.375185788,0.181910247,0.369629120
0.0151,0.762181401,0.0704,0.408885181,0.045084835,0.629258537
0.0,0.967575073,0.0,0.427647233,0.000000000,0.773768247
0.0,0.947055817,0.0,0.428736746,0.000000000,0.694106694
0.0,0.922798336,0.0,0.413813174,0.000000000,0.662191753
0.0,0.981649756,0.0,0.354275286,0.000000000,0.689471550
0.0,0.987221539,0.0,0.335782766,0.000000000,0.651821008
0.0,0.972513497,0.0,0.419259131,0.000000000,0.754020393
0.0,0.921534657,0.0,0.374869168,0.000000000,0.685004433
0.0,0.942537785,0.0,0.301030874,0.000000000,0.625945732
0.0,0.942126811,0.0,0.325035155,0.000000000,0.652732340
0.0,0.740993917,0.0,0.387509257,0.000000000,0.571870033
0.0,0.56838423,0.0,0.436268449,0.000000000,0.527464733
0.0,0.254551947,0.0,0.409830958,0.000000000,0.348435305
0.0,0.088092998,0.0,0.362387031,0.000000000,0.278092322
0.0,0.153454423,0.0,0.333725303,0.000000000,0.245642564
0.0,0.125184193,0.0,0.27631855,0.000000000,0.208798061
0.1883,0.232314631,0.1888,0.156356975,0.212620864,0.191613136
0.4067,0.527668715,0.418,0.096909747,0.435840715,0.313947284
0.5478,0.643087626,0.5584,0.082197607,0.546278524,0.398182304
0.6386,0.444231838,0.6543,0.094594836,0.703404483,0.306122465
0.6504,0.497035325,0.6701,0.102840483,0.685733890,0.320426659
0.6311,0.564896762,0.647,0.105240457,0.659353322,0.301976025
0.5093,0.640720606,0.5124,0.067702353,0.548596020,0.386471408
0.299,0.400899559,0.316,0.140837073,0.321294631,0.264227307
0.0553,0.538941324,0.1148,0.161545038,0.081590355,0.346662617
0.0,0.923362017,0.0,0.168319955,0.000000000,0.542495249
0.0,0.840292275,0.0,0.248747885,0.000000000,0.555849103
0.0,0.243614614,0.0,0.357263148,0.000000000,0.279462231
0.0,0.643543959,0.0,0.407699734,0.000000000,0.513874031
0.0,0.796087563,0.0,0.559159398,0.000000000,0.678287029
0.0,0.903208315,0.0,0.730784357,0.000000000,0.848915609
0.0,0.935438216,0.0,0.753751397,0.000000000,0.888629405
0.0,0.997932076,0.0,0.818970919,0.000000000,0.895825694
0.0,0.982208312,0.0,0.724056244,0.000000000,0.852669464
0.0,0.986259937,0.0,0.717351198,0.000000000,0.852843232
0.0,0.994179308,0.0,0.723726153,0.000000000,0.864107912
0.0,0.966724813,0.0,0.723625481,0.000000000,0.869973779
0.0,0.938414276,0.0,0.731772125,0.000000000,0.857725787
0.0,0.819656253,0.0,0.790290594,0.000000000,0.821999154
0.0,0.804335475,0.0,0.554285526,0.000000000,0.727255703
0.2056,0.796525359,0.1964,0.616902471,0.196742749,0.733614003
0.4097,0.6475963,0.35,0.659731388,0.410745726,0.699879558
0.5584,0.803939998,0.4004,0.512989461,0.482347436,0.703712123
0.4656,0.813347638,0.5397,0.467998236,0.505696310,0.644207893
0.5802,0.786184669,0.5759,0.373288602,0.604402218,0.595610578
0.5964,0.809754848,0.508,0.438009381,0.576323503,0.654107611
0.5111,0.920710862,0.4839,0.587767482,0.521200433,0.794385591
0.3605,0.424674869,0.3378,0.65806514,0.328273491,0.555078822
0.1202,0.673590124,0.1348,0.666335702,0.132099488,0.710605790
0.0,0.722590208,0.0,0.702498555,0.000000000,0.742387368
0.0,0.807032704,0.0,0.735339999,0.000000000,0.783008296
0.0,0.794338346,0.0,0.639792442,0.000000000,0.761655074
0.0,0.920866907,0.0,0.592087984,0.000000000,0.788430633
0.0,0.775906444,0.0,0.523823261,0.000000000,0.644388545
0.0,0.790116549,0.0,0.516953051,0.000000000,0.688763189
0.0,0.313982964,0.0,0.425170183,0.000000000,0.415764750
0.0,0.228863105,0.0,0.42695722,0.000000000,0.356475390
0.0,0.186610132,0.0,0.299720883,0.000000000,0.267643828
0.0,0.168072969,0.0,0.244982213,0.000000000,0.189843232
0.0,0.099481188,0.0,0.266644388,0.000000000,0.194544235
0.0,0.07131198,0.0,0.336548865,0.000000000,0.207954071
0.0,0.141474232,0.0,0.403077483,0.000000000,0.280702695
0.0,0.174716681,0.0,0.409066558,0.000000000,0.275818463
0.0,0.109989181,0.0,0.39652282,0.000000000,0.278581912
0.1584,0.090794012,0.1776,0.398093283,0.162342943,0.245644711
0.3603,0.030788897,0.3604,0.361599565,0.379423150,0.198700467
0.4586,0.016659057,0.4766,0.296996891,0.487765257,0.144922974
0.4847,0.026496863,0.5273,0.182485133,0.525831829,0.118160067
0.5907,0.016100235,0.6539,0.123761773,0.634584900,0.045865755
0.7654,0.063318081,0.7914,0.1468952,0.811107719,0.091463755
0.5757,0.212307662,0.5949,0.240729049,0.600118013,0.224292713
0.4019,0.184758514,0.4277,0.319725215,0.434009308,0.266758805
0.1541,0.409239978,0.1815,0.499451488,0.179182038,0.476647932
0.0,0.85537678,0.0,0.735057831,0.000000000,0.838032618
0.0,0.717418909,0.0,0.768220544,0.000000000,0.748016128
0.0,0.363580614,0.0,0.875060856,0.000000000,0.621460560
0.0,0.317670733,0.0,0.820344567,0.000000000,0.589228446
0.0,0.271577805,0.0,0.910065353,0.000000000,0.611128051
0.0,0.311569244,0.0,0.957307518,0.000000000,0.658816490
0.0,0.221334517,0.0,0.946516454,0.000000000,0.624307884
0.0,0.171090662,0.0,0.934381068,0.000000000,0.560814155
0.0,0.079606064,0.0,0.913996696,0.000000000,0.479623970
0.0,0.189559758,0.0,0.945908904,0.000000000,0.580327168
0.0,0.259287894,0.0,0.926405728,0.000000000,0.616005235
0.0,0.127237305,0.0,0.849615216,0.000000000,0.537061104
0.0,0.17743887,0.0,0.885867298,0.000000000,0.527783648
0.0,0.27053991,0.0,0.903562665,0.000000000,0.595765296
0.0,0.18752566,0.0,0.900292158,0.000000000,0.547558806
0.1709,0.695573568,0.1778,0.789421737,0.187469734,0.777831565
0.3428,0.131348357,0.3614,0.802557707,0.388741984,0.504944715
0.4545,0.239212155,0.4885,0.730632544,0.490908844,0.554382635
0.5223,0.310001045,0.5863,0.699638247,0.574650679,0.500780391
0.5971,0.416327089,0.5876,0.509494543,0.620893952,0.497293520
0.6098,0.421913445,0.5302,0.48682785,0.599395805,0.466026231
0.5176,0.579014182,0.4279,0.620525122,0.500652205,0.606870344
0.3503,0.643352985,0.2873,0.686781466,0.346299449,0.689231786
0.1105,0.790205538,0.1142,0.834916592,0.107196506,0.822193927
0.0,0.734749496,0.0,0.961258769,0.000000000,0.879110411
0.0,0.901278973,0.0,0.985307395,0.000000000,0.962896163
0.0,0.443615586,0.0,0.975257516,0.000000000,0.749653635
0.0,0.563726008,0.0,0.99187088,0.000000000,0.781476356
0.0,0.776801109,0.0,0.995504022,0.000000000,0.913983717
0.0,0.593942106,0.0,0.938395023,0.000000000,0.804251533
0.0,0.759970427,0.0,0.930854142,0.000000000,0.893471238
0.0,0.504448533,0.0,0.889441252,0.000000000,0.693692911
0.0,0.487716585,0.0,0.884310007,0.000000000,0.671334481
0.0,0.197554901,0.0,0.762876272,0.000000000,0.510372494
0.0,0.051789507,0.0,0.630009115,0.000000000,0.313295182
0.0,0.297564685,0.0,0.414530814,0.000000000,0.352841998
0.0,0.620805919,0.0,0.377632737,0.000000000,0.506360709
0.0,0.506251514,0.0,0.347323477,0.000000000,0.442934142
0.0,0.369528323,0.0,0.218754575,0.000000000,0.323387288
0.1904,0.075398572,0.1817,0.348196238,0.202599716,0.272185861
0.3998,0.052092776,0.3776,0.275951982,0.388764415,0.196355839
0.5013,0.000912532,0.5216,0.167353988,0.504409245,0.063772248
0.5482,0.003804801,0.6342,0.096209385,0.605007687,0.060165795
0.5471,0.004665192,0.6809,0.024136219,0.656906020,0.000000000
0.5638,0.034942862,0.6637,0.017962135,0.678907477,0.004265746
0.4942,0.130620405,0.5758,0.026331495,0.547940231,0.066395565
0.358,0.209739819,0.4076,0.050122589,0.393923816,0.130256802
0.1237,0.270353645,0.1352,0.076377168,0.133429178,0.200233956
0.0,0.587898731,0.0,0.160285532,0.000000000,0.394989265
0.0,0.801127791,0.0,0.250386924,0.000000000,0.512376759
0.0,0.471754193,0.0,0.234963924,0.000000000,0.358276140
0.0,0.497119367,0.0,0.377899528,0.000000000,0.430622060
0.0,0.433294594,0.0,0.383023888,0.000000000,0.421447603
0.0,0.464815438,0.0,0.388597429,0.000000000,0.447073618
0.0,0.495626986,0.0,0.359877288,0.000000000,0.411410816
0.0,0.773328662,0.0,0.376229882,0.000000000,0.600869612
0.0,0.922425091,0.0,0.42322576,0.000000000,0.708936777
0.0,0.975681365,0.0,0.425420642,0.000000000,0.717868718
0.0,0.998668909,0.0,0.474283308,0.000000000,0.789504228
0.0,0.96816361,0.0,0.513089657,0.000000000,0.765518186
0.0,0.995454729,0.0,0.691806316,0.000000000,0.892681275
0.0,0.987193763,0.0,0.568521321,0.000000000,0.804758303
0.0,0.9938519,0.0,0.524209619,0.000000000,0.766916580
0.0,0.997879922,0.0001,0.65563798,0.000000000,0.854042209
0.0026,0.994140625,0.0041,0.655473053,0.000000000,0.839218675
0.0598,0.999531507,0.0626,0.686019301,0.082567268,0.889128726
0.1045,1.0,0.0905,0.958478153,0.088526693,0.970440736
0.0515,1.0,0.1765,0.988630712,0.107337388,1.000000000
0.0671,0.999296963,0.3062,0.989668608,0.198866312,1.000000000
0.1956,0.987912178,0.369,0.97400701,0.300335542,1.000000000
0.1553,0.973082304,0.2813,0.943269491,0.239605243,0.978674042
0.0357,0.908562422,0.0903,0.918866634,0.062664106,0.952395936
0.0,0.863576651,0.0,0.912455797,0.000000000,0.936066617
0.0,0.441652387,0.0,0.918765068,0.000000000,0.676074895
0.0,0.133826673,0.0,0.914151609,0.000000000,0.542625508
0.0,0.18830952,0.0,0.914121866,0.000000000,0.580104190
0.0,0.080651544,0.0,0.886783063,0.000000000,0.508667607
0.0,0.102896959,0.0,0.897890389,0.000000000,0.518816736
0.0,0.292079359,0.0,0.725169301,0.000000000,0.503383407
0.0,0.240472272,0.0,0.664602697,0.000000000,0.446216669
0.0,0.247440055,0.0,0.570896208,0.000000000,0.419111127
0.0,0.237611532,0.0,0.460848123,0.000000000,0.370858664
0.0,0.436896056,0.0,0.481707722,0.000000000,0.445386366
0.0,0.34168756,0.0,0.280787885,0.000000000,0.295783295
0.0,0.466558039,0.0,0.166776717,0.000000000,0.335382735
0.0,0.813244164,0.0,0.205677763,0.000000000,0.496647199
0.0,0.302878886,0.0,0.300532162,0.000000000,0.281823187
0.0041,0.373046428,0.0067,0.267592192,0.010412404,0.349609335
0.0805,0.228007585,0.1502,0.422922343,0.130962672,0.325775426
0.2869,0.705251694,0.4189,0.396006346,0.391351025,0.577055232
0.4127,0.98025769,0.4948,0.389075994,0.460167139,0.720345557
0.5241,1.0,0.5722,0.531895161,0.565283953,0.786347614
0.5732,1.0,0.5483,0.695458591,0.590680859,0.881264405
0.4743,1.0,0.4087,0.841732681,0.482333694,0.950665071
0.305,1.0,0.313,0.831212223,0.328407215,0.934481844
0.0978,1.0,0.1318,0.771754384,0.151598722,0.941637833
0.0,1.0,0.0,0.859164715,0.000000000,0.956105829
0.0,1.0,0.0,0.964129448,0.000000000,0.991554329
0.0,1.0,0.0,0.989314437,0.000000000,1.000000000
0.0,1.0,0.0,0.997104347,0.000000000,1.000000000
0.0,1.0,0.0,0.989203095,0.000000000,1.000000000
0.0,1.0,0.0,0.999962449,0.000000000,1.000000000
0.0,0.990385175,0.0,1.0,0.000000000,1.000000000
0.0,0.974543273,0.0,1.0,0.000000000,1.000000000
0.0,1.0,0.0,1.0,0.000000000,1.000000000
0.0,0.998923659,0.0,0.996925354,0.000000000,1.000000000
0.0,1.0,0.0,0.980939925,0.000000000,1.000000000
0.0,0.9999156,0.0,0.995903492,0.000000000,1.000000000
0.0,0.989916205,0.0,0.986650288,0.000000000,1.000000000
0.0,0.989458561,0.0,0.967746377,0.000000000,1.000000000
0.0,0.752799571,0.0,0.973660171,0.000000000,0.903116110
0.1892,0.907200992,0.164,0.986133695,0.200989445,0.954893480
0.3808,0.940828919,0.3817,0.990893126,0.398865046,1.000000000
0.5055,0.985960245,0.5261,0.950878024,0.552039813,0.984632076
0.6058,0.993910849,0.6015,0.955344141,0.634813336,0.966901090
0.6621,0.985459149,0.6392,0.987513661,0.678661205,0.992284671
0.6563,0.984604716,0.6448,0.975212336,0.706796195,1.000000000
0.5704,0.991283655,0.5771,0.957569599,0.624491308,0.952168581
0.4009,0.977170289,0.422,0.991573811,0.424458132,0.995814054
0.1757,0.987855911,0.2093,0.948312104,0.201868017,1.000000000
0.0,0.838460803,0.0,0.950389743,0.000000000,0.920284052
0.0,0.869346082,0.0,0.958247781,0.000000000,0.947517175
0.0,0.794923484,0.0,0.927831471,0.000000000,0.913756217
0.0,0.913891792,0.0,0.979082227,0.000000000,0.968246078
0.0,0.940207124,0.0,0.989470422,0.000000000,0.990191353
0.0,0.90137291,0.0,0.985802889,0.000000000,0.939526415
0.0,0.939054847,0.0,0.985857069,0.000000000,0.960191194
0.0,0.998811007,0.0,0.988991022,0.000000000,1.000000000
0.0,0.999851406,0.0,0.926579535,0.000000000,0.988002766
0.0,1.0,0.0,0.893211186,0.000000000,0.966019714
0.0,1.0,0.0,0.873010397,0.000000000,0.966268691
0.0,1.0,0.0,0.843749166,0.000000000,0.930452086
0.0,1.0,0.0,0.773206413,0.000000000,0.923525912
0.0,0.998225033,0.0,0.719817936,0.000000000,0.882570476
0.0,0.949328542,0.0,0.680471957,0.000000000,0.861283962
0.2406,0.994878829,0.2384,0.724686265,0.231586153,0.884181845
0.4691,0.993906379,0.4718,0.735474169,0.521989630,0.909119718
0.6312,0.911872685,0.6341,0.822281063,0.655904758,0.896866438
0.7083,0.806655169,0.7179,0.927098632,0.723655473,0.896009960
0.7193,0.99997896,0.7315,0.946814895,0.727723791,1.000000000
0.7062,0.946918428,0.7192,0.948075414,0.776704407,0.943986744
0.6127,0.998580515,0.6369,0.961242318,0.665634885,1.000000000
0.4407,0.999340951,0.4702,0.977752447,0.469605414,1.000000000
0.1983,1.0,0.2351,0.971139312,0.218301179,1.000000000
0.0,0.98964864,0.0,0.953722835,0.000000000,1.000000000
0.0,0.993235052,0.0,0.974653244,0.000000000,1.000000000
0.0,0.898518324,0.0,0.976738095,0.000000000,0.983282432
0.0,0.944250226,0.0,0.958328366,0.000000000,0.987498673
0.0,0.784093738,0.0,0.966344357,0.000000000,0.894389216
0.0,0.894709051,0.0,0.97134763,0.000000000,0.928494512
0.0,0.854348719,0.0,0.975006104,0.000000000,0.949200568
0.0,0.965387285,0.0,0.983192205,0.000000000,1.000000000
0.0,0.954362154,0.0,0.957826257,0.000000000,1.000000000
0.0,0.922331035,0.0,0.91556865,0.000000000,0.964321649
0.0,0.844062388,0.0,0.915687263,0.000000000,0.885226673
0.0,0.802231789,0.0,0.844007134,0.000000000,0.816556464
0.0,0.828511536,0.0,0.770301104,0.000000000,0.792673489
0.0,0.583996654,0.0,0.751060247,0.000000000,0.699471628
0.0,0.202603534,0.0,0.69873786,0.000000000,0.499558944
0.2391,0.058440641,0.2371,0.694000363,0.246721581,0.356563700
0.4586,0.001883788,0.4656,0.494121283,0.480689873,0.292309751
0.6179,0.003065184,0.6211,0.302468121,0.655320745,0.154711312
0.6974,0.071478568,0.6556,0.140806243,0.706489796,0.108338418
0.6672,0.195936367,0.6465,0.066042975,0.695864900,0.103767762
0.6136,0.439520001,0.6058,0.120706722,0.650515295,0.310846078
0.4943,0.688237429,0.435,0.394359469,0.503720944,0.511229657
0.2741,0.875738084,0.2901,0.722384691,0.293304710,0.812191376
0.0666,0.916852057,0.1376,0.802013457,0.094592794,0.859664895
0.0,1.0,0.0,0.928440034,0.000000000,0.984857312
0.0,1.0,0.0,0.980508447,0.000000000,1.000000000
0.0,0.981884241,0.0,1.0,0.000000000,1.000000000
0.0,0.482720077,0.0,0.211268544,0.000000000,0.358663486
0.0,0.994872808,0.0,0.981729686,0.000000000,1.000000000
0.0,0.993279934,0.0,0.914292037,0.000000000,0.977732304
0.0,0.962603092,0.0,0.918717086,0.000000000,0.970325044
0.0,0.851262867,0.0,0.840904474,0.000000000,0.871333254
0.0,0.733260453,0.0,0.942228436,0.000000000,0.877931363
0.0,0.889862716,0.0,0.971532941,0.000000000,0.961787497
0.0,0.981966197,0.0,0.94686377,0.000000000,0.959140395
0.0,0.963828266,0.0,0.830248654,0.000000000,0.939594870
0.0,0.802278817,0.0,0.735838115,0.000000000,0.763156474
0.0,0.617577553,0.0,0.598002791,0.000000000,0.601808068
0.0,0.460653722,0.0,0.578174472,0.000000000,0.534677068
0.063,0.38251406,0.0851,0.410699368,0.051233101,0.365767878
0.2298,0.3961761,0.3003,0.253641337,0.293836281,0.299066802
0.3955,0.371211141,0.4133,0.161515325,0.442614425,0.295123014
0.4576,0.407442391,0.3578,0.143813014,0.419321943,0.266678609
0.4251,0.229040965,0.355,0.095633775,0.421486230,0.167516166
0.397,0.238406986,0.307,0.072829321,0.387079815,0.167864077
0.2726,0.381467015,0.2953,0.078589194,0.295710555,0.237003180
0.148,0.481076956,0.1986,0.165635929,0.202181985,0.310271426
0.0133,0.554682076,0.0092,0.287639439,0.014403968,0.410492793
0.0,0.525467098,0.0,0.542099476,0.000000000,0.553941595
0.0,0.815117538,0.0,0.795086622,0.000000000,0.823695410
0.0,0.698978364,0.0,0.921057999,0.000000000,0.846317659
0.0,0.809930027,0.0,0.811082602,0.000000000,0.834443782
0.0,0.880454421,0.0,0.802461147,0.000000000,0.842532706
0.0,0.960390031,0.0,0.814354539,0.000000000,0.901821149
0.0,0.90731144,0.0,0.823664665,0.000000000,0.922896773
0.0,0.970664501,0.0,0.854990482,0.000000000,0.930777789
0.0,0.972734034,0.0,0.884801865,0.000000000,0.957980777
0.0,0.999877095,0.0,0.943833709,0.000000000,1.000000000
0.0,1.0,0.0,0.979152799,0.000000000,1.000000000
0.0,1.0,0.0,0.975944519,0.000000000,1.000000000
0.0,1.0,0.0,0.996503949,0.000000000,1.000000000
0.0,1.0,0.0,1.0,0.000000000,1.000000000
0.0,1.0,0.0,1.0,0.000000000,1.000000000
0.2194,0.999924064,0.1986,1.0,0.209484887,1.000000000
0.4257,0.998786271,0.4033,1.0,0.443507859,1.000000000
0.5872,1.0,0.5454,1.0,0.635251224,1.000000000
0.6481,1.0,0.5963,1.0,0.672151408,1.000000000
0.6592,1.0,0.6098,1.0,0.661610553,1.000000000
0.6547,1.0,0.6572,1.0,0.694900964,1.000000000
0.5823,1.0,0.6051,1.0,0.656671237,1.000000000
0.4386,1.0,0.4694,1.0,0.475542165,1.000000000
0.2089,1.0,0.2449,1.0,0.252629262,0.999225502
0.0,1.0,0.0,1.0,0.000000000,1.000000000
0.0,0.999886274,0.0,1.0,0.000000000,1.000000000
0.0,0.99157542,0.0,0.999686539,0.000000000,0.999919710
0.0,0.962742686,0.0,0.999597847,0.000000000,0.993258243
0.0,0.913824022,0.0,0.975982428,0.000000000,0.962811299
0.0,0.833752632,0.0,0.94244796,0.000000000,0.914753155
0.0,0.649850965,0.0,0.952756107,0.000000000,0.826509572
0.0,0.627161443,0.0,0.929395556,0.000000000,0.808252638
0.0,0.217612281,0.0,0.900235772,0.000000000,0.583980012
0.0,0.116163731,0.0,0.866942644,0.000000000,0.494212281
0.0,0.272952229,0.0,0.741459072,0.000000000,0.550804094
0.0,0.277390778,0.0,0.600258589,0.000000000,0.487766647
0.0,0.26416716,0.0,0.417367399,0.000000000,0.363656803
0.0,0.073716134,0.0,0.207226366,0.000000000,0.151825634
0.0,0.038241033,0.0,0.15075615,0.000000000,0.081794285
0.2198,0.097082593,0.2185,0.118688792,0.226256505,0.139439399
0.4112,0.001447127,0.3732,0.004833708,0.407431945,0.000000000
0.5551,5.9e-5,0.5366,0.013554232,0.591067297,0.003286420
0.6202,0.00026092,0.6392,0.037889838,0.652703594,0.000000000
0.6322,0.005408939,0.6719,0.026628215,0.690969963,0.000000000
0.6454,0.025882183,0.6925,0.054959729,0.720902724,0.056914252
0.582,0.125935793,0.5905,0.044316772,0.611305067,0.073365861
0.4182,0.18762584,0.3985,0.085174516,0.449349490,0.175171668
0.1694,0.175286353,0.1216,0.294740826,0.164274137,0.260239855
0.0,0.130735457,0.0,0.302422374,0.000000000,0.213993073
0.0,0.059012618,0.0,0.263340175,0.000000000,0.144842503
0.0,0.076137081,0.0,0.379125297,0.000000000,0.268798707
0.0,0.417927891,0.0,0.68642652,0.000000000,0.569028085
0.0,0.335010946,0.0,0.734469175,0.000000000,0.552331388
0.0,0.261711657,0.0,0.73539865,0.000000000,0.488821515
0.0,0.185985401,0.0,0.691299915,0.000000000,0.425829285
0.0,0.215645924,0.0,0.583048582,0.000000000,0.399413330
0.0,0.305431753,0.0,0.587040126,0.000000000,0.478035872
0.0,0.296855569,0.0,0.542858481,0.000000000,0.425613728
0.0,0.429687113,0.0,0.510614693,0.000000000,0.496584695
0.0,0.552138925,0.0,0.45660311,0.000000000,0.527897941
0.0,0.611982286,0.0,0.427841127,0.000000000,0.547933431
0.0,0.952477038,0.0,0.436822176,0.000000000,0.717639392
0.0,0.94997865,0.0,0.484590083,0.000000000,0.759300711
0.2238,0.960820317,0.2158,0.577081442,0.242757553,0.792446300
0.4608,0.916780055,0.458,0.570028424,0.469788789,0.755252410
0.6129,0.995527506,0.6197,0.751542807,0.631797770,0.874813414
0.681,1.0,0.7022,0.85591507,0.733669165,0.967373105
0.7075,0.706549644,0.7162,0.619331539,0.729583234,0.688199556
0.6971,0.844171405,0.7045,0.672639489,0.743495671,0.780858978
0.6128,0.786879778,0.626,0.987169445,0.649632039,0.943094491
0.4488,0.720500171,0.4726,0.989231169,0.482412397,0.881590373
0.217,0.447472394,0.2484,0.974840343,0.241732293,0.757594623
0.0,0.345706671,0.0,0.87803185,0.000000000,0.633220793
0.0,0.369809151,0.0,0.903371572,0.000000000,0.642974145
0.0,0.554297388,0.0,0.937535048,0.000000000,0.779718982
0.0,0.792255223,0.0,0.923223376,0.000000000,0.884118299
0.0,0.62724638,0.0,0.899793744,0.000000000,0.751095630
0.0,0.336070687,0.0,0.880906224,0.000000000,0.584877832
0.0,0.155117512,0.0,0.858990669,0.000000000,0.478465658
0.0,0.115278736,0.0,0.872609735,0.000000000,0.520277994
0.0,0.155447826,0.0,0.714520395,0.000000000,0.414254946
0.0,0.072547182,0.0,0.685217142,0.000000000,0.394676090
0.0,0.144462854,0.0,0.526806712,0.000000000,0.341186571
0.0,0.183930919,0.0,0.356784225,0.000000000,0.326758279
0.0,0.203272656,0.0,0.252184272,0.000000000,0.273382259
0.0,0.239064619,0.0,0.259685755,0.000000000,0.229960864
0.0,0.094089612,0.0,0.117979489,0.000000000,0.101837136
0.0338,0.286774069,0.0205,0.06300465,0.024146076,0.171231833
0.1381,0.337916911,0.109,0.038277052,0.126251879,0.195759278
0.2102,0.487129182,0.1812,0.017246827,0.230685551,0.268414579
0.2284,0.663680077,0.211,0.007418282,0.254454768,0.315822664
0.2429,0.707178533,0.2366,0.011831271,0.264502179,0.383319800
0.2345,0.703727543,0.243,0.042469159,0.273163448,0.376268305
0.196,0.836910427,0.2089,0.040844813,0.227241479,0.454816630
0.1088,0.838694572,0.1287,0.065351136,0.126428207,0.483597460
0.0095,0.871360719,0.0039,0.115070559,0.000000000,0.488954721
0.0,0.667689741,0.0,0.248541042,0.000000000,0.463091937
0.0,0.593007982,0.0,0.304624259,0.000000000,0.436557625
0.0,0.333399504,0.0,0.392120481,0.000000000,0.348202443
0.0,0.333859414,0.0,0.615199924,0.000000000,0.530532571
0.0,0.497745693,0.0,0.693004847,0.000000000,0.607166630
0.0,0.374511361,0.0,0.695454478,0.000000000,0.545094771
0.0,0.71743232,0.0,0.617529869,0.000000000,0.692801546
0.0,0.65400058,0.0,0.651881099,0.000000000,0.659487593
0.0,0.640632212,0.0,0.662853241,0.000000000,0.658451311
0.0,0.674216628,0.0,0.688196063,0.000000000,0.689789348
0.0,0.591154337,0.0,0.530139506,0.000000000,0.585375569
0.0,0.498415291,0.0,0.557922244,0.000000000,0.552940538
0.0,0.539107561,0.0,0.685596406,0.000000000,0.630045769
0.0,0.597886682,0.0,0.675387621,0.000000000,0.648912664
0.0,0.524519503,0.0,0.555113554,0.000000000,0.524288912
0.2175,0.714665174,0.2258,0.545945764,0.220821840,0.644906056
0.4081,0.201284081,0.4428,0.233014196,0.434263439,0.215032730
0.5613,0.012974607,0.5538,0.115340397,0.581275089,0.077392173
0.5322,0.034633961,0.6097,0.066541314,0.605802925,0.040857353
0.5679,0.082750432,0.6059,0.047794882,0.592845014,0.028628356
0.5247,0.036179084,0.5139,0.032758825,0.524909737,0.034512566
0.4229,0.006105063,0.4232,0.059398096,0.453190940,0.088968683
0.3114,0.173815444,0.363,0.144726574,0.373421154,0.158206902
0.109,0.260041893,0.1806,0.365451872,0.149705680,0.303168755
0.0,0.468751878,0.0,0.650975525,0.000000000,0.540674440
0.0,0.784515142,0.0,0.780547857,0.000000000,0.802389329
0.0,0.355991662,0.0,0.814909935,0.000000000,0.594827950
0.0,0.604112744,0.0,0.783736229,0.000000000,0.707728830
0.0,0.527206779,0.0,0.812947273,0.000000000,0.676854272
0.0,0.685887396,0.0,0.777409554,0.000000000,0.763215207
0.0,0.618583739,0.0,0.804257452,0.000000000,0.710369577
0.0,0.674788058,0.0,0.832141697,0.000000000,0.764464691
0.0,0.91023761,0.0,0.825002253,0.000000000,0.854071868
0.0,0.839853764,0.0,0.878274798,0.000000000,0.877188995
0.0,0.8865906,0.0,0.925702214,0.000000000,0.920280704
0.0,0.94504863,0.0,0.900026917,0.000000000,0.959066265
0.0,0.863669157,0.0,0.867172003,0.000000000,0.888178925
0.0,0.646323919,0.0,0.851862907,0.000000000,0.790759581
0.0,0.25566262,0.0,0.962050557,0.000000000,0.635539850
0.109,0.324984014,0.1325,0.968221545,0.125835575,0.639117543
0.3235,0.710196197,0.3044,0.936753988,0.350110902,0.857457550
0.3563,0.438852191,0.3022,0.894410849,0.379885905,0.685707731
0.3784,0.312287986,0.4041,0.729316831,0.421855557,0.539356728
0.3346,0.569212019,0.2614,0.705880165,0.296551997,0.666301881
0.2609,0.766024351,0.2753,0.748093069,0.261093113,0.781710515
0.2381,0.711729348,0.1934,0.817127466,0.221331087,0.797658272
0.1307,0.659122467,0.2166,0.8403548,0.201093436,0.745537796
0.0266,0.482714176,0.0182,0.906592369,0.035850547,0.723411615
0.0,0.74608326,0.0,0.94518286,0.000000000,0.849888222
0.0,0.817704558,0.0,0.897846878,0.000000000,0.876608593
0.0,0.881676972,0.0,0.937956572,0.000000000,0.954150024
0.0,0.923290074,0.0,0.908633113,0.000000000,0.991756592
0.0,0.881124794,0.0,0.971499681,0.000000000,0.949645313
0.0,0.837216139,0.0,0.997881591,0.000000000,0.946704897
0.0,0.935307026,0.0,0.981252551,0.000000000,0.984280726
0.0,0.95678848,0.0,0.874063134,0.000000000,0.935892515
0.0,0.960784912,0.0,0.785421908,0.000000000,0.875659353
0.0,0.964077592,0.0,0.838933825,0.000000000,0.945511307
0.0,0.821918488,0.0,0.836373806,0.000000000,0.821190277
0.0,0.535242558,0.0,0.798461854,0.000000000,0.648233092
0.0,0.421804518,0.0,0.835002184,0.000000000,0.665576276
0.0,0.44402492,0.0,0.936725378,0.000000000,0.698466643
0.0,0.506769657,0.0,0.92959249,0.000000000,0.703546612
0.1008,0.716469467,0.1563,0.786107421,0.111355650,0.759180525
0.3571,0.479748398,0.4284,0.73866868,0.428069056,0.617586622
0.5425,0.77202934,0.5777,0.717252851,0.618994589,0.720335355
0.6327,0.629349351,0.6501,0.634071887,0.667649874,0.627167459
0.6563,0.735723257,0.6632,0.717576087,0.706398806,0.751284722
0.6462,0.502739787,0.6461,0.680005491,0.657944380,0.595297008
0.5642,0.707346141,0.5617,0.761096835,0.588856576,0.770953223
0.3954,0.32747677,0.3732,0.737764895,0.396302349,0.533973951
0.1551,0.927522063,0.1768,0.7636289,0.157189900,0.833971194
0.0,0.636502683,0.0,0.771935344,0.000000000,0.702101059
0.0,0.664787829,0.0,0.867450655,0.000000000,0.801551394
0.0,0.515376031,0.0,0.923220873,0.000000000,0.783350465
0.0,0.439054638,0.0,0.93512392,0.000000000,0.711138684
0.0,0.750679374,0.0,0.801682234,0.000000000,0.800026687
0.0,0.814183295,0.0,0.73993969,0.000000000,0.789623865
0.0,0.872650862,0.0,0.863863051,0.000000000,0.898660235
0.0,0.888046741,0.0,0.794329345,0.000000000,0.873420189
0.0,0.731665611,0.0,0.7056126,0.000000000,0.758135824
0.0,0.777789474,0.0,0.764104486,0.000000000,0.771504036
0.0,0.943983614,0.0,0.786875129,0.000000000,0.886053004
0.0,0.947459102,0.0,0.886458337,0.000000000,0.904196824
0.0,0.747204661,0.0,0.976139545,0.000000000,0.878333498
0.0,0.933167934,0.0,0.972755671,0.000000000,0.955835946
0.0,0.757942557,0.0,0.896742344,0.000000000,0.871420750
0.2189,0.785400927,0.1756,0.984853625,0.207858455,0.909451603
0.4091,0.641020477,0.359,0.902690589,0.399078980,0.785506384
0.5094,0.963223636,0.4301,0.9146806,0.485850960,0.951840909
0.5486,0.768399656,0.4563,0.959157526,0.538239581,0.894604509
0.5372,0.880754352,0.3894,0.980083108,0.464423654,0.901404221
0.4018,0.927021861,0.4534,0.962692797,0.462946937,0.951211566
0.4305,0.91498971,0.5024,0.874517322,0.497993931,0.891958075
0.3475,0.568014443,0.3741,0.909573317,0.379029731,0.749683816
0.1858,0.400734007,0.207,0.887189507,0.199422237,0.674688967
0.0,0.370842636,0.0,0.914014876,0.000000000,0.632136164
0.0,0.345947564,0.0,0.881599724,0.000000000,0.633506308
0.0,0.52340579,0.0,0.903847158,0.000000000,0.688099283
0.0,0.235718831,0.0,0.908420205,0.000000000,0.576318850
0.0,0.353133857,0.0,0.877573609,0.000000000,0.643976868
0.0,0.123410217,0.0,0.374645948,0.000000000,0.246577781
0.0,0.159678772,0.0,0.802588284,0.000000000,0.502767725
0.0,0.174881235,0.0,0.690074623,0.000000000,0.438295826
0.0,0.268058985,0.0,0.677912593,0.000000000,0.484144389
0.0,0.07365521,0.0,0.683205128,0.000000000,0.401247742
0.0,0.09225262,0.0,0.589605987,0.000000000,0.355506529
0.0,0.1769187,0.0,0.580307305,0.000000000,0.373856063
0.0,0.047160737,0.0,0.634193897,0.000000000,0.327286178
0.0,0.018978704,0.0,0.679633021,0.000000000,0.312234128
0.0,0.007698048,0.0,0.686066628,0.000000000,0.336871738
0.1243,0.0,0.1448,0.628320456,0.160163951,0.326270386
0.3369,3.21e-6,0.381,0.540198147,0.398438042,0.237854452
0.5427,0.0,0.4255,0.395114601,0.511263486,0.172780622
0.5165,0.0,0.4001,0.167897642,0.486111879,0.065502763
0.4801,0.0,0.3675,0.094961971,0.446980169,0.027756732
0.4327,0.0,0.3052,0.083402254,0.392304650,0.043796752
0.3182,0.016408831,0.2707,0.081223026,0.315440990,0.034998270
0.1995,0.121261552,0.1831,0.027838761,0.195549927,0.098444993
0.0683,0.194417536,0.078,0.033720993,0.084527652,0.117555501
0.0,0.331171334,0.0,0.124309257,0.000000000,0.259523404
0.0,0.57641989,0.0,0.199696913,0.000000000,0.442433470
0.0,0.249798104,0.0,0.368104279,0.000000000,0.315405085
0.0,0.31388849,0.0,0.412119091,0.000000000,0.373195806
0.0,0.263796777,0.0,0.432690829,0.000000000,0.353805467
0.0,0.322466075,0.0,0.638492703,0.000000000,0.510348434
0.0,0.329577833,0.0,0.733269811,0.000000000,0.533220151
0.0,0.705949306,0.0,0.780201435,0.000000000,0.749755814
0.0,0.834924579,0.0,0.786337197,0.000000000,0.841938162
0.0,0.832703173,0.0,0.797727823,0.000000000,0.856356168
0.0,0.727586865,0.0,0.823553085,0.000000000,0.814031698
0.0,0.626110256,0.0,0.758514643,0.000000000,0.687183374
0.0,0.721315265,0.0,0.721159458,0.000000000,0.740510160
0.0,0.785158873,0.0,0.718788862,0.000000000,0.771023160
0.0,0.59819752,0.0,0.807962596,0.000000000,0.728765925
0.0,0.567111433,0.0,0.934006155,0.000000000,0.765005405
0.003,0.326491237,0.0064,0.948075294,0.049359389,0.619837784
0.0852,0.390583217,0.116,0.981830955,0.089716412,0.693182456
0.1324,0.287067473,0.0999,0.98286736,0.118705009,0.630574484
0.1041,0.229321212,0.1202,0.940139234,0.112369103,0.581896104
0.1276,0.154025629,0.192,0.877916396,0.168322008,0.549506643
0.1108,0.115687042,0.1404,0.879350662,0.148586945,0.516294508
0.0825,0.054644316,0.0697,0.896614492,0.066932888,0.462558650
0.0043,0.088804618,0.0,0.837487161,0.025325363,0.469356728
0.0,0.72049433,0.0,0.721934199,0.000000000,0.724481015
0.0,0.834395289,0.0,0.659873962,0.000000000,0.733209496
0.0,0.950648248,0.0,0.497243434,0.000000000,0.715421676
0.0,0.999782085,0.0,0.501666129,0.000000000,0.743711776
0.0,1.0,0.0,0.587158203,0.000000000,0.790837786
0.0,1.0,0.0,0.723627448,0.000000000,0.851428799
0.0,1.0,0.0,0.83999908,0.000000000,0.907081190
0.0,1.0,0.0,0.961806953,0.000000000,0.999853084
0.0,1.0,0.0,0.997699499,0.000000000,0.979142264
0.0,1.0,0.0,0.99966979,0.000000000,1.000000000
0.0,0.999383628,0.0,0.996178329,0.000000000,1.000000000
0.0,0.965365767,0.0,0.992918313,0.000000000,0.992340367
0.0,0.79326117,0.0,0.974965513,0.000000000,0.897252787
0.0,0.284757346,0.0,0.955787182,0.000000000,0.616685768
0.0,0.51474309,0.0,0.939044178,0.000000000,0.738502093
0.2499,0.541716576,0.2267,0.878550053,0.244868079,0.693880863
0.4155,0.119267933,0.3616,0.718334675,0.441258839,0.414664413
0.5324,7.85e-5,0.4427,0.461677551,0.518480895,0.208737497
0.4953,0.0,0.4972,0.560474813,0.513718036,0.285928250
0.5597,0.021236544,0.6758,0.422075212,0.637790413,0.257412262
0.6671,0.279601127,0.7002,0.194490075,0.709069960,0.229849536
0.6148,0.46427834,0.6275,0.148848206,0.641612709,0.304631321
0.4365,0.974582016,0.3833,0.189681008,0.431381725,0.576556357
0.195,0.989060044,0.1751,0.334965825,0.206702834,0.684309650
0.0,0.871624708,0.0,0.558297515,0.000000000,0.723641647
0.0,0.820555329,0.0,0.723501265,0.000000000,0.777913500
0.0,0.579907179,0.0,0.886326075,0.000000000,0.745990771
0.0,0.888320148,0.0,0.97592932,0.000000000,0.950362755
0.0,0.996523142,0.0,0.986805677,0.000000000,1.000000000
0.0,0.996782899,0.0,0.991398931,0.000000000,1.000000000
0.0,0.991666675,0.0,0.989534974,0.000000000,1.000000000
0.0,0.997197568,0.0,0.949826002,0.000000000,0.959048871
0.0,0.990980506,0.0,0.993482053,0.000000000,0.960132338
0.0,0.99509269,0.0,0.997590601,0.000000000,0.981779323
0.0,0.998604,0.0,0.971687198,0.000000000,1.000000000
0.0,0.997113645,0.0,0.965954244,0.000000000,1.000000000
0.0,0.964395225,0.0,0.997601628,0.000000000,0.989592611
0.0,0.774503291,0.0,1.0,0.000000000,0.881116510
0.0,0.453799129,0.0,0.999735355,0.000000000,0.716025270
0.2679,0.72623843,0.2674,0.997840822,0.304096009,0.888739197
0.4889,0.860119224,0.4917,0.987282932,0.494433009,0.917682218
0.6489,0.950293899,0.6548,0.998378634,0.705915283,1.000000000
0.7238,0.945139766,0.7303,0.9989748,0.781649696,0.970434423
0.7197,0.86758709,0.7211,0.98420155,0.769595218,0.962527711
0.6822,0.805573642,0.6605,0.972674847,0.699675219,0.908011107
0.5905,0.865666926,0.5757,0.9247123,0.639018160,0.889235891
0.44,0.899387836,0.474,0.914776444,0.474280967,0.923120243
0.238,0.919774652,0.2667,0.906423151,0.290878139,0.920464389
0.0,0.88535291,0.0,0.879636407,0.000000000,0.878746873
0.0,0.887517393,0.0,0.870837569,0.000000000,0.905382009
0.0,0.62795043,0.0,0.932480097,0.000000000,0.770687958
0.0,0.863607407,0.0,0.886901617,0.000000000,0.884996792
0.0,0.981490731,0.0,0.774404883,0.000000000,0.879132204
0.0,0.985393226,0.0,0.669133186,0.000000000,0.817300602
0.0,0.888944626,0.0,0.689643264,0.000000000,0.798467859
0.0,0.925511122,0.0,0.562312722,0.000000000,0.769008184
0.0,0.973652482,0.0,0.463497579,0.000000000,0.770742138
0.0,0.985652745,0.0,0.385246933,0.000000000,0.690070566
0.0,0.983244896,0.0,0.399191618,0.000000000,0.697377743
0.0,0.997765362,0.0,0.31038776,0.000000000,0.696769791
0.0,1.0,0.0,0.343378693,0.000000000,0.661479833
0.0,0.769717336,0.0,0.085638776,0.000000000,0.409619313
0.0,0.809107363,0.0,0.147782668,0.000000000,0.502286489
0.2215,0.934025228,0.236,0.171693906,0.261889997,0.568638671
0.448,0.963687718,0.471,0.154558361,0.466173283,0.562091994
0.6102,0.932337642,0.6334,0.55537951,0.645036075,0.730493769
0.6827,0.949385643,0.7139,0.307744384,0.733342597,0.639553281
0.6919,0.820611179,0.7247,0.484988928,0.727695166,0.674546756
0.6824,0.709026337,0.7167,0.55123055,0.754572960,0.657413268
0.6061,0.479146242,0.6474,0.501167417,0.681533636,0.494293612
0.4429,0.451758742,0.4924,0.400785506,0.489484646,0.451466146
0.2227,0.368047923,0.2754,0.327085674,0.269909815,0.326459028
0.0,0.135283738,0.0,0.392807156,0.000000000,0.288191059
0.0,0.000553471,0.0,0.261785895,0.000000000,0.109020175
0.0,7.47e-5,0.0,0.157163739,0.000000000,0.056899402
0.0,0.058456149,0.0,0.823375225,0.000000000,0.424351231
0.0,0.033459187,0.0,0.710939109,0.000000000,0.376844905
0.0,0.064403035,0.0,0.761581004,0.000000000,0.436689540
0.0,0.20856604,0.0,0.691922605,0.000000000,0.480949366
0.0,0.000510098,0.0,0.552935839,0.000000000,0.253201264
0.0,0.025652852,0.0,0.495430529,0.000000000,0.266964159
0.0,0.060142692,0.0,0.394096315,0.000000000,0.250010976
0.0,0.133330256,0.0,0.287879944,0.000000000,0.208319643
0.0,0.112452209,0.0,0.148337334,0.000000000,0.139017189
0.0,0.317987263,0.0,0.082942367,0.000000000,0.208959056
0.0,0.223675385,0.0,0.090858147,0.000000000,0.160067847
0.0,0.493511528,0.0,0.208452165,0.000000000,0.324174540
0.2201,0.33773452,0.234,0.19714725,0.267251673,0.281009894
0.4205,0.520986974,0.4451,0.209952652,0.449076346,0.347821749
0.5658,0.205205664,0.6077,0.19718729,0.613486998,0.168698174
0.6243,0.233973458,0.6753,0.086952344,0.678943972,0.145550435
0.6336,0.396789044,0.6821,0.088944599,0.693276329,0.215140284
0.6206,0.435409278,0.6674,0.109254748,0.668271046,0.310336871
0.5519,0.598688543,0.6036,0.135930359,0.627683503,0.336835145
0.4038,0.901745558,0.4617,0.178833231,0.462077750,0.562175518
0.2062,0.877426207,0.2558,0.229911983,0.250269557,0.576787401
0.0,0.995711565,0.0,0.292799234,0.000000000,0.648755687
0.0,1.0,0.0,0.354925036,0.000000000,0.673425420
0.0,0.924114227,0.0,0.479659796,0.000000000,0.718047268
0.0,0.913877368,0.0,0.359369457,0.000000000,0.627992902
0.0,0.875618696,0.0,0.2525374,0.000000000,0.541405329
0.0,0.887774765,0.0,0.28149718,0.000000000,0.574461670
0.0,0.952491641,0.0,0.367963493,0.000000000,0.686764626
0.0,0.969382763,0.0,0.460256517,0.000000000,0.750270784
0.0,0.981830478,0.0,0.521868646,0.000000000,0.776855436
0.0,0.991252542,0.0,0.510880589,0.000000000,0.727790439
0.0,0.994743586,0.0,0.515496075,0.000000000,0.762360002
0.0,0.993867755,0.0,0.439396173,0.000000000,0.698027940
0.0,0.980200052,0.0,0.363519818,0.000000000,0.695307626
0.0,0.994304657,0.0,0.398449451,0.000000000,0.700823194
0.0,0.979074061,0.0,0.396414787,0.000000000,0.697139560
0.0461,0.914221466,0.0364,0.411717772,0.037834887,0.628158113
0.1938,0.955596089,0.2206,0.405268192,0.232401170,0.697780529
0.3902,0.177642941,0.3836,0.029175472,0.406937276,0.139889041
0.3957,0.847731233,0.3151,0.377701551,0.373056928,0.596844930
0.4156,0.822752714,0.3405,0.306684613,0.416554333,0.588715802
0.4371,0.980742276,0.5179,0.277598143,0.500789205,0.642242640
0.5286,0.873988867,0.5831,0.262282521,0.603050540,0.530822137
0.4206,0.978540242,0.4177,0.240460068,0.454157164,0.639934698
0.2085,0.991429806,0.2475,0.308363616,0.245328490,0.652971308
0.0,0.998264611,0.0,0.369118392,0.000000000,0.686595106
0.0,0.975626349,0.0,0.354694366,0.000000000,0.666510870
0.0,0.98037231,0.0,0.312093258,0.000000000,0.680205209
0.0,0.988056183,0.0,0.294796884,0.000000000,0.628859958
0.0,0.922228098,0.0,0.310036659,0.000000000,0.624090426
0.0,0.487059832,0.0,0.405635953,0.000000000,0.470932080
0.0,0.650660157,0.0,0.396486342,0.000000000,0.543924044
0.0,0.652541041,0.0,0.300439477,0.000000000,0.457551381
0.0,0.489089131,0.0,0.356635183,0.000000000,0.420207164
0.0,0.720441401,0.0,0.485553384,0.000000000,0.603536250
0.0,0.941009462,0.0,0.564847767,0.000000000,0.777254460
0.0,0.808041513,0.0,0.403786451,0.000000000,0.619175905
0.0,0.57156831,0.0,0.373498946,0.000000000,0.474888484
0.0,0.536646962,0.0,0.436061621,0.000000000,0.474450855
0.0,0.378664613,0.0,0.346012235,0.000000000,0.382749809
0.1455,0.192936942,0.09,0.475307226,0.111831901,0.304857932
0.2427,0.098409355,0.1936,0.389388561,0.234461509,0.254319668
0.3104,0.059856717,0.3332,0.363245636,0.334298551,0.248731769
0.3464,0.26922816,0.3326,0.345783859,0.326553934,0.314603328
0.3283,0.354099602,0.3824,0.331752688,0.394454753,0.319030423
0.2946,0.292772204,0.3927,0.313630641,0.358215604,0.296370221
0.2536,0.245338812,0.3493,0.401593149,0.330208693,0.343779853
0.175,0.282872379,0.2221,0.304199994,0.201489665,0.265062247
0.034,0.463687837,0.0478,0.334043056,0.032872405,0.435074905
0.0,0.6362167,0.0,0.404166341,0.000000000,0.544328544
0.0,0.725167036,0.0,0.501478553,0.000000000,0.608271169
0.0,0.557771087,0.0,0.325242937,0.000000000,0.459299584
0.0,0.807179213,0.0,0.508970261,0.000000000,0.664339649
0.0,0.854410052,0.0,0.506105185,0.000000000,0.677083017
0.0,0.932202816,0.0,0.493106008,0.000000000,0.714517040
0.0,0.962075233,0.0,0.614974141,0.000000000,0.818032525
0.0,0.990950346,0.0,0.746212304,0.000000000,0.866883340
0.0,0.998399675,0.0,0.681968093,0.000000000,0.846883130
0.0,0.999943674,0.0,0.741479397,0.000000000,0.865761389
0.0,0.950306296,0.0,0.785551429,0.000000000,0.899792638
0.0,0.845934808,0.0,0.852638841,0.000000000,0.840933910
0.0,0.965507269,0.0,0.885009408,0.000000000,0.958056419
0.0,0.770078421,0.0,0.885980785,0.000000000,0.848266004
0.0,0.546967149,0.0,0.77327913,0.000000000,0.669302663
0.2753,0.755076408,0.2852,0.851347625,0.288542076,0.805080591
0.4988,0.859453321,0.5084,0.799979925,0.504880931,0.848615637
0.6555,0.838057339,0.6649,0.710745454,0.722173755,0.770055301
0.727,0.84991914,0.739,0.635767758,0.752729427,0.727063040
0.7355,0.879191041,0.7491,0.509430289,0.748386865,0.678293786
0.7286,0.720450699,0.7427,0.618139982,0.795780653,0.727703959
0.6589,0.784591794,0.6855,0.658899546,0.706024431,0.702975428
0.4977,0.707923412,0.5306,0.597275257,0.549805398,0.692330253
0.2796,0.683650076,0.3169,0.443222761,0.330257068,0.608783886
0.0,0.363418788,0.0002,0.701171517,0.000000000,0.526974097
0.0,0.312440813,0.0,0.725046039,0.000000000,0.528570121
0.0,0.258420408,0.0,0.559438646,0.000000000,0.413815287
0.0,0.151898369,0.0,0.473131597,0.000000000,0.298337412
0.0,0.106907196,0.0,0.510252357,0.000000000,0.334813566
0.0,0.214337558,0.0,0.452961832,0.000000000,0.326399146
0.0,0.404683322,0.0,0.555146277,0.000000000,0.495596696
0.0,0.561287105,0.0,0.588814914,0.000000000,0.610511475
0.0,0.672913551,0.0,0.470196784,0.000000000,0.583339565
0.0,0.723361433,0.0,0.421834409,0.000000000,0.557147173
0.0,0.805291235,0.0,0.471072197,0.000000000,0.662653866
0.0,0.904340565,0.0,0.613616168,0.000000000,0.759886162
0.0,0.792528152,0.0,0.624691665,0.000000000,0.720199718
0.0,0.847133756,0.0,0.765381157,0.000000000,0.788358498
0.0,0.753656209,0.0,0.704199433,0.000000000,0.722192046
0.2573,0.501209259,0.2491,0.841629386,0.286980419,0.691812601
0.4428,0.336688846,0.4212,0.587659121,0.446229254,0.482710677
0.5817,0.814650357,0.565,0.655141115,0.626572179,0.738723113
0.5987,0.89824605,0.6201,0.667619109,0.636850583,0.779290179
0.6564,0.871938109,0.6135,0.712615848,0.681855210,0.786519637
0.6124,0.823495448,0.5587,0.651948869,0.636360822,0.759879336
0.5068,0.866992474,0.5271,0.679734111,0.556964067,0.766545279
0.4084,0.866138339,0.3826,0.659323394,0.407263786,0.757479309
0.2368,0.60289675,0.213,0.794496119,0.244924579,0.741821140
0.0,0.308621526,0.0,0.891139507,0.000000000,0.624370706
0.0,0.36514309,0.0,0.947707772,0.000000000,0.670188094
0.0,0.347624421,0.0,0.780265868,0.000000000,0.582798254
0.0,0.44623059,0.0,0.706462741,0.000000000,0.577309938
0.0,0.336039752,0.0,0.755564213,0.000000000,0.527836933
0.0,0.319225818,0.0,0.764291883,0.000000000,0.571366671
0.0,0.133085489,0.0,0.769854546,0.000000000,0.467210762
0.0,0.024355069,0.0,0.748682261,0.000000000,0.372326012
0.0,0.087464668,0.0,0.722473741,0.000000000,0.416907480
0.0,0.129747748,0.0,0.784560621,0.000000000,0.446163635
0.0,0.054570939,0.0,0.793878376,0.000000000,0.410271017
0.0,0.09787365,0.0,0.748106122,0.000000000,0.441654606
0.0,0.071352124,0.0,0.791063488,0.000000000,0.434309953
0.0,0.007259607,0.0,0.71205759,0.000000000,0.372481406
0.0,0.012448314,0.0,0.601690769,0.000000000,0.334507691
0.2891,0.014655897,0.268,0.663625062,0.294787331,0.322640000
0.5073,0.005770348,0.5038,0.511986375,0.564154566,0.222329657
0.6627,0.01502922,0.6629,0.386501193,0.703684779,0.157003069
0.7274,0.000105199,0.7289,0.195842817,0.735577970,0.092999963
0.7364,0.009040426,0.7458,0.31197384,0.787204993,0.123151010
0.7298,0.076620802,0.7384,0.579322457,0.740411401,0.347632591
0.6666,0.114635564,0.6868,0.515212178,0.709850093,0.337983664
0.508,0.259471357,0.5375,0.520608842,0.562319600,0.394454571
0.2905,0.266631514,0.3275,0.500415802,0.340542393,0.386737446
0.0,0.553913593,0.0084,0.579055548,0.000000000,0.555018733
0.0,0.456685781,0.0,0.742592216,0.000000000,0.548936617
0.0,0.455366284,0.0,0.782880664,0.000000000,0.659703891
0.0,0.599906921,0.0,0.738973796,0.000000000,0.705133326
0.0,0.550957739,0.0,0.841824532,0.000000000,0.700978463
0.0,0.597440004,0.0,0.928091645,0.000000000,0.786619708
0.0,0.576802969,0.0,0.936562538,0.000000000,0.779450659
0.0,0.259640664,0.0,0.899250269,0.000000000,0.568487147
0.0,0.303480119,0.0,0.952035069,0.000000000,0.651617758
0.0,0.542770267,0.0,0.976794481,0.000000000,0.748504645
0.0,0.784003615,0.0,0.961499333,0.000000000,0.873421000
0.0,0.794739664,0.0,0.937165022,0.000000000,0.858867550
0.0,0.943588614,0.0,0.89061451,0.000000000,0.932259636
0.0,0.924604237,0.0,0.929476738,0.000000000,0.976470722
0.0007,0.626917481,0.0,0.966693282,0.000000000,0.791583812
0.2746,0.635662079,0.2778,0.936077178,0.297315714,0.811072187
0.492,0.840934098,0.4936,0.867835283,0.523986565,0.863849171
0.6453,0.776441932,0.6446,0.841068745,0.662574518,0.788384778
0.7063,0.555783987,0.7134,0.820606768,0.779496308,0.700053319
0.7157,0.504585147,0.7244,0.820878625,0.766777748,0.672820724
0.7094,0.394863248,0.7198,0.719276369,0.742946710,0.580365130
0.6458,0.751514912,0.6669,0.831145108,0.730920128,0.753803464
0.4907,0.765338778,0.5206,0.894025207,0.558530829,0.836916857
0.2821,0.874969602,0.3184,0.957038641,0.327990258,0.930103807
0.0,0.960982263,0.0115,0.991364241,0.020606633,0.999900058
0.0,1.0,0.0,0.978024304,0.000000000,0.982504833
0.0,0.892184198,0.0,0.935228109,0.000000000,0.918001589
0.0,0.997496009,0.0,0.897325397,0.000000000,0.930416209
0.0,0.93209362,0.0,0.858655691,0.000000000,0.942855989
0.0,0.995199144,0.0,0.752758503,0.000000000,0.906356838
0.0,0.521404147,0.0,0.776003718,0.000000000,0.631630456
0.0,0.870074809,0.0,0.775892258,0.000000000,0.846513143
0.0,0.993131042,0.0,0.751547635,0.000000000,0.906157336
0.0,0.966885746,0.0,0.772873163,0.000000000,0.874008534
0.0,0.952266693,0.0,0.812200904,0.000000000,0.916315877
0.0,0.785362065,0.0,0.781038046,0.000000000,0.787930684
0.0,0.542045534,0.0,0.952202082,0.000000000,0.805949516
0.0,0.649721563,0.0,0.860494018,0.000000000,0.751091506
0.0032,0.757848263,0.0,0.786825061,0.015784140,0.788111888
0.2384,0.52270031,0.2432,0.747753084,0.245148422,0.625166940
0.4037,0.278034478,0.4211,0.891163349,0.430209625,0.598466566
0.4987,0.550669134,0.5184,0.697574377,0.539418343,0.617736015
0.5164,0.887624919,0.507,0.704690576,0.560341660,0.789603771
0.5155,0.900511742,0.5207,0.78763783,0.543524767,0.824810737
0.5077,0.872739136,0.5885,0.657645702,0.569896344,0.798687193
0.4962,0.961140275,0.5703,0.865047574,0.587130116,0.900033532
0.3746,0.931884527,0.4369,0.959613502,0.443990650,0.963052876
0.2158,0.907707751,0.255,0.982016504,0.247787377,0.944540307
0.0,0.949206114,0.0015,0.993035913,0.000000000,0.967386975
0.0,0.83072561,0.0,0.942026377,0.000000000,0.918325202
0.0,0.611792326,0.0,0.94190979,0.000000000,0.784876727
0.0,0.597410083,0.0,0.971319258,0.000000000,0.770613545
0.0,0.835335076,0.0,0.971747637,0.000000000,0.897848893
0.0,0.6421296,0.0,0.852192342,0.000000000,0.747655731
0.0,0.503539562,0.0,0.847717762,0.000000000,0.672308060
0.0,0.521246254,0.0,0.77478838,0.000000000,0.664032496
0.0,0.369624883,0.0,0.676108599,0.000000000,0.528657762
0.0,0.265292585,0.0,0.595161617,0.000000000,0.474495857
0.0,0.281771332,0.0,0.473448873,0.000000000,0.358817674
0.0,0.233025074,0.0,0.483133316,0.000000000,0.350796879
0.0,0.13673526,0.0,0.486564487,0.000000000,0.296826796
0.0,0.104717307,0.0,0.557056546,0.000000000,0.359692666
0.0,0.071474724,0.0,0.553082824,0.000000000,0.294445932
0.2567,0.008239744,0.222,0.559066772,0.263485963,0.302374075
0.4516,7.35e-6,0.4091,0.582361579,0.482878434,0.319466860
0.5729,0.0,0.5404,0.513777971,0.595358172,0.251741481
0.5979,0.0,0.6504,0.436720133,0.666368560,0.200044121
0.6425,0.0,0.6938,0.391491413,0.696917721,0.172043748
0.6437,1.39e-5,0.6029,0.383890152,0.664716402,0.203204513
0.5573,0.012485531,0.4281,0.482494712,0.529257453,0.278907044
0.3212,0.009501642,0.3287,0.650671899,0.352016770,0.326977307
0.1424,0.014184862,0.1264,0.872334957,0.138961029,0.475306924
0.0,0.119333498,0.0001,0.955511928,0.015899556,0.517607836
0.0,0.19053027,0.0,0.960899711,0.000000000,0.578618281
0.0,0.047565356,0.0,0.94687897,0.000000000,0.515154574
0.0,0.05569284,0.0,0.935051739,0.000000000,0.470763600
0.0,0.041210167,0.0,0.930534363,0.000000000,0.473219410
0.0,0.354351372,0.0,0.870290101,0.000000000,0.612048736
0.0,0.159613147,0.0,0.816940904,0.000000000,0.497992837
0.0,0.249115467,0.0,0.792178094,0.000000000,0.523535746
0.0,0.285684437,0.0,0.804743409,0.000000000,0.573966585
0.0,0.087608792,0.0,0.803347707,0.000000000,0.490331785
0.0,0.121226177,0.0,0.820398808,0.000000000,0.483014103
0.0,0.363875806,0.0,0.767235398,0.000000000,0.584117166
0.0,0.4204216,0.0,0.667571604,0.000000000,0.588270812
0.0,0.378963947,0.0,0.637395024,0.000000000,0.488750857
0.0009,0.406331927,0.0,0.543643296,0.000000000,0.458799441
0.291,0.693407893,0.2908,0.519950271,0.336187741,0.610155017
0.5064,0.680017531,0.5104,0.616767526,0.537952104,0.651609825
0.6688,0.912377775,0.6711,0.519617796,0.728495182,0.704355632
0.7318,0.675263762,0.7409,0.538539052,0.755653570,0.600121588
0.7417,0.711840212,0.7511,0.498886168,0.790050980,0.612364946
0.7336,0.61278379,0.7431,0.571346521,0.769164543,0.577638907
0.6768,0.559436798,0.6956,0.591261983,0.744671781,0.584031257
0.5196,0.722519279,0.5493,0.535583377,0.552197759,0.642582842
0.3089,0.511611402,0.3462,0.462661415,0.372272290,0.508977813
0.0174,0.478147358,0.0767,0.40097788,0.081618587,0.455289662
0.0,0.621359408,0.0,0.453927904,0.000000000,0.536796976
0.0,0.271505713,0.0,0.531599224,0.000000000,0.425693178
0.0,0.136628702,0.0,0.460632533,0.000000000,0.311422184
0.0,2.23e-5,0.0,0.057315052,0.000000000,0.029551302
0.0,0.000521008,0.0,0.061800338,0.000000000,0.000000000
0.0,0.207811773,0.0,0.491705179,0.000000000,0.335474434
0.0,0.339919329,0.0,0.540657043,0.000000000,0.466836820
0.0,0.437801093,0.0,0.652257323,0.000000000,0.563252658
0.0,0.333993256,0.0,0.718287349,0.000000000,0.542301541
0.0,0.161500841,0.0,0.69870913,0.000000000,0.442502488
0.0,0.08829625,0.0,0.7501809,0.000000000,0.400525749
0.0,0.220195055,0.0,0.76255101,0.000000000,0.463062561
0.0,0.172396615,0.0,0.712663054,0.000000000,0.432871984
0.0002,0.12225575,0.0,0.7022717,0.000000000,0.406453664
0.2979,0.613420427,0.3081,0.657950759,0.317917985,0.655433830
0.5138,0.661406875,0.5213,0.631449223,0.556786481,0.639575576
0.6683,0.234022364,0.6705,0.379578769,0.719833267,0.323259227
0.7254,0.103758812,0.732,0.361720622,0.774064406,0.216639106
0.7336,0.531124353,0.7351,0.250609905,0.755896557,0.368777122
0.7183,0.79294759,0.6979,0.297219396,0.741925907,0.559329886
0.6142,0.733684421,0.5716,0.421122342,0.656243281,0.548717078
0.4189,0.750452161,0.3971,0.543642282,0.403543870,0.659480502
0.2042,0.651688874,0.2264,0.576675177,0.216282927,0.645816174
0.0,0.486561388,0.0023,0.660756588,0.015729092,0.622997242
0.0,0.486710966,0.0,0.816996038,0.000000000,0.687133636
0.0,0.400576115,0.0,0.818295777,0.000000000,0.616434941
0.0,0.24932152,0.0,0.734910369,0.000000000,0.470679963
0.0,0.13982217,0.0,0.63517499,0.000000000,0.384261303
0.0,0.252622604,0.0,0.654186606,0.000000000,0.468522760
0.0,0.292977631,0.0,0.633409202,0.000000000,0.457486086
0.0,0.271639407,0.0,0.632500589,0.000000000,0.424024802
0.0,0.096954748,0.0,0.514981985,0.000000000,0.237969945
0.0,0.085644051,0.0,0.498767018,0.000000000,0.289740986
0.0,0.132925838,0.0,0.510035574,0.000000000,0.313922823
0.0,0.170157641,0.0,0.44857949,0.000000000,0.314391916
0.0,0.157312199,0.0,0.514937043,0.000000000,0.362933386
0.0,0.1129352,0.0,0.470196009,0.000000000,0.299844482
0.0,0.080922805,0.0,0.323881894,0.000000000,0.199622157
0.106,0.009407829,0.1374,0.278274775,0.129634764,0.136732360
0.2685,0.004207884,0.3286,0.212054163,0.299303244,0.130313686
0.3766,0.001620191,0.376,0.248844445,0.387803821,0.159396473
0.3609,0.019495428,0.4245,0.289271086,0.419051486,0.148197408
0.3393,0.150224701,0.3968,0.371489912,0.397502220,0.254020278
0.3399,0.319878668,0.4516,0.516233802,0.395274788,0.419827158
0.3814,0.628166378,0.4937,0.606200814,0.458053369,0.620264061
0.3407,0.693327785,0.3912,0.905022025,0.383075649,0.797522160
0.1825,0.810688376,0.2354,0.936158836,0.206269611,0.884614674
0.0,0.895314872,0.0022,0.990399957,0.012041813,0.937282524
0.0,0.86654073,0.0,0.987123668,0.000000000,0.958749910
0.0,0.78773278,0.0,0.968882442,0.000000000,0.942410905
0.0,0.924003243,0.0,0.985572338,0.000000000,0.973966560
0.0,0.990432084,0.0,0.994255781,0.000000000,0.990883016
0.0,0.985242248,0.0,0.992943704,0.000000000,0.985005299
0.0,0.999417424,0.0,0.999622762,0.000000000,1.000000000
0.0,1.0,0.0,0.986053884,0.000000000,0.988606375
0.0,1.0,0.0,0.989762664,0.000000000,1.000000000
0.0,1.0,0.0,0.984988689,0.000000000,1.000000000
0.0,1.0,0.0,0.99220252,0.000000000,1.000000000
0.0,1.0,0.0,0.992451787,0.000000000,1.000000000
0.0,1.0,0.0,0.982604563,0.000000000,0.982284211
0.0,0.985692322,0.0,0.984695852,0.000000000,0.977714093
0.0402,0.941182435,0.0169,0.966541052,0.017412712,0.952028240
0.321,0.980075657,0.2875,0.989707232,0.311821939,1.000000000
0.5245,0.993839562,0.4137,0.984856486,0.513050613,0.969381256
0.6441,0.966479957,0.4555,0.997621417,0.579969912,0.965772937
0.7124,0.997629941,0.5821,0.999958992,0.685355869,1.000000000
0.7357,0.955581605,0.6565,0.992235959,0.720009172,0.963909513
0.7389,0.972986162,0.7141,0.998948455,0.783307330,1.000000000
0.6854,0.982450366,0.6489,1.0,0.708977834,0.997884460
0.5341,0.999181509,0.523,0.997745812,0.561637341,0.951679703
0.3205,1.0,0.3346,0.995687306,0.329729999,0.999415570
0.0422,0.996199787,0.079,0.999369919,0.039959335,1.000000000
0.0,1.0,0.0,0.980673015,0.000000000,1.000000000
0.0,0.980571449,0.0,0.973875403,0.000000000,0.992434552
0.0,1.0,0.0,0.980784774,0.000000000,0.992337810
0.0,0.997454047,0.0,0.890896916,0.000000000,0.935786311
0.0,0.734991491,0.0,0.851224363,0.000000000,0.777616667
0.0,0.5955621,0.0,0.809004903,0.000000000,0.704330793
0.0,0.242826775,0.0,0.833665073,0.000000000,0.531469398
0.0,0.03796494,0.0,0.801200867,0.000000000,0.420846759
0.0,0.090820193,0.0,0.7769835,0.000000000,0.431324859
0.0,0.388701856,0.0,0.746220827,0.000000000,0.571339199
0.0,0.776218772,0.0,0.755740345,0.000000000,0.806715452
0.0,0.929636121,0.0,0.686628699,0.000000000,0.802591609
0.0,0.979400814,0.0,0.778646708,0.000000000,0.883135548
0.0059,0.886533201,0.0003,0.735271573,0.000414996,0.817619763
0.2662,0.975051701,0.2569,0.722848058,0.292740939,0.879436226
0.4829,0.962889194,0.4694,0.625542641,0.542088828,0.795588769
0.5778,0.994308054,0.5771,0.724140763,0.594129005,0.845897250
0.5997,1.0,0.6414,0.782068491,0.652295393,0.891719236
0.6695,1.0,0.7203,0.871059537,0.719443116,0.963645238
0.7068,1.0,0.7268,0.790103137,0.788622480,0.922691947
0.671,1.0,0.689,0.724338114,0.712031282,0.881056596
0.5219,0.997083902,0.5492,0.74115473,0.560519897,0.863734399
0.315,0.936557472,0.3525,0.761201322,0.342393021,0.838348660
0.0489,0.648079991,0.0911,0.794923306,0.060440466,0.725356817
0.0,0.575213313,0.0,0.78339237,0.000000000,0.659433410
0.0,0.324579209,0.0,0.573194385,0.000000000,0.398824763
0.0,0.403110504,0.0,0.399042159,0.000000000,0.397550937
0.0,0.738659501,0.0,0.26432538,0.000000000,0.480322132
0.0,0.821796894,0.0,0.164059013,0.000000000,0.509762255
0.0,0.786139071,0.0,0.086098082,0.000000000,0.426418041
0.0,0.893895745,0.0,0.103133619,0.000000000,0.489195482
0.0,0.787274539,0.0,0.370989263,0.000000000,0.572901913
0.0,0.398638457,0.0,0.500873327,0.000000000,0.426422625
0.0,0.214873984,0.0,0.605276704,0.000000000,0.429794551
0.0,0.042057011,0.0,0.656146407,0.000000000,0.407695058
0.0,0.011415927,0.0,0.669466376,0.000000000,0.319281745
0.0,0.091616571,0.0,0.648890078,0.000000000,0.401563411
0.0062,0.028628357,0.0,0.56434381,0.000000000,0.308899338
0.2119,0.008147781,0.1959,0.275106698,0.193447645,0.117694464
0.3608,0.001728845,0.3224,0.221529663,0.403090274,0.126221727
0.4334,0.000489691,0.4463,0.176492631,0.470183381,0.093040404
0.496,0.0,0.4513,0.138617247,0.484177703,0.085607604
0.4844,0.106977865,0.4641,0.146893665,0.459999784,0.149140497
0.5786,0.0242454,0.6105,0.141715944,0.646563316,0.057775143
0.4078,0.081125595,0.4214,0.212224782,0.429517052,0.135645796
0.3444,0.053096838,0.3846,0.387287349,0.378673947,0.228753796
0.2249,0.056380223,0.2885,0.640562356,0.283961540,0.366515175
0.0122,0.069894731,0.0337,0.844917655,0.034827366,0.481550328
0.0,0.197658047,0.0,0.875295162,0.000000000,0.559079624
0.0,0.243601352,0.0,0.824807882,0.000000000,0.551695820
0.0,0.174287289,0.0,0.724126995,0.000000000,0.453544524
0.0,0.164340287,0.0,0.559920728,0.000000000,0.402541795
0.0,0.293076575,0.0,0.464308351,0.000000000,0.343839642
0.0,0.101459831,0.0,0.409431398,0.000000000,0.266657606
0.0,0.249035716,0.0,0.490362674,0.000000000,0.390065004
0.0,0.486195683,0.0,0.458333492,0.000000000,0.445838859
0.0,0.169421896,0.0,0.349904567,0.000000000,0.227905836
0.0,0.009011528,0.0,0.277691066,0.000000000,0.113086569
0.0,0.001333811,0.0,0.216739267,0.000000000,0.116773702
0.0,0.000317352,0.0,0.189968139,0.000000000,0.074383989
0.0,0.036272675,0.0,0.09146414,0.000000000,0.080784215
0.0,0.025158998,0.0,0.065244205,0.000000000,0.061517522
0.142,0.001915023,0.2009,0.027136881,0.168165409,0.025818500
0.2896,0.004838473,0.3639,0.010299752,0.340810927,0.005987508
0.3832,0.002978894,0.4752,0.009471963,0.450144760,0.000000000
0.4001,0.002749893,0.4461,0.005374348,0.448063011,0.004994224
0.3979,0.001096892,0.4694,0.013920853,0.448158681,0.023392144
0.3975,0.00047768,0.4491,0.03882324,0.443351526,0.065185084
0.4351,0.000743314,0.4923,0.093021229,0.510281295,0.042305296
0.3602,0.0015621,0.4357,0.157228038,0.441887251,0.092800202
0.2179,0.00100724,0.2689,0.179657251,0.251193014,0.064309624
0.0012,0.029870097,0.0291,0.2274037,0.000000000,0.146737772
0.0,0.207876697,0.0,0.277306676,0.000000000,0.221562004
0.0,0.370250285,0.0,0.28950125,0.000000000,0.342089913
0.0,0.510409713,0.0,0.232652336,0.000000000,0.393088348
0.0,0.496798247,0.0,0.233321249,0.000000000,0.334757078
0.0,0.597496986,0.0,0.199067965,0.000000000,0.393664422
0.0,0.442481995,0.0,0.193923429,0.000000000,0.290824385
0.0,0.319852293,0.0,0.240700901,0.000000000,0.258451487
0.0,0.265951574,0.0,0.273126453,0.000000000,0.273726117
0.0,0.246795446,0.0,0.221169233,0.000000000,0.243936293
0.0,0.225861371,0.0,0.171910107,0.000000000,0.187361263
0.0,0.234784558,0.0,0.126730189,0.000000000,0.210444811
0.0,0.100260928,0.0,0.075678296,0.000000000,0.091432033
0.0,0.05188882,0.0,0.056310035,0.000000000,0.045156309
0.0,0.044131674,0.0,0.036824934,0.000000000,0.045617967
0.251,0.004188695,0.2135,0.070649385,0.237922209,0.029194564
0.398,0.00055478,0.3957,0.044125997,0.441705353,0.004920265
0.5777,0.084299549,0.4714,0.028650574,0.545161720,0.088686928
0.5222,0.005396586,0.446,0.013903921,0.539504738,0.037162469
0.4391,0.011789078,0.4033,0.009147231,0.466403481,0.004511623
0.4041,0.04832131,0.4023,0.033015255,0.454487016,0.037487472
0.3776,0.016470706,0.3253,0.017452259,0.360796367,0.032330584
0.2577,0.023280129,0.2138,0.048636384,0.243957736,0.038080135
0.0836,0.135175705,0.0846,0.134113893,0.076298448,0.113862432
0.0,0.201039851,0.0,0.349663913,0.000000000,0.250491738
0.0,0.256816059,0.0,0.526129365,0.000000000,0.404810454
0.0,0.146238342,0.0,0.642662048,0.000000000,0.389767174
0.0,0.46337235,0.0,0.485115319,0.000000000,0.488210118
0.0,0.403598249,0.0,0.583313465,0.000000000,0.485187434
0.0,0.339757085,0.0,0.66425848,0.000000000,0.535590773
0.0,0.370321482,0.0,0.659257591,0.000000000,0.498210421
0.0,0.465583175,0.0,0.699445486,0.000000000,0.561507367
0.0,0.707297444,0.0,0.740516305,0.000000000,0.724052897
0.0,0.895804107,0.0,0.670099914,0.000000000,0.800032800
0.0,0.819945991,0.0,0.605709374,0.000000000,0.716017969
0.0,0.610500693,0.0,0.594692707,0.000000000,0.593795035
0.0,0.34757489,0.0,0.614016056,0.000000000,0.476288662
0.0,0.285657108,0.0,0.590112448,0.000000000,0.437403902
0.0,0.317218393,0.0,0.627468705,0.000000000,0.454363957
0.1131,0.254971772,0.1509,0.457778186,0.115728995,0.365783642
0.3099,0.306124657,0.3546,0.473601222,0.373660664,0.395973067
0.4462,0.72285372,0.5514,0.414910913,0.521258873,0.556192161
0.4971,0.749075055,0.5828,0.367353141,0.566923102,0.525389835
0.5491,0.766450584,0.5721,0.440943152,0.601979558,0.604185267
0.5788,0.583024323,0.5944,0.561156869,0.606946387,0.572649690
0.5935,0.89966023,0.5804,0.544398606,0.643017483,0.747986111
0.4606,0.768344879,0.5083,0.415221393,0.518005792,0.605112426
0.2861,0.941289306,0.3311,0.461534441,0.344377690,0.671375775
0.04,0.691129565,0.0839,0.663944006,0.041076525,0.681361553
0.0,0.369385242,0.0,0.645860493,0.000000000,0.515956979
0.0,0.543988705,0.0,0.746088266,0.000000000,0.672655792
0.0,0.627581239,0.0,0.771381795,0.000000000,0.695352497
0.0,0.891589403,0.0,0.473645002,0.000000000,0.690051898
0.0,0.663651288,0.0,0.622891665,0.000000000,0.633826950
0.0,0.636843503,0.0,0.685363531,0.000000000,0.647795765
0.0,0.916098177,0.0,0.76200372,0.000000000,0.868495288
0.0,0.838043511,0.0,0.814941287,0.000000000,0.830966973
0.0,0.755483866,0.0,0.793094337,0.000000000,0.772442289
0.0,0.694692194,0.0,0.80068779,0.000000000,0.787282239
0.0,0.644259989,0.0,0.771727443,0.000000000,0.669295164
0.0,0.696441293,0.0,0.782669187,0.000000000,0.742439716
0.0,0.356852591,0.0,0.848315597,0.000000000,0.576030305
0.0686,0.251459301,0.0668,0.785507739,0.069589407,0.487810107
0.3334,0.172121212,0.3332,0.837952256,0.361143840,0.501147681
0.535,0.189258426,0.5359,0.866155028,0.571006860,0.501198528
0.6862,0.340059042,0.6854,0.859660685,0.719876102,0.617888334
0.7269,0.241040498,0.7362,0.73026526,0.786855861,0.484536595
0.7132,0.19764173,0.6619,0.818823159,0.738456020,0.499748121
0.6894,0.407617241,0.5674,0.845323026,0.639293410,0.626655347
0.6259,0.384550184,0.551,0.718031228,0.638418589,0.537803634
0.4635,0.455034077,0.406,0.772954941,0.459761839,0.630113742
0.2577,0.515170276,0.2966,0.839647532,0.291267109,0.660947467
0.0324,0.38820073,0.084,0.886622906,0.059173373,0.677732107
0.0,0.628327966,0.0,0.904330611,0.000000000,0.767809301
0.0,0.8641752,0.0,0.84333992,0.000000000,0.839550102
0.0,0.666926622,0.0,0.911610067,0.000000000,0.755263501
0.0,0.66224283,0.0,0.847428322,0.000000000,0.757683189
0.0,0.682783544,0.0,0.895758748,0.000000000,0.794927491
0.0,0.658913016,0.0,0.915756047,0.000000000,0.799541214
0.0,0.693691909,0.0,0.927562416,0.000000000,0.812185482
0.0,0.714291751,0.0,0.957609296,0.000000000,0.849667959
0.0,0.787061214,0.0,0.953771472,0.000000000,0.893521271
0.0,0.648082256,0.0,0.975068331,0.000000000,0.812194315
0.0,0.480793148,0.0,0.974356413,0.000000000,0.730638622
0.0,0.51872462,0.0,0.960528851,0.000000000,0.743726494
0.0,0.532529056,0.0,0.916528404,0.000000000,0.738988422
0.0784,0.403577,0.079,0.9120875,0.080539609,0.637649322
0.3412,0.288212121,0.3487,0.887858212,0.366821352,0.621030248
0.5422,0.155730009,0.5498,0.822203994,0.562620293,0.472620824
0.6945,0.248360261,0.6995,0.868247986,0.723245917,0.562951703
0.7433,0.136244684,0.7507,0.776632428,0.801418097,0.441546940
0.7488,0.152369171,0.7584,0.838494062,0.790170515,0.485741379
0.7431,0.15664646,0.7463,0.786086798,0.780783333,0.482845886
0.6884,0.109205045,0.7059,0.815203249,0.746461929,0.523185912
0.5364,0.124641761,0.5699,0.869581223,0.582394014,0.458457662
0.3355,0.099795096,0.3757,0.825406313,0.382111761,0.468681271
0.076,0.24032332,0.1078,0.860305727,0.114571252,0.543358580
0.0,0.626431525,0.0,0.876153111,0.000000000,0.774120201
0.0,0.381871194,0.0,0.850708008,0.000000000,0.617327217
0.0,0.455129683,0.0,0.863123059,0.000000000,0.694468079
0.0,0.775627553,0.0,0.833450198,0.000000000,0.814893610
0.0,0.841572523,0.0,0.827811897,0.000000000,0.834890614
0.0,0.714044333,0.0,0.787705243,0.000000000,0.745750880
0.0,0.465495348,0.0,0.824150741,0.000000000,0.671212642
0.0,0.395678699,0.0,0.876171708,0.000000000,0.654353322
0.0,0.505203664,0.0,0.888973594,0.000000000,0.684448928
0.0,0.441453069,0.0,0.884280205,0.000000000,0.646990591
0.0,0.235097349,0.0,0.871364713,0.000000000,0.550376533
0.0,0.283535391,0.0,0.822162032,0.000000000,0.544085469
0.0,0.645805538,0.0,0.870050192,0.000000000,0.771111712
0.0526,0.48262763,0.0396,0.734037399,0.053140414,0.608119220
0.2708,0.245015219,0.2314,0.393070072,0.271286035,0.311860092
0.4689,0.841091931,0.448,0.881939411,0.518467000,0.849536877
0.7172,0.988655627,0.6663,0.797717929,0.724038040,0.917817346
0.6904,0.990291238,0.6944,0.899888337,0.710173915,0.911500028
0.7406,0.994036973,0.7372,0.936072648,0.775857242,0.944943767
0.7488,1.0,0.7649,0.925944149,0.822981739,0.996834203
0.7112,1.0,0.7313,0.969803691,0.744566795,0.987255252
0.557,0.999929368,0.5886,0.996433258,0.602785776,1.000000000
0.354,0.960915685,0.3926,0.996071875,0.388026813,0.990444612
0.088,0.895500779,0.1269,0.949579,0.132155046,0.913391598
0.0,0.76709497,0.0,0.953768373,0.000000000,0.844087568
0.0,0.435475737,0.0,0.932111263,0.000000000,0.685299391
0.0,0.090656437,0.0,0.958974898,0.000000000,0.519929347
0.0,0.074931957,0.0,0.956381679,0.000000000,0.499428922
0.0,0.06550388,0.0,0.941214085,0.000000000,0.466534035
0.0,0.076071575,0.0,0.866691351,0.000000000,0.494391122
0.0,0.242902949,0.0,0.768560946,0.000000000,0.514531724
0.0,0.305609792,0.0,0.642076969,0.000000000,0.490237186
0.0,0.366039604,0.0,0.576399267,0.000000000,0.458958604
0.0,0.289276272,0.0,0.507508993,0.000000000,0.365559159
0.0,0.181570083,0.0,0.429547608,0.000000000,0.307002992
0.0,0.015158695,0.0,0.4151178,0.000000000,0.179762341
0.0,0.002629287,0.0,0.361891836,0.000000000,0.200428953
0.0473,0.035349268,0.0287,0.150719836,0.050935769,0.105388746
0.297,0.335926116,0.3047,0.070212089,0.307073417,0.184499690
0.5162,0.0,0.5333,0.00240383,0.543370367,0.000000000
0.6557,0.032872688,0.6153,0.000771367,0.668054443,0.000000000
0.6814,0.309798121,0.6478,0.093227565,0.706407614,0.196656461
0.6802,0.753643334,0.6655,0.228318989,0.683432557,0.497765746
0.6721,0.811525822,0.5906,0.534530044,0.678072544,0.654706338
0.5062,0.95241034,0.4254,0.686148763,0.474751968,0.854081526
0.379,1.0,0.3642,0.764994085,0.379052781,0.863373619
0.2003,1.0,0.2198,0.954434991,0.196405733,0.965252205
0.015,0.999834955,0.0566,0.96595037,0.056702796,1.000000000
0.0,0.966009676,0.0,0.936165631,0.000000000,0.943293509
0.0,0.5206424,0.0,0.991807818,0.000000000,0.764686730
0.0,0.384480596,0.0,0.987173915,0.000000000,0.696163694
0.0,0.511512339,0.0,0.981344461,0.000000000,0.772454040
0.0,0.754252136,0.0,0.980978727,0.000000000,0.880501314
0.0,0.828727782,0.0,0.959504426,0.000000000,0.914819457
0.0,0.854124427,0.0,0.909521818,0.000000000,0.855745580
0.0,0.816929042,0.0,0.822274446,0.000000000,0.793564570
0.0,0.863291502,0.0,0.594727755,0.000000000,0.733122305
0.0,0.876287818,0.0,0.564298153,0.000000000,0.724662093
0.0,0.68124795,0.0,0.509371936,0.000000000,0.592706223
0.0,0.358041853,0.0,0.495815635,0.000000000,0.403572090
0.0,0.499465376,0.0,0.540290236,0.000000000,0.533020504
0.0178,0.311755419,0.0475,0.533105075,0.035610524,0.483190128
0.2828,0.468940288,0.3083,0.332566082,0.315720288,0.389764950
0.4612,0.405288935,0.4876,0.383409858,0.496843169,0.406476212
0.59,0.926289797,0.5371,0.53555882,0.583165224,0.699478169
0.4844,0.949460566,0.4457,0.502555013,0.506774141,0.693223768
0.5318,0.778889954,0.6086,0.525413275,0.589392892,0.649178351
0.6033,0.617577374,0.6557,0.672109723,0.676340745,0.671296178
0.5808,0.901967645,0.658,0.846388578,0.645442756,0.869957181
0.4795,0.978049934,0.5115,0.904241204,0.525995776,0.919843776
0.2821,0.892829597,0.2812,0.877197623,0.324656921,0.882779610
0.0584,0.808615625,0.0769,0.947265446,0.052035166,0.881624968
0.0,0.969441891,0.0,0.917218685,0.000000000,0.957549334
0.0,0.806326389,0.0,0.825984836,0.000000000,0.814225271
0.0,0.840030909,0.0,0.6492396,0.000000000,0.730249925
0.0,0.918922067,0.0,0.578132927,0.000000000,0.735829732
0.0,0.99034059,0.0,0.54581666,0.000000000,0.782921106
0.0,0.789673567,0.0,0.504324615,0.000000000,0.624298473
0.0,0.919458091,0.0,0.523840487,0.000000000,0.690665459
0.0,0.972206473,0.0,0.614334106,0.000000000,0.785589139
0.0,0.954320848,0.0,0.654514611,0.000000000,0.815616271
0.0,0.86345768,0.0,0.725435376,0.000000000,0.841651888
0.0,0.590666413,0.0,0.776802421,0.000000000,0.630833811
0.0,0.731688678,0.0,0.74146843,0.000000000,0.731892849
0.0,0.6558218,0.0,0.737441897,0.000000000,0.727593191
0.0098,0.23438926,0.0242,0.612990141,0.013107647,0.416499422
0.2113,0.13641271,0.2168,0.507357001,0.228324531,0.318593327
0.343,0.239269421,0.3838,0.39142406,0.361394402,0.314736486
0.4909,0.721606851,0.5236,0.561436474,0.523674038,0.648568641
0.5888,0.820573032,0.5921,0.655192256,0.606767993,0.685876187
0.5443,0.988469541,0.6525,0.686566532,0.617171054,0.833872354
0.6127,1.0,0.6696,0.663481712,0.684473547,0.863277039
0.627,1.0,0.6441,0.753162205,0.674212184,0.880604865
0.5153,0.996278644,0.5578,0.783627629,0.582633356,0.899181641
0.3325,0.998883188,0.3759,0.765244842,0.368862146,0.852609390
0.0824,0.981682599,0.111,0.829976797,0.078124104,0.879083952
0.0,0.573396862,0.0,0.889208436,0.000000000,0.717699990
0.0,0.391411662,0.0,0.886256218,0.000000000,0.615499593
0.0,0.339642644,0.0,0.892308474,0.000000000,0.617199495
0.0,0.320867211,0.0,0.930563569,0.000000000,0.616303196
0.0,0.110078298,0.0,0.907315612,0.000000000,0.536834247
0.0,0.026982566,0.0,0.884655058,0.000000000,0.454747170
0.0,0.002944378,0.0,0.804891169,0.000000000,0.381607644
0.0,0.125005767,0.0,0.647734404,0.000000000,0.415227743
0.0,0.192449555,0.0,0.543383598,0.000000000,0.399878188
0.0,0.220874771,0.0,0.376742959,0.000000000,0.266085313
0.0,0.200533658,0.0,0.303992778,0.000000000,0.265326448
0.0,0.195602,0.0,0.234895363,0.000000000,0.228818450
0.0,0.107150562,0.0,0.253711909,0.000000000,0.204210486
0.0002,0.083813764,0.0,0.169986278,0.022913570,0.130356417
0.0507,0.126653433,0.0483,0.101089194,0.037653317,0.080356714
0.1645,0.199870557,0.1509,0.108317897,0.172389280,0.205693225
0.2004,0.298887491,0.2083,0.08345367,0.189590490,0.185542008
0.2721,0.597856641,0.2789,0.090467319,0.277617561,0.341781901
0.3008,0.530167341,0.3221,0.118266769,0.350905115,0.304171676
0.5094,0.508688331,0.4879,0.28697747,0.521609795,0.381374601
0.3392,0.577920854,0.3708,0.378142476,0.373136229,0.445552486
0.3026,0.533288956,0.3666,0.376008034,0.340714842,0.491287795
0.1432,0.641979694,0.102,0.692961574,0.119614282,0.663421565
0.0,0.812563598,0.0,0.776980162,0.000000000,0.786694389
0.0,0.808291912,0.0,0.76565814,0.000000000,0.778842745
0.0,0.285303324,0.0,0.811361372,0.000000000,0.568649351
0.0,0.116253167,0.0,0.953657568,0.000000000,0.541615323
0.0,0.145584852,0.0,0.900964141,0.000000000,0.535223080
0.0,0.820813596,0.0,0.727012992,0.000000000,0.749708093
0.0,0.336305588,0.0,0.573390245,0.000000000,0.453852675
0.0,0.946572661,0.0,0.617025197,0.000000000,0.764900825
0.0,1.0,0.0,0.598135471,0.000000000,0.756280128
0.0,1.0,0.0,0.550868988,0.000000000,0.771141848
0.0,1.0,0.0,0.443620265,0.000000000,0.703128036
0.0,1.0,0.0,0.567015171,0.000000000,0.803673890
0.0,1.0,0.0,0.612426162,0.000000000,0.799862098
0.0,1.0,0.0,0.788246334,0.000000000,0.909419017
0.0882,0.966160536,0.0983,0.819262743,0.073964520,0.904575257
0.3218,0.997799277,0.3413,0.897586226,0.345284409,0.920109149
0.4539,1.0,0.4658,0.92540729,0.489676572,0.958171068
0.5352,1.0,0.5679,0.921797156,0.569295661,0.959884037
0.5652,1.0,0.5889,0.896224022,0.603447350,0.933133014
0.584,1.0,0.5828,0.910907388,0.625575042,0.945726250
0.5703,1.0,0.5741,0.965128481,0.592604707,0.979121869
0.5633,1.0,0.5656,0.982977688,0.616617659,1.000000000
0.4633,1.0,0.4765,0.994440079,0.509656355,0.991000849
0.2981,1.0,0.3272,1.0,0.320594649,0.979020922
0.077,1.0,0.108,1.0,0.117958109,0.980637471
0.0,1.0,0.0,1.0,0.000000000,1.000000000
0.0,1.0,0.0,1.0,0.000000000,1.000000000
0.0,1.0,0.0,1.0,0.000000000,0.962249165
0.0,1.0,0.0,1.0,0.000000000,0.976025006
0.0,0.99214679,0.0,1.0,0.000000000,1.000000000
0.0,1.0,0.0,1.0,0.000000000,0.989262542
0.0,1.0,0.0,1.0,0.000000000,0.979962850
0.0,1.0,0.0,1.0,0.000000000,0.998735136
0.0,1.0,0.0,1.0,0.000000000,0.981274378
0.0,1.0,0.0,1.0,0.000000000,0.993877893
0.0,1.0,0.0,1.0,0.000000000,0.976811168
0.0,1.0,0.0,1.0,0.000000000,0.952549925
0.0,1.0,0.0,1.0,0.000000000,1.000000000
0.1132,0.972866952,0.1169,0.990235567,0.117516692,0.977154791
0.3726,0.964349687,0.3777,0.990397096,0.383931142,0.976281182
0.5733,0.973228872,0.5671,0.990515828,0.593742686,0.989867511
0.7192,0.995753527,0.6984,0.998425126,0.767047870,1.000000000
0.7624,0.987786174,0.7635,0.996965289,0.798468359,0.986376753
0.765,0.984608173,0.7656,0.997919977,0.802393545,1.000000000
0.7629,0.935171247,0.7658,0.974906266,0.773110477,0.932135849
0.7244,0.89667809,0.738,0.984243035,0.781468396,0.955779233
0.5702,0.901057065,0.5992,0.99927634,0.585436690,0.948826483
0.3664,0.73041904,0.4051,0.996803105,0.381464261,0.826424994
0.1085,0.452417284,0.1494,0.989506543,0.128868988,0.700568882
0.0,0.283451051,0.0,0.965413451,0.000000000,0.582124283
0.0,0.298005283,0.0,0.924309433,0.000000000,0.598109268
0.0,0.049644988,0.0,0.906104267,0.000000000,0.464794332
0.0,0.064902797,0.0,0.843738854,0.000000000,0.478366514
0.0,0.078512669,0.0,0.806148946,0.000000000,0.469323631
0.0,0.006128413,0.0,0.770794451,0.000000000,0.355565611
0.0,0.002485613,0.0,0.710806966,0.000000000,0.339044720
0.0,0.002318246,0.0,0.634928226,0.000000000,0.306831645
0.0,0.15582937,0.0,0.612484336,0.000000000,0.410058474
0.0,0.360618025,0.0,0.557472765,0.000000000,0.451084266
0.0,0.548540831,0.0,0.45427078,0.000000000,0.506605004
0.0,0.639928401,0.0,0.237435892,0.000000000,0.453335493
0.0,0.702118993,0.0,0.153565034,0.000000000,0.434163616
0.1125,0.724307418,0.1173,0.110993996,0.138769416,0.411271528
0.356,0.736622632,0.3683,0.169781238,0.378232695,0.436113267
0.5329,0.526900232,0.5489,0.208042592,0.553870417,0.362843099
0.6532,0.514265895,0.6211,0.19474192,0.671101387,0.348050159
0.6198,0.513283968,0.6396,0.25853619,0.641817250,0.366921118
0.576,0.747780859,0.562,0.288757503,0.632428117,0.461902501
0.4972,0.676492333,0.5109,0.372163594,0.536943898,0.522077653
0.434,0.896474242,0.4805,0.357793987,0.473992802,0.609049095
0.3725,0.928610981,0.4096,0.400460303,0.411631949,0.661010833
0.2309,0.880331218,0.2484,0.601849139,0.261445042,0.745969220
0.031,0.94671309,0.0355,0.481135607,0.006645945,0.698555882
0.0,0.937519848,0.0,0.443045884,0.000000000,0.686021856
0.0,0.382482052,0.0,0.435947478,0.000000000,0.394019778
0.0,0.699295282,0.0,0.366131753,0.000000000,0.525278437
0.0,0.76383698,0.0,0.30614835,0.000000000,0.542250847
0.0,0.865716755,0.0,0.410236478,0.000000000,0.623819762
0.0,0.34875837,0.0,0.395899653,0.000000000,0.360728424
0.0,0.804848194,0.0,0.443539441,0.000000000,0.602746414
0.0,1.0,0.0,0.483684957,0.000000000,0.767656879
0.0,1.0,0.0,0.577464461,0.000000000,0.774709018
0.0,0.998508632,0.0,0.648025692,0.000000000,0.815499546
0.0,1.0,0.0,0.686574936,0.000000000,0.821758406
0.0,0.99006182,0.0,0.763258159,0.000000000,0.839647447
0.0,1.0,0.0,0.759298563,0.000000000,0.889267053
0.1087,1.0,0.0994,0.702317119,0.106296447,0.816686324
0.3544,1.0,0.3477,0.918546796,0.371969201,0.960398533
0.526,1.0,0.5349,0.988332391,0.554914167,0.958128671
0.6408,1.0,0.6978,0.950632513,0.739916361,0.952222683
0.7259,0.994760275,0.7436,0.964851618,0.773848599,0.994311146
0.7394,0.991822004,0.7539,0.918032944,0.767928147,0.960046511
0.7445,0.937924564,0.7562,0.899361849,0.788970922,0.916762792
0.6903,0.904741526,0.7237,0.906694949,0.770665112,0.877992000
0.5453,0.952487588,0.5939,0.915906549,0.581220710,0.921037700
0.3608,0.892036319,0.4036,0.812428474,0.412727298,0.860074666
0.1034,0.83043468,0.1432,0.455981016,0.137281226,0.661723969
0.0,0.622014642,0.0,0.327103734,0.000000000,0.473476594
0.0,0.581726551,0.0,0.275474429,0.000000000,0.446739495
0.0,0.341076285,0.0,0.461719692,0.000000000,0.399102281
0.0,0.253909081,0.0,0.646261811,0.000000000,0.478101939
0.0,0.295761555,0.0,0.587990403,0.000000000,0.412213829
0.0,0.109307475,0.0,0.543209493,0.000000000,0.299654404
0.0,0.81438911,0.0,0.954952836,0.000000000,0.903826641
0.0,0.827389061,0.0,0.981941581,0.000000000,0.875017869
0.0,0.926149487,0.0,0.960910201,0.000000000,0.904379015
0.0,0.987983286,0.0,0.958153129,0.000000000,0.948515937
0.0,0.98637259,0.0,0.982815981,0.000000000,0.963786303
0.0,0.982536197,0.0,0.980165064,0.000000000,0.971170471
0.0,0.932469368,0.0,0.976515055,0.000000000,0.963407945
0.0012,0.576757193,0.0,0.89702189,0.000000000,0.735505106
0.0987,0.865976453,0.1325,0.979178905,0.135599532,0.919276238
0.236,0.776111782,0.2152,0.992229164,0.235081681,0.866153935
0.2788,0.809721887,0.271,0.983784616,0.296409243,0.873284791
0.2928,0.80941397,0.2875,0.994642854,0.310161609,0.902905275
0.305,0.632093787,0.2862,0.990931869,0.297620367,0.797486895
0.3275,0.668990374,0.3344,0.963567078,0.361354408,0.813087476
0.2761,0.281285882,0.2861,0.94173193,0.311300953,0.591531383
0.2452,0.454621136,0.2878,0.895026684,0.258490522,0.646220801
0.1599,0.46106261,0.1996,0.787740946,0.187863872,0.624666771
0.0273,0.480428874,0.0536,0.737377644,0.048287448,0.607588179
0.0,0.552209675,0.0,0.569430709,0.000000000,0.533358164
0.0,0.341354579,0.0,0.518848717,0.000000000,0.387392490
0.0,0.545784891,0.0,0.634900928,0.000000000,0.585807271
0.0,0.652311504,0.0,0.627538025,0.000000000,0.629396761
0.0,0.609164894,0.0,0.559649408,0.000000000,0.602382942
0.0,0.345404208,0.0,0.460265964,0.000000000,0.406644154
0.0,0.457824945,0.0,0.360149831,0.000000000,0.414001028
0.0,0.367155015,0.0,0.36982429,0.000000000,0.392156896
0.0,0.161563665,0.0,0.32245326,0.000000000,0.284751534
0.0,0.150665909,0.0,0.274759263,0.000000000,0.215980238
0.0,0.264425218,0.0,0.224913508,0.000000000,0.228313822
0.0,0.129615113,0.0,0.245222777,0.000000000,0.205014135
0.0,0.029863004,0.0,0.23287715,0.000000000,0.165291919
0.08,0.00658526,0.0821,0.189377084,0.090144373,0.074474159
0.2855,0.00687803,0.3,0.201831952,0.283336984,0.081912822
0.4105,0.005438733,0.4184,0.151693597,0.427654678,0.092336832
0.4747,0.033466406,0.4849,0.112039328,0.515041789,0.070043285
0.4782,0.00429932,0.4879,0.082889065,0.511382327,0.017320792
0.4608,0.147191316,0.4876,0.122150183,0.501949576,0.168414848
0.4747,0.030113652,0.4735,0.251969159,0.485202041,0.132754525
0.4699,0.061553847,0.4588,0.195913643,0.480131380,0.152302772
0.3974,0.177863508,0.3853,0.200266913,0.425453428,0.172913918
0.2223,0.183567837,0.1751,0.356282949,0.202014607,0.276192836
0.0145,0.265659302,0.0119,0.596162975,0.000000000,0.447919289
0.0,0.155004427,0.0,0.735013723,0.000000000,0.474245911
0.0,0.384079665,0.0,0.80368948,0.000000000,0.598009603
0.0,0.469117731,0.0,0.736595631,0.000000000,0.634607887
0.0,0.664744377,0.0,0.700163603,0.000000000,0.653691864
0.0,0.558818758,0.0,0.838986516,0.000000000,0.650827096
0.0,0.835617542,0.0,0.871642828,0.000000000,0.837571844
0.0,0.865393519,0.0,0.800207138,0.000000000,0.822545714
0.0,0.950954318,0.0,0.830126882,0.000000000,0.868626967
0.0,0.925213218,0.0,0.844632387,0.000000000,0.893866834
0.0,0.81533438,0.0,0.834180892,0.000000000,0.843791436
0.0,0.859203637,0.0,0.927789748,0.000000000,0.888909218
0.0,0.867676258,0.0,0.976113915,0.000000000,0.893500611
0.0,0.858670592,0.0,0.972588539,0.000000000,0.844353300
0.0,0.679808259,0.0,0.977894545,0.000000000,0.828209843
0.0075,0.543438733,0.0049,0.961669266,0.002820482,0.730985547
0.0829,0.418302715,0.0507,0.938912868,0.065549852,0.668305833
0.106,0.078746669,0.0354,0.944523931,0.058026043,0.537683823
0.1481,0.027465049,0.1404,0.917980194,0.160597617,0.476647188
0.1729,0.090784781,0.1899,0.837880075,0.188430634,0.471103860
0.2197,0.076191485,0.2374,0.680306256,0.257222726,0.359565908
0.1981,0.21799998,0.3049,0.48583433,0.244977852,0.336019463
0.2511,0.782010734,0.327,0.403496474,0.295668701,0.594459069
0.2893,0.908992529,0.3624,0.469520032,0.314317732,0.667791026
0.0931,0.963667631,0.1473,0.621041119,0.133180183,0.798733257
0.0,0.999288499,0.0,0.556218743,0.000000000,0.805540465
0.0,0.953513026,0.0,0.701030254,0.000000000,0.816234991
0.0,0.999135196,0.0,0.742541492,0.000000000,0.833585782
0.0,0.978678584,0.0,0.86155355,0.000000000,0.915178654
0.0,0.963452458,0.0,0.895341992,0.000000000,0.925976548
0.0,0.993729234,0.0,0.888742507,0.000000000,0.917847404
0.0,0.987741649,0.0,0.872528195,0.000000000,0.916698717
0.0,0.994949877,0.0,0.973508477,0.000000000,0.983571073
0.0,0.945753336,0.0,0.98684603,0.000000000,0.943041312
0.0,0.813226223,0.0,0.967643023,0.000000000,0.906692297
0.0,0.696058989,0.0,0.971974373,0.000000000,0.858686518
0.0,0.447439015,0.0,0.944546342,0.000000000,0.698164934
0.0,0.170525938,0.0,0.87539345,0.000000000,0.478305459
0.0225,0.03587734,0.0184,0.768930614,0.022594562,0.425423446
0.1601,0.023638343,0.1664,0.647034407,0.184251368,0.353884596
0.2694,0.036352143,0.2802,0.296495676,0.284904925,0.166716100
0.3401,0.035278946,0.3801,0.221022248,0.387658375,0.127696955
0.3964,0.04269572,0.4466,0.160412014,0.454926963,0.086003731
0.429,0.026052253,0.5091,0.124256939,0.501360675,0.077606102
0.4177,0.013021708,0.4771,0.203852296,0.473114151,0.104618167
0.4012,0.052853443,0.3706,0.218862563,0.432147827,0.120535872
0.3398,0.195887476,0.3706,0.444919825,0.372729786,0.297999986
0.2407,0.356059998,0.2872,0.497866094,0.261077023,0.448153763
0.0868,0.302219987,0.1182,0.344431162,0.124455877,0.328327942
0.0,0.260365129,0.0,0.529421329,0.000000000,0.392367330
0.0,0.146099806,0.0,0.620975256,0.000000000,0.400885838
0.0,0.357002735,0.0,0.759165049,0.000000000,0.541693750
0.0,0.53012234,0.0,0.640225172,0.000000000,0.549443779
0.0,0.530827165,0.0,0.522629082,0.000000000,0.516600016
0.0,0.697130024,0.0,0.674209416,0.000000000,0.672656980
0.0,0.651539266,0.0,0.636501729,0.000000000,0.641721436
0.0,0.795783222,0.0,0.609356821,0.000000000,0.698537205
0.0,0.544809163,0.0,0.617870331,0.000000000,0.566193512
0.0,0.453593254,0.0,0.558220267,0.000000000,0.521683834
0.0,0.621475339,0.0,0.598413289,0.000000000,0.621808769
0.0,0.605395913,0.0,0.61399591,0.000000000,0.572874231
0.0,0.514229238,0.0,0.761583865,0.000000000,0.616848145
0.1375,0.218754798,0.1477,0.614878654,0.151196734,0.382658534
0.3806,0.536517859,0.3948,0.634433985,0.393733684,0.548425106
0.5627,0.646394074,0.584,0.647287786,0.592836666,0.632583742
0.7102,0.936359346,0.7282,0.753098845,0.751144060,0.828976458
0.7463,0.899665475,0.7649,0.719014406,0.784235266,0.811680169
0.7455,0.594976008,0.7661,0.478141487,0.773963653,0.532655298
0.7486,0.746641576,0.7688,0.721619546,0.809786288,0.737331917
0.7211,0.827233315,0.7453,0.705162168,0.757586717,0.781724551
0.5753,0.813318789,0.5992,0.83897388,0.640428221,0.809681103
0.3772,0.930550635,0.4054,0.861451507,0.397470824,0.862343423
0.1252,0.87779361,0.1689,0.960448265,0.171204376,0.921491741
0.0,0.995421588,0.0,0.85560751,0.000000000,0.914841491
0.0,0.997492433,0.0,0.746926546,0.000000000,0.839770293
0.0,0.404229462,0.0,0.817037702,0.000000000,0.585371879
0.0,0.855676293,0.0,0.853112578,0.000000000,0.848429440
0.0,0.951176286,0.0,0.837925315,0.000000000,0.882792358
0.0,0.578156769,0.0,0.78499949,0.000000000,0.697950953
0.0,0.766532242,0.0,0.735859871,0.000000000,0.751282187
0.0,0.755251288,0.0,0.797188938,0.000000000,0.798150559
0.0,0.814127564,0.0,0.769088507,0.000000000,0.802875969
0.0,0.635056913,0.0,0.651313007,0.000000000,0.645961116
0.0,0.438721806,0.0,0.832606494,0.000000000,0.599627913
0.0,0.431190372,0.0,0.866250396,0.000000000,0.605649067
0.0,0.903440833,0.0,0.864027858,0.000000000,0.897064412
0.156,0.570405245,0.166,0.758821309,0.176144203,0.672838808
0.404,0.424727678,0.415,0.766903937,0.420355836,0.608846567
0.5895,0.04422532,0.5985,0.158545822,0.633500235,0.093751472
0.7352,0.379491419,0.7319,0.481512964,0.785105353,0.405288071
0.7585,0.290955782,0.7612,0.515765071,0.774091441,0.442200032
0.7574,0.228433117,0.7616,0.327409714,0.782554588,0.277796135
0.7564,0.049992941,0.7613,0.150701791,0.795803839,0.099257124
0.7218,0.046729136,0.734,0.183942035,0.779861333,0.100100558
0.5695,0.032706205,0.5963,0.22856003,0.622810523,0.110418319
0.3748,0.08276625,0.4114,0.253796726,0.399747570,0.176215227
0.1256,0.073937908,0.1663,0.411970258,0.154332433,0.217500213
0.0,0.32332474,0.0,0.491147101,0.000000000,0.404694270
0.0,0.214101404,0.0,0.446698576,0.000000000,0.274463227
0.0,0.590696812,0.0,0.320417523,0.000000000,0.468339287
0.0,0.940650821,0.0,0.250929922,0.000000000,0.571162114
0.0,0.986708522,0.0,0.196168274,0.000000000,0.568886367
0.0,0.992123067,0.0,0.345403612,0.000000000,0.664609553
0.0,0.991291761,0.0,0.459766388,0.000000000,0.713046843
0.0,0.996148407,0.0,0.603367805,0.000000000,0.788510829
0.0,0.995660305,0.0,0.764377296,0.000000000,0.873823229
0.0,0.998087764,0.0,0.856861353,0.000000000,0.911811553
0.0,0.999179244,0.0,0.874952495,0.000000000,0.926239939
0.0,0.978411674,0.0,0.784491301,0.000000000,0.886804582
0.0,0.988471746,0.0,0.805743694,0.000000000,0.861604673
0.1417,0.972563863,0.1471,0.871245146,0.160281037,0.916799856
0.3746,0.860193193,0.3839,0.761437893,0.405645482,0.758973210
0.555,0.977611303,0.5632,0.658175886,0.599213080,0.785493387
0.6888,0.924170613,0.6936,0.690869927,0.740934194,0.766544700
0.7151,0.92140317,0.7288,0.662245572,0.764343719,0.797191294
0.7191,0.678457201,0.7308,0.78517282,0.774604218,0.702894954
0.7169,0.530529737,0.7273,0.941791952,0.769583498,0.714714751
0.6913,0.552220583,0.7098,0.24500373,0.749063319,0.417802944
0.5456,0.54663986,0.5645,0.245113075,0.605539989,0.355209972
0.3435,0.885551214,0.3522,0.941361308,0.382828916,0.903945529
0.1074,0.809209287,0.1413,0.98618567,0.154121962,0.880692398
0.0,0.947045088,0.0,0.995172977,0.000000000,0.963041244
0.0,0.941084564,0.0,0.998093724,0.000000000,0.939748619
0.0,0.979761243,0.0,0.964685678,0.000000000,0.980831972
0.0,0.966300726,0.0,0.975357533,0.000000000,0.974209134
0.0,0.985768616,0.0,0.999696434,0.000000000,0.985142592
0.0,0.991025448,0.0,0.998973668,0.000000000,1.000000000
0.0,1.0,0.0,0.999972284,0.000000000,1.000000000
0.0,1.0,0.0,0.999887466,0.000000000,0.990927193
0.0,1.0,0.0,0.999444842,0.000000000,0.986150688
0.0,1.0,0.0,0.998417675,0.000000000,0.985963679
0.0,0.99726069,0.0,0.999484837,0.000000000,0.966979060
0.0,0.997997463,0.0,0.999569833,0.000000000,0.960376362
0.0,0.985526741,0.0,0.999883115,0.000000000,0.996667156
0.1197,0.964686632,0.1399,0.999298275,0.147112947,0.944239619
0.3088,0.944541097,0.3618,0.999101043,0.351338164,0.907511465
0.5262,0.536328077,0.5493,0.360931009,0.583754938,0.466190504
0.6962,0.606397033,0.6799,0.591786504,0.741341724,0.560312955
0.7041,0.782111943,0.6712,0.603504419,0.728091476,0.662544465
0.7214,0.925477564,0.7275,0.537562609,0.777970987,0.695568373
0.7182,0.986507833,0.7167,0.702251792,0.756866738,0.802128241
0.6799,0.98940593,0.6531,0.717925072,0.711161052,0.837555425
0.5003,0.997570157,0.4194,0.642984033,0.496891568,0.796838625
0.2563,0.928186834,0.2272,0.659290433,0.258035079,0.801781580
0.0573,0.944288969,0.0997,0.62872386,0.065616991,0.763772519
0.0,0.916924953,0.0,0.637480617,0.000000000,0.752147940
0.0,0.960978448,0.0,0.517665744,0.000000000,0.731530849
0.0,0.968092442,0.0,0.666204035,0.000000000,0.761245470
0.0,1.0,0.0,0.999339342,0.000000000,0.979649343
0.0,1.0,0.0,0.999998868,0.000000000,0.941458478
0.0,1.0,0.0,0.996047318,0.000000000,0.964812624
0.0,1.0,0.0,0.999992073,0.000000000,0.984128502
0.0,0.985175908,0.0,0.992511392,0.000000000,0.987110190
0.0,0.998105943,0.0,0.954193354,0.000000000,0.950942813
0.0,0.994651496,0.0,0.837015808,0.000000000,0.891617401
0.0,0.976489484,0.0,0.955786705,0.000000000,0.967809100
0.0,0.908833861,0.0,0.967273116,0.000000000,0.951492887
0.0,1.0,0.0,0.988433897,0.000000000,1.000000000
0.068,0.993948758,0.0835,0.999951065,0.083054348,0.996750422
0.2112,0.997729301,0.2695,0.978153467,0.260579697,0.961541474
0.3565,0.973282814,0.3713,0.921738684,0.392352588,0.926553269
0.6662,0.956020236,0.6201,0.934893429,0.675681999,0.928787590
0.5108,0.789242506,0.564,0.815265656,0.595538116,0.749952690
0.5606,0.409362584,0.6273,0.741223335,0.621716413,0.562979761
0.6121,0.408174843,0.6487,0.6744982,0.670136444,0.575402775
0.5991,0.548042238,0.6268,0.595406175,0.621099951,0.607182798
0.4829,0.43639192,0.5499,0.525668025,0.563127122,0.482716380
0.3458,0.231994212,0.3951,0.507361531,0.371169978,0.343307378
0.1261,0.052285172,0.1602,0.594231486,0.177815344,0.319856049
0.0,0.357025117,0.0,0.662325919,0.000000000,0.491006221
0.0,0.732949853,0.0,0.76553905,0.000000000,0.729313353
0.0,0.835896611,0.0,0.727100492,0.000000000,0.756337625
0.0,0.916667819,0.0,0.467513978,0.000000000,0.673757772
0.0,0.927704155,0.0,0.379766822,0.000000000,0.676464162
0.0,0.838136792,0.0,0.417983443,0.000000000,0.648639201
0.0,0.863216162,0.0,0.256750464,0.000000000,0.554293708
0.0,0.949430048,0.0,0.233583644,0.000000000,0.552409083
0.0,0.941060185,0.0,0.278675765,0.000000000,0.592417266
0.0,0.936242521,0.0,0.387070656,0.000000000,0.630073448
0.0,0.781499147,0.0,0.526102424,0.000000000,0.647395499
0.0,0.878833294,0.0,0.54257977,0.000000000,0.705994022
0.0,0.840539217,0.0,0.546935201,0.000000000,0.650426445
0.1557,0.938784659,0.1773,0.49563694,0.180362365,0.725071501
0.3873,1.0,0.4252,0.375570089,0.412533942,0.692834994
0.5217,1.0,0.6064,0.265338719,0.613942367,0.625456382
0.5533,0.512392402,0.672,0.042529028,0.644143256,0.273512467
0.5509,0.880256116,0.662,0.043171629,0.636337872,0.459334982
0.5609,0.636457384,0.6731,0.099847563,0.652134917,0.360085307
0.5476,0.331572115,0.6822,0.071229011,0.666845378,0.212456067
0.5405,0.265138149,0.664,0.124946192,0.628521187,0.178473641
0.4664,0.259726405,0.5402,0.05209402,0.520992625,0.127390123
0.3215,0.042333797,0.4126,0.03491592,0.375976076,0.034730450
0.1216,0.009434449,0.1657,0.044058517,0.154515290,0.023208707
0.0,0.004450519,0.0,0.085504211,0.000000000,0.067458049
0.0,0.00112308,0.0,0.05047518,0.000000000,0.029407387
0.0,0.003747087,0.0,0.041518226,0.000000000,0.038350149
0.0,0.024076033,0.0,0.050809588,0.000000000,0.049444366
0.0,0.021759,0.0,0.094259828,0.000000000,0.038972398
0.0,0.034114461,0.0,0.168620676,0.000000000,0.090894599
0.0,0.023891719,0.0,0.222213805,0.000000000,0.132332595
0.0,0.186179474,0.0,0.314822733,0.000000000,0.271767279
0.0,0.38104105,0.0,0.495932102,0.000000000,0.460326498
0.0,0.649934053,0.0,0.650151074,0.000000000,0.655042292
0.0,0.954516172,0.0,0.722434103,0.000000000,0.822733242
0.0,0.992620289,0.0,0.821599841,0.000000000,0.910689509
0.0,0.936520875,0.0,0.891098857,0.000000000,0.914245427
0.1634,0.904002309,0.1727,0.947718859,0.213075385,0.897242425
0.3936,0.959290564,0.403,0.855734825,0.413559232,0.893628070
0.5714,0.997889757,0.5786,0.781125665,0.606684426,0.918796891
0.71,0.97593081,0.7085,0.570445776,0.755439010,0.772595308
0.7321,0.898932219,0.7397,0.509441078,0.800345099,0.682052659
0.7319,0.811445594,0.7344,0.368178248,0.794031373,0.591169474
0.7256,0.654419601,0.7274,0.35065493,0.779116366,0.503463753
0.6916,0.87814188,0.7056,0.409701467,0.718781497,0.614389477
0.5494,0.918886721,0.582,0.360668629,0.592113333,0.614606856
0.3596,0.893582225,0.4025,0.36010474,0.435678833,0.590660966
0.1252,0.785220444,0.1701,0.591436982,0.156782813,0.618584712
0.0,0.402687788,0.0,0.708642364,0.000000000,0.558565152
0.0,0.617656231,0.0,0.82046771,0.000000000,0.693267851
0.0,0.984407663,0.0,0.864358187,0.000000000,0.911952855
0.0,0.995673418,0.0,0.909158468,0.000000000,0.939001157
0.0,0.996125698,0.0,0.912114024,0.000000000,0.919832719
0.0,0.996468723,0.0,0.910067558,0.000000000,0.896417719
0.0,0.999576688,0.0,0.943207622,0.000000000,0.976684095
0.0,1.0,0.0,0.973380089,0.000000000,0.974151042
0.0,1.0,0.0,0.940153837,0.000000000,0.966153022
0.0,1.0,0.0,0.91532141,0.000000000,0.933561680
0.0,1.0,0.0,0.823573351,0.000000000,0.905464994
0.0,0.997932971,0.0,0.769023776,0.000000000,0.892020207
0.0,0.576825738,0.0,0.751461267,0.000000000,0.670195575
0.1679,0.522010744,0.178,0.691029072,0.176635934,0.604024181
0.396,0.396924198,0.3975,0.609168649,0.444452639,0.499002838
0.563,0.093860313,0.5443,0.427506924,0.580690617,0.232186546
0.6706,0.000968326,0.6526,0.243211508,0.712808247,0.109394645
0.6657,0.000559083,0.7038,0.09838438,0.733599970,0.041134228
0.6913,0.002839562,0.7204,0.099666074,0.730541321,0.035047806
0.7119,0.05369129,0.7054,0.150002077,0.761800485,0.110027601
0.6575,0.106160432,0.6333,0.112126678,0.687393402,0.139531393
0.4746,0.405335158,0.4573,0.106715046,0.459163642,0.233277990
0.2529,0.466974974,0.2714,0.033043709,0.258104004,0.255424120
0.0605,0.504664838,0.12,0.045953594,0.099828611,0.282520854
0.0,0.436319679,0.0,0.058469668,0.000000000,0.237302176
0.0,0.594810069,0.0,0.088949315,0.000000000,0.340513845
0.0,0.286904961,0.0,0.102096111,0.000000000,0.199850954
0.0,0.72546494,0.0,0.095217265,0.000000000,0.404170592
0.0,0.649517715,0.0,0.076705948,0.000000000,0.378365579
0.0,0.970897734,0.0,0.099279359,0.000000000,0.498973679
0.0,0.984175384,0.0,0.165502518,0.000000000,0.557960031
0.0,0.971434653,0.0,0.347325444,0.000000000,0.641084852
0.0,0.951295972,0.0,0.469937921,0.000000000,0.719506727
0.0,0.665538132,0.0,0.48506546,0.000000000,0.560817346
0.0,0.485775739,0.0,0.450072348,0.000000000,0.484424137
0.0,0.586572409,0.0,0.524389505,0.000000000,0.535627100
0.0,0.314877361,0.0,0.529067636,0.000000000,0.396829033
0.0216,0.253938198,0.0008,0.635453224,0.000000000,0.406024718
0.1372,0.282200575,0.1681,0.693594694,0.172079373,0.494460941
0.3468,0.455013752,0.2841,0.748036623,0.347653012,0.588481335
0.3952,0.425737321,0.4238,0.699359,0.439242337,0.582671522
0.4551,0.350205302,0.5036,0.715241432,0.529680357,0.513013843
0.5095,0.10915257,0.5608,0.725916386,0.557487651,0.414012059
0.5567,0.282129973,0.6057,0.554692149,0.633429224,0.412276917
0.5691,0.539324522,0.6271,0.463497996,0.623606689,0.480711363
0.4904,0.398482323,0.5014,0.410652399,0.508336921,0.393607219
0.3087,0.382317036,0.3431,0.411891937,0.365496796,0.382549827
0.1034,0.458801717,0.1478,0.350100338,0.138645907,0.398012913
0.0,0.639211178,0.0,0.502110302,0.000000000,0.545930265
0.0,0.48445034,0.0,0.400786102,0.000000000,0.411263113
0.0,0.407714665,0.0,0.338156611,0.000000000,0.383495423
0.0,0.457243055,0.0,0.296311975,0.000000000,0.374392138
0.0,0.379113436,0.0,0.250761002,0.000000000,0.323671923
0.0,0.643149376,0.0,0.373296142,0.000000000,0.505253579
0.0,0.739843905,0.0,0.392606795,0.000000000,0.547350462
0.0,0.744242132,0.0,0.342455387,0.000000000,0.527792994
0.0,0.517800868,0.0,0.384777874,0.000000000,0.437103391
0.0,0.547553062,0.0,0.372394681,0.000000000,0.468944665
0.0,0.292001784,0.0,0.345625937,0.000000000,0.329019505
0.0,0.278448999,0.0,0.285992652,0.000000000,0.275795480
0.0,0.188094363,0.0,0.319875509,0.000000000,0.243719826
0.1381,0.29546839,0.1811,0.149909288,0.133869749,0.223456011
0.3552,0.060368687,0.4159,0.188974708,0.409158297,0.124399317
0.516,0.433770508,0.5904,0.227737769,0.607718462,0.257855490
0.6441,0.841369748,0.7199,0.222857833,0.708007318,0.534836609
0.6863,0.867883384,0.7504,0.178924173,0.768163068,0.516201898
0.6974,0.808689833,0.7513,0.230385229,0.763359717,0.536513994
0.689,0.720603824,0.7527,0.313904047,0.757069635,0.497365289
0.6444,0.925463676,0.7282,0.231131107,0.711690246,0.557309852
0.5104,0.974222183,0.5953,0.118479937,0.580626996,0.522866090
0.3224,0.923883617,0.4131,0.108378366,0.350041235,0.479043113
0.0976,0.700876653,0.1772,0.126201987,0.125383528,0.380336638
0.0,0.369099528,0.0,0.1915932,0.000000000,0.286849619
0.0,0.399094999,0.0,0.087307885,0.000000000,0.248887055
0.0,0.369828701,0.0,0.212488472,0.000000000,0.303122738
0.0,0.456635565,0.0,0.238024101,0.000000000,0.330471670
0.0,0.315475225,0.0,0.175091133,0.000000000,0.273350584
0.0,0.437790543,0.0,0.190366015,0.000000000,0.296694356
0.0,0.516684294,0.0,0.18132101,0.000000000,0.368070757
0.0,0.200676456,0.0,0.139478579,0.000000000,0.152443874
0.0,0.124332264,0.0,0.158513397,0.000000000,0.159253716
0.0,0.040397804,0.0,0.258819371,0.000000000,0.206760514
0.0,0.031570446,0.0,0.347566664,0.000000000,0.177986154
0.0,0.119748175,0.0,0.335642815,0.000000000,0.229004045
0.0,0.099887632,0.0,0.28139779,0.000000000,0.186623793
0.1353,0.057780869,0.1354,0.215508968,0.137711969,0.137197785
0.3241,0.034937978,0.3278,0.411743343,0.356932455,0.238475215
0.4493,0.021822968,0.4588,0.360333353,0.471738323,0.196149334
0.5111,0.016833968,0.5147,0.274066985,0.525547619,0.172327418
0.5157,0.033941843,0.5454,0.119847938,0.546525731,0.093410878
0.5283,0.042937491,0.5871,0.131144375,0.561836782,0.092589017
0.5478,0.07188642,0.6394,0.142771155,0.597255594,0.104191387
0.5083,0.177145556,0.6015,0.107926778,0.579567771,0.170374194
0.4275,0.235143512,0.4526,0.099619679,0.451682726,0.190156745
0.2737,0.288483322,0.2548,0.124753639,0.303319706,0.255449111
0.0788,0.241350159,0.0717,0.151884228,0.067566166,0.186929353
0.0,0.079196244,0.0,0.351649582,0.000000000,0.219031092
0.0,0.203926861,0.0,0.419323832,0.000000000,0.303579390
0.0,0.190272316,0.0,0.256727844,0.000000000,0.250084109
0.0,0.238685489,0.0,0.322941542,0.000000000,0.272383903
0.0,0.346415222,0.0,0.364507675,0.000000000,0.368217878
0.0,0.324332952,0.0,0.364395738,0.000000000,0.331137312
0.0,0.387494326,0.0,0.284837127,0.000000000,0.351974491
0.0,0.339396417,0.0,0.249696791,0.000000000,0.287189751
0.0,0.372096896,0.0,0.225971967,0.000000000,0.299806015
0.0,0.172742859,0.0,0.248411149,0.000000000,0.173017702
0.0,0.068465576,0.0,0.266688049,0.000000000,0.140431680
0.0,0.130037233,0.0,0.260192186,0.000000000,0.190586053
0.0,0.034687974,0.0,0.261451244,0.000000000,0.129016182
0.1294,0.035063535,0.0587,0.361411124,0.099799514,0.190288099
0.2557,0.008289024,0.2359,0.352815688,0.285337837,0.175282540
0.3575,0.016100887,0.363,0.374715149,0.378153002,0.198495161
0.4229,0.002511474,0.4041,0.373821139,0.433309075,0.197979976
0.4246,0.01721886,0.4404,0.325272471,0.476520426,0.158901743
0.4343,0.000412406,0.4086,0.30082798,0.449845419,0.161066571
0.3961,0.000147013,0.3769,0.331405461,0.403645078,0.132576632
0.3624,0.034329392,0.4113,0.309696198,0.393917463,0.173842613
0.3349,0.012976373,0.3935,0.271864802,0.405563081,0.129541595
0.2482,0.000344071,0.2956,0.323391706,0.268380106,0.150742690
0.077,0.020783667,0.1214,0.365880847,0.068587316,0.169154797
0.0,0.000900744,0.0,0.516988158,0.000000000,0.259902903
0.0,0.277779102,0.0,0.655395508,0.000000000,0.439133554
0.0,0.354036391,0.0,0.602178574,0.000000000,0.500009891
0.0,0.488304019,0.0,0.772366583,0.000000000,0.649890681
0.0,0.395584613,0.0,0.784240246,0.000000000,0.593660460
0.0,0.416628152,0.0,0.832921505,0.000000000,0.616861830
0.0,0.331118405,0.0,0.802617192,0.000000000,0.574295130
0.0,0.146899745,0.0,0.801084757,0.000000000,0.469197557
0.0,0.107765652,0.0,0.824281335,0.000000000,0.421509552
0.0,0.207946822,0.0,0.763737381,0.000000000,0.474923651
0.0,0.214592934,0.0,0.670493901,0.000000000,0.431904412
0.0,0.133343473,0.0,0.561394691,0.000000000,0.312007533
0.0,0.032412417,0.0,0.579198837,0.000000000,0.307819684
0.1565,0.019317981,0.1624,0.331518024,0.170469552,0.153483070
0.335,0.003874385,0.341,0.276616782,0.371524549,0.121741966
0.4633,0.004827745,0.4545,0.171015918,0.485185537,0.088464791
0.5242,0.000367292,0.529,0.050551672,0.543602589,0.014914889
0.5091,0.0,0.5333,0.006707076,0.561957256,0.003554714
0.5234,0.008319248,0.5503,0.00223836,0.537272481,0.000000000
0.51,0.010602918,0.5553,0.00626575,0.563675195,0.015280145
0.5288,0.000510577,0.6184,0.018924959,0.594998649,0.023344438
0.4951,0.021330543,0.5482,0.06349127,0.560757703,0.053139419
0.3505,0.054256976,0.404,0.079902977,0.390068070,0.088242845
0.1309,0.079658069,0.1765,0.138606176,0.181277968,0.104797542
0.0,0.351788372,0.0,0.563610315,0.000000000,0.457716554
0.0,0.568106771,0.0,0.862168968,0.000000000,0.750919646
0.0,0.516105413,0.0,0.732339084,0.000000000,0.586457234
0.0,0.546635389,0.0,0.808844805,0.000000000,0.659266442
0.0,0.638684452,0.0,0.863593698,0.000000000,0.741735719
0.0,0.668598831,0.0,0.865824878,0.000000000,0.744532622
0.0,0.858485937,0.0,0.946345329,0.000000000,0.902168464
0.0,0.714756012,0.0,0.980912328,0.000000000,0.823266650
0.0,0.861982465,0.0,0.981434584,0.000000000,0.899857209
0.0,0.756157398,0.0,0.963563561,0.000000000,0.811553884
0.0,0.716245651,0.0,0.901396632,0.000000000,0.798912210
0.0,0.669366837,0.0,0.820207238,0.000000000,0.681752012
0.0016,0.378620893,0.0,0.878808856,0.000000000,0.646801436
0.1781,0.430206776,0.1668,0.878085494,0.172552740,0.652808695
0.3859,0.129357621,0.3594,0.643517971,0.388055925,0.392019524
0.534,0.047776371,0.4832,0.47891295,0.539883133,0.251740649
0.6506,0.076518767,0.5788,0.447096676,0.647128200,0.231977801
0.701,0.046268854,0.675,0.424488604,0.716386643,0.192078563
0.7158,0.000436592,0.7196,0.437105775,0.766905773,0.227472015
0.7076,0.004686596,0.7165,0.447213411,0.747066150,0.211878665
0.6734,0.033089064,0.692,0.514680505,0.720756464,0.252528565
0.5358,0.110267431,0.5711,0.521883607,0.571746053,0.328659791
0.3592,0.216820419,0.4068,0.66914618,0.390771484,0.405258893
0.1325,0.418335825,0.1851,0.727960706,0.155883634,0.568222520
0.0,0.224600241,0.0,0.925372899,0.000000000,0.568850541
0.0,0.254885405,0.0,0.897239804,0.000000000,0.558629561
0.0,0.678562641,0.0,0.831842959,0.000000000,0.738846366
0.0,0.775005221,0.0,0.893210173,0.000000000,0.812771985
0.0,0.935262322,0.0,0.910190523,0.000000000,0.880486715
0.0,0.998415887,0.0,0.937912464,0.000000000,0.955334385
0.0,0.998503923,0.0,0.987221956,0.000000000,0.973031108
0.0,0.981334448,0.0,0.978059888,0.000000000,0.941914807
0.0,0.976984143,0.0,0.936176896,0.000000000,0.934738851
0.0,0.917273223,0.0,0.841554105,0.000000000,0.844648034
0.0,0.857299387,0.0,0.794166327,0.000000000,0.776546726
0.0,0.685744822,0.0,0.772697628,0.000000000,0.732124579
0.0029,0.197402641,0.0,0.772494197,0.000000000,0.497375029
0.1779,0.174021095,0.1726,0.593601346,0.174365318,0.368577922
0.3938,0.097864166,0.3929,0.568524837,0.404662155,0.359898771
0.5573,0.032948181,0.563,0.287257016,0.592433433,0.130206693
0.6766,0.002176364,0.6712,0.143510789,0.725491166,0.079778923
0.678,0.000552898,0.683,0.149639636,0.706762909,0.058699690
0.6611,0.000874054,0.6739,0.119550511,0.696021728,0.063335338
0.6551,0.003476053,0.6618,0.132416099,0.704057512,0.092994511
0.6173,0.019248929,0.6523,0.152063802,0.666486141,0.066164746
0.4965,0.119166195,0.546,0.258123368,0.538962876,0.214663004
0.3363,0.274659663,0.3826,0.426247716,0.402708237,0.338172103
0.1242,0.392801732,0.1625,0.560484052,0.148603161,0.415452609
0.0,0.536450446,0.0,0.601749539,0.000000000,0.579229856
0.0,0.939421058,0.0,0.709239244,0.000000000,0.794866234
0.0,0.438982993,0.0,0.753030419,0.000000000,0.581650700
0.0,0.353878379,0.0,0.699030638,0.000000000,0.524752280
0.0,0.556829035,0.0,0.5368644,0.000000000,0.566091600
0.0,0.65021956,0.0,0.578089058,0.000000000,0.605892124
0.0,0.622024417,0.0,0.555813074,0.000000000,0.579762035
0.0,0.764623284,0.0,0.538930714,0.000000000,0.625008825
0.0,0.715029895,0.0,0.462965727,0.000000000,0.613098929
0.0,0.372809708,0.0,0.360287905,0.000000000,0.371447036
0.0,0.113940589,0.0,0.488380849,0.000000000,0.294982080
0.0,0.056374628,0.0,0.599999964,0.000000000,0.291065845
0.0,0.016238747,0.0,0.561654091,0.000000000,0.286902228
0.1809,0.333949357,0.1937,0.482259929,0.195391762,0.411870070
0.3869,0.144480377,0.4011,0.261952311,0.400907338,0.153178989
0.5486,2.18e-5,0.5435,0.171321541,0.577548775,0.106167673
0.673,0.000401923,0.6766,0.103632301,0.696299885,0.085825892
0.688,0.009390152,0.6954,0.086341038,0.733268461,0.040545042
0.6933,0.15701367,0.698,0.134537384,0.739218259,0.145180141
0.6864,0.406255186,0.6964,0.17796576,0.753459498,0.337468360
0.65,0.417066693,0.6672,0.189786106,0.689136248,0.294006196
0.5134,0.336111903,0.5446,0.208149701,0.517615963,0.277050954
0.3401,0.290232033,0.3849,0.401330531,0.394708496,0.353112009
0.123,0.256617188,0.17,0.471578002,0.151768849,0.366049921
0.0,0.407308728,0.0,0.758596778,0.000000000,0.576381292
0.0,0.214790255,0.0,0.877489209,0.000000000,0.512233169
0.0,0.390825689,0.0,0.815006971,0.000000000,0.595268170
0.0,0.471649319,0.0,0.755335033,0.000000000,0.578620424
0.0,0.307960331,0.0,0.65353626,0.000000000,0.476252484
0.0,0.340681136,0.0,0.605977595,0.000000000,0.478560556
0.0,0.290637463,0.0,0.56266588,0.000000000,0.428337001
0.0,0.219434485,0.0,0.582483292,0.000000000,0.363824017
0.0,0.292016774,0.0,0.645784974,0.000000000,0.435989505
0.0,0.488625586,0.0,0.775624633,0.000000000,0.600641721
0.0,0.340097755,0.0,0.69383806,0.000000000,0.509846277
0.0,0.235136852,0.0,0.752719223,0.000000000,0.476798165
0.0004,0.588210523,0.0,0.862523913,0.008794693,0.669069308
0.1559,0.332647651,0.1358,0.737461805,0.137220016,0.512253374
0.3681,0.093162946,0.3612,0.54701364,0.362920137,0.272926513
0.5112,0.001849365,0.4843,0.360572845,0.496145236,0.207280874
0.7546,0.0,0.723,0.313053399,0.765157309,0.174102792
0.6648,0.0,0.6153,0.266081452,0.669704523,0.129392559
0.6766,0.000464521,0.642,0.223596364,0.669305495,0.110276206
0.6849,0.103742942,0.6483,0.218776628,0.695366093,0.134325375
0.6482,0.370955497,0.6173,0.203460976,0.650964959,0.296338725
0.5121,0.341479361,0.5187,0.224217921,0.521167296,0.277926150
0.3377,0.444000244,0.3615,0.330130666,0.392096719,0.368151624
0.1213,0.292105019,0.1552,0.519130349,0.208807693,0.424491525
0.0,0.224894032,0.0,0.726869047,0.000000000,0.451743763
0.0,0.31001246,0.0,0.743680954,0.000000000,0.507225076
0.0,0.206186026,0.0,0.728035569,0.000000000,0.431510567
0.0,0.352164268,0.0,0.608524561,0.000000000,0.442602854
0.0,0.416088998,0.0,0.492403865,0.000000000,0.465343449
0.0,0.530061185,0.0,0.513981462,0.000000000,0.494517398
0.0,0.507622302,0.0,0.533729076,0.000000000,0.520199269
0.0,0.678049803,0.0,0.674548864,0.000000000,0.649447307
0.0,0.010443158,0.0,0.062698871,0.000000000,0.057034002
0.0,0.427970886,0.0,0.841359735,0.000000000,0.619815457
0.0,0.334010154,0.0,0.914813161,0.000000000,0.613624034
0.0,0.451444775,0.0,0.974680662,0.000000000,0.674919294
0.0008,0.351748496,0.0,0.978852689,0.007025792,0.655025626
0.1746,0.381634384,0.157,0.922392011,0.160990149,0.663223303
0.3796,0.204491615,0.3642,0.839634836,0.410172659,0.502178968
0.555,0.022155629,0.5463,0.690602899,0.580240406,0.316601194
0.6824,0.087142006,0.6775,0.606630445,0.705875277,0.344075297
0.6979,0.034761738,0.6949,0.617718577,0.732521318,0.326630244
0.6999,0.114951245,0.6981,0.573944688,0.743456663,0.308671531
0.6953,0.093523912,0.6977,0.547802687,0.740226411,0.332735089
0.6556,0.116833173,0.6681,0.769956887,0.682142288,0.418773326
0.5221,0.247117937,0.5478,0.80558908,0.531937012,0.508902199
0.3484,0.302383065,0.3858,0.87547338,0.375777554,0.625252136
0.1274,0.435858846,0.1707,0.963667393,0.151507781,0.692272701
0.0,0.296017647,0.0,0.995695174,0.000000000,0.629247796
0.0,0.382669896,0.0,0.942333877,0.000000000,0.634880255
0.0,0.432901084,0.0,0.954547882,0.000000000,0.687331062
0.0,0.662971437,0.0,0.963854551,0.000000000,0.789800773
0.0,0.961305439,0.0,0.918889642,0.000000000,0.939762973
0.0,0.951534867,0.0,0.831322074,0.000000000,0.854026496
0.0,0.68373543,0.0,0.881467462,0.000000000,0.732016939
0.0,0.600812972,0.0,0.858075261,0.000000000,0.698195409
0.0,0.814034224,0.0,0.935281634,0.000000000,0.835026331
0.0,0.911757529,0.0,0.955151796,0.000000000,0.947557557
0.0,0.600341201,0.0,0.945564926,0.000000000,0.739090018
0.0,0.718456745,0.0,0.966163337,0.000000000,0.842952363
0.0,0.47460106,0.0,0.964919329,0.000000000,0.704748816
0.1287,0.611973166,0.1307,0.897765279,0.145319037,0.695879346
0.2969,0.462337017,0.3218,0.894047737,0.313058165,0.682340385
0.4366,0.286065727,0.4241,0.956014991,0.460163863,0.569960182
0.5574,0.410449386,0.4843,0.987810135,0.526665214,0.641648629
0.6471,0.18657057,0.5087,0.994437337,0.584878798,0.573361046
0.6988,0.044284698,0.6118,0.996686101,0.688086625,0.493208889
0.7057,0.004641407,0.6588,0.995325267,0.726263053,0.497929271
0.6681,0.010756869,0.6495,0.998466611,0.675223283,0.508247505
0.5204,0.062138144,0.4946,0.99398303,0.512915826,0.532557300
0.3357,0.268422604,0.3379,0.999444008,0.354068061,0.617228267
0.1217,0.549905419,0.1415,0.999931455,0.124377726,0.784171830
0.0,0.59516722,0.0,0.999659896,0.000000000,0.788354511
0.0,0.463209748,0.0,0.966383457,0.000000000,0.690464070
0.0,0.327129066,0.0,0.997240305,0.000000000,0.642659326
0.0,0.395001531,0.0,0.944750071,0.000000000,0.645541359
0.0,0.458472908,0.0,0.916571379,0.000000000,0.639330683
0.0,0.448081851,0.0,0.854930699,0.000000000,0.631238828
0.0,0.686663628,0.0,0.823605299,0.000000000,0.719555313
0.0,0.94721055,0.0,0.599495888,0.000000000,0.759123047
0.0,0.968070626,0.0,0.448240101,0.000000000,0.691772176
0.0,0.751041591,0.0,0.363844037,0.000000000,0.542858522
0.0,0.725488186,0.0,0.316084772,0.000000000,0.499876521
0.0,0.857096016,0.0,0.199303448,0.000000000,0.489948360
0.0,0.570255101,0.0,0.130830407,0.000000000,0.372290591
0.1681,0.35289073,0.2003,0.043213755,0.168803246,0.194247093
0.3275,0.291729033,0.3963,0.095006242,0.383607500,0.188376650
0.47,0.255962312,0.4968,0.191337913,0.524740315,0.234439265
0.4264,0.155585855,0.4553,0.145866185,0.467738135,0.152610277
0.4459,0.157079071,0.4639,0.17013973,0.457387251,0.136743874
0.4834,0.132549644,0.4762,0.067343056,0.507778051,0.099427346
0.6303,0.238282189,0.6118,0.06855081,0.664306640,0.144360796
0.3922,0.239939079,0.4236,0.056210428,0.423072037,0.148066683
0.3528,0.271274298,0.2969,0.087241471,0.315415489,0.158079056
0.2192,0.236726984,0.2024,0.109862432,0.208859587,0.160742806
0.0833,0.160334155,0.0789,0.181660235,0.099193375,0.158250358
0.0,0.292999268,0.0,0.27242738,0.000000000,0.285153273
0.0,0.401110888,0.0,0.286082685,0.000000000,0.325170514
0.0,0.149256185,0.0,0.269473583,0.000000000,0.192864579
0.0,0.163049132,0.0,0.340033472,0.000000000,0.227100499
0.0,0.166977257,0.0,0.344270676,0.000000000,0.262670170
0.0,0.205250561,0.0,0.205188617,0.000000000,0.218444141
0.0,0.307979465,0.0,0.204994872,0.000000000,0.262815185
0.0,0.422584713,0.0,0.256006956,0.000000000,0.348962777
0.0,0.406198055,0.0,0.247988999,0.000000000,0.329212086
0.0,0.361611843,0.0,0.211419225,0.000000000,0.253477133
0.0,0.24808161,0.0,0.200011283,0.000000000,0.216363976
0.0,0.122475065,0.0,0.178104073,0.000000000,0.128242760
0.0,0.061104923,0.0,0.129664958,0.000000000,0.083205488
0.0483,0.001909042,0.0107,0.224155784,0.003581876,0.107905180
0.1379,0.030662451,0.1244,0.195972994,0.139329757,0.118399453
0.2279,0.035824325,0.1986,0.191820532,0.230627748,0.119277642
0.2641,0.026189856,0.2571,0.244714767,0.243420187,0.133481982
0.2979,0.000577044,0.3222,0.256400168,0.332811909,0.136368118
0.3468,0.000226538,0.3903,0.260348976,0.387266360,0.098154794
0.3644,0.003640169,0.4114,0.264438897,0.404799020,0.098930864
0.3465,0.009475692,0.4116,0.303551227,0.389219257,0.141810789
0.324,0.039171852,0.3266,0.221615791,0.338113013,0.145116020
0.2125,0.049333788,0.2253,0.249633402,0.229436149,0.141702464
0.0673,0.006074722,0.0732,0.26829651,0.075134844,0.130598634
0.0,0.0032244,0.0,0.258434594,0.000000000,0.156398022
0.0,0.03518948,0.0,0.27804935,0.000000000,0.168000701
0.0,0.186126143,0.0,0.306461513,0.000000000,0.224955465
0.0,0.45455578,0.0,0.285110682,0.000000000,0.368584744
0.0,0.378552973,0.0,0.393156409,0.000000000,0.365221769
0.0,0.702663004,0.0,0.476771116,0.000000000,0.599146931
0.0,0.852579296,0.0,0.487304091,0.000000000,0.671935462
0.0,0.797943115,0.0,0.537947059,0.000000000,0.636915157
0.0,0.723407269,0.0,0.525322258,0.000000000,0.614141192
0.0,0.855060756,0.0,0.514870703,0.000000000,0.638378166
0.0,0.766495049,0.0,0.637689829,0.000000000,0.677854476
0.0,0.917808056,0.0,0.736771882,0.000000000,0.825026016
0.0093,0.897461355,0.0024,0.86055696,0.040601269,0.834449320
0.1704,0.778992474,0.1838,0.971676111,0.217115123,0.886482092
0.328,0.896172822,0.3654,0.995107532,0.371145439,0.956015031
0.4703,1.0,0.5204,0.998193145,0.514283009,0.987711145
0.6274,1.0,0.692,1.0,0.668565478,0.977987408
0.7216,1.0,0.7504,1.0,0.771757835,0.941720062
0.7561,1.0,0.7711,1.0,0.788525925,1.000000000
0.7595,1.0,0.773,1.0,0.797659102,0.944743871
0.7269,1.0,0.7412,1.0,0.724423658,0.973112916
0.5849,1.0,0.6155,1.0,0.598411049,0.968406680
0.3979,1.0,0.4425,1.0,0.431489097,0.978833927
0.1641,1.0,0.2161,1.0,0.211334019,0.929242628
0.0,1.0,0.0076,1.0,0.009296876,0.981687435
0.0,1.0,0.0,1.0,0.000000000,0.981001354
0.0,1.0,0.0,1.0,0.000000000,0.960255331
0.0,1.0,0.0,1.0,0.000000000,0.984021689
0.0,0.984032452,0.0,1.0,0.000000000,0.965808905
0.0,0.991840005,0.0,1.0,0.000000000,0.972551512
0.0,0.999139071,0.0,1.0,0.000000000,0.983834273
0.0,0.999326229,0.0,1.0,0.000000000,0.959457884
0.0,0.989499927,0.0,1.0,0.000000000,0.955285353
0.0,0.999794304,0.0,1.0,0.000000000,0.977083560
0.0,0.998307705,0.0,1.0,0.000000000,0.995623078
0.0,0.992375493,0.0,0.999821901,0.000000000,0.988180531
0.0322,0.980406642,0.0473,1.0,0.050425432,0.950698888
0.2371,0.999647796,0.2558,1.0,0.261519904,0.991201017
0.4628,1.0,0.4783,1.0,0.492982663,0.994944095
0.6346,1.0,0.6419,1.0,0.637756204,0.975896899
0.8577,1.0,0.8593,0.999952912,0.860000000,0.951387322
0.7819,1.0,0.7843,0.999069452,0.832051024,0.976114753
0.7841,0.997413874,0.7864,0.99682343,0.801593402,1.000000000
0.778,0.889047742,0.7818,0.994352698,0.789587989,0.861936054
0.7305,0.884335041,0.749,0.983014345,0.757927106,0.864867616
0.5829,0.878349721,0.6151,0.968489766,0.590329535,0.903012156
0.3959,0.795663357,0.4406,0.95810771,0.419106392,0.856026543
0.1617,0.811115444,0.2144,0.951675594,0.190906029,0.861447850
0.002,0.258717716,0.0139,0.917614579,0.000000000,0.594201469
0.0,0.267320901,0.0,0.747226477,0.000000000,0.510102222
0.0,0.17149435,0.0,0.743958235,0.000000000,0.435191772
0.0,0.122640364,0.0,0.664900959,0.000000000,0.382733659
0.0,0.021122465,0.0,0.519724309,0.000000000,0.243787385
0.0,0.099507339,0.0,0.433110118,0.000000000,0.247620230
0.0,0.166391268,0.0,0.385191858,0.000000000,0.301428126
0.0,0.521043241,0.0,0.301437497,0.000000000,0.424982021
0.0,0.837817073,0.0,0.131068543,0.000000000,0.467043248
0.0,0.673360586,0.0,0.10847123,0.000000000,0.377559901
0.0,0.089788079,0.0,0.110736042,0.000000000,0.112896746
0.0,0.089486092,0.0,0.135487199,0.000000000,0.118297544
0.0062,0.343248814,0.0214,0.200717673,0.000000000,0.276138106
0.1823,0.178686649,0.1952,0.271656543,0.174227843,0.215457785
0.3468,0.598292649,0.4136,0.327603728,0.393378735,0.427630153
0.4701,0.685672641,0.4593,0.309224546,0.504312768,0.479049281
0.5805,0.437297285,0.4825,0.410252959,0.589953775,0.444599187
0.4333,0.375626296,0.3521,0.403166413,0.426596415,0.414518132
0.3946,0.138225913,0.3159,0.420478642,0.375523607,0.281358320
0.4064,0.159168631,0.5105,0.533952713,0.469721120,0.356468065
0.471,0.232613146,0.5995,0.48210305,0.540592043,0.367711657
0.4242,0.269608974,0.4973,0.42041105,0.471386291,0.331504119
0.3109,0.433558702,0.3863,0.530856133,0.373291691,0.474141223
0.1233,0.176054463,0.1823,0.47797209,0.133907072,0.322346347
0.0,0.099776924,0.0,0.482055038,0.000000000,0.269950563
0.0,0.024232212,0.0,0.544486523,0.000000000,0.260557418
0.0,0.010666513,0.0,0.513719082,0.000000000,0.245797572
0.0,0.084635921,0.0,0.412986219,0.000000000,0.214030656
0.0,0.137772456,0.0,0.355791032,0.000000000,0.218327286
0.0,0.780260384,0.0,0.315356672,0.000000000,0.518727057
0.0,0.918155015,0.0,0.268459976,0.000000000,0.555452738
0.0,0.988091588,0.0,0.303658426,0.000000000,0.595756215
0.0,0.996267676,0.0,0.330027223,0.000000000,0.637322952
0.0,0.998215854,0.0,0.32130903,0.000000000,0.638347190
0.0,1.0,0.0,0.318246812,0.000000000,0.616731182
0.0,0.971673012,0.0,0.383813441,0.000000000,0.687793343
0.0003,0.964759111,0.0086,0.363850176,0.004484547,0.619695545
0.1554,0.619487166,0.1543,0.267551601,0.158170943,0.444445577
0.3028,0.931196034,0.2992,0.152889952,0.334700978,0.491495750
0.3862,0.998134136,0.4224,0.27738148,0.384882325,0.644956206
0.422,0.945727885,0.4196,0.233413398,0.434668933,0.579736710
0.4326,0.936696768,0.4247,0.174914777,0.420979571,0.533292654
0.4121,0.942874849,0.4602,0.150560528,0.436269140,0.515572798
0.4057,0.922583699,0.4552,0.17640771,0.483977647,0.517975323
0.4261,0.95099771,0.4655,0.344275653,0.454191065,0.640129727
0.3988,0.962947547,0.4156,0.484949529,0.436230517,0.682375560
0.2941,0.995479226,0.3156,0.419991344,0.322491175,0.684380966
0.1285,0.99674952,0.1611,0.510480404,0.160996372,0.737914367
0.0,0.869486749,0.0,0.577740788,0.000000000,0.724981537
0.0,0.868167937,0.0,0.789268494,0.000000000,0.846437721
0.0,0.883054256,0.0,0.788100719,0.000000000,0.827337425
0.0,0.151461393,0.0,0.735628247,0.000000000,0.402173286
0.0,0.164869457,0.0,0.863365293,0.000000000,0.477595163
0.0,0.466266364,0.0,0.907729566,0.000000000,0.632756067
0.0,0.592694283,0.0,0.889083982,0.000000000,0.724646412
0.0,0.450009376,0.0,0.888404012,0.000000000,0.641824728
0.0,0.290970713,0.0,0.872890592,0.000000000,0.553529864
0.0,0.20091112,0.0,0.902803659,0.000000000,0.521915376
0.0,0.808302581,0.0,0.94507432,0.000000000,0.881164973
0.0,0.572936416,0.0,0.976426005,0.000000000,0.770706884
0.0348,0.532757521,0.0441,0.983393967,0.031766603,0.733177126
0.2341,0.454101712,0.2563,0.992747724,0.253447801,0.740265686
0.4473,0.985007107,0.4724,0.945454359,0.482607319,0.918927677
0.6206,0.997929454,0.6332,0.960593581,0.633397694,0.974769592
0.7471,0.830399454,0.7473,0.97049582,0.766041211,0.850583963
0.7657,0.762485087,0.7719,0.960268617,0.804470575,0.841903736
0.7661,0.392786503,0.7706,0.975355148,0.793129251,0.651821110
0.7566,0.232597366,0.7614,0.988254905,0.807176871,0.571245611
0.7129,0.075443029,0.7266,0.975831509,0.728170557,0.506498915
0.5686,0.041244794,0.5963,0.912055016,0.611822140,0.478905936
0.3842,0.066162407,0.4179,0.875450015,0.437025636,0.452186940
0.1565,0.026785448,0.2005,0.716716647,0.177868965,0.382574481
0.0002,0.003505862,0.0016,0.611749649,0.022338905,0.306360404
0.0,0.017187972,0.0,0.640129387,0.000000000,0.335169333
0.0,0.144890472,0.0,0.677114367,0.000000000,0.374295870
0.0,0.35516566,0.0,0.673662007,0.000000000,0.504124479
0.0,0.339657456,0.0,0.63289541,0.000000000,0.479178054
0.0,0.185523272,0.0,0.528594196,0.000000000,0.318665717
0.0,0.238949671,0.0,0.539379835,0.000000000,0.422257024
0.0,0.269634247,0.0,0.548502028,0.000000000,0.405772388
0.0,0.179665938,0.0,0.496563256,0.000000000,0.300145551
0.0,0.179900318,0.0,0.486567646,0.000000000,0.327211823
0.0,0.086960815,0.0,0.438115418,0.000000000,0.257428948
0.0,0.150634795,0.0,0.351016194,0.000000000,0.203945675
0.0002,0.087278418,0.0,0.314044803,0.007334052,0.175093246
0.0882,0.123460233,0.0678,0.286383927,0.093113999,0.201241536
0.2562,0.141507059,0.2867,0.072176926,0.273162060,0.092230843
0.3786,0.160516262,0.3682,0.010060212,0.416275585,0.105609318
0.4047,0.340476304,0.4194,0.034284897,0.413418800,0.180857734
0.4264,0.360727668,0.421,0.068844147,0.423980703,0.203179925
0.4633,0.513843179,0.4735,0.039966512,0.485683620,0.263900157
0.4704,0.312758833,0.4678,0.103834927,0.455222214,0.218347323
0.4735,0.146395251,0.4481,0.100924522,0.498635021,0.119106479
0.4192,0.045733228,0.4137,0.159699529,0.459642762,0.089968168
0.3137,0.006404813,0.3232,0.149600059,0.329533209,0.066010429
0.1351,0.001076173,0.1625,0.170285568,0.167164083,0.068277464
0.0,0.001361586,0.0,0.232281551,0.000000000,0.115835552
0.0,0.001293278,0.0,0.247743279,0.000000000,0.135107269
0.0,0.009518029,0.0,0.313400745,0.000000000,0.118407447
0.0,0.013602196,0.0,0.282964408,0.000000000,0.161704350
0.0,0.034769718,0.0,0.186512381,0.000000000,0.081533179
0.0,0.109675728,0.0,0.090234876,0.000000000,0.101049810
0.0,0.069986187,0.0,0.085392088,0.000000000,0.090514882
0.0,0.123604722,0.0,0.103280418,0.000000000,0.132081498
0.0,0.215699956,0.0,0.091722988,0.000000000,0.159114515
0.0,0.252839804,0.0,0.080681138,0.000000000,0.177654613
0.0,0.242512465,0.0,0.061838664,0.000000000,0.141032479
0.0,0.164953083,0.0,0.056724578,0.000000000,0.136653546
0.037,0.105276845,0.0339,0.076481536,0.029958275,0.072257043
0.2248,0.077280819,0.217,0.091575325,0.207909970,0.087899454
0.4018,0.0,0.365,0.059750438,0.413970275,0.009482619
0.5175,0.0,0.47,0.011902697,0.539833558,0.000000000
0.5659,7.31e-5,0.4742,0.003070656,0.535369732,0.000000000
0.5358,0.00338742,0.457,0.009893783,0.526390888,0.013911478
0.5103,0.020116515,0.4717,0.014050208,0.502581852,0.010360201
0.49,0.104255609,0.4841,0.041219793,0.503208315,0.068216057
0.4501,0.196546018,0.4229,0.089035392,0.452162982,0.164739520
0.3662,0.311645389,0.3364,0.116877273,0.370514290,0.151915340
0.213,0.158845171,0.1942,0.128123999,0.205785026,0.128551956
0.0551,0.164603025,0.049,0.120188512,0.053670282,0.129832618
0.0,0.044712305,0.0,0.121357322,0.000000000,0.079230516
0.0,0.073084287,0.0,0.136664465,0.000000000,0.081857108
0.0,0.101202473,0.0,0.130014062,0.000000000,0.165832982
0.0,0.174380809,0.0,0.108862229,0.000000000,0.153643459
0.0,0.217923999,0.0,0.103931203,0.000000000,0.161366956
0.0,0.431328326,0.0,0.054326884,0.000000000,0.258632318
0.0,0.526444972,0.0,0.098600581,0.000000000,0.315978392
0.0,0.75850749,0.0,0.115261734,0.000000000,0.418517109
0.0,0.894783676,0.0,0.142884791,0.000000000,0.499215934
0.0,0.931936324,0.0,0.212624192,0.000000000,0.542252368
0.0,0.874660432,0.0,0.271214068,0.000000000,0.570332514
0.0,0.730279565,0.0,0.368891239,0.000000000,0.522372803
0.0202,0.508605838,0.0353,0.491808176,0.025824088,0.461120150
0.2003,0.360405654,0.2328,0.546043754,0.228335499,0.410682845
0.3569,0.865559697,0.3991,0.531813502,0.412868013,0.675729617
0.4826,0.997548342,0.5443,0.587571323,0.511871319,0.800112960
0.5807,1.0,0.6581,0.682862282,0.622327759,0.821895824
0.6111,0.999225259,0.6947,0.634689093,0.708502261,0.804921773
0.6514,0.959654391,0.7107,0.681417227,0.718488597,0.825848843
0.6594,0.975988925,0.7251,0.831447601,0.714152091,0.844951340
0.6682,1.0,0.7135,0.879980803,0.730400544,0.936580723
0.5455,1.0,0.5933,0.928339779,0.591329992,0.926895591
0.3775,1.0,0.4316,0.891042888,0.421061466,0.879883642
0.1581,1.0,0.211,0.945803404,0.201650674,0.901359021
0.0085,0.973414481,0.0362,0.970251083,0.021762318,0.899409530
0.0,0.692274332,0.0,0.897943377,0.000000000,0.695953206
0.0,0.978909016,0.0,0.938805819,0.000000000,0.921771972
0.0,0.998888671,0.0,0.92493552,0.000000000,0.937230860
0.0,0.855260193,0.0,0.967007875,0.000000000,0.877759412
0.0,0.552429259,0.0,0.92389071,0.000000000,0.695907570
0.0,0.397631437,0.0,0.869675279,0.000000000,0.607756726
0.0,0.416858375,0.0,0.820151448,0.000000000,0.605931346
0.0,0.577966988,0.0,0.807584405,0.000000000,0.674901515
0.0,0.618615448,0.0,0.730221272,0.000000000,0.668979519
0.0,0.765486717,0.0,0.843143702,0.000000000,0.800809237
0.0,0.662588239,0.0,0.947347581,0.000000000,0.793195039
0.0496,0.580062747,0.0713,0.956148624,0.058628231,0.761918946
0.2468,0.435473859,0.2695,0.908444881,0.254386834,0.642333268
0.4598,0.54192251,0.478,0.97736454,0.502239425,0.735414239
0.625,0.916106462,0.6325,0.974140763,0.659699769,0.913610538
0.7514,0.948409855,0.7526,0.98786211,0.788749528,0.949456420
0.7624,0.980751812,0.7707,0.992689848,0.812220827,0.989023802
0.7642,0.986403823,0.7735,0.990797043,0.833228144,0.970100533
0.7554,0.956596732,0.7577,0.994951785,0.766976145,0.940959954
0.7045,0.997791648,0.7077,0.98063904,0.739723586,0.939010527
0.5605,1.0,0.5966,0.984585404,0.611390323,0.953744861
0.3719,1.0,0.4238,0.916905522,0.434399843,0.951224496
0.1554,0.86634624,0.2109,0.885262251,0.195772064,0.869882729
0.01,0.528640687,0.0329,0.840616822,0.015568164,0.645376930
0.0,0.795039415,0.0,0.815015435,0.000000000,0.764788834
0.0,0.751122892,0.0,0.938581347,0.000000000,0.845290076
0.0,0.728108585,0.0,0.954377413,0.000000000,0.827660249
0.0,0.277129561,0.0,0.984671354,0.000000000,0.568214057
0.0,0.514240384,0.0,0.950216711,0.000000000,0.686915708
0.0,0.610370815,0.0,0.925014377,0.000000000,0.762635459
0.0,0.707293034,0.0,0.784544349,0.000000000,0.736524198
0.0,0.615058899,0.0,0.755298615,0.000000000,0.647893687
0.0,0.210253894,0.0,0.754068971,0.000000000,0.484146208
0.0,0.260377795,0.0,0.657276571,0.000000000,0.395059815
0.0,0.526750207,0.0,0.48626256,0.000000000,0.485138893
0.0491,0.494337678,0.0645,0.493230253,0.055667479,0.492445731
0.2141,0.623210013,0.2388,0.443347752,0.231280167,0.493643398
0.4515,0.16141215,0.4697,0.478293538,0.484439059,0.321880558
0.6117,0.635558605,0.6216,0.407573462,0.631534718,0.535656927
0.6309,0.946572721,0.6341,0.364196599,0.647624237,0.678424190
0.7525,0.94533217,0.7604,0.697602332,0.784178932,0.803125914
0.7496,0.991161346,0.7653,0.810481012,0.766332127,0.842948816
0.7257,0.998389125,0.7561,0.921190739,0.770392859,0.938714498
0.6541,1.0,0.6999,0.967543125,0.713713176,0.934460739
0.4976,1.0,0.562,0.940983415,0.578421749,0.929607578
0.3381,1.0,0.397,0.944266915,0.371957919,0.920054627
0.147,1.0,0.1981,0.916741967,0.180764557,0.927745805
0.0018,1.0,0.024,0.846700251,0.010050939,0.896381257
0.0,0.997618616,0.0,0.853501797,0.000000000,0.917016585
0.0,0.994185925,0.0,0.910622418,0.000000000,0.908292848
0.0,0.998086751,0.0,0.932775259,0.000000000,0.920052255
0.0,0.657924652,0.0,0.990984201,0.000000000,0.779564870
0.0,0.962484121,0.0,0.977195978,0.000000000,0.904704479
0.0,0.991599917,0.0,0.894724727,0.000000000,0.896338808
0.0,0.954193056,0.0,0.924218655,0.000000000,0.906673667
0.0,0.72434181,0.0,0.979826152,0.000000000,0.818247513
0.0,0.42536217,0.0,0.985859513,0.000000000,0.729964558
0.0,0.535519063,0.0,0.987076342,0.000000000,0.740520197
0.0,0.578804672,0.0,0.98782289,0.000000000,0.758541512
0.0491,0.737811685,0.0718,0.997210741,0.091172810,0.808685032
0.2422,0.556690693,0.2699,0.925343931,0.264759683,0.722800736
0.4257,0.760000706,0.4642,0.989134789,0.460442765,0.801875690
0.546,0.972604573,0.5714,0.997454882,0.574918996,1.000000000
0.6216,0.869342744,0.6484,0.99705863,0.670120236,0.916457436
0.5762,0.852606177,0.6217,0.987896979,0.603835157,0.885333508
0.5653,0.76187408,0.6372,0.949284077,0.599116530,0.825106326
0.6065,0.880021572,0.6742,0.97899884,0.659284128,0.918429854
0.6343,0.826500237,0.697,0.960594893,0.694502796,0.892353981
0.5315,0.835894942,0.5815,0.978394508,0.560600922,0.893342358
0.2983,0.838548958,0.3161,0.970323086,0.304300357,0.832646333
0.16,0.901864767,0.2137,0.895030737,0.178485079,0.861103624
0.014,0.315919757,0.0404,0.872410417,0.023658030,0.556808856
0.0,0.460196376,0.0,0.877511561,0.000000000,0.631732580
0.0,0.896395445,0.0,0.792083144,0.000000000,0.781049820
0.0,0.893864036,0.0,0.739928126,0.000000000,0.814006937
0.0,0.527086258,0.0,0.825980067,0.000000000,0.667898889
0.0,0.765067697,0.0,0.907684386,0.000000000,0.798066312
0.0,0.754010499,0.0,0.877112508,0.000000000,0.825510645
0.0,0.657406449,0.0,0.787988305,0.000000000,0.681916682
0.0,0.565697372,0.0,0.690844059,0.000000000,0.593683303
0.0,0.384382486,0.0,0.718586206,0.000000000,0.545693204
0.0,0.310511202,0.0,0.776922405,0.000000000,0.527855845
0.0,0.326935977,0.0,0.823327303,0.000000000,0.582339550
0.0569,0.159133941,0.0772,0.808087707,0.058357299,0.456317544
0.2498,0.078678884,0.2769,0.742047608,0.259473378,0.337587627
0.4465,0.042174269,0.4831,0.875864148,0.486815050,0.440709930
0.5542,0.198822305,0.6311,0.740602851,0.606260111,0.435493173
0.6096,0.211737916,0.7279,0.787062228,0.715987901,0.470813414
0.6639,0.510214329,0.745,0.748690844,0.711218649,0.580650404
0.7193,0.623225749,0.764,0.726950407,0.790504554,0.672911889
0.737,0.777524769,0.7684,0.753498971,0.770672685,0.758929831
0.6988,0.76534605,0.7296,0.862816274,0.715817444,0.792416984
0.562,0.883258581,0.6023,0.892723799,0.599560977,0.879623443
0.385,0.962014854,0.435,0.922289252,0.422214024,0.883342382
0.1601,0.870566249,0.2154,0.879584551,0.171395850,0.828740789
0.0192,0.766178727,0.0465,0.673972726,0.060845429,0.727903919
0.0,0.615167737,0.0,0.672815204,0.000000000,0.640172204
0.0,0.700076938,0.0,0.797887325,0.000000000,0.704161326
0.0,0.962304175,0.0,0.875704408,0.000000000,0.831900962
0.0,0.963409901,0.0,0.81943959,0.000000000,0.860529405
0.0,0.928434312,0.0,0.726597428,0.000000000,0.795826260
0.0,0.932800353,0.0,0.691079974,0.000000000,0.774194850
0.0,0.816264093,0.0,0.606354475,0.000000000,0.655144507
0.0,0.599873602,0.0,0.600069642,0.000000000,0.569769606
0.0,0.567400694,0.0,0.561338723,0.000000000,0.554939776
0.0,0.548834383,0.0,0.5388906,0.000000000,0.527616537
0.0,0.529896438,0.0,0.545450032,0.000000000,0.523142159
0.0555,0.38897422,0.0779,0.575666666,0.067665689,0.436641950
0.241,0.475962877,0.2745,0.428089738,0.253432501,0.437623581
0.4392,0.201170787,0.475,0.688214302,0.454068917,0.456368677
0.6086,0.351221025,0.6284,0.597006738,0.652325279,0.479213965
0.7464,0.483489156,0.7511,0.527412951,0.765151864,0.471309085
0.757,0.690884709,0.7673,0.592816889,0.762501775,0.635332407
0.7343,0.674337149,0.7677,0.538183451,0.780869113,0.586297517
0.6407,0.78685838,0.7558,0.815828443,0.725389734,0.742232573
0.5061,0.98402071,0.6718,0.873592973,0.614522509,0.892348758
0.3957,0.903760672,0.4877,0.881642699,0.488573932,0.853062845
0.2808,0.89791584,0.3224,0.81540525,0.301085685,0.776087408
0.1299,0.913399279,0.1501,0.738729358,0.130516261,0.817720487
0.0,0.872227252,0.0021,0.75633961,0.005031245,0.771114552
0.0,0.404459774,0.0,0.562729239,0.000000000,0.492826317
0.0,0.709199846,0.0,0.570999205,0.000000000,0.640162971
0.0,0.472842991,0.0,0.593666255,0.000000000,0.494726512
0.0,0.227803484,0.0,0.545581639,0.000000000,0.357823719
0.0,0.066427588,0.0,0.486950397,0.000000000,0.265037211
0.0,0.042624444,0.0,0.500508964,0.000000000,0.277477218
0.0,0.034631681,0.0,0.552823305,0.000000000,0.290737251
0.0,0.025138188,0.0,0.469641715,0.000000000,0.222362484
0.0,0.04262846,0.0,0.411257327,0.000000000,0.176697350
0.0,0.044935986,0.0,0.497995079,0.000000000,0.262728349
0.0,0.059543714,0.0,0.628755212,0.000000000,0.345274694
0.0464,0.01316344,0.053,0.687722206,0.036389076,0.353513740
0.209,0.191697478,0.2357,0.47419405,0.250768559,0.320240631
0.3667,0.104705915,0.4154,0.78217864,0.422954057,0.433792037
0.4803,0.196067035,0.5534,0.658625841,0.530275920,0.392658912
0.4824,0.483586341,0.5898,0.764708459,0.572136314,0.591923876
0.45,0.573670864,0.5845,0.767407298,0.542278740,0.605427176
0.4528,0.536878049,0.6481,0.840754867,0.578565654,0.683722822
0.4866,0.59938544,0.6926,0.879485726,0.615600156,0.702447568
0.5044,0.588528514,0.665,0.964078307,0.608545148,0.723037699
0.4501,0.644405365,0.5611,0.928479791,0.535900391,0.744373436
0.3317,0.733738005,0.4108,0.86791718,0.399673576,0.762479132
0.1451,0.749747097,0.1975,0.767240405,0.173936957,0.745161133
0.0059,0.759497046,0.0421,0.744647205,0.028507065,0.725603046
0.0,0.785305142,0.0,0.779281855,0.000000000,0.722758663
0.0,0.850022435,0.0,0.655122697,0.000000000,0.707167110
0.0,0.948854566,0.0,0.552358508,0.000000000,0.746065427
0.0,0.956380665,0.0,0.597885609,0.000000000,0.729171215
0.0,0.985048413,0.0,0.582608342,0.000000000,0.764989191
0.0,0.968510509,0.0,0.531838179,0.000000000,0.727792897
0.0,0.989876866,0.0,0.526962578,0.000000000,0.740839722
0.0,0.995388389,0.0,0.54357326,0.000000000,0.731987893
0.0,0.991017282,0.0,0.476503402,0.000000000,0.738177118
0.0,0.990352869,0.0,0.398805112,0.000000000,0.642552647
0.0,0.986146748,0.0,0.37803036,0.000000000,0.631381266
0.0445,0.989968061,0.0573,0.31956315,0.035530058,0.603957321
0.2149,0.936056614,0.2177,0.42311132,0.188628196,0.641049361
0.3872,1.0,0.4045,0.254698783,0.375837028,0.601550455
0.5191,1.0,0.5333,0.270733297,0.526548249,0.614253735
0.6164,1.0,0.587,0.315643668,0.661959559,0.635740053
0.6094,1.0,0.6136,0.4028427,0.648526699,0.656738195
0.6213,1.0,0.6059,0.449915528,0.601984540,0.714612036
0.5855,1.0,0.5508,0.511507988,0.571168129,0.719204789
0.5484,1.0,0.5046,0.512469947,0.537326313,0.701089627
0.4324,0.999761462,0.396,0.600891352,0.424361933,0.775926974
0.2942,1.0,0.3157,0.55519104,0.316592161,0.753672453
0.1239,0.97358191,0.1728,0.522832215,0.134619115,0.720200716
0.0042,0.916173577,0.0254,0.514124274,0.001998136,0.688963888
0.0,0.504913807,0.0,0.656376719,0.000000000,0.559510809
0.0,0.483559906,0.0,0.538660765,0.000000000,0.476477480
0.0,0.404603273,0.0,0.435865611,0.000000000,0.396263942
0.0,0.559817672,0.0,0.442083746,0.000000000,0.487487027
0.0,0.43195039,0.0,0.497571468,0.000000000,0.457713470
0.0,0.801479816,0.0,0.581782818,0.000000000,0.642974638
0.0,0.83980149,0.0,0.595689774,0.000000000,0.683012589
0.0,0.880831182,0.0,0.595840871,0.000000000,0.704940922
0.0,0.87968725,0.0,0.547282517,0.000000000,0.683214158
0.0,0.983528793,0.0,0.512071192,0.000000000,0.749996552
0.0,0.861405969,0.0,0.4476614,0.000000000,0.619163140
0.0596,0.666822255,0.0855,0.436473608,0.079694001,0.533521963
0.2421,0.637812197,0.2731,0.2730335,0.282582589,0.466950499
0.4408,0.925808966,0.4671,0.232217997,0.466266488,0.564279528
0.5842,0.981597066,0.608,0.195289731,0.625883039,0.551905134
0.6896,0.962186873,0.7062,0.213924885,0.728250763,0.584670453
0.6858,0.838697433,0.6378,0.212225169,0.714434243,0.544616575
0.6341,0.858128905,0.5752,0.302501947,0.628246971,0.552812209
0.5742,0.714092791,0.5323,0.325241268,0.581197061,0.484242948
0.5271,0.506495476,0.5201,0.364710987,0.538140927,0.413705168
0.4501,0.643713951,0.4571,0.458459675,0.484567001,0.572699388
0.3211,0.802486479,0.339,0.317824125,0.342913747,0.549645413
0.1502,0.414806664,0.1788,0.338354707,0.147061097,0.330970522
0.0118,0.449268788,0.0161,0.352551579,0.012000926,0.392016954
0.0,0.433795214,0.0,0.378010601,0.000000000,0.393265395
0.0,0.723540962,0.0,0.339033753,0.000000000,0.488760935
0.0,0.847964466,0.0,0.314579666,0.000000000,0.583770718
0.0,0.431865871,0.0,0.171525747,0.000000000,0.289582567
0.0,0.263614535,0.0,0.185047239,0.000000000,0.222539583
0.0,0.383512288,0.0,0.145755634,0.000000000,0.274443198
0.0,0.467303038,0.0,0.171004862,0.000000000,0.268971981
0.0,0.669023633,0.0,0.137060583,0.000000000,0.400027649
0.0,0.578121424,0.0,0.107461967,0.000000000,0.334896127
0.0,0.668174863,0.0,0.092926241,0.000000000,0.368670541
0.0,0.84716779,0.0,0.117547646,0.000000000,0.479326199
0.0674,0.639957428,0.0783,0.091541469,0.099922064,0.328518744
0.2425,0.382031947,0.2579,0.06851235,0.248162950,0.203491290
0.4158,0.377838641,0.4056,0.033707358,0.430951480,0.194954947
0.5463,0.241989717,0.5052,0.037563592,0.532569043,0.129015247
0.6386,0.140842691,0.6202,0.010733934,0.648693448,0.074300280
0.6422,0.17344895,0.6711,0.042396054,0.676341589,0.122329302
0.619,0.254069537,0.6594,0.067424588,0.677799433,0.144823573
0.535,0.348766774,0.6022,0.222026736,0.576183674,0.341481833
0.4947,0.318340123,0.4993,0.20043698,0.495505966,0.250015152
0.436,0.412772506,0.4129,0.232668549,0.457000622,0.331738676
0.31,0.438966453,0.3183,0.227826118,0.324271818,0.367362661
0.141,0.478521466,0.1614,0.264879882,0.175214481,0.346272244
0.0057,0.204736024,0.0049,0.420176864,0.022230958,0.319788527
0.0,0.121209301,0.0,0.391947001,0.000000000,0.241641771
0.0,0.262892365,0.0,0.633731902,0.000000000,0.412392188
0.0,0.302317798,0.0,0.606936872,0.000000000,0.418877192
0.0,0.392155528,0.0,0.802681684,0.000000000,0.601988914
0.0,0.485296309,0.0,0.80059278,0.000000000,0.634181910
0.0,0.56743139,0.0,0.656539202,0.000000000,0.602518062
0.0,0.493387401,0.0,0.603969455,0.000000000,0.514971468
0.0,0.537232339,0.0,0.611808419,0.000000000,0.553153628
0.0,0.715105534,0.0,0.658338726,0.000000000,0.635337056
0.0,0.877000749,0.0,0.734204531,0.000000000,0.771126265
0.0,0.858959556,0.0,0.757275045,0.000000000,0.746969535
0.0646,0.616436839,0.0723,0.733292341,0.073195568,0.610642336
0.24,0.389255017,0.2571,0.539027035,0.262378624,0.449758980
0.4124,0.38474685,0.434,0.465032071,0.429940234,0.404264539
0.5387,0.668079793,0.5476,0.492129922,0.565158855,0.599938092
0.5942,0.445153713,0.6195,0.73795259,0.615575012,0.568913896
0.5769,0.568499982,0.6025,0.587795615,0.579621588,0.537681907
0.5447,0.738960683,0.5788,0.767164946,0.593890766,0.715207878
0.5418,0.373366296,0.5354,0.799923062,0.567463821,0.556631347
0.534,0.478745103,0.5095,0.739777803,0.563013866,0.577146085
0.4351,0.828541756,0.4716,0.763988495,0.482111474,0.734563840
0.2974,0.843423724,0.3522,0.555624962,0.329018297,0.677536091
0.1269,0.512844622,0.1757,0.31314072,0.139760219,0.375533603
0.0095,0.055336319,0.0216,0.177619845,0.003304394,0.078409136
0.0,0.03674832,0.0,0.149904311,0.000000000,0.097798901
0.0,0.053960145,0.0,0.207764819,0.000000000,0.130197712
0.0,0.029006636,0.0,0.272393882,0.000000000,0.152604972
0.0,0.052046131,0.0,0.328873366,0.000000000,0.184085515
0.0,0.100355022,0.0,0.322962523,0.000000000,0.225913285
0.0,0.41157797,0.0,0.359508932,0.000000000,0.390066503
0.0,0.602612317,0.0,0.368710816,0.000000000,0.491582123
0.0,0.720491469,0.0,0.371057957,0.000000000,0.527425964
0.0,0.723646641,0.0,0.368630171,0.000000000,0.503317284
0.0,0.813915133,0.0,0.415903181,0.000000000,0.596963232
0.0,0.716498435,0.0,0.425069541,0.000000000,0.564728162
0.0702,0.545466542,0.0963,0.466659576,0.094467396,0.462923153
0.2614,0.412251562,0.287,0.222585082,0.285265262,0.298483646
0.4627,0.044421218,0.4836,0.100538105,0.477240206,0.037309939
0.6166,0.140197337,0.625,0.098966636,0.661270011,0.107274854
0.7112,0.201716378,0.7167,0.36123094,0.727555238,0.268789815
0.716,0.365351975,0.7262,0.503575087,0.732122405,0.415328804
0.7297,0.348426342,0.7395,0.465883225,0.763417388,0.391123851
0.7274,0.279339582,0.744,0.254765302,0.782914112,0.241763845
0.6825,0.335944027,0.7054,0.413403451,0.699667995,0.359265669
0.5492,0.282557875,0.5849,0.561895967,0.590374635,0.452341628
0.3739,0.315034628,0.4262,0.733503461,0.388458968,0.509164928
0.1552,0.501161098,0.2129,0.478834957,0.189864639,0.488643738
0.0324,0.575841904,0.0599,0.652499914,0.055638121,0.542380509
0.0,0.597773373,0.0,0.784204125,0.000000000,0.703985264
0.0,0.795206368,0.0,0.95306015,0.000000000,0.840311889
0.0,0.925453305,0.0,0.953632832,0.000000000,0.898306951
0.0,0.862208605,0.0,0.940352917,0.000000000,0.833520141
0.0,0.884268165,0.0,0.914440751,0.000000000,0.838879560
0.0,0.824621797,0.0,0.920703053,0.000000000,0.801890576
0.0,0.864601195,0.0,0.906419039,0.000000000,0.853063766
0.0,0.747781813,0.0,0.859229386,0.000000000,0.765458911
0.0,0.897395968,0.0,0.86805892,0.000000000,0.845995176
0.0,0.891821504,0.0,0.879754663,0.000000000,0.866037754
0.0,0.875600398,0.0,0.93187511,0.000000000,0.862704274
0.0727,0.454108536,0.0994,0.951833069,0.088711729,0.688661245
0.2557,0.389777452,0.2751,0.487469882,0.292430968,0.437059515
0.4497,0.118936777,0.4564,0.325502813,0.463940821,0.200465909
0.5925,0.102687314,0.6063,0.461699486,0.606852390,0.298171853
0.704,0.135198578,0.717,0.492941678,0.717618974,0.288432750
0.7225,0.255885392,0.7277,0.539525628,0.738379732,0.367285117
0.701,0.090430029,0.6985,0.668607116,0.722012116,0.341875596
0.6769,0.178597078,0.6616,0.717204928,0.695652117,0.430269176
0.5474,0.431952953,0.5647,0.704027712,0.564088326,0.576752686
0.3879,0.515062034,0.4475,0.663956642,0.449157519,0.518559781
0.2913,0.815573871,0.3432,0.46064049,0.321867460,0.606629683
0.1353,0.634752035,0.192,0.408913672,0.159001372,0.498506320
0.0179,0.619311154,0.0412,0.547883451,0.015440381,0.559524781
0.0,0.982150972,0.0,0.646616697,0.000000000,0.796206251
0.0,0.757338047,0.0,0.704160929,0.000000000,0.684017691
0.0,0.913762093,0.0,0.63160044,0.000000000,0.759720532
0.0,0.932408333,0.0,0.575586855,0.000000000,0.728696603
0.0,0.925074697,0.0,0.407315999,0.000000000,0.642214408
0.0,0.990617156,0.0,0.4257285,0.000000000,0.686079395
0.0,0.95990628,0.0,0.528362393,0.000000000,0.691184973
0.0,0.661817312,0.0,0.592677593,0.000000000,0.599838968
0.0,0.835044742,0.0,0.579968333,0.000000000,0.687774984
0.0,0.827758014,0.0,0.527598023,0.000000000,0.629128315
0.0,0.459986866,0.0,0.594735503,0.000000000,0.519768094
0.0607,0.043116283,0.0579,0.517486215,0.066919768,0.288765189
0.2295,0.119353324,0.2299,0.461103737,0.240081754,0.304820542
0.3989,0.186982363,0.4242,0.203917563,0.415010533,0.140816944
0.5445,0.162299648,0.5574,0.212582946,0.572755351,0.163380270
0.6313,0.047973432,0.6353,0.20386833,0.644362526,0.126920142
0.5756,0.171127975,0.617,0.425897062,0.634453222,0.267336196
0.4796,0.371867865,0.5755,0.599613667,0.553465539,0.454539054
0.4497,0.646259665,0.5562,0.531021476,0.520301146,0.592771748
0.3945,0.82888782,0.3893,0.538537502,0.420760576,0.650130476
0.3274,0.780436099,0.3372,0.527096093,0.318383498,0.645157764
0.224,0.894966424,0.2202,0.477329493,0.245486027,0.654770309
0.1102,0.745465159,0.1251,0.594703794,0.134746336,0.662388146
0.0001,0.499277651,0.0017,0.585094213,0.004737066,0.498500336
0.0,0.177560896,0.0,0.845246792,0.000000000,0.470045644
0.0,0.125584617,0.0,0.666917801,0.000000000,0.366949918
0.0,0.371880233,0.0,0.370350748,0.000000000,0.367338418
0.0,0.248758137,0.0,0.344562531,0.000000000,0.328760060
0.0,0.357238054,0.0,0.397281766,0.000000000,0.348780961
0.0,0.670275927,0.0,0.463066339,0.000000000,0.551721824
0.0,0.791637063,0.0,0.537189543,0.000000000,0.619852842
0.0,0.850343347,0.0,0.577177286,0.000000000,0.693620466
0.0,0.830768526,0.0,0.47861889,0.000000000,0.646437811
0.0,0.83575666,0.0,0.53229326,0.000000000,0.657982887
0.0,0.720085979,0.0,0.62505722,0.000000000,0.624519854
0.0551,0.254879028,0.0809,0.544284105,0.096923127,0.377283502
0.2308,0.188441843,0.2562,0.43602246,0.245865243,0.329254249
0.4115,0.006096345,0.4358,0.264100283,0.453390248,0.124773922
0.5502,0.002578969,0.5661,0.226219833,0.539675010,0.094847165
0.6653,0.028644908,0.6522,0.40397507,0.668665569,0.199664524
0.6636,0.275457084,0.6494,0.63357091,0.671585003,0.400021778
0.6573,0.502558708,0.6072,0.848846376,0.627739017,0.605604286
0.6282,0.360116273,0.5521,0.941271544,0.599255955,0.627058089
0.5712,0.600508273,0.5665,0.905256033,0.540338092,0.704091479
0.4475,0.835470736,0.5059,0.905872762,0.484683804,0.822682514
0.3088,0.994439244,0.3336,0.938071132,0.326125975,0.956183103
0.1392,0.899679601,0.1808,0.924881101,0.151873737,0.879273661
0.0306,0.816437781,0.0559,0.930782199,0.064778527,0.851062109
0.0,0.434419274,0.0,0.981320381,0.000000000,0.693008288
0.0,0.432913303,0.0,0.949090958,0.000000000,0.649534800
0.0,0.796223938,0.0,0.904409111,0.000000000,0.810505345
0.0,0.666432261,0.0,0.878076553,0.000000000,0.738402197
0.0,0.816844404,0.0,0.886024654,0.000000000,0.830439842
0.0,0.847556829,0.0,0.906855583,0.000000000,0.844407465
0.0,0.893950105,0.0,0.889461875,0.000000000,0.816179859
0.0,0.899584472,0.0,0.897235036,0.000000000,0.879665685
0.0,0.877247691,0.0,0.907476962,0.000000000,0.865638023
0.0,0.952719688,0.0,0.814849138,0.000000000,0.840771368
0.0,0.960523844,0.0,0.747924209,0.000000000,0.818509605
0.0631,0.975111306,0.0853,0.718400896,0.071175227,0.824849838
0.2384,0.999808609,0.2625,0.722193003,0.287038163,0.813835578
0.4278,1.0,0.4547,0.517734885,0.432928740,0.725524534
0.5697,1.0,0.599,0.440654993,0.596757770,0.669278776
0.6876,0.996867299,0.7096,0.47235918,0.729828081,0.696914787
0.6993,0.957846105,0.7198,0.474067867,0.732008921,0.678995683
0.6955,0.907826662,0.6991,0.543230414,0.712383736,0.715527574
0.6864,0.918199122,0.6783,0.723340213,0.691399600,0.787437891
0.6366,0.951994717,0.6732,0.798046649,0.688478452,0.810842726
0.5082,0.716081262,0.5563,0.802406669,0.531440535,0.719746237
0.3536,0.918618083,0.4041,0.833866239,0.391770250,0.768013095
0.1506,0.844124913,0.2055,0.880895615,0.187450012,0.859988962
0.0365,0.91932255,0.0597,0.886661351,0.015385139,0.847037457
0.0,0.71794802,0.0,0.924427032,0.000000000,0.798795938
0.0,1.0,0.0,0.963136315,0.000000000,0.910950199
0.0,1.0,0.0,0.999079168,0.000000000,0.962080390
0.0,0.999719322,0.0,0.999988973,0.000000000,0.941247766
0.0,1.0,0.0,0.993228734,0.000000000,0.950394544
0.0,1.0,0.0,0.969367146,0.000000000,0.948503553
0.0,0.999401927,0.0,0.876194239,0.000000000,0.865074541
0.0,0.840446055,0.0,0.729236841,0.000000000,0.761839087
0.0,0.740907311,0.0,0.660441995,0.000000000,0.649706832
0.0,0.83974272,0.0,0.643812776,0.000000000,0.690991760
0.0,0.582625568,0.0,0.791162372,0.000000000,0.665870685
0.0781,0.629124284,0.0913,0.687852025,0.052850965,0.641890590
0.2608,0.49090004,0.2631,0.517878771,0.266334235,0.439944230
0.4544,0.392080009,0.4507,0.554159999,0.459755027,0.453690422
0.599,0.118508637,0.607,0.4323816,0.616280171,0.238419453
0.7065,0.092816167,0.6945,0.295100838,0.716909738,0.219891225
0.7095,0.010389035,0.7035,0.187555581,0.723553580,0.087742844
0.6849,0.004800459,0.6451,0.257159412,0.661710228,0.145023977
0.697,0.021742992,0.6623,0.242588431,0.691117493,0.104063163
0.4869,0.033645563,0.4454,0.204955503,0.453942599,0.140589474
0.3611,0.091753595,0.3532,0.090663716,0.376215484,0.119162980
0.252,0.073397309,0.2602,0.037262738,0.253662212,0.018742881
0.1208,0.177771747,0.1457,0.03664995,0.152065961,0.069469110
0.0097,0.125503883,0.0164,0.173653916,0.011759588,0.149936265
0.0,0.225670695,0.0,0.273606956,0.000000000,0.208442863
0.0,0.218891159,0.0,0.345028669,0.000000000,0.275336303
0.0,0.241132259,0.0,0.281041026,0.000000000,0.278522822
0.0,0.264220625,0.0,0.202513039,0.000000000,0.225629393
0.0,0.19123134,0.0,0.33689782,0.000000000,0.249773508
0.0,0.444902152,0.0,0.365752518,0.000000000,0.386318652
0.0,0.460135907,0.0,0.379359096,0.000000000,0.437366450
0.0,0.514190614,0.0,0.325106531,0.000000000,0.401635120
0.0,0.344889462,0.0,0.333932668,0.000000000,0.327089037
0.0,0.221222699,0.0,0.384271324,0.000000000,0.277247072
0.0,0.323626906,0.0,0.459899426,0.000000000,0.401380984
0.073,0.296585143,0.0756,0.427961826,0.078152026,0.323577713
0.2431,0.300489902,0.2584,0.319929838,0.254498445,0.298774325
0.4253,0.009009168,0.4477,0.080077723,0.459135100,0.029164673
0.575,0.005413182,0.603,0.201652423,0.591771029,0.093467570
0.6945,0.032803237,0.7172,0.25765118,0.708610086,0.125043873
0.7176,0.059648238,0.7315,0.280694634,0.742486217,0.173563041
0.7241,0.048079468,0.7328,0.436991394,0.756720052,0.229201791
0.7208,0.097284406,0.7283,0.446297139,0.743907308,0.241558606
0.663,0.132096112,0.681,0.542639732,0.667901742,0.321206010
0.5295,0.21807085,0.5637,0.615163684,0.553573792,0.378723629
0.3579,0.262657136,0.4093,0.729590952,0.403103347,0.501431203
0.1521,0.444852829,0.2091,0.729057014,0.199371817,0.546749694
0.0416,0.393538952,0.0674,0.717143059,0.069101426,0.573767321
0.0,0.307857603,0.0,0.85931164,0.000000000,0.571673405
0.0,0.898757994,0.0,0.721602619,0.000000000,0.797529276
0.0,0.783025742,0.0,0.519651413,0.000000000,0.615313956
0.0,0.695123971,0.0,0.470836759,0.000000000,0.515386196
0.0,0.727230906,0.0,0.51728344,0.000000000,0.583200125
0.0,0.906098187,0.0,0.602226555,0.000000000,0.703408217
0.0,0.964462399,0.0,0.717101514,0.000000000,0.800644147
0.0,0.972168505,0.0,0.703789055,0.000000000,0.805079618
0.0,0.986720443,0.0,0.664553881,0.000000000,0.791382774
0.0,0.910772681,0.0,0.582078278,0.000000000,0.718481938
0.0,0.839319825,0.0,0.534162283,0.000000000,0.676425713
0.0778,0.381622046,0.1059,0.536282241,0.059660308,0.411537588
0.2571,0.143958166,0.2839,0.345888674,0.270493882,0.216918353
0.4415,0.000218557,0.463,0.067623883,0.481752062,0.058355141
0.5769,0.000510002,0.5831,0.021597832,0.579045356,0.007128165
0.659,0.083214864,0.6466,0.020723,0.667119777,0.049087072
0.648,0.379179806,0.6319,0.04386403,0.652778812,0.173232700
0.6455,0.844168305,0.685,0.124951094,0.680804486,0.478948511
0.6584,0.888040662,0.7031,0.163836449,0.685880128,0.509880220
0.6393,0.916626334,0.6401,0.313371807,0.652105055,0.608722202
0.5194,0.972031176,0.5318,0.445517898,0.531039019,0.713120501
0.3527,0.999287188,0.3754,0.545267344,0.365125322,0.748684275
0.1498,0.94767946,0.1825,0.638798833,0.163029439,0.749870994
0.0324,0.873701751,0.0398,0.721302986,0.040313327,0.771913693
0.0,0.705336988,0.0,0.715687037,0.000000000,0.691469221
0.0,0.639790893,0.0,0.814773202,0.000000000,0.675999634
0.0,0.219112173,0.0,0.911356688,0.000000000,0.571408733
0.0,0.361968666,0.0,0.957081795,0.000000000,0.643668513
0.0,0.236685067,0.0,0.963609755,0.000000000,0.578844272
0.0,0.259338766,0.0,0.959987164,0.000000000,0.584161647
0.0,0.281132579,0.0,0.869126678,0.000000000,0.545689420
0.0,0.204233021,0.0,0.886592984,0.000000000,0.501054069
0.0,0.215455055,0.0,0.860317469,0.000000000,0.508853654
0.0,0.175008059,0.0,0.862108827,0.000000000,0.468747757
0.0,0.152520984,0.0,0.782500505,0.000000000,0.459483109
0.0573,0.071609408,0.0752,0.781155348,0.070212111,0.420257469
0.1902,0.033815674,0.2161,0.576450765,0.215651063,0.281536890
0.3846,0.197519287,0.3905,0.456777811,0.419536831,0.284813173
0.508,0.077234678,0.5169,0.396456152,0.514616380,0.226561906
0.61,0.108085491,0.627,0.339726448,0.637830475,0.220405586
0.6501,0.320897609,0.6556,0.255490839,0.689562268,0.278947630
0.6423,0.37067911,0.6445,0.380047709,0.641079684,0.363245224
0.6489,0.703896582,0.6383,0.423125267,0.682545234,0.522692215
0.5848,0.913187981,0.5723,0.489750296,0.587149423,0.672096867
0.4683,0.977256835,0.5163,0.573457897,0.512040708,0.745278392
0.3278,1.0,0.3814,0.549458802,0.340652245,0.740168498
0.1379,0.998269737,0.1889,0.475300193,0.173159729,0.667583356
0.0234,0.931133628,0.0427,0.526453376,0.012328792,0.670980437
0.0,0.294844568,0.0,0.467790544,0.000000000,0.333911181
0.0,0.17384097,0.0,0.492123365,0.000000000,0.297356989
0.0,0.047792602,0.0,0.502970934,0.000000000,0.278389116
0.0,0.046951711,0.0,0.557470143,0.000000000,0.296826830
0.0,0.139940053,0.0,0.66036576,0.000000000,0.384860319
0.0,0.201329976,0.0,0.667828858,0.000000000,0.424397762
0.0,0.258197904,0.0,0.837595224,0.000000000,0.527011533
0.0,0.767325222,0.0,0.802787244,0.000000000,0.740188048
0.0,0.787576795,0.0,0.665636003,0.000000000,0.705185836
0.0,0.903940916,0.0,0.654958725,0.000000000,0.748867087
0.0,0.87623167,0.0,0.686453402,0.000000000,0.748336822
0.0323,0.375950485,0.058,0.80768013,0.040398358,0.542994720
0.1293,0.244787961,0.1563,0.72368598,0.174780437,0.440516592
0.1894,0.391121477,0.2515,0.656970084,0.199647441,0.493153920
0.2513,0.496698052,0.3013,0.733301282,0.281786528,0.545935155
0.3005,0.424061835,0.3415,0.82054925,0.332509902,0.594466953
0.3063,0.323638082,0.3756,0.855143905,0.344103879,0.563477191
0.3569,0.296225339,0.3573,0.838510633,0.360683981,0.547263951
0.3508,0.441782176,0.3515,0.900317192,0.349960710,0.645512237
0.2968,0.550766826,0.2854,0.944631457,0.295354460,0.719467995
0.2386,0.621668816,0.2111,0.938807786,0.222504137,0.733853901
0.1541,0.686948419,0.1166,0.953017473,0.146080586,0.778327259
0.0215,0.932779849,0.0192,0.838192523,0.050245083,0.852395936
0.0,0.999638379,0.0,0.743015766,0.000000000,0.842854154
0.0,0.985018253,0.0,0.600739002,0.000000000,0.750653723
0.0,0.999047577,0.0,0.883368611,0.000000000,0.894828465
0.0,1.0,0.0,0.974085331,0.000000000,0.973027273
0.0,1.0,0.0,0.958680153,0.000000000,0.919313674
0.0,1.0,0.0,0.956795573,0.000000000,0.956524888
0.0,1.0,0.0,0.984772265,0.000000000,0.954929250
0.0,1.0,0.0,0.999990463,0.000000000,0.936188815
0.0,1.0,0.0,1.0,0.000000000,0.926307171
0.0,1.0,0.0,1.0,0.000000000,0.968509145
0.0,0.993162215,0.0,0.994208932,0.000000000,0.942954079
0.0,0.98094672,0.0,0.995880723,0.000000000,0.947501316
0.0,0.952337444,0.0,0.989818454,0.000000000,0.960429949
0.0092,0.877646685,0.0238,0.988986373,0.036653373,0.899894399
0.0916,0.917681456,0.1984,0.987028956,0.145665139,0.920593717
0.3281,0.854564667,0.3732,0.985864997,0.347494714,0.924095109
0.423,0.640910566,0.4554,0.973445892,0.459529780,0.728127380
0.4581,0.648748994,0.4953,0.952996492,0.514723388,0.807302265
0.4584,0.517342627,0.4939,0.931267619,0.454098107,0.684079630
0.4346,0.75304997,0.4942,0.94568181,0.465205592,0.810643572
0.3725,0.937116444,0.4446,0.931097329,0.396539661,0.882045328
0.3797,0.972286224,0.4313,0.957239568,0.408713566,0.907094398
0.266,1.0,0.3186,0.931653082,0.295684492,0.932600907
0.1099,0.559285879,0.1679,0.918859482,0.165842715,0.693905425
0.0132,0.705785155,0.0334,0.924452901,0.035913799,0.765023533
0.0,0.477521032,0.0,0.966774821,0.000000000,0.687519516
0.0,0.783579946,0.0,0.958847761,0.000000000,0.857506595
0.0,0.753980935,0.0,0.957835317,0.000000000,0.832713344
0.0,0.914723337,0.0,0.958957911,0.000000000,0.896681341
0.0,0.903074682,0.0,0.985623717,0.000000000,0.881357388
0.0,0.89521426,0.0,0.986165285,0.000000000,0.921615156
0.0,0.906263471,0.0,0.951996803,0.000000000,0.873318927
0.0,0.830947042,0.0,0.900824547,0.000000000,0.851158371
0.0,0.688806951,0.0,0.755500019,0.000000000,0.659373145
0.0,0.873750508,0.0,0.740092039,0.000000000,0.770424648
0.0,0.708367765,0.0,0.720699549,0.000000000,0.678242279
0.0942,0.427050799,0.1216,0.646447659,0.112981412,0.509666515
0.2605,0.738505423,0.2739,0.636807084,0.268474075,0.632690170
0.4075,0.906119883,0.4273,0.718317986,0.425588500,0.797584202
0.5245,0.901215196,0.5165,0.740345776,0.510599599,0.791228615
0.6,0.81003499,0.5981,0.821550727,0.653345534,0.751381576
0.612,0.813559234,0.6208,0.94831562,0.633738170,0.831707128
0.6225,0.902390301,0.5842,0.949582875,0.581603601,0.924588659
0.7787,0.808963418,0.719,0.999377012,0.756517721,0.879306656
0.5473,0.494023442,0.5147,0.869310141,0.550596409,0.654833833
0.4565,0.388377905,0.4242,0.746510386,0.426498969,0.569369202
0.323,0.175890371,0.325,0.784854591,0.342490257,0.483707647
0.1512,0.208492547,0.1869,0.515747726,0.180073995,0.328669841
0.0499,0.738512874,0.0568,0.914861023,0.049071389,0.832446104
0.0,0.092029631,0.0,0.163565964,0.000000000,0.131496595
0.0,0.442285091,0.0,0.897040844,0.000000000,0.640858025
0.0,0.591250539,0.0,0.849861503,0.000000000,0.720725198
0.0,0.398042053,0.0,0.705603004,0.000000000,0.525032513
0.0,0.515133202,0.0,0.787957251,0.000000000,0.650514717
0.0,0.00138881,0.0,0.048022453,0.000000000,0.000000000
0.0,0.342214018,0.0,0.72031796,0.000000000,0.503819126
0.0,0.042128015,0.0,0.054862633,0.000000000,0.068114211
0.0,0.779057145,0.0,0.635807931,0.000000000,0.692941810
0.0,0.673693538,0.0,0.547463059,0.000000000,0.584758608
0.0005,0.010940572,0.0,0.063994192,0.016057371,0.059716291
0.0872,0.240113929,0.1218,0.308910102,0.126369687,0.269057458
0.2712,0.000622577,0.2991,0.119093776,0.276265776,0.043648891
0.4665,0.000714916,0.4859,0.290451705,0.477943477,0.141370759
0.6087,0.270867258,0.6103,0.638813257,0.658528257,0.430481214
0.7054,0.608322859,0.6446,0.696631134,0.691824086,0.636651584
0.6586,0.787960768,0.5585,0.621932864,0.613207370,0.662982100
0.5991,0.819174051,0.6046,0.553723276,0.596318608,0.623824071
0.5881,0.750757039,0.552,0.554722607,0.580386626,0.617379251
0.573,0.631903112,0.5218,0.466262609,0.553043554,0.520625031
0.4545,0.569544792,0.4655,0.309238613,0.476441526,0.435468699
0.3241,0.390066892,0.3282,0.318926513,0.349129981,0.334443866
0.1461,0.600500703,0.1803,0.291261852,0.180148446,0.421198717
0.0381,0.10643135,0.0636,0.24448967,0.058853507,0.178570333
0.0,0.018097293,0.0,0.367611498,0.000000000,0.211704432
0.0,0.133739099,0.0,0.435823679,0.000000000,0.308772663
0.0,0.189501777,0.0,0.652366757,0.000000000,0.391567819
0.0,0.482799739,0.0,0.60935843,0.000000000,0.538757237
0.0,0.589737058,0.0,0.803999066,0.000000000,0.677744188
0.0,0.3718701,0.0,0.80461514,0.000000000,0.572219912
0.0,0.312747627,0.0,0.662740111,0.000000000,0.429169839
0.0,0.206773847,0.0,0.646067262,0.000000000,0.388484501
0.0,0.111707672,0.0,0.588037133,0.000000000,0.357295832
0.0,0.002263496,0.0,0.473199546,0.000000000,0.242666407
0.0493,0.00603312,0.0,0.44189018,0.008071272,0.192692167
0.0917,0.000481104,0.1251,0.253719687,0.110958174,0.120829034
0.2768,0.048649795,0.3055,0.072316267,0.306896959,0.039910279
0.4619,1.08e-5,0.4662,0.028111011,0.485503532,0.000000000
0.6047,0.004203369,0.556,0.059065111,0.589810750,0.012127971
0.7077,0.077972278,0.613,0.166877478,0.674867189,0.133689156
0.6966,0.378578484,0.5149,0.095294312,0.594003062,0.204506796
0.6007,0.616874814,0.4499,0.116155803,0.538283444,0.351565767
0.5188,0.594856858,0.4268,0.191265017,0.505851111,0.340830237
0.4571,0.588433743,0.4157,0.307730585,0.474959549,0.418602337
0.3729,0.430401534,0.363,0.644259334,0.367537296,0.498209087
0.2741,0.870926797,0.258,0.704815924,0.258773796,0.749816779
0.1203,0.975161433,0.1186,0.880092621,0.117789888,0.885678571
0.0016,0.447313875,0.0007,0.902629614,0.000000000,0.629024185
0.0,0.154002219,0.0,0.910028458,0.000000000,0.490222931
0.0,0.238145694,0.0,0.947542071,0.000000000,0.592121695
0.0,0.160827205,0.0,0.835615695,0.000000000,0.477871413
0.0,0.040918317,0.0,0.688681483,0.000000000,0.379701043
0.0,0.195152611,0.0,0.598271847,0.000000000,0.348293800
0.0,0.577475309,0.0,0.427203566,0.000000000,0.466410653
0.0,0.951914668,0.0,0.374159575,0.000000000,0.625222507
0.0,0.999493182,0.0,0.369925082,0.000000000,0.660666712
0.0,1.0,0.0,0.361405373,0.000000000,0.631954519
0.0,1.0,0.0,0.339065343,0.000000000,0.651927450
0.0,1.0,0.0,0.368749678,0.000000000,0.669463659
0.0835,1.0,0.1167,0.469379961,0.093407247,0.695800439
0.2597,1.0,0.3008,0.421346366,0.295114406,0.685418752
0.426,1.0,0.4797,0.572523773,0.425709601,0.745639244
0.5534,1.0,0.6032,0.795023441,0.597102573,0.865182901
0.7817,1.0,0.8177,0.882801354,0.830317423,0.893499106
0.6721,1.0,0.6935,0.96761322,0.681943920,0.900582892
0.6865,1.0,0.6996,0.997336566,0.706482386,0.944236005
0.6856,1.0,0.6933,1.0,0.683059571,0.992676391
0.6293,1.0,0.6467,1.0,0.648296993,0.970875842
0.513,1.0,0.5478,1.0,0.545627677,0.935938067
0.3588,1.0,0.4061,1.0,0.363576041,0.971147000
0.1693,1.0,0.2237,1.0,0.207789537,0.965961751
0.0613,1.0,0.0894,1.0,0.070553932,0.958486872
0.0,1.0,0.0,0.999962866,0.000000000,0.978445535
0.0,1.0,0.0,1.0,0.000000000,0.971867393
0.0,0.994575143,0.0,1.0,0.000000000,0.956177152
0.0,0.981276035,0.0,0.999985516,0.000000000,0.970068919
0.0,0.896311998,0.0,1.0,0.000000000,0.872133085
0.0,0.857198417,0.0,1.0,0.000000000,0.925415402
0.0,0.807089388,0.0,1.0,0.000000000,0.856047368
0.0,0.960698903,0.0,1.0,0.000000000,0.963482403
0.0,0.857702792,0.0,0.999023259,0.000000000,0.893239558
0.0,0.921978414,0.0,0.990850806,0.000000000,0.911159054
0.0969,0.838033378,0.087,0.992687821,0.101504467,0.884252633
0.0994,0.782606661,0.1337,0.985980868,0.118054357,0.852780052
0.267,0.801607251,0.3054,0.990027905,0.263712707,0.868337545
0.4652,0.925497532,0.4933,0.999566913,0.469031179,0.934882161
0.6177,0.771592259,0.6328,0.997391582,0.633208895,0.815488573
0.7405,0.61442858,0.7381,0.98540175,0.732702260,0.761123349
0.7489,0.375686228,0.7418,0.983328342,0.741028922,0.598302133
0.7483,0.484907836,0.7424,0.994881809,0.755402572,0.676828451
0.7424,0.538775146,0.7348,0.995165467,0.726322040,0.747619873
0.6644,0.687196791,0.6813,0.979057074,0.689243256,0.821828257
0.5355,0.615338981,0.5282,0.98683989,0.556671371,0.754265653
0.3457,0.595331132,0.3801,0.990314007,0.332402993,0.755515811
0.15,0.357232004,0.2018,0.96430707,0.176497463,0.637540001
0.059,0.375199169,0.0706,0.908296227,0.070414672,0.610123657
0.0,0.477542132,0.0,0.808068037,0.000000000,0.632443074
0.0,0.534386039,0.0,0.91275084,0.000000000,0.716341439
0.0,0.702538669,0.0,0.956340551,0.000000000,0.763998504
0.0,0.805244803,0.0,0.960220277,0.000000000,0.829151893
0.0,0.799776375,0.0,0.945180953,0.000000000,0.840396528
0.0,0.895068109,0.0,0.887928367,0.000000000,0.844223237
0.0,0.962961137,0.0,0.798302293,0.000000000,0.842496788
0.0,0.984760702,0.0,0.629671037,0.000000000,0.796224538
0.0,0.994194925,0.0,0.505612791,0.000000000,0.694377429
0.0,0.999985814,0.0,0.40457505,0.000000000,0.690785833
0.0968,0.975248814,0.0727,0.416240692,0.082406984,0.669892851
0.0959,0.58400923,0.1334,0.367600381,0.112293083,0.463776494
0.2821,0.131447449,0.3146,0.246390373,0.285496077,0.178253364
0.4778,0.211835012,0.4983,0.47741586,0.512459706,0.361330998
0.6264,0.529911637,0.6336,0.730220437,0.644339465,0.619334402
0.7379,0.74610889,0.7354,0.894937754,0.750546035,0.821683119
0.758,0.90819943,0.7642,0.929054737,0.787647467,0.899175267
0.7581,0.989248514,0.7653,0.990611076,0.762962460,0.957728766
0.7456,1.0,0.7615,0.999107063,0.754357238,0.975898160
0.6691,1.0,0.7018,0.996322632,0.694792172,0.948346440
0.5448,0.989941597,0.5819,0.999952793,0.571130378,0.968562770
0.3721,1.0,0.4279,0.999979556,0.411865695,0.930904952
0.1593,1.0,0.2221,0.999992192,0.189438581,0.938996787
0.0698,1.0,0.1006,1.0,0.064152256,0.953841628
0.0,0.831628621,0.0,0.954586625,0.000000000,0.857468393
0.0,0.874698818,0.0,0.983723879,0.000000000,0.872161592
0.0,0.678449094,0.0,0.967501342,0.000000000,0.787725903
0.0,0.892120004,0.0,0.955243111,0.000000000,0.896658813
0.0,0.992359221,0.0,0.900340676,0.000000000,0.901383022
0.0,0.970871687,0.0,0.891151488,0.000000000,0.856466316
0.0,0.852099657,0.0,0.926174879,0.000000000,0.859850945
0.0,0.486421973,0.0,0.810483694,0.000000000,0.645352064
0.0,0.216737852,0.0,0.789916992,0.000000000,0.462930868
0.0,0.278561652,0.0,0.78780818,0.000000000,0.521074681
0.1109,0.374386013,0.1157,0.701025546,0.110697248,0.534970943
0.098,0.399498343,0.1345,0.4679901,0.101033177,0.407634220
0.2796,0.117713973,0.3099,0.343654692,0.288616583,0.209848739
0.4674,3.11e-5,0.4874,0.36419645,0.490008200,0.155083265
0.6082,0.0,0.6085,0.324830234,0.618258537,0.158377610
0.7158,7.66e-6,0.6619,0.3349787,0.663628144,0.146048977
0.6519,0.009165339,0.6534,0.309587628,0.684738427,0.159875583
0.6012,0.007611417,0.6176,0.180060372,0.622487610,0.102120505
0.5879,0.070935778,0.5969,0.321869045,0.576486514,0.206802049
0.5462,0.079137497,0.5383,0.360919565,0.558043335,0.204350273
0.4003,0.201639831,0.4116,0.269295901,0.393517942,0.242974309
0.2505,0.313874096,0.2934,0.099193931,0.281494494,0.203285493
0.1252,0.429846704,0.163,0.046953276,0.128454924,0.203641697
0.0221,0.425751865,0.0341,0.080010638,0.025216694,0.244004434
0.0,0.348758399,0.0,0.227525786,0.000000000,0.277636025
0.0,0.350948006,0.0,0.213559881,0.000000000,0.262884628
0.0,0.676447809,0.0,0.440896809,0.000000000,0.519255339
0.0,0.274712473,0.0,0.61096108,0.000000000,0.427932219
0.0,0.757452607,0.0,0.679790497,0.000000000,0.683611938
0.0,0.838222146,0.0,0.78268832,0.000000000,0.801502596
0.0,0.829621434,0.0,0.898536384,0.000000000,0.807578548
0.0,0.82702601,0.0,0.94602567,0.000000000,0.841605058
0.0,0.664892256,0.0,0.893938422,0.000000000,0.783317053
0.0,0.460004807,0.0,0.955156624,0.000000000,0.664512655
0.0,0.475810349,0.0,0.961841345,0.000000000,0.686179755
0.0012,0.462907225,0.0007,0.96184504,0.003721106,0.672459405
0.0441,0.583737373,0.0595,0.927912593,0.044927262,0.736980630
0.1344,0.725647211,0.1074,0.868246019,0.113816676,0.728264647
0.2087,0.66663456,0.1745,0.899054945,0.214464496,0.755780783
0.3106,0.384227782,0.3643,0.900440574,0.343121801,0.615621899
0.3357,0.258210659,0.3286,0.828011036,0.320578746,0.498488831
0.3555,0.05232789,0.3839,0.564415514,0.370771233,0.284283878
0.3706,0.001923672,0.4742,0.660479307,0.419003261,0.302461586
0.393,0.050491221,0.5053,0.836376071,0.456855448,0.441216087
0.3865,0.151873454,0.4473,0.706011891,0.419880443,0.416258179
0.2835,0.087549679,0.333,0.527486861,0.325557108,0.284710450
0.1398,0.073062316,0.1856,0.386239409,0.207271257,0.223338352
0.0212,0.189706743,0.0629,0.304288805,0.029521400,0.244197212
0.0,0.081566021,0.0,0.309113622,0.000000000,0.160539621
0.0,0.17571032,0.0,0.407828689,0.000000000,0.264782851
0.0,0.252800405,0.0,0.308729112,0.000000000,0.283962308
0.0,0.167613626,0.0,0.23277396,0.000000000,0.175899381
0.0,0.205849186,0.0,0.214846253,0.000000000,0.176306997
0.0,0.195773393,0.0,0.16884011,0.000000000,0.156307279
0.0,0.143682986,0.0,0.151056364,0.000000000,0.142870415
0.0,0.169551909,0.0,0.232472792,0.000000000,0.200930746
0.0,0.08691401,0.0,0.26615119,0.000000000,0.173589984
0.0,0.093504399,0.0,0.256826192,0.000000000,0.167119951
0.0,0.112257183,0.0,0.130996123,0.000000000,0.108070504
0.0938,0.028968884,0.0765,0.08164937,0.079928727,0.047172014
0.2344,0.085616671,0.2208,0.100530893,0.250532535,0.050051551
0.3352,0.061119944,0.3293,0.092636496,0.340826817,0.091392868
0.3986,0.071173981,0.4192,0.025371861,0.414027395,0.063128501
0.3991,0.064284913,0.3901,0.020296879,0.394979814,0.045613632
0.425,0.060024586,0.3448,0.019232119,0.408278546,0.036761552
0.5339,0.057546325,0.4879,0.021271881,0.512214882,0.029774647
0.5171,0.061525788,0.466,0.077533394,0.470370353,0.057687619
0.5028,0.055358067,0.4587,0.177359134,0.494812767,0.084729839
0.4266,0.118819073,0.4236,0.233758807,0.432770274,0.182678189
0.3027,0.051605526,0.3152,0.311866999,0.301094230,0.169600170
0.1497,0.105943255,0.1748,0.283235431,0.168191977,0.186210597
0.0267,0.037954547,0.0387,0.288514227,0.037240609,0.156290892
0.0,0.037108772,0.0,0.35463053,0.000000000,0.209246106
0.0,0.022562111,0.0,0.444257498,0.000000000,0.191321745
0.0,0.268651187,0.0,0.364393473,0.000000000,0.341880082
0.0,0.113432653,0.0,0.443665802,0.000000000,0.261174977
0.0,0.297180057,0.0,0.413610876,0.000000000,0.356856619
0.0,0.40935269,0.0,0.370613366,0.000000000,0.374508977
0.0,0.234519765,0.0,0.441856444,0.000000000,0.340496534
0.0,0.212540716,0.0,0.345414847,0.000000000,0.292650301
0.0,0.078753203,0.0,0.187525496,0.000000000,0.151813176
0.0,0.089597307,0.0,0.128975868,0.000000000,0.078993386
0.0,0.110862322,0.0,0.135376155,0.000000000,0.114362013
0.0066,0.088026434,0.033,0.126856282,0.041595545,0.078377598
0.1643,0.104029715,0.2171,0.266648412,0.207048405,0.186265838
0.3256,0.056333922,0.349,0.218011528,0.331754554,0.173644227
0.4547,0.026894914,0.4265,0.10527622,0.453205390,0.000000000
0.5008,0.006566415,0.4642,0.090561599,0.502987150,0.056431736
0.5252,0.001554266,0.508,0.148375183,0.536037190,0.075141006
0.5246,0.013951137,0.5335,0.172796249,0.525632941,0.083037942
0.5286,0.022881504,0.5286,0.120987505,0.515985965,0.072380726
0.5154,0.04986918,0.5268,0.122592628,0.520276588,0.086584601
0.4331,0.063690074,0.4584,0.089337438,0.439328416,0.048032309
0.3071,0.030207729,0.3415,0.060998045,0.340729610,0.034749130
0.1464,0.128393963,0.1899,0.100894213,0.211775880,0.080036119
0.0363,0.100709587,0.0612,0.220247373,0.057723711,0.145233935
0.0,0.014513038,0.0,0.407056898,0.000000000,0.180902330
0.0,0.004787193,0.0,0.623156309,0.000000000,0.316759951
0.0,0.109053329,0.0,0.374405146,0.000000000,0.236647502
0.0,0.022365799,0.0,0.371025056,0.000000000,0.213265299
0.0,0.072080813,0.0,0.282497108,0.000000000,0.203155692
0.0,0.101804055,0.0,0.348217219,0.000000000,0.196735214
0.0,0.168863237,0.0,0.377185017,0.000000000,0.282825776
0.0,0.499806225,0.0,0.269711196,0.000000000,0.364783534
0.0,0.225349441,0.0,0.272990465,0.000000000,0.211916893
0.0,0.090544462,0.0,0.378215134,0.000000000,0.218464673
0.0,0.548235118,0.0,0.336334825,0.000000000,0.427589465
0.0615,0.258199215,0.0184,0.228975698,0.032267921,0.206096852
0.1816,0.218325838,0.185,0.189672738,0.163033253,0.199801042
0.3186,0.158655465,0.3329,0.198580265,0.328537487,0.187915642
0.4432,0.105145462,0.4105,0.208684117,0.429622339,0.110662151
0.4334,0.062885866,0.4216,0.221019894,0.429063400,0.105856196
0.4417,0.03117504,0.4549,0.235988259,0.456721129,0.118902157
0.4653,0.010942285,0.4653,0.253129065,0.485663614,0.108257522
0.4785,0.004178679,0.5339,0.272803605,0.516383550,0.130655910
0.4424,0.002008854,0.5021,0.294157416,0.472675543,0.144924964
0.4038,0.007370232,0.467,0.270102501,0.411552874,0.138095223
0.275,0.010254226,0.3331,0.259436578,0.276448980,0.127424310
0.1259,0.003394007,0.1703,0.132537156,0.163763361,0.067521032
0.0128,0.002661263,0.0439,0.126381904,0.035471113,0.085189617
0.0,0.06878379,0.0,0.312402636,0.000000000,0.164644808
0.0,0.054550659,0.0,0.356854379,0.000000000,0.208677138
0.0,0.052050184,0.0,0.299905568,0.000000000,0.156317190
0.0,0.062021859,0.0,0.217997044,0.000000000,0.134163517
0.0,0.069348894,0.0,0.173166543,0.000000000,0.090110703
0.0,0.111910738,0.0,0.14134872,0.000000000,0.156719096
0.0,0.095943481,0.0,0.112965181,0.000000000,0.064627807
0.0,0.113639891,0.0,0.182776108,0.000000000,0.115442560
0.0,0.090515204,0.0,0.340885401,0.000000000,0.188320078
0.0,0.005768371,0.0,0.561366796,0.000000000,0.245246730
0.0,0.004326268,0.0,0.532831788,0.000000000,0.236204194
0.0244,0.018189598,0.0064,0.349196464,0.000000000,0.153957829
0.1612,0.015189807,0.201,0.328261524,0.176755944,0.179711815
0.2826,0.013287334,0.3271,0.31219551,0.307791652,0.152216755
0.4098,0.013706244,0.3918,0.30152756,0.400938589,0.116154758
0.4915,0.020444827,0.4546,0.295787871,0.498536833,0.145312585
0.5294,0.035538867,0.4968,0.294949979,0.499460312,0.152865410
0.51,0.057279911,0.4935,0.299089581,0.515090972,0.176731119
0.6343,0.0,0.6583,0.258339882,0.655161610,0.124244088
0.4632,0.001327389,0.5201,0.248330519,0.492507330,0.091219573
0.341,0.024780901,0.4155,0.184443623,0.396213728,0.105546238
0.2327,0.035902314,0.2841,0.264046878,0.268467031,0.139915128
0.1225,0.022578696,0.1595,0.243451402,0.159625339,0.125159640
0.0432,0.014733805,0.0414,0.32474345,0.022219495,0.165047978
0.0,0.007492077,0.0,0.300365448,0.000000000,0.138810159
0.0,0.045484513,0.0,0.69153136,0.000000000,0.316492654
0.0,0.142919555,0.0,0.821759284,0.000000000,0.466648713
0.0,0.246317014,0.0,0.770377636,0.000000000,0.486055404
0.0,0.138689518,0.0,0.649565697,0.000000000,0.358023363
0.0,0.108802505,0.0,0.642557919,0.000000000,0.355164637
0.0,0.048519075,0.0,0.554622412,0.000000000,0.283406989
0.0,0.050109562,0.0,0.506420374,0.000000000,0.267554331
0.0,0.039584052,0.0,0.451454103,0.000000000,0.226808823
0.0,0.017524129,0.0,0.412500948,0.000000000,0.166525227
0.0464,0.010153767,0.0091,0.352001578,0.036632076,0.192872981
0.1035,0.012420705,0.1225,0.340065747,0.103345118,0.210442820
0.2664,0.0,0.2873,0.073422953,0.284093606,0.019577239
0.4112,2.86e-5,0.4241,0.032108564,0.419238827,0.000000000
0.5047,0.00340222,0.5213,0.122271009,0.505281594,0.047646892
0.5421,0.00238833,0.5502,0.106695965,0.537013076,0.016440880
0.5389,0.002340877,0.527,0.1579763,0.542421412,0.079423860
0.5425,0.016254757,0.558,0.167988762,0.530791137,0.109355924
0.5567,0.044550132,0.5624,0.223243356,0.579525751,0.157787109
0.561,0.128513008,0.5658,0.267719388,0.580645247,0.189592468
0.4936,0.255823791,0.4944,0.286864132,0.492862703,0.248773447
0.343,0.275023997,0.3734,0.227319032,0.346507056,0.217932285
0.1536,0.299163222,0.2074,0.305128455,0.159577197,0.267991581
0.0619,0.328098595,0.0927,0.268108368,0.069776552,0.253096141
0.0,0.451898903,0.0,0.304975748,0.000000000,0.346377691
0.0,0.418652683,0.0,0.428766012,0.000000000,0.424742641
0.0,0.520568132,0.0,0.540199041,0.000000000,0.513482513
0.0,0.537919641,0.0,0.594167233,0.000000000,0.562622677
0.0,0.468952566,0.0,0.619165778,0.000000000,0.496543031
0.0,0.518067956,0.0,0.522201419,0.000000000,0.491785311
0.0,0.687765837,0.0,0.490472913,0.000000000,0.572686031
0.0,0.711328745,0.0,0.449161708,0.000000000,0.551743912
0.0,0.817015767,0.0,0.475327849,0.000000000,0.568713081
0.0,0.916730881,0.0,0.388825983,0.000000000,0.612391805
0.08,0.780240059,0.0761,0.306768537,0.096310832,0.552048835
0.0962,0.490199894,0.1204,0.205111325,0.087920398,0.346987936
0.2692,0.031916842,0.2931,0.058619201,0.280613717,0.096674348
0.4479,0.0,0.4616,0.004739426,0.448464421,0.033622660
0.5826,0.0,0.5836,0.004817469,0.584687535,0.023610718
0.683,0.003602037,0.6775,0.044622004,0.692138696,0.048471158
0.6924,0.008759916,0.6925,0.087428428,0.696700925,0.067079207
0.6825,0.144058302,0.6905,0.093296498,0.686221265,0.085048001
0.6547,0.406045526,0.6762,0.031904854,0.685692651,0.223606299
0.5878,0.457589835,0.5897,0.031114295,0.572909178,0.236667861
0.4732,0.552905083,0.4958,0.056565344,0.485379018,0.250949303
0.3272,0.767144561,0.34,0.113027856,0.335914587,0.422478077
0.153,0.979010284,0.1756,0.251150817,0.208272060,0.587233369
0.0376,0.866155326,0.0739,0.376768082,0.046964439,0.605391155
0.0,0.534160316,0.0,0.656343281,0.000000000,0.594194348
0.0,0.402927607,0.0,0.82255578,0.000000000,0.597831546
0.0,0.504087806,0.0,0.835137606,0.000000000,0.673943922
0.0,0.558010459,0.0,0.884523988,0.000000000,0.674894751
0.0,0.720264733,0.0,0.855545521,0.000000000,0.775518066
0.0,0.219298735,0.0,0.885308266,0.000000000,0.552872304
0.0,0.158451974,0.0,0.934325874,0.000000000,0.499605370
0.0,0.298258722,0.0,0.90548861,0.000000000,0.583957237
0.0,0.450397819,0.0,0.873423874,0.000000000,0.622394140
0.0,0.234599099,0.0,0.934801877,0.000000000,0.535167509
0.0003,0.410587072,0.0,0.906266451,0.005079979,0.630616420
0.1183,0.546035469,0.1017,0.886363506,0.144223038,0.680067981
0.2276,0.695316792,0.2182,0.854235232,0.213838207,0.746361454
0.3245,0.834340334,0.2787,0.814765453,0.279786852,0.810646113
0.3045,0.92306143,0.2748,0.773284316,0.280010864,0.777247722
0.3433,0.95623517,0.3545,0.820491552,0.378676232,0.841776501
0.3785,0.959093571,0.3891,0.874905467,0.382800727,0.910725507
0.438,0.971156001,0.4407,0.9909724,0.448539924,0.953536329
0.364,0.987286747,0.3752,0.996236444,0.367583577,0.922388995
0.3523,1.0,0.3413,0.981072664,0.337045502,0.927334751
0.2649,0.994086385,0.2711,0.981270671,0.268358324,0.939783971
0.1739,0.916867077,0.1633,0.980529904,0.160760590,0.894986243
0.068,0.896740079,0.0955,0.883206904,0.084425787,0.845450209
0.0032,0.78333503,0.0068,0.835964799,0.009938684,0.795648267
0.0,0.786011815,0.0,0.782323241,0.000000000,0.751497401
0.0,0.582567692,0.0,0.690945089,0.000000000,0.566780871
0.0,0.81801784,0.0,0.677657366,0.000000000,0.721157030
0.0,0.760315537,0.0,0.601608753,0.000000000,0.646901873
0.0,0.485735118,0.0,0.522088647,0.000000000,0.499229983
0.0,0.519115031,0.0,0.441972673,0.000000000,0.446344260
0.0,0.563973665,0.0,0.457429349,0.000000000,0.484674706
0.0,0.409247786,0.0,0.459271848,0.000000000,0.394523405
0.0,0.178750813,0.0,0.383463413,0.000000000,0.251056864
0.0,0.189539716,0.0,0.358198643,0.000000000,0.283047051
0.0,0.106645718,0.0,0.291486204,0.000000000,0.194189486
0.0147,0.056643635,0.0111,0.236151069,0.000000000,0.136766215
0.0856,0.042929146,0.1055,0.33877486,0.072662650,0.225263445
0.1722,0.08702822,0.2396,0.126070455,0.204426491,0.089741957
0.2509,0.04526265,0.3134,0.068667322,0.293848767,0.041802786
0.3024,0.023637753,0.377,0.03598908,0.329402274,0.036535887
0.3723,0.011062475,0.3916,0.011880561,0.389799528,0.018432619
0.3725,0.008010314,0.3709,0.021662347,0.371106885,0.062550709
0.3379,0.00351899,0.3712,0.018161874,0.377150232,0.000000000
0.3128,0.003359569,0.3164,0.045069553,0.292955499,0.000000000
0.235,0.017455762,0.2211,0.090180144,0.235210444,0.072007580
0.1418,0.037046939,0.164,0.1824186,0.156360121,0.082897214
0.0599,0.008597679,0.0636,0.130638182,0.078049777,0.062686128
0.0025,0.000986268,0.0014,0.155680716,0.000000000,0.077777645
0.0,0.037310984,0.0,0.253019512,0.000000000,0.160073859
0.0,0.020054696,0.0,0.29439342,0.000000000,0.129034138
0.0,0.002000783,0.0,0.254454792,0.000000000,0.133511198
0.0,0.000897393,0.0,0.205670387,0.000000000,0.080805406
0.0,0.035232082,0.0,0.265921772,0.000000000,0.115069352
0.0,0.176428378,0.0,0.22784403,0.000000000,0.187167019
0.0,0.552137136,0.0,0.178639859,0.000000000,0.316450291
0.0,0.593575895,0.0,0.120070696,0.000000000,0.354734109
0.0,0.885067821,0.0,0.20789279,0.000000000,0.531262753
0.0,0.846963882,0.0,0.243271172,0.000000000,0.508606767
0.0,0.558673799,0.0,0.279233783,0.000000000,0.370427145
0.01,0.48018682,0.0355,0.402049631,0.033078727,0.442128615
0.1406,0.295538753,0.1854,0.450815886,0.161255465,0.348815155
0.2487,0.599142075,0.3056,0.403492451,0.292961233,0.504046325
0.373,0.716417968,0.4704,0.508038282,0.413821094,0.611087386
0.4494,0.981203675,0.5901,0.5630458,0.516606538,0.714784813
0.4989,0.932976186,0.5627,0.611705005,0.540874578,0.730846217
0.5063,0.965925276,0.5449,0.604499042,0.540270764,0.702967188
0.5298,0.992571414,0.5707,0.547061563,0.542970144,0.767936061
0.5309,0.995408654,0.5412,0.701082468,0.533231742,0.834424451
0.4408,0.997192323,0.4695,0.739235878,0.447913975,0.860077545
0.3139,0.998346925,0.3531,0.83405,0.305940015,0.897150358
0.1579,0.99641192,0.2015,0.879494369,0.204660394,0.890613992
0.0659,0.903582811,0.0997,0.90970856,0.092284679,0.889935958
0.0,0.780468822,0.0,0.875932813,0.000000000,0.810590861
0.0,0.944914758,0.0,0.709341764,0.000000000,0.807867707
0.0,0.886872709,0.0,0.590638459,0.000000000,0.709049741
0.0,0.765472412,0.0,0.58883214,0.000000000,0.640309944
0.0,0.799677789,0.0,0.610734165,0.000000000,0.654033135
0.0,0.804380536,0.0,0.614733875,0.000000000,0.656474735
0.0,0.631342769,0.0,0.569435418,0.000000000,0.596077423
0.0,0.720486164,0.0,0.473838985,0.000000000,0.554717092
0.0,0.816456854,0.0,0.583543897,0.000000000,0.649084191
0.0,0.625677884,0.0,0.591751456,0.000000000,0.549635855
0.1153,0.784640014,0.1323,0.597204685,0.129539248,0.604990828
0.0994,0.346143126,0.1358,0.641803265,0.142653165,0.450039653
0.2756,0.386752784,0.3081,0.758451939,0.297631448,0.540780630
0.4609,0.810616374,0.4821,0.760719538,0.470311865,0.743826625
0.5865,0.683313668,0.6095,0.764762938,0.591898541,0.666065756
0.6153,0.856145442,0.6333,0.710660517,0.617653044,0.739461721
0.5241,0.890915394,0.5641,0.713576317,0.536247174,0.757476453
0.517,0.931729436,0.5751,0.814677775,0.542206527,0.799055977
0.5234,0.920571148,0.6419,0.787749946,0.572453240,0.803937924
0.5164,0.69789654,0.6036,0.79707396,0.550875739,0.709172754
0.4389,0.867569983,0.5145,0.77260685,0.466550192,0.797805833
0.3264,0.891906142,0.3916,0.644304156,0.371054831,0.752914083
0.1549,0.875813246,0.2161,0.601211727,0.172079342,0.703195329
0.0725,0.843635261,0.1126,0.420138836,0.085475863,0.608540485
0.0,0.748836875,0.0,0.384770274,0.000000000,0.552638357
0.0,0.879656792,0.0,0.354753613,0.000000000,0.580506854
0.0,0.896986127,0.0,0.357472718,0.000000000,0.592029725
0.0,0.722170234,0.0,0.464510202,0.000000000,0.578649138
0.0,0.729108512,0.0,0.624791086,0.000000000,0.677105500
0.0,0.730243087,0.0,0.710043669,0.000000000,0.672630486
0.0,0.553626418,0.0,0.762717247,0.000000000,0.633390189
0.0,0.432665884,0.0,0.864646733,0.000000000,0.624474073
0.0,0.440661639,0.0,0.890951216,0.000000000,0.622047340
0.0,0.370062977,0.0,0.906659484,0.000000000,0.585838328
0.1439,0.545369148,0.1647,0.866220415,0.156947833,0.667824223
0.0999,0.482397079,0.1429,0.801424026,0.119405420,0.594755818
0.273,0.100532562,0.3044,0.459330022,0.295005929,0.248020521
0.4545,0.061952468,0.4736,0.288359672,0.470735651,0.206381648
0.5942,0.083180167,0.601,0.56370616,0.559883157,0.321185173
0.6924,0.143066883,0.6893,0.647783518,0.707071103,0.342104312
0.72,0.263261408,0.722,0.801656723,0.741354489,0.500972486
0.7196,0.311959773,0.7199,0.80436492,0.744935421,0.504082498
0.716,0.317829102,0.7163,0.826805115,0.709246148,0.507188257
0.6301,0.390054345,0.6451,0.740828633,0.638135949,0.513105881
0.504,0.377837986,0.5307,0.70243299,0.518914195,0.537902929
0.3413,0.443086803,0.385,0.453702301,0.357945180,0.407619807
0.1489,0.291826159,0.2054,0.266661108,0.183397101,0.259789184
0.0735,0.324041754,0.1014,0.194500744,0.072541236,0.246225111
0.0,0.414911747,0.0,0.185206711,0.000000000,0.258329534
0.0,0.556203365,0.0,0.158630908,0.000000000,0.311739445
0.0,0.813460767,0.0,0.190661386,0.000000000,0.486104363
0.0,0.687758923,0.0,0.165437758,0.000000000,0.420196355
0.0,0.64671874,0.0,0.279277682,0.000000000,0.448708247
0.0,0.518872917,0.0,0.40803802,0.000000000,0.428508082
0.0,0.235767365,0.0,0.489041209,0.000000000,0.336722709
0.0,0.059003338,0.0,0.498834133,0.000000000,0.213417464
0.0,0.031446222,0.0,0.489582181,0.000000000,0.263481012
0.0,0.125698119,0.0,0.503778577,0.000000000,0.280976980
0.0495,0.191374108,0.0184,0.591994524,0.022505727,0.348523879
0.1088,0.135133505,0.1142,0.621776283,0.099034909,0.359588867
0.215,0.074716635,0.2286,0.62677604,0.237618518,0.317155923
0.314,0.001091819,0.3597,0.312875092,0.341083145,0.127589656
0.4037,5.05e-5,0.4743,0.11167866,0.463131005,0.028223080
0.4935,0.00622577,0.5905,0.145566538,0.530219276,0.080444100
0.5497,0.110064708,0.6772,0.205575526,0.609740016,0.143439151
0.6028,0.21217072,0.6568,0.030734703,0.613242688,0.119194518
0.6675,0.456118405,0.6527,0.194839641,0.653907598,0.322852676
0.5725,0.36151585,0.5829,0.313330889,0.582796131,0.294794520
0.4333,0.420416325,0.4701,0.364800751,0.451981288,0.356364439
0.3056,0.610432029,0.3561,0.309675813,0.345428402,0.451357125
0.1615,0.406850636,0.2072,0.28003329,0.207030094,0.326056189
0.0703,0.897540033,0.0969,0.313162208,0.084749934,0.576411672
0.0,0.91047436,0.0,0.193745375,0.000000000,0.513950701
0.0,0.760952532,0.0,0.122658059,0.000000000,0.429959288
0.0,0.925911427,0.0,0.044277377,0.000000000,0.457593673
0.0,0.894701898,0.0,0.027137659,0.000000000,0.433835794
0.0,0.844014704,0.0,0.037081718,0.000000000,0.390997744
0.0,0.889629841,0.0,0.028145354,0.000000000,0.399902973
0.0,0.911478758,0.0,0.026687048,0.000000000,0.444137513
0.0,0.90429312,0.0,0.045300074,0.000000000,0.489776881
0.0,0.933805466,0.0,0.085520059,0.000000000,0.520596058
0.0,0.691581488,0.0,0.127922982,0.000000000,0.366876782
0.0,0.439968765,0.0,0.161266655,0.000000000,0.308704031
0.0825,0.56971103,0.0783,0.100241765,0.084484127,0.337304446
0.2082,0.262372345,0.2023,0.084521018,0.226805808,0.160755746
0.3309,0.01781223,0.3522,0.012488978,0.344612337,0.017372818
0.4573,0.011651794,0.4342,0.008727983,0.437194291,0.022312420
0.4965,0.05142523,0.4766,0.009843435,0.477171868,0.014860207
0.4893,0.234933957,0.4596,0.012780948,0.472551472,0.084004323
0.468,0.269241214,0.4479,0.042887859,0.489333197,0.118370869
0.4295,0.308216244,0.4338,0.160523087,0.436131096,0.237858152
0.4079,0.492160857,0.4112,0.159518525,0.396625738,0.296002624
0.3452,0.434786677,0.3684,0.225127652,0.354519377,0.327564459
0.2643,0.205275208,0.2748,0.28652221,0.280382740,0.230891732
0.1438,0.147605702,0.1397,0.380352437,0.142879557,0.251266129
0.0228,0.061660979,0.0223,0.473206997,0.000000000,0.256344374
0.0,0.021133337,0.0,0.701544046,0.000000000,0.317781529
0.0,0.042154603,0.0,0.475116074,0.000000000,0.225533284
0.0,0.086964674,0.0,0.28344661,0.000000000,0.173568002
0.0,0.254774988,0.0,0.426872909,0.000000000,0.324048475
0.0,0.34942171,0.0,0.502671778,0.000000000,0.424570474
0.0,0.29196167,0.0,0.528518975,0.000000000,0.436265301
0.0,0.434718728,0.0,0.532909513,0.000000000,0.466249731
0.0,0.544953108,0.0,0.531103134,0.000000000,0.522054293
0.0,0.402739882,0.0,0.450618774,0.000000000,0.401063431
0.0,0.265694559,0.0,0.400808573,0.000000000,0.312822687
0.0078,0.271681249,0.0014,0.320486605,0.005260775,0.261453040
0.121,0.345898747,0.0852,0.393584371,0.075708681,0.304218475
0.2329,0.269551188,0.2061,0.409064412,0.197494046,0.325352239
0.3461,0.422062159,0.2951,0.381627738,0.320212913,0.377142294
0.4434,0.565201998,0.3645,0.225584373,0.390962534,0.377815983
0.4744,0.833302319,0.3895,0.269298553,0.410891208,0.510984996
0.4548,0.874854088,0.3723,0.456370533,0.427266278,0.639377373
0.401,0.980396271,0.3623,0.63115871,0.375092688,0.793666227
0.3553,0.66045928,0.3359,0.68442595,0.325635314,0.640850455
0.3467,0.541325271,0.3835,0.802093744,0.360054979,0.683777518
0.3166,0.490410298,0.2429,0.769687712,0.279271392,0.607804726
0.2293,0.405053049,0.1303,0.838497758,0.189606993,0.571994200
0.0839,0.286999673,0.0098,0.856102705,0.022272622,0.541151184
0.002,0.217008129,0.001,0.856871247,0.011285872,0.496076536
0.0,0.123513862,0.0,0.77930069,0.000000000,0.420560880
0.0,0.039516836,0.0,0.774257421,0.000000000,0.358484953
0.0,0.05173675,0.0,0.700505197,0.000000000,0.330584100
0.0,0.040682856,0.0,0.622917593,0.000000000,0.285804567
0.0,0.05797955,0.0,0.445981741,0.000000000,0.223494161
0.0,0.012646789,0.0,0.475385308,0.000000000,0.234370557
0.0,0.034530938,0.0,0.351283848,0.000000000,0.186555201
0.0,0.076051399,0.0,0.28701365,0.000000000,0.166423466
0.0,0.035228528,0.0,0.325930238,0.000000000,0.179871315
0.0,0.018820198,0.0,0.313416541,0.000000000,0.168505715
0.0,0.002852182,0.0,0.219370127,0.000000000,0.127284247
0.0203,0.000193164,0.0079,0.264007479,0.011650214,0.118394121
0.1277,0.002148779,0.1093,0.341778219,0.128941490,0.196485319
0.1519,0.007277843,0.2011,0.232657045,0.168840237,0.099577197
0.2408,0.007993791,0.3287,0.220644414,0.279001398,0.085111578
0.4103,0.005597395,0.4937,0.228326619,0.430073988,0.144959745
0.3947,0.000278694,0.4051,0.249962687,0.412903423,0.096999697
0.4113,0.001278759,0.4479,0.294630557,0.412185282,0.137133732
0.4268,0.046346176,0.5024,0.435009688,0.457865799,0.245698472
0.4759,0.131557837,0.5042,0.534835398,0.490185932,0.348387636
0.4177,0.267515749,0.4513,0.485027254,0.438318889,0.371572757
0.3011,0.322509408,0.3717,0.371858001,0.305752191,0.320404648
0.1519,0.250873864,0.1946,0.454755306,0.169596861,0.323250985
0.0629,0.326118022,0.0958,0.431485951,0.065067429,0.339517915
0.0,0.556509852,0.0,0.381188035,0.000000000,0.468467362
0.0,0.7263484,0.0,0.264171302,0.000000000,0.440494439
0.0,0.575021565,0.0,0.118224435,0.000000000,0.325455371
0.0,0.781500399,0.0,0.135651886,0.000000000,0.419139066
0.0,0.822874248,0.0,0.251149178,0.000000000,0.514733913
0.0,0.913995326,0.0,0.233627915,0.000000000,0.546888806
0.0,0.991277099,0.0,0.334355146,0.000000000,0.595681266
0.0,0.999656141,0.0,0.423667073,0.000000000,0.657736038
0.0,1.0,0.0,0.541200876,0.000000000,0.717182774
0.0,0.998488963,0.0,0.704652429,0.000000000,0.824350636
0.0655,1.0,0.0876,0.81027323,0.092203738,0.887501812
0.1207,0.857438207,0.1365,0.924233258,0.104952215,0.894456669
0.2508,0.874512911,0.2938,0.937140346,0.280209028,0.886825316
0.4298,0.904477656,0.4662,0.98005265,0.444676527,0.896374481
0.5837,0.876388371,0.6014,0.991016746,0.592908670,0.873679658
0.6924,0.377057523,0.6941,0.952554226,0.694372901,0.616370256
0.7224,0.391678184,0.7264,0.915747762,0.742321795,0.626845490
0.7193,0.352144361,0.7241,0.849409342,0.716432067,0.543533972
0.713,0.238107786,0.7211,0.763644814,0.715660880,0.499791298
0.629,0.194672585,0.6509,0.86974442,0.614164274,0.505886042
0.5021,0.188734755,0.5351,0.754380822,0.501506396,0.478087795
0.3394,0.180827931,0.3904,0.666396976,0.364424379,0.372661619
0.1538,0.177002564,0.2148,0.586677849,0.186071512,0.358702160
0.0874,0.197509423,0.1168,0.558259547,0.112872234,0.369452348
0.0,0.19805795,0.0,0.454772532,0.000000000,0.297844527
0.0,0.372504592,0.0,0.345326543,0.000000000,0.315899657
0.0,0.483164936,0.0,0.390782446,0.000000000,0.456364652
0.0,0.590775192,0.0,0.382200956,0.000000000,0.437451065
0.0,0.861515999,0.0,0.451947719,0.000000000,0.668447512
0.0,0.94478178,0.0,0.52812326,0.000000000,0.690461555
0.0,0.802502394,0.0,0.646528125,0.000000000,0.676885378
0.0,0.762090623,0.0,0.636443138,0.000000000,0.681600907
0.0,0.543957233,0.0,0.63838315,0.000000000,0.560837770
0.0,0.197991416,0.0,0.611595929,0.000000000,0.387027318
0.1456,0.587909341,0.1737,0.511119843,0.158386449,0.491203788
0.1055,0.397725999,0.1423,0.32858789,0.129826140,0.313987124
0.2666,0.161050498,0.298,0.109039932,0.265084376,0.095884703
0.4338,0.024184516,0.4572,0.064888366,0.433048347,0.034914766
0.5573,5.58e-5,0.5676,0.067223519,0.587336838,0.013102158
0.6376,0.004360386,0.6456,0.140771076,0.652169545,0.087152858
0.6613,0.061291423,0.6885,0.125361189,0.656618859,0.064419111
0.6631,0.112109691,0.6972,0.134186745,0.684878057,0.152150727
0.6473,0.168797493,0.6911,0.219075739,0.651482554,0.209916438
0.5858,0.068475597,0.6217,0.271732807,0.588716396,0.205184343
0.4687,0.05623997,0.516,0.373480558,0.496662749,0.220253041
0.3282,0.196977526,0.3821,0.420947373,0.347009745,0.271453924
0.1581,0.145310938,0.2116,0.399564266,0.189413058,0.215015350
0.0825,0.08117944,0.1134,0.412721992,0.099362866,0.219280418
0.0,0.395142466,0.0,0.479608476,0.000000000,0.422961515
0.0,0.576718569,0.0,0.468876302,0.000000000,0.517698459
0.0,0.496503055,0.0,0.375555575,0.000000000,0.402328529
0.0,0.311145484,0.0,0.430018127,0.000000000,0.355684354
0.0,0.279244363,0.0,0.408354908,0.000000000,0.367942707
0.0,0.238546878,0.0,0.389663666,0.000000000,0.302092592
0.0,0.265967458,0.0,0.425297827,0.000000000,0.330410212
0.0,0.106788628,0.0,0.461385787,0.000000000,0.278406768
0.0,0.08154732,0.0,0.407570779,0.000000000,0.239058624
0.0,0.541567147,0.0,0.39393121,0.000000000,0.416888648
0.1377,0.602012873,0.1525,0.481090069,0.131825474,0.516767820
0.1,0.42094329,0.1393,0.414643407,0.113006107,0.380868390
0.2653,0.024047125,0.2971,0.160416484,0.308628298,0.090478040
0.4367,0.000509609,0.4571,0.008760532,0.423119711,0.000000000
0.5673,0.00273765,0.5769,0.005185987,0.552668010,0.022826969
0.6662,0.000276542,0.6647,0.008383668,0.667100753,0.027748140
0.692,0.000615481,0.6898,0.043350302,0.692639848,0.018258457
0.6929,0.041605111,0.6909,0.055970885,0.679187044,0.028107146
0.6872,0.019711893,0.6833,0.103029042,0.664548143,0.071364882
0.6049,0.007141376,0.6168,0.19579801,0.601852964,0.078949690
0.4851,0.024200801,0.5115,0.252473205,0.485372890,0.172623277
0.3326,0.067909464,0.3766,0.292085052,0.353703343,0.183426384
0.1486,0.101461813,0.2038,0.318196505,0.162977956,0.222380744
0.0793,0.117638834,0.1054,0.249658018,0.091097812,0.179982665
0.0,0.241314113,0.0,0.265596956,0.000000000,0.241800979
0.0,0.276252449,0.0,0.336648703,0.000000000,0.257982090
0.0,0.316608757,0.0,0.307750463,0.000000000,0.286184903
0.0,0.316823721,0.0,0.352189392,0.000000000,0.323333372
0.0,0.393531919,0.0,0.336882114,0.000000000,0.348247702
0.0,0.462306619,0.0,0.259165049,0.000000000,0.329569963
0.0,0.378718853,0.0,0.250301301,0.000000000,0.287851602
0.0,0.241549402,0.0,0.358863771,0.000000000,0.300851872
0.0,0.351319104,0.0,0.332545698,0.000000000,0.337473883
0.0,0.448488265,0.0,0.267654657,0.000000000,0.326498768
0.0891,0.370012134,0.1198,0.191739872,0.109706721,0.230812706
0.1098,0.051599134,0.1413,0.151774481,0.124601728,0.140760463
0.2557,0.011911712,0.2912,0.045926228,0.249689032,0.017702224
0.4128,1.8e-5,0.4455,0.005181845,0.416141746,0.002258058
0.5425,2.58e-5,0.5601,0.016048297,0.573809230,0.000000000
0.6428,0.00863152,0.6446,0.017921593,0.626554451,0.002364918
0.6633,0.024309885,0.651,0.042512566,0.645311012,0.075022391
0.6577,0.069976583,0.6554,0.030727932,0.656678695,0.029881937
0.6463,0.191727817,0.6337,0.091852367,0.627591274,0.139136851
0.5752,0.294740021,0.5998,0.198805764,0.576830446,0.258048259
0.462,0.356500685,0.4987,0.428083569,0.476050791,0.388341385
0.3197,0.649786055,0.3604,0.449233025,0.324109809,0.495139319
0.1594,0.734186053,0.2071,0.627118468,0.177030006,0.637576398
0.0775,0.37502557,0.1021,0.743794084,0.082092035,0.501130051
0.0,0.266916722,0.0,0.917536378,0.000000000,0.570963971
0.0,0.500507832,0.0,0.935731173,0.000000000,0.674340117
0.0,0.625470519,0.0,0.888777912,0.000000000,0.717385291
0.0,0.27575326,0.0,0.85444212,0.000000000,0.552480839
0.0,0.23257494,0.0,0.919506133,0.000000000,0.555208310
0.0,0.243426248,0.0,0.904995143,0.000000000,0.568607650
0.0,0.242995322,0.0,0.775390148,0.000000000,0.479063655
0.0,0.327035606,0.0,0.745738447,0.000000000,0.457189833
0.0,0.419548184,0.0,0.828975022,0.000000000,0.611745878
0.0,0.568132997,0.0,0.760749817,0.000000000,0.632596384
0.0591,0.456603318,0.0238,0.671424627,0.064012913,0.528700440
0.1027,0.153531626,0.1141,0.565192163,0.121708256,0.349112416
0.241,0.135696828,0.2446,0.335681379,0.259672728,0.232412461
0.3745,0.065468155,0.3769,0.328434676,0.384118019,0.227686332
0.4822,0.071466975,0.4779,0.485953808,0.486811569,0.281916532
0.5138,0.035836052,0.5184,0.583789468,0.509573982,0.305898644
0.5102,0.057364896,0.5128,0.600575745,0.511892565,0.329170359
0.5122,0.066013575,0.4976,0.739317179,0.511280457,0.390641061
0.4765,0.164272979,0.4525,0.612818062,0.461547456,0.372455862
0.4441,0.413717777,0.4297,0.699052155,0.394907618,0.548223925
0.3548,0.43738243,0.3421,0.815349817,0.367669828,0.621293519
0.2592,0.304690957,0.2427,0.828662395,0.280657991,0.517158199
0.1488,0.120182425,0.0953,0.864361405,0.117873069,0.483709221
0.0308,0.335924417,0.008,0.807240486,0.034489149,0.546472269
0.0,0.130231023,0.0,0.815143585,0.000000000,0.439834124
0.0,0.000935106,0.0,0.071613923,0.000000000,0.004959086
0.0,0.242175356,0.0,0.564379334,0.000000000,0.368450121
0.0,0.175084844,0.0,0.513740063,0.000000000,0.351461138
0.0,0.270066261,0.0,0.496676564,0.000000000,0.363586047
0.0,0.345055819,0.0,0.344935685,0.000000000,0.346785361
0.0,0.375122994,0.0,0.245320454,0.000000000,0.273046935
0.0,0.321881682,0.0,0.283006907,0.000000000,0.256137016
0.0,0.290718645,0.0,0.277928799,0.000000000,0.273266102
0.0,0.285740972,0.0,0.216074139,0.000000000,0.211039096
0.0,0.275949091,0.0,0.193668038,0.000000000,0.206981641
0.0582,0.118105657,0.0345,0.097166792,0.067833859,0.116390728
0.1711,0.245885074,0.1701,0.096507996,0.159383887,0.202427281
0.2655,0.278495699,0.3071,0.116511032,0.283475790,0.169770823
0.3221,0.234589428,0.3757,0.061668355,0.340320296,0.166472602
0.3596,0.198746011,0.4154,0.048802514,0.390249435,0.157068235
0.3832,0.148561239,0.4546,0.071129531,0.402493386,0.116153207
0.3572,0.245118678,0.4483,0.134938046,0.413481324,0.157105789
0.3095,0.091001235,0.4287,0.149963602,0.377331203,0.123703235
0.3088,0.117032401,0.4109,0.117627785,0.375420842,0.123514838
0.269,0.212878972,0.3592,0.100726873,0.290417195,0.155870329
0.1935,0.32815662,0.2883,0.087379262,0.218412586,0.214572866
0.0948,0.058632214,0.1673,0.106068373,0.145087061,0.055723433
0.0166,0.076176144,0.0446,0.122628227,0.028822951,0.069451983
0.0,0.042524107,0.0,0.220995843,0.000000000,0.135247271
0.0,0.022035673,0.0,0.228670299,0.000000000,0.145173581
0.0,0.031880006,0.0,0.279616892,0.000000000,0.183606103
0.0,0.068542995,0.0,0.212726057,0.000000000,0.130901299
0.0,0.01043357,0.0,0.087019965,0.000000000,0.049155815
0.0,0.000379262,0.0,0.043329235,0.000000000,0.000084487
0.0,4.22e-5,0.0,0.064806454,0.000000000,0.062427310
0.0,0.00096238,0.0,0.074252665,0.000000000,0.047871592
0.0,0.006140336,0.0,0.073411986,0.000000000,0.056684032
0.0,0.000176214,0.0,0.057212248,0.000000000,0.008187939
0.0234,0.00478695,0.0156,0.059363514,0.011493725,0.064963791
0.0965,0.003498926,0.12,0.05735049,0.112060072,0.002691465
0.1994,0.0,0.239,0.062550843,0.204451956,0.041953846
0.3784,0.0,0.3948,0.039995071,0.420262379,0.035948466
0.4894,0.0,0.4799,0.064560078,0.497897996,0.012959708
0.5499,0.0,0.5376,0.080106787,0.533631889,0.044646574
0.5594,7.53e-6,0.5505,0.1224906,0.548272026,0.056374251
0.5474,0.002907261,0.5396,0.174258381,0.556758651,0.079705480
0.5285,0.028743783,0.5043,0.210092023,0.498670809,0.111013467
0.491,0.048778936,0.4487,0.194379747,0.497373162,0.096111242
0.4144,0.068387553,0.4276,0.157068133,0.425888411,0.107266499
0.2826,0.017793536,0.3154,0.20268485,0.282421524,0.111128369
0.1494,0.028155876,0.1903,0.20244047,0.170766812,0.114500576
0.0658,0.007636398,0.0565,0.312151253,0.073533588,0.152908142
0.0,0.056259312,0.0,0.302755594,0.000000000,0.149352194
0.0,0.173777133,0.0,0.462825298,0.000000000,0.312708251
0.0,0.140292421,0.0,0.448182106,0.000000000,0.266767374
0.0,0.117787331,0.0,0.326066405,0.000000000,0.181072901
0.0,0.060551696,0.0,0.273384869,0.000000000,0.152670839
0.0,0.008954635,0.0,0.166334167,0.000000000,0.044079086
0.0,3.52e-5,0.0,0.139910489,0.000000000,0.073308968
0.0,0.010338285,0.0,0.151829898,0.000000000,0.052669196
0.0,0.000245371,0.0,0.31103003,0.000000000,0.130591270
0.0,0.004288086,0.0,0.196894228,0.000000000,0.139408840
0.0298,0.007012418,0.0078,0.152606115,0.000000000,0.084064274
0.1007,0.031757198,0.1126,0.242576361,0.135931294,0.152966495
0.2348,0.05991846,0.2539,0.27799055,0.255673927,0.179644735
0.3877,0.026519999,0.3807,0.21217832,0.364173018,0.108981124
0.4973,0.042636495,0.4984,0.217831299,0.510817023,0.129524856
0.5721,0.133638188,0.5364,0.2865628,0.526553449,0.180831791
0.5828,0.226642102,0.5507,0.303778678,0.598977225,0.247887744
0.5848,0.506121755,0.5586,0.549796522,0.591220227,0.540961662
0.5786,0.472669721,0.5368,0.694656372,0.572615810,0.530809113
0.5307,0.670481324,0.5046,0.863542378,0.506655121,0.735631106
0.4368,0.58980298,0.4322,0.897834301,0.442672738,0.719751623
0.3052,0.335111022,0.2895,0.740322232,0.283457360,0.524089540
0.1539,0.484965205,0.139,0.781108618,0.131077344,0.602084862
0.0575,0.183717415,0.0344,0.703098655,0.059220834,0.418929249
0.0,0.165811986,0.0,0.768867254,0.000000000,0.444642402
0.0,0.126315966,0.0,0.889663219,0.000000000,0.476354834
0.0,0.250408709,0.0,0.871385574,0.000000000,0.530757728
0.0,0.072479136,0.0,0.709388971,0.000000000,0.367566877
0.0,0.117565282,0.0,0.565045953,0.000000000,0.315661355
0.0,0.155604973,0.0,0.601728201,0.000000000,0.382035392
0.0,0.093684286,0.0,0.644877195,0.000000000,0.346551456
0.0,0.104687713,0.0,0.498206556,0.000000000,0.296072218
0.0,0.08506234,0.0,0.435467243,0.000000000,0.263334739
0.0,0.029061718,0.0,0.432057202,0.000000000,0.202844103
0.0049,0.015472491,0.0008,0.388930142,0.000000000,0.181824899
0.0941,0.034845442,0.0735,0.399361968,0.065305698,0.223076589
0.2171,0.039674755,0.1971,0.451880813,0.214659429,0.230500242
0.338,0.033386283,0.352,0.524320006,0.367964296,0.288870733
0.4496,0.044556201,0.4415,0.571890891,0.426425947,0.246717705
0.6574,0.054628227,0.6511,0.596215487,0.649735982,0.294184290
0.5304,0.033980265,0.5241,0.768402576,0.506871205,0.414707791
0.518,0.092461862,0.5291,0.791775703,0.518084229,0.437557693
0.5066,0.213491201,0.5035,0.884423018,0.506600883,0.528871453
0.4998,0.510708034,0.5097,0.91316551,0.504020323,0.650905428
0.4264,0.325402647,0.4509,0.736984015,0.457358488,0.483320178
0.2974,0.109231673,0.3258,0.692127228,0.327963077,0.416159593
0.1493,0.141412899,0.1867,0.710731685,0.157625592,0.399991100
0.0488,0.200787768,0.0732,0.789043844,0.064217357,0.462355494
0.0,0.165741012,0.0,0.924472332,0.000000000,0.509505386
0.0,0.262918055,0.0,0.916019917,0.000000000,0.601088124
0.0,0.114421457,0.0,0.851635754,0.000000000,0.488198302
0.0,0.190887183,0.0,0.871873558,0.000000000,0.544905536
0.0,0.310047299,0.0,0.914087117,0.000000000,0.606981183
0.0,0.328402042,0.0,0.884233534,0.000000000,0.569949362
0.0,0.291265547,0.0,0.872221887,0.000000000,0.546538814
0.0,0.258420199,0.0,0.93357408,0.000000000,0.541074494
0.0,0.565356612,0.0,0.887313366,0.000000000,0.653868324
0.0,0.474641234,0.0,0.78096199,0.000000000,0.594578080
0.026,0.477968991,0.0121,0.782534599,0.016483205,0.597974496
0.1018,0.283202529,0.13,0.694934189,0.138511461,0.461898872
0.2433,0.239412189,0.2585,0.271919072,0.268134991,0.225709280
0.3818,0.047368106,0.3965,0.228733465,0.373443684,0.109059918
0.4982,0.027056068,0.4937,0.212781668,0.468650219,0.112783743
0.5353,0.021032324,0.5335,0.18373698,0.508344576,0.078149779
0.5261,0.109893739,0.539,0.223260999,0.523704641,0.140237985
0.5122,0.105706513,0.5061,0.432626516,0.506629977,0.260590754
0.6212,0.035984442,0.6245,0.522690535,0.605118193,0.286189498
0.4165,0.038465872,0.3972,0.536614537,0.385773339,0.230806451
0.3874,0.073451944,0.3532,0.687559187,0.334319742,0.374542839
0.2828,0.063978247,0.2343,0.864756346,0.251501828,0.447340348
0.1567,0.242393762,0.1124,0.828817248,0.129189751,0.512410286
0.0604,0.310654491,0.0397,0.708692968,0.061711137,0.454100561
0.0018,0.112023175,0.0,0.637882829,0.000000000,0.364307230
0.0,0.101019211,0.0,0.662424624,0.000000000,0.374251959
0.0,0.275274158,0.0,0.800124586,0.000000000,0.507715607
0.0,0.541148543,0.0,0.946498871,0.000000000,0.686642270
0.0,0.774360359,0.0,0.903057754,0.000000000,0.799658426
0.0,0.821982026,0.0,0.777889729,0.000000000,0.790723593
0.0,0.700980961,0.0,0.685062408,0.000000000,0.636075819
0.0,0.801712751,0.0,0.609596014,0.000000000,0.704486876
0.0,0.915125668,0.0,0.588358879,0.000000000,0.713547492
0.0,0.810273886,0.0,0.558554649,0.000000000,0.668434319
0.0973,0.794160008,0.0752,0.358562648,0.076578342,0.539114304
0.1144,0.588351786,0.138,0.235403121,0.108865670,0.395560680
0.2496,0.165884137,0.2598,0.029943192,0.243043994,0.076560725
0.4063,0.007752342,0.4016,0.009476802,0.393882535,0.030962477
0.5217,0.002333932,0.5187,0.011556678,0.507290701,0.000000000
0.6837,0.004906158,0.6685,0.012224043,0.640221705,0.044448935
0.6141,0.001559391,0.5887,0.01315471,0.609850432,0.000000000
0.6254,0.003853343,0.5841,0.037996374,0.611625628,0.034376112
0.6295,0.020731987,0.5947,0.058600761,0.605225924,0.026930893
0.5713,0.044360351,0.5658,0.09110368,0.573206715,0.087199149
0.4664,0.129721001,0.4846,0.089997157,0.455627991,0.104423230
0.3225,0.218008369,0.357,0.13895978,0.299344114,0.178879737
0.1542,0.120932437,0.1974,0.187468827,0.163325260,0.095165569
0.0734,0.244646087,0.0874,0.197442487,0.079001420,0.219914975
0.0,0.349717855,0.0,0.254318297,0.000000000,0.292760848
0.0,0.435120702,0.0,0.163267761,0.000000000,0.268119944
0.0,0.385955334,0.0,0.198264539,0.000000000,0.300966251
0.0,0.351412594,0.0,0.22662738,0.000000000,0.254530887
0.0,0.596184611,0.0,0.269701362,0.000000000,0.389737319
0.0,0.50612253,0.0,0.229835019,0.000000000,0.340665815
0.0,0.439719141,0.0,0.217063636,0.000000000,0.293651643
0.0,0.396310747,0.0,0.248465046,0.000000000,0.343382375
0.0,0.252001613,0.0,0.197545037,0.000000000,0.185546003
0.0,0.164836094,0.0,0.129678369,0.000000000,0.147491204
0.0359,0.112762094,0.0118,0.108089983,0.006201278,0.085429386
0.1068,0.024541836,0.1206,0.092544615,0.084797578,0.076494517
0.2425,0.0,0.2677,0.089654177,0.275303178,0.041541029
0.3923,0.0,0.4168,0.036810409,0.401062217,0.015508859
0.5074,0.0,0.5283,0.035009407,0.522024700,0.017185311
0.6026,0.00021771,0.6076,0.052001424,0.588041492,0.016929668
0.6293,0.003627726,0.6221,0.024817154,0.598351067,0.033939552
0.6032,0.005180619,0.5993,0.058514994,0.594282573,0.020864841
0.5956,0.013858401,0.5694,0.113973111,0.574413098,0.043186746
0.5497,0.057711627,0.5184,0.315327376,0.515498976,0.166990661
0.4475,0.157608062,0.4624,0.538071632,0.431034635,0.319198309
0.3146,0.261276841,0.3444,0.446734548,0.305671858,0.326502825
0.1529,0.693738103,0.1995,0.437392622,0.171498011,0.519226516
0.0686,0.689512074,0.0905,0.397719204,0.054142646,0.483516989
0.0,0.092596047,0.0,0.457294881,0.000000000,0.288596658
0.0,0.396835536,0.0,0.474134833,0.000000000,0.431444566
0.0,0.573901832,0.0,0.518035173,0.000000000,0.547874585
0.0,0.473673373,0.0,0.50843513,0.000000000,0.483526284
0.0,0.372144997,0.0,0.524255514,0.000000000,0.417673838
0.0,0.335529357,0.0,0.510528386,0.000000000,0.377666652
0.0,0.577467382,0.0,0.53083837,0.000000000,0.499366632
0.0,0.420860052,0.0,0.582192302,0.000000000,0.479937289
0.0,0.336124241,0.0,0.591723561,0.000000000,0.413743947
0.0,0.35094744,0.0,0.551445305,0.000000000,0.419514388
0.0148,0.133149713,0.032,0.638430476,0.031426904,0.371993460
0.1044,0.175064206,0.1203,0.582797587,0.105320208,0.353788243
0.2411,0.033648532,0.2619,0.813307047,0.250740612,0.409837057
0.3853,0.043337997,0.4121,0.521340489,0.413255433,0.294477920
0.5037,0.054791007,0.5289,0.471013069,0.472539416,0.244559347
0.5908,0.100047372,0.6104,0.448969841,0.584661854,0.274060606
0.6139,0.154166386,0.6329,0.520724177,0.581297272,0.327531492
0.6184,0.256388754,0.6364,0.44078517,0.594603174,0.297392196
0.7381,0.643416405,0.7612,0.507802486,0.717497258,0.543267854
0.5381,0.996047556,0.568,0.509943187,0.536588882,0.707713421
0.4411,1.0,0.4747,0.507045448,0.451957736,0.696142051
0.2971,0.998457193,0.3364,0.521668434,0.315611308,0.749916443
0.1374,0.713982761,0.1676,0.463730127,0.140555803,0.566478666
0.0379,0.330301642,0.0514,0.530462623,0.045080711,0.352002208
0.0,0.11632435,0.0,0.4191145,0.000000000,0.258385711
0.0,0.509747505,0.0,0.532409072,0.000000000,0.476854722
0.0,0.14129746,0.0,0.664381504,0.000000000,0.358886789
0.0,0.294713587,0.0,0.465497375,0.000000000,0.389573036
0.0,0.061555017,0.0,0.496481001,0.000000000,0.253291979
0.0,0.046286587,0.0,0.457811028,0.000000000,0.279050686
0.0,0.059597321,0.0,0.441783726,0.000000000,0.268645030
0.0,0.192871124,0.0,0.31729871,0.000000000,0.225637604
0.0,0.137313008,0.0,0.286845267,0.000000000,0.211659068
0.0,0.221143961,0.0,0.260179728,0.000000000,0.232495126
0.002,0.159366176,0.0002,0.234225869,0.008143833,0.178776240
0.1075,0.068274453,0.1097,0.172188342,0.127609023,0.146361345
0.2007,0.007517537,0.2004,0.079142213,0.219687109,0.039930495
0.2846,0.0,0.2668,0.088604525,0.291145454,0.023432476
0.3183,0.0,0.3084,0.061846107,0.303130928,0.008157315
0.3736,0.0,0.4055,0.031597801,0.378560591,0.024125210
0.4224,0.000263174,0.4178,0.086812735,0.395153122,0.063992998
0.4295,0.034426995,0.422,0.141904697,0.444056957,0.085590996
0.4159,0.24553968,0.4159,0.242378294,0.409959021,0.209292016
0.3889,0.384792089,0.4302,0.188583374,0.381348954,0.276635844
0.3467,0.663590193,0.3795,0.13022162,0.351702027,0.411777845
0.2554,0.588318467,0.2824,0.059904188,0.259260434,0.344738354
0.1413,0.257833183,0.1668,0.060368076,0.143319152,0.146476907
0.0476,0.083281688,0.0622,0.046782158,0.071398048,0.068843674
0.0,0.014595712,0.0,0.069206029,0.000000000,0.033336980
0.0,0.007882358,0.0,0.093534067,0.000000000,0.028470279
0.0,0.014691974,0.0,0.10746412,0.000000000,0.026911987
0.0,0.006744284,0.0,0.0862986,0.000000000,0.045063233
0.0,0.035791069,0.0,0.182103068,0.000000000,0.108215785
0.0,0.213271976,0.0,0.293516517,0.000000000,0.229577638
0.0,0.26437673,0.0,0.364220798,0.000000000,0.296139022
0.0,0.313043445,0.0,0.343640327,0.000000000,0.297677437
0.0,0.272349954,0.0,0.302371711,0.000000000,0.263589871
0.0,0.323159635,0.0,0.306066602,0.000000000,0.331005177
0.1103,0.565906525,0.1317,0.245547831,0.108260499,0.397197108
0.0997,0.401118368,0.1367,0.234936729,0.112247517,0.314871256
0.2496,0.277439266,0.2754,0.112954035,0.245478876,0.211144462
0.4178,0.58269614,0.4423,0.16296953,0.441694344,0.317508033
0.5477,0.63700372,0.562,0.088945866,0.553957706,0.363187426
0.6433,0.556640267,0.6518,0.151284322,0.617922479,0.348263457
0.6742,0.46975401,0.6871,0.18208757,0.675990784,0.311642607
0.6652,0.353936702,0.6858,0.267670512,0.675356446,0.292880020
0.6442,0.626455665,0.6817,0.229674816,0.647582211,0.396648649
0.5684,0.684770346,0.6137,0.487391651,0.595095159,0.530505200
0.4627,0.873882055,0.5155,0.612965584,0.469090312,0.680897252
0.327,0.857548714,0.3831,0.573070645,0.339706304,0.658822865
0.1535,0.941248,0.2145,0.639036596,0.180947871,0.752282645
0.0846,0.892931879,0.1202,0.664374232,0.100907545,0.771823840
0.0126,0.441198021,0.0913,0.618510485,0.042688495,0.540119397
0.0,0.804124355,0.0,0.4344576,0.000000000,0.588154706
0.0,0.777744949,0.0,0.441963971,0.000000000,0.574045992
0.0,0.590156674,0.0,0.68214047,0.000000000,0.575161708
0.0,0.96927464,0.0,0.728384435,0.000000000,0.794721087
0.0,0.8942222,0.0,0.625393629,0.000000000,0.715726436
0.0,0.769201338,0.0,0.584530115,0.000000000,0.674803238
0.0,0.940108478,0.0,0.57994473,0.000000000,0.700151781
0.0,0.949091196,0.0,0.457303822,0.000000000,0.665329317
0.0,0.915408969,0.0,0.349484861,0.000000000,0.609208853
0.1307,0.538560987,0.1544,0.317550659,0.138189901,0.393251070
0.0992,0.390999079,0.1364,0.179443762,0.103210711,0.235941168
0.255,0.302547395,0.2872,0.036835283,0.269321722,0.155414534
0.4233,0.260403156,0.4403,0.088865213,0.434509211,0.159742410
0.5451,0.282947987,0.5542,0.207629979,0.538533569,0.210913117
0.6353,0.312752575,0.629,0.287046939,0.611121181,0.278316795
0.6692,0.230304271,0.6193,0.176580384,0.629689584,0.186726137
0.6538,0.26898095,0.5949,0.243876547,0.588125629,0.240015764
0.6225,0.463752359,0.5232,0.148128524,0.572015624,0.327212386
0.5084,0.57847029,0.4923,0.10957323,0.501217903,0.308174171
0.4208,0.692777276,0.386,0.142346725,0.391266643,0.383688980
0.2983,0.682074547,0.3085,0.092260435,0.315345877,0.384476075
0.1575,0.862738907,0.1726,0.142070442,0.125877719,0.465503992
0.0543,0.922656059,0.0611,0.156911165,0.029692744,0.517531209
0.0,0.752157927,0.0,0.406005561,0.000000000,0.546598364
0.0,0.963895619,0.0,0.502212048,0.000000000,0.707813113
0.0,0.919813931,0.0,0.667545199,0.000000000,0.751508002
0.0,0.977416396,0.0,0.734458208,0.000000000,0.805802450
0.0,0.973724425,0.0,0.622589409,0.000000000,0.799918756
0.0,0.959806979,0.0,0.474541962,0.000000000,0.706039231
0.0,0.910041988,0.0,0.528244257,0.000000000,0.677526751
0.0,0.9713552,0.0,0.511959076,0.000000000,0.686272703
0.0,0.979087889,0.0,0.447530746,0.000000000,0.710474794
0.0,0.732850432,0.0,0.499830842,0.000000000,0.609821997
0.0,0.739898324,0.0,0.631701827,0.000000000,0.656143659
0.0048,0.500873685,0.0041,0.866946459,0.003136092,0.680149266
0.0888,0.508430839,0.0463,0.73164165,0.079899293,0.613597116
0.2405,0.820336461,0.1303,0.8377406,0.211175920,0.782904121
0.2647,0.782557905,0.1874,0.968217731,0.213093017,0.846344027
0.2777,0.858328044,0.3219,0.939576149,0.275139232,0.871050254
0.3175,0.692649126,0.3042,0.970417738,0.288089153,0.756105772
0.3554,0.306432724,0.3373,0.918820441,0.357118035,0.590703618
0.2982,0.100512467,0.3776,0.931849837,0.338394384,0.504740365
0.314,0.041830737,0.3655,0.940094709,0.334827705,0.475277148
0.2613,0.02653528,0.3401,0.95653373,0.289921891,0.447673410
0.1802,0.020282567,0.2625,0.912214875,0.200795857,0.417162304
0.1035,0.019815017,0.1827,0.874296904,0.122339692,0.422368407
0.0223,0.015476249,0.093,0.848937809,0.068326491,0.414038459
0.0,0.025032993,0.0002,0.80391109,0.000000000,0.398308401
0.0,0.026088623,0.0,0.83641398,0.000000000,0.410924671
0.0,0.053992137,0.0,0.846183717,0.000000000,0.422424674
0.0,0.560624301,0.0,0.799011707,0.000000000,0.646817495
0.0,0.400855303,0.0,0.786200643,0.000000000,0.592139006
0.0,0.321068406,0.0,0.745000541,0.000000000,0.522953991
0.0,0.344112098,0.0,0.712076902,0.000000000,0.509226222
0.0,0.415599406,0.0,0.679818273,0.000000000,0.562708593
0.0,0.302300781,0.0,0.604158163,0.000000000,0.413263532
0.0,0.302801818,0.0,0.565170586,0.000000000,0.396699966
0.0963,0.271998793,0.1652,0.62794584,0.134865385,0.406322587
0.1022,0.099373236,0.1401,0.60185504,0.125914108,0.352960456
0.2495,0.059438132,0.2895,0.585758686,0.274356510,0.326068358
0.4041,0.085320905,0.4498,0.696343899,0.418093762,0.361696581
0.5273,0.156296745,0.5659,0.757189631,0.551350411,0.438480251
0.6181,0.112095825,0.6481,0.745989442,0.584245318,0.442139511
0.6383,0.10100577,0.6623,0.734806955,0.635787074,0.393137454
0.6196,0.130413011,0.6073,0.607833207,0.624935516,0.367695217
0.5846,0.041272134,0.5796,0.497339547,0.561017195,0.239823878
0.5465,0.080067798,0.501,0.533300281,0.488990894,0.280349328
0.4383,0.240012556,0.371,0.547667027,0.391437483,0.351335545
0.3035,0.069805428,0.2636,0.582713604,0.271093287,0.317509443
0.1541,0.058023103,0.1696,0.61093533,0.136627449,0.311115312
0.0422,0.10852275,0.075,0.64838022,0.065802016,0.360914442
0.0,0.13149038,0.0006,0.589290977,0.007698826,0.348290722
0.0,0.225687385,0.0,0.642914534,0.000000000,0.406480396
0.0,0.388284713,0.0,0.709480762,0.000000000,0.537905439
0.0,0.288683116,0.0,0.828477383,0.000000000,0.520013515
0.0,0.169994295,0.0,0.836599708,0.000000000,0.482645660
0.0,0.097527966,0.0,0.814444363,0.000000000,0.464155913
0.0,0.08142294,0.0,0.74986726,0.000000000,0.399096314
0.0,0.090510286,0.0,0.756672978,0.000000000,0.405317347
0.0,0.083085209,0.0,0.810284019,0.000000000,0.431093852
0.0,0.157645449,0.0,0.862936258,0.000000000,0.488295310
0.037,0.139673591,0.0449,0.880915284,0.039504556,0.507611013
0.0888,0.056160308,0.1338,0.940724015,0.092289378,0.462247937
0.2116,0.018709628,0.2638,0.860641241,0.229902781,0.419414596
0.3092,0.41582638,0.3827,0.852280736,0.349581862,0.578437279
0.3972,0.792123079,0.4632,0.853986025,0.419365217,0.805555276
0.4405,0.510253847,0.4917,0.851463377,0.434806236,0.619655267
0.4781,0.560122728,0.5261,0.893614471,0.489436632,0.675365353
0.5043,0.672975481,0.5423,0.75608778,0.489844099,0.672323865
0.4636,0.64916873,0.5338,0.616463423,0.493019701,0.589237254
0.4099,0.570341051,0.4952,0.635292292,0.433528420,0.602691261
0.3449,0.615030766,0.4282,0.572056532,0.383800714,0.545135486
0.2532,0.677582085,0.3241,0.472822785,0.276023317,0.537600766
0.1406,0.832187772,0.1906,0.457740575,0.169478517,0.605692822
0.0262,0.653441906,0.0738,0.453104764,0.051850578,0.545297262
0.0,0.341995627,0.0,0.345979661,0.000000000,0.307376126
0.0,0.581668198,0.0,0.438432783,0.000000000,0.497845207
0.0,0.34516561,0.0,0.52241075,0.000000000,0.462187047
0.0,0.267816097,0.0,0.593969762,0.000000000,0.392239121
0.0,0.443960428,0.0,0.533901632,0.000000000,0.477247282
0.0,0.632405758,0.0,0.546648681,0.000000000,0.565512441
0.0,0.507775664,0.0,0.599414408,0.000000000,0.547916778
0.0,0.448591948,0.0,0.524507523,0.000000000,0.449945712
0.0,0.570345581,0.0,0.623986125,0.000000000,0.577255341
0.0,0.486665815,0.0,0.598479927,0.000000000,0.485024245
0.0476,0.3174043,0.1079,0.598679245,0.081956642,0.443877426
0.1306,0.147287667,0.1604,0.584862709,0.145636593,0.343637317
0.2459,0.042292546,0.2594,0.365526319,0.248115867,0.181014758
0.3497,0.13928318,0.362,0.680097938,0.355827513,0.398411939
0.4365,0.116768688,0.4785,0.668012977,0.449334378,0.388874713
0.4947,0.323526323,0.5287,0.579514861,0.482562671,0.401788621
0.4811,0.374864936,0.5346,0.568216741,0.513672727,0.438923109
0.4833,0.239087999,0.491,0.607722163,0.444055728,0.385916992
0.5991,0.160967872,0.606,0.608702421,0.611569066,0.351684882
0.5007,0.259420633,0.5281,0.6631549,0.473560427,0.431911541
0.4215,0.17646119,0.4547,0.666192889,0.434221312,0.383456899
0.3054,0.170048535,0.339,0.426600128,0.335066950,0.284918245
0.1696,0.009064877,0.2035,0.327078551,0.184280364,0.161799216
0.0767,0.004807596,0.0981,0.263570219,0.123209892,0.116028377
0.0025,0.010724803,0.0148,0.157842815,0.019305000,0.091562665
0.0,0.010153291,0.0,0.199054897,0.000000000,0.137032392
0.0,0.006465196,0.0,0.201599255,0.000000000,0.136666158
0.0,0.008591793,0.0,0.181194186,0.000000000,0.108347307
0.0,0.035846695,0.0,0.186058491,0.000000000,0.105560890
0.0,0.01711542,0.0,0.214021787,0.000000000,0.104055693
0.0,0.007934814,0.0,0.25967887,0.000000000,0.141961058
0.0,0.002103917,0.0,0.218170315,0.000000000,0.161316750
0.0,0.053712618,0.0,0.183544934,0.000000000,0.099841206
0.0,0.05756275,0.0,0.19786483,0.000000000,0.107730163
0.1241,0.004540667,0.1383,0.003703523,0.130188380,0.054254382
0.1222,0.0,0.1429,0.014695792,0.122253180,0.000000000
0.2512,0.0,0.2677,0.142866611,0.233987178,0.050889788
0.3878,0.0,0.3854,0.128255546,0.372039517,0.079030470
0.4871,0.0,0.4668,0.214519978,0.479835734,0.125654174
0.5537,0.006321272,0.5018,0.146683514,0.518019923,0.064721841
0.5492,0.007047143,0.5033,0.146559998,0.524240894,0.064880550
0.5536,0.014544066,0.5427,0.130989879,0.527653768,0.064467647
0.5461,0.006545129,0.5784,0.117516726,0.548804723,0.050557742
0.5098,0.023277665,0.528,0.10158594,0.483823179,0.081511670
0.4265,0.026524091,0.4384,0.063972786,0.432308048,0.079637540
0.3101,0.046904068,0.3373,0.057537321,0.300456974,0.068942674
0.1759,0.057291318,0.2155,0.029289462,0.171368991,0.042956276
0.0906,0.038426433,0.0932,0.049810875,0.109441630,0.031558273
0.0081,0.018014334,0.0058,0.049852908,0.000822636,0.027863382
0.0,0.013994863,0.0,0.121731348,0.000000000,0.094242025
0.0,0.028973341,0.0,0.152036801,0.000000000,0.083932422
0.0,0.009481954,0.0,0.165034249,0.000000000,0.078319282
0.0,0.005807774,0.0,0.10935685,0.000000000,0.036353111
0.0,0.008907974,0.0,0.056454122,0.000000000,0.050238873
0.0,0.004422473,0.0,0.031093773,0.000000000,0.030621930
0.0,0.001729675,0.0,0.030464698,0.000000000,0.000000000
0.0,0.000609619,0.0,0.038731869,0.000000000,0.012027248
0.0,0.000546983,0.0,0.030194066,0.000000000,0.012896759
0.06,0.000184846,0.0936,0.01451144,0.061693471,0.034748866
0.1215,0.001076665,0.1361,0.005403433,0.125580242,0.005211106
0.2508,0.001230243,0.2743,0.001306428,0.230985203,0.014877013
0.3959,0.0,0.4289,0.001793582,0.415040551,0.004351676
0.4885,0.0,0.5036,0.001122294,0.484847443,0.000000000
0.5839,0.000407621,0.6008,0.008589095,0.570054542,0.000000000
0.6002,0.011313511,0.6268,0.016553907,0.563986166,0.000000000
0.5814,0.053868286,0.6449,0.031117115,0.594594305,0.019321920
0.5694,0.091597453,0.6367,0.048976965,0.591124952,0.064509931
0.5128,0.080519408,0.5413,0.033799272,0.492416843,0.040409732
0.4113,0.067189418,0.4578,0.03341864,0.448225086,0.059966219
0.2989,0.040083602,0.3469,0.021186942,0.334864606,0.044277533
0.1584,0.020806827,0.1927,0.044395991,0.185868789,0.031331168
0.0753,0.009634342,0.0887,0.049342733,0.087462176,0.049285466
0.0051,0.051237151,0.0409,0.210462719,0.013605298,0.137613846
0.0,0.160259739,0.0,0.279009581,0.000000000,0.210002299
0.0,0.041418966,0.0,0.400994599,0.000000000,0.224055534
0.0,0.063408449,0.0,0.443590343,0.000000000,0.226994847
0.0,0.129543737,0.0,0.483303756,0.000000000,0.341051528
0.0,0.094713077,0.0,0.351290137,0.000000000,0.211011494
0.0,0.023442168,0.0,0.391168058,0.000000000,0.221534373
0.0,0.004088309,0.0,0.359340847,0.000000000,0.188478033
0.0,0.001392275,0.0,0.309286982,0.000000000,0.140202100
0.0,0.000396826,0.0,0.365908921,0.000000000,0.171382561
0.1173,0.000198432,0.1594,0.385375142,0.115911806,0.170916693
0.1091,0.094568282,0.1408,0.257543713,0.134949234,0.159905650
0.2543,0.063239977,0.2798,0.180677474,0.241897135,0.101830124
0.4103,0.005013379,0.4417,0.094536498,0.406325453,0.037178852
0.5368,0.00996952,0.5567,0.049915664,0.538227930,0.000000000
0.6338,0.054631084,0.6407,0.104734279,0.600453591,0.059983571
0.6642,0.087931298,0.669,0.110099003,0.626400409,0.122095321
0.6187,0.185013369,0.62,0.153844535,0.630923300,0.154657086
0.6035,0.111303464,0.5729,0.228911445,0.580045162,0.142112786
0.5322,0.267634392,0.5269,0.435670912,0.506540226,0.341797130
0.3911,0.597898066,0.45,0.49330464,0.412058524,0.490587003
0.2873,0.639086604,0.3316,0.333491832,0.328353469,0.458805400
0.1572,0.377754807,0.2115,0.216851026,0.177865323,0.259741863
0.0753,0.29969877,0.0873,0.204018638,0.094137028,0.217847884
0.0,0.59928298,0.0,0.150210738,0.000000000,0.344864078
0.0,0.634791017,0.0,0.208747044,0.000000000,0.422099024
0.0,0.436932206,0.0,0.138093486,0.000000000,0.278814976
0.0,0.472496331,0.0,0.183072329,0.000000000,0.293069639
0.0,0.528963506,0.0,0.27019611,0.000000000,0.369134297
0.0,0.845213175,0.0,0.261527508,0.000000000,0.532994544
0.0,0.775620699,0.0,0.43183136,0.000000000,0.582517927
0.0,0.913939059,0.0,0.574816763,0.000000000,0.717051994
0.0,0.81367439,0.0,0.710649729,0.000000000,0.699959725
0.0,0.767334878,0.0,0.661705613,0.000000000,0.635751401
0.1204,0.558653474,0.0374,0.633178711,0.066998737,0.547368496
0.1029,0.118551731,0.1252,0.471099049,0.125970183,0.275770385
0.2414,0.10359019,0.2235,0.475905776,0.226334162,0.276439085
0.3655,0.03248892,0.3201,0.617695153,0.325117494,0.316218771
0.4439,0.037821814,0.4008,0.621931672,0.423094348,0.297814210
0.5051,0.001000893,0.44,0.683114529,0.442125388,0.333182489
0.5225,0.004710303,0.4501,0.759271026,0.449120660,0.422973494
0.5304,0.099116199,0.4479,0.721056819,0.484281159,0.388101349
0.4989,0.084734373,0.4261,0.740873575,0.428953376,0.395246236
0.4838,0.04629115,0.4641,0.639338732,0.466794002,0.314841188
0.4305,0.057556406,0.4392,0.579895258,0.423937925,0.329304696
0.3179,0.15720284,0.3369,0.60471493,0.331540095,0.330034864
0.1632,0.286508739,0.183,0.560095072,0.172263103,0.375463036
0.082,0.113553435,0.0942,0.428095937,0.065028413,0.259520800
0.0162,0.028128216,0.0077,0.251454115,0.012227612,0.137111475
0.0,0.035332881,0.0,0.237433821,0.000000000,0.119428382
0.0,0.046850897,0.0,0.341713518,0.000000000,0.164359528
0.0,0.046135139,0.0,0.386300355,0.000000000,0.220693463
0.0,0.035557158,0.0,0.403133094,0.000000000,0.199276300
0.0,0.073900893,0.0,0.404099226,0.000000000,0.243269382
0.0,0.099516481,0.0,0.363667667,0.000000000,0.228544617
0.0,0.111981876,0.0,0.350839555,0.000000000,0.232848071
0.0,0.035248477,0.0,0.364381909,0.000000000,0.158580189
0.0,0.030522835,0.0,0.413970351,0.000000000,0.208272442
0.109,0.050227776,0.0677,0.402482331,0.098880532,0.194799125
0.0981,0.036223508,0.1287,0.320111603,0.106028003,0.181837962
0.2276,0.006066109,0.259,0.109989852,0.250431762,0.048409735
0.4068,0.0,0.4189,0.066159047,0.377819718,0.042724243
0.5303,0.0,0.5266,0.092075162,0.515864690,0.062127990
0.7236,0.0,0.7074,0.214149624,0.675302112,0.084182682
0.6557,0.00088492,0.6286,0.306252062,0.604939077,0.180675077
0.6538,0.006793105,0.6221,0.278290868,0.635128834,0.142809185
0.6461,0.030086147,0.611,0.163377777,0.584665440,0.097750679
0.5663,0.084888652,0.5649,0.140605763,0.539523241,0.085117099
0.4522,0.170863658,0.4731,0.098285958,0.448707198,0.155358374
0.3203,0.22004661,0.3513,0.108379349,0.332495514,0.165465685
0.1618,0.287057668,0.2051,0.171208769,0.161401292,0.228140765
0.0857,0.464647084,0.1072,0.210692823,0.097556692,0.320695736
0.0362,0.431260109,0.0002,0.240595758,0.038477196,0.267060239
0.0,0.429862708,0.0,0.401063263,0.000000000,0.376045546
0.0,0.006805271,0.0,0.005414513,0.000000000,0.000000000
0.0,0.284196377,0.0,0.472474217,0.000000000,0.336237913
0.0,0.2357205,0.0,0.36043483,0.000000000,0.298654122
0.0,0.255533934,0.0,0.371049285,0.000000000,0.334416688
0.0,0.157546759,0.0,0.49363941,0.000000000,0.309642545
0.0,0.199761152,0.0,0.41943267,0.000000000,0.287805040
0.0,0.195887998,0.0,0.531292915,0.000000000,0.332240933
0.0,0.206376255,0.0,0.592756748,0.000000000,0.403636536
0.0862,0.220516995,0.0741,0.609481633,0.066232144,0.413124479
0.1147,0.063040741,0.1331,0.483346254,0.133616850,0.231541739
0.2431,0.109704487,0.2546,0.374912441,0.243964675,0.198456472
0.3828,0.179136857,0.3673,0.332571357,0.335009646,0.257552514
0.492,0.200069875,0.4812,0.315493822,0.433751726,0.288289726
0.5487,0.356357276,0.5556,0.482944906,0.544201617,0.429777850
0.5534,0.50347507,0.5748,0.596071005,0.552045146,0.529274631
0.558,0.717685103,0.5721,0.662995458,0.537214296,0.671204653
0.5522,0.871921659,0.5592,0.620360613,0.530795438,0.729454781
0.5321,0.800152361,0.5415,0.672803819,0.531576849,0.708905221
0.4367,0.725072324,0.4812,0.770771027,0.435600625,0.689542426
0.315,0.708724082,0.3599,0.863388896,0.325960382,0.773798401
0.1671,0.657537103,0.207,0.812877953,0.170500577,0.689828529
0.0824,0.363562495,0.1017,0.831174731,0.079682699,0.569927281
0.0091,0.504807055,0.0396,0.849172294,0.035853513,0.641592500
0.0,0.408079177,0.0,0.785294414,0.000000000,0.599654542
0.0,0.531135499,0.0,0.757732749,0.000000000,0.633527067
0.0,0.233968467,0.0,0.876612186,0.000000000,0.539304189
0.0,0.317590177,0.0,0.811368525,0.000000000,0.516121859
0.0,0.431610733,0.0,0.694496393,0.000000000,0.525683386
0.0,0.574139476,0.0,0.712165236,0.000000000,0.606364983
0.0,0.5398283,0.0,0.687352419,0.000000000,0.579094396
0.0,0.201132476,0.0,0.659404457,0.000000000,0.412274793
0.0,0.107555799,0.0,0.697532237,0.000000000,0.355065727
0.0587,0.144015923,0.0126,0.66704905,0.035222966,0.423403557
0.1202,0.071583487,0.1019,0.370624304,0.119441634,0.216734148
0.2267,0.205921009,0.2045,0.198139548,0.214338271,0.213179029
0.3121,0.161220312,0.3112,0.115637213,0.305274936,0.145501349
0.3871,0.336054265,0.3663,0.137585416,0.357366171,0.258161346
0.4377,0.368090123,0.4167,0.213544935,0.430395528,0.285540978
0.4715,0.454866886,0.4684,0.296501637,0.457710573,0.343815477
0.481,0.460774302,0.4928,0.341858566,0.463059704,0.363984534
0.4752,0.431218863,0.4656,0.504923463,0.463436597,0.457240627
0.4683,0.424021393,0.3782,0.555706739,0.423416476,0.454254936
0.3812,0.402401239,0.3149,0.58567667,0.348703929,0.426115401
0.2652,0.201657325,0.2465,0.529349804,0.270084540,0.382548797
0.1535,0.31398356,0.1617,0.271917343,0.142445939,0.264983512
0.0289,0.642302394,0.0083,0.68558681,0.017750915,0.604211072
0.0,0.458561152,0.0,0.740724802,0.000000000,0.614050148
0.0,0.278454691,0.0,0.761210203,0.000000000,0.489178694
0.0,0.406244844,0.0,0.765236795,0.000000000,0.518775002
0.0,0.48908928,0.0,0.627387524,0.000000000,0.523537677
0.0,0.247558758,0.0,0.580875278,0.000000000,0.396253274
0.0,0.342755079,0.0,0.632006764,0.000000000,0.449223588
0.0,0.309545279,0.0,0.578805923,0.000000000,0.392946593
0.0,0.171430543,0.0,0.609469712,0.000000000,0.371824204
0.0,0.143114701,0.0,0.574605167,0.000000000,0.360171983
0.0,0.098292246,0.0,0.354392409,0.000000000,0.229858284
0.0,0.035499647,0.0,0.486296773,0.000000000,0.264105803
0.0152,0.059476066,0.001,0.380780578,0.007826724,0.212338079
0.0911,0.11565797,0.0361,0.511300564,0.048850172,0.297635497
0.1895,0.450230718,0.1556,0.576747477,0.168149488,0.486789667
0.2332,0.528750181,0.2229,0.583429992,0.216039782,0.573667507
0.2898,0.409164637,0.3207,0.519946456,0.297190320,0.427089847
0.3538,0.186176032,0.3915,0.605123937,0.349370754,0.377748255
0.3662,0.088073134,0.4183,0.509155095,0.352996489,0.296032937
0.3455,0.035387903,0.4072,0.443727702,0.349413353,0.238648400
0.2894,0.104915872,0.3946,0.44295612,0.343376021,0.261523676
0.2522,0.058641382,0.3199,0.410591662,0.300417361,0.216986852
0.177,0.102075763,0.2486,0.363248765,0.190517277,0.224780184
0.1159,0.119901411,0.1285,0.475088507,0.105287829,0.287433193
0.0529,0.0421708,0.068,0.527274489,0.048134120,0.239247026
0.048,0.026643943,0.0668,0.398225695,0.060201455,0.224806875
0.0,0.006000017,0.0,0.446907103,0.000000000,0.228926536
0.0,0.011312632,0.0,0.49304834,0.000000000,0.218385367
0.0,0.147607014,0.0,0.621403217,0.000000000,0.376427562
0.0,0.327344626,0.0,0.594646752,0.000000000,0.442445173
0.0,0.510582566,0.0,0.597996175,0.000000000,0.537252139
0.0,0.665729821,0.0,0.616550386,0.000000000,0.638038729
0.0,0.769778907,0.0,0.678454101,0.000000000,0.683476495
0.0,0.781615794,0.0,0.732066453,0.000000000,0.704115350
0.0,0.923156559,0.0,0.680707097,0.000000000,0.760103410
0.1017,0.872993588,0.1517,0.700340629,0.112099220,0.757741388
0.103,0.416936696,0.1317,0.468663871,0.126836627,0.398970377
0.2403,0.640715778,0.2659,0.308907151,0.241298678,0.447339873
0.3815,0.548123121,0.4216,0.433436096,0.363228125,0.503886947
0.4815,0.678181589,0.4981,0.668577075,0.479374916,0.662645067
0.5593,0.523655593,0.5462,0.600421906,0.544883402,0.490347278
0.6001,0.422979057,0.5636,0.4817487,0.564722286,0.433034324
0.6257,0.440276533,0.584,0.500855207,0.567306022,0.430978322
0.6342,0.288656324,0.5905,0.445044398,0.614898308,0.318304530
0.5798,0.088861234,0.5736,0.536001384,0.550674957,0.290348372
0.4757,0.048434187,0.4946,0.585669577,0.452829110,0.314030659
0.3352,0.015997954,0.3746,0.476768315,0.316216473,0.230148350
0.1595,0.02092329,0.2176,0.462205201,0.175339298,0.250712368
0.0851,0.016852297,0.1172,0.34112674,0.098031227,0.167302238
0.1883,0.024710625,0.1645,0.224550784,0.167396560,0.102767155
0.0,0.056830518,0.0,0.50530684,0.000000000,0.283530783
0.0,0.067118898,0.0,0.625415683,0.000000000,0.316482126
0.0,0.083863556,0.0,0.80799073,0.000000000,0.429759521
0.0,0.224713877,0.0,0.827878237,0.000000000,0.494706236
0.0,0.295715094,0.0,0.795009732,0.000000000,0.515518559
0.0,0.475750923,0.0,0.806117177,0.000000000,0.573901425
0.0,0.429904968,0.0,0.751525283,0.000000000,0.547281579
0.0,0.133806333,0.0,0.688379347,0.000000000,0.401933422
0.0,0.097172618,0.0,0.590809584,0.000000000,0.387131477
0.187,0.178564966,0.1914,0.440276444,0.179696314,0.292397990
0.093,0.15810056,0.1356,0.206560731,0.114904223,0.175280795
0.2452,0.085907668,0.2812,0.076066189,0.252330183,0.080892970
0.4187,0.136811152,0.4427,0.052358244,0.412469923,0.120094865
0.5509,0.16231443,0.564,0.072258621,0.553357199,0.114891783
0.6487,0.265915275,0.6528,0.163257718,0.639548289,0.210036757
0.6968,0.404657096,0.7036,0.21888794,0.670868372,0.317543973
0.693,0.51797837,0.7014,0.174088746,0.685242592,0.356041202
0.6863,0.590401947,0.6962,0.271408796,0.679640734,0.386616604
0.6064,0.492305607,0.6233,0.288551986,0.619831661,0.349652372
0.4918,0.327540308,0.5182,0.327175796,0.503046703,0.310121597
0.343,0.226276025,0.3867,0.23930341,0.364502429,0.195329915
0.1604,0.203923002,0.2214,0.183847055,0.180959206,0.189067212
0.087,0.11941237,0.1234,0.155675009,0.104915414,0.169310744
0.2318,0.280301064,0.2254,0.147988319,0.218230310,0.159270469
0.0,0.350494742,0.0,0.283060133,0.000000000,0.289546531
0.0,0.308144778,0.0,0.354517639,0.000000000,0.327427862
0.0,0.317373067,0.0,0.417354345,0.000000000,0.380768394
0.0,0.228583589,0.0,0.352071643,0.000000000,0.282500464
0.0,0.126057819,0.0,0.384281546,0.000000000,0.238324540
0.0,0.145783231,0.0,0.439341187,0.000000000,0.236369209
0.0,0.1197372,0.0,0.447830498,0.000000000,0.322096114
0.0,0.130558938,0.0,0.448487759,0.000000000,0.280293120
0.0,0.122706443,0.0,0.378204077,0.000000000,0.244894626
0.1887,0.212007314,0.2121,0.328149706,0.163663052,0.323856323
0.0929,0.1003922,0.1401,0.142711937,0.117454500,0.115137825
0.2427,0.031912338,0.2791,0.020971987,0.256641122,0.000000000
0.4116,0.048532557,0.4387,0.03525766,0.403949853,0.049560868
0.5369,0.043898437,0.554,0.0197175,0.519458158,0.033763429
0.6279,0.071059972,0.6423,0.045648471,0.586366353,0.058320171
0.6575,0.042385492,0.6722,0.063592114,0.655646353,0.046970352
0.6482,0.089992523,0.6526,0.095929787,0.603474849,0.100775481
0.6391,0.129399985,0.6397,0.073528484,0.602182756,0.116838089
0.5776,0.140253082,0.5868,0.09993241,0.565834260,0.110529042
0.4757,0.140412569,0.4965,0.102977335,0.463040649,0.123408399
0.3383,0.338652551,0.3819,0.080296755,0.369952730,0.208794962
0.1684,0.413234174,0.2233,0.192715466,0.201078929,0.271703534
0.0868,0.488830209,0.1236,0.310765326,0.092705169,0.343549725
0.0487,0.315008312,0.0592,0.376608133,0.061703548,0.341802519
0.0,0.294467419,0.0,0.381036401,0.000000000,0.351737224
0.0,0.33345896,0.0,0.470916688,0.000000000,0.376328876
0.0,0.247955799,0.0,0.443783104,0.000000000,0.300488225
0.0,0.21165216,0.0,0.426078439,0.000000000,0.304822133
0.0,0.08057832,0.0,0.391872585,0.000000000,0.229813977
0.0,0.05053981,0.0,0.369980156,0.000000000,0.224264304
0.0,0.027604669,0.0,0.293420106,0.000000000,0.144717259
0.0,0.024256045,0.0,0.263359457,0.000000000,0.158024232
0.0,0.022627071,0.0,0.209918827,0.000000000,0.121454742
0.1238,0.007028688,0.1169,0.201831371,0.109715189,0.070336238
0.1126,0.000443146,0.1345,0.159745127,0.109930352,0.082918141
0.2482,0.000209463,0.267,0.119903788,0.261225548,0.046249671
0.4064,0.006409309,0.4155,0.127775416,0.394565600,0.098810989
0.5351,0.000249937,0.5408,0.094079047,0.523280545,0.035523323
0.6317,2.38e-5,0.633,0.086347684,0.603228245,0.048732741
0.6694,0.003048241,0.6776,0.116006024,0.680113502,0.041011135
0.6718,0.042286195,0.6771,0.275058508,0.644632669,0.129052877
0.6624,0.053152397,0.6612,0.289999306,0.639678323,0.172425114
0.5849,0.090882063,0.5833,0.515571296,0.549321850,0.315645362
0.4741,0.133875713,0.4927,0.687199116,0.454491328,0.435804386
0.3354,0.328875691,0.3771,0.80862993,0.325602374,0.544246260
0.1691,0.303652883,0.2266,0.789527178,0.198011662,0.509327474
0.0894,0.411599845,0.1258,0.832211196,0.105902473,0.614880580
0.1753,0.407856643,0.1013,0.791961193,0.117860435,0.586950383
0.0,0.466663718,0.0,0.738780499,0.000000000,0.591098186
0.0,0.442651212,0.0,0.638597965,0.000000000,0.533997670
0.0,0.190238789,0.0,0.55591768,0.000000000,0.343556462
0.0,0.081739865,0.0,0.482379586,0.000000000,0.260758467
0.0,0.084794655,0.0,0.30826205,0.000000000,0.209349246
0.0,0.042004775,0.0,0.32182464,0.000000000,0.159720533
0.0,0.035979014,0.0,0.409319758,0.000000000,0.192928194
0.0,0.079702616,0.0,0.440235674,0.000000000,0.256082964
0.0,0.049946934,0.0,0.419636488,0.000000000,0.213702034
0.1413,0.079176895,0.0819,0.358149648,0.105857632,0.229772450
0.1111,0.043667104,0.1374,0.280561447,0.143388954,0.139294005
0.2426,0.018809691,0.2703,0.216558814,0.260947763,0.140521528
0.3826,0.019106941,0.3901,0.16113463,0.364296054,0.096813518
0.4891,0.01859187,0.4868,0.197282195,0.476086382,0.120077041
0.569,0.031475447,0.5596,0.199134439,0.553046428,0.148463699
0.6004,0.072725773,0.5879,0.184223503,0.564102803,0.130275367
0.6034,0.054304734,0.6235,0.159811124,0.588159727,0.095437071
0.6211,0.015936963,0.6489,0.14446108,0.622860725,0.064272070
0.5338,0.034133233,0.5552,0.176439762,0.529965998,0.126691803
0.4669,0.086897612,0.5102,0.336762071,0.454089111,0.197828767
0.334,0.103999987,0.388,0.486347497,0.370890107,0.279974244
0.1671,0.174804866,0.2236,0.516227961,0.189266242,0.323917390
0.086,0.2201747,0.1238,0.627290547,0.102815670,0.425775304
0.1706,0.491415381,0.2023,0.679050684,0.169226196,0.550475192
0.0,0.2646541,0.0,0.653349936,0.000000000,0.433320684
0.0,0.403209776,0.0,0.537564874,0.000000000,0.440957068
0.0,0.051038079,0.0,0.016529134,0.000000000,0.011800573
0.0,0.340327442,0.0,0.562652528,0.000000000,0.456632221
0.0,0.249855042,0.0,0.444951832,0.000000000,0.354387518
0.0,0.233947083,0.0,0.427508712,0.000000000,0.336127940
0.0,0.323539913,0.0,0.454078257,0.000000000,0.382388789
0.0,0.213226259,0.0,0.30389154,0.000000000,0.257306054
0.0,0.119329244,0.0,0.276053607,0.000000000,0.147925987
0.1356,0.088602558,0.082,0.268219262,0.122551590,0.170344901
0.1041,0.036639493,0.139,0.134403139,0.115249853,0.062987065
0.2399,0.036242433,0.2537,0.120898649,0.221542465,0.075923770
0.3785,0.059083246,0.3737,0.142803788,0.352705538,0.086644019
0.4837,0.036041401,0.4621,0.212472588,0.458467142,0.155431111
0.5323,0.02953428,0.5091,0.206463575,0.494966405,0.109549311
0.5114,0.066774137,0.5107,0.31250596,0.507461605,0.188297850
0.5175,0.192922726,0.5195,0.36366424,0.508134802,0.248406640
0.5099,0.067628443,0.5249,0.328209043,0.515627791,0.203002147
0.502,0.266051859,0.4878,0.514360011,0.455535762,0.358236127
0.4113,0.356875837,0.4141,0.438186109,0.408168209,0.375802302
0.3017,0.20736599,0.3055,0.470179141,0.295210024,0.319360361
0.1773,0.143969849,0.2022,0.5234828,0.172448568,0.321965075
0.0811,0.059980564,0.0982,0.432317257,0.074999510,0.255891394
0.0006,0.063000545,0.0033,0.422967851,0.000000000,0.258975091
0.0,0.09858638,0.0,0.422142923,0.000000000,0.243996609
0.0,0.236438587,0.0,0.424903393,0.000000000,0.322405098
0.0,0.422417998,0.0,0.339691877,0.000000000,0.362032975
0.0,0.640400648,0.0,0.386226952,0.000000000,0.469362197
0.0,0.682912886,0.0,0.435992986,0.000000000,0.538789041
0.0,0.764979541,0.0,0.633106053,0.000000000,0.676855251
0.0,0.866993368,0.0,0.7202214,0.000000000,0.780875582
0.0,0.843771875,0.0,0.648012877,0.000000000,0.720725712
0.0,0.623076618,0.0,0.578679562,0.000000000,0.603657511
0.0521,0.527433455,0.0471,0.628221154,0.044830481,0.557745010
0.0985,0.251504213,0.1273,0.468821257,0.130555726,0.369019104
0.2328,0.325605392,0.257,0.377678454,0.251487264,0.335169864
0.3833,0.321369052,0.3987,0.391336262,0.375497690,0.273502681
0.4987,0.248315796,0.5031,0.329414308,0.462121405,0.275923290
0.5835,0.237923905,0.5786,0.42480725,0.574418130,0.297206701
0.6064,0.241748586,0.6038,0.449049264,0.587966930,0.299336439
0.6063,0.487741411,0.5953,0.315262467,0.599896012,0.386466903
0.5912,0.396230996,0.5798,0.389932871,0.545627958,0.358136598
0.5341,0.527969956,0.5288,0.483686328,0.515429891,0.495041577
0.4368,0.545257628,0.4498,0.608399332,0.453458474,0.586825328
0.3104,0.5638237,0.3467,0.558783233,0.320375416,0.542840201
0.1689,0.464383125,0.2084,0.425200045,0.146175080,0.400422951
0.0764,0.409658939,0.094,0.288794458,0.087652606,0.302046585
0.0051,0.262474149,0.0099,0.390709817,0.000000000,0.361344063
0.0,0.328620791,0.0,0.442707092,0.000000000,0.369354493
0.0,0.430390537,0.0,0.525637329,0.000000000,0.454202636
0.0,0.235219836,0.0,0.51905036,0.000000000,0.341907988
0.0,0.394154638,0.0,0.524290562,0.000000000,0.428571460
0.0,0.466048807,0.0,0.555211961,0.000000000,0.504846338
0.0,0.608515501,0.0,0.682125986,0.000000000,0.598357870
0.0,0.761140108,0.0,0.751252294,0.000000000,0.767717120
0.0,0.697440565,0.0,0.678217292,0.000000000,0.648949015
0.0,0.831147194,0.0,0.554194927,0.000000000,0.690769735
0.1443,0.632953525,0.1514,0.423558891,0.150576569,0.478138520
0.0852,0.435421795,0.1229,0.354075879,0.074264842,0.362583789
0.2259,0.392530501,0.2574,0.303769797,0.219000391,0.305275987
0.3874,0.367562801,0.4085,0.296701312,0.417170657,0.276090244
0.4981,0.392703414,0.5056,0.124634564,0.456102818,0.266512766
0.7094,0.343956143,0.7166,0.201892465,0.680623479,0.290242706
0.6284,0.32486552,0.6408,0.264532179,0.603982242,0.304903593
0.5976,0.498742372,0.6134,0.102589399,0.569136034,0.288369891
0.6137,0.226122901,0.6356,0.092956915,0.597259518,0.127662733
0.5524,0.19922635,0.5786,0.08374697,0.541240545,0.163859643
0.4502,0.123126708,0.4832,0.066913344,0.457149103,0.088310608
0.3184,0.134108841,0.3605,0.075790092,0.312866514,0.096510625
0.157,0.138937175,0.2053,0.068963557,0.185487282,0.117369746
0.074,0.044449497,0.1019,0.097002417,0.081070455,0.036166232
0.0333,0.136284024,0.0425,0.179200709,0.028478893,0.166114895
0.0,0.051417522,0.0,0.189838752,0.000000000,0.120134031
0.0,0.094535545,0.0,0.232443228,0.000000000,0.152822988
0.0,0.160265326,0.0,0.264147133,0.000000000,0.204323619
0.0,0.272460938,0.0,0.237362742,0.000000000,0.278886758
0.0,0.481402189,0.0,0.303661942,0.000000000,0.381557083
0.0,0.544087946,0.0,0.401011765,0.000000000,0.480526562
0.0,0.510268867,0.0,0.460092008,0.000000000,0.471241014
0.0,0.595044971,0.0,0.531506181,0.000000000,0.522474252
0.0,0.547915876,0.0,0.566735566,0.000000000,0.513522458
0.1089,0.361241817,0.0959,0.605379164,0.102211821,0.432779434
0.092,0.301407814,0.1187,0.326179266,0.083443668,0.293029505
0.2267,0.200391904,0.2371,0.207207203,0.214561927,0.203123051
0.3764,0.096890703,0.3797,0.188235298,0.376058423,0.143744550
0.4909,0.215718269,0.4531,0.180048719,0.468354602,0.228314005
0.5724,0.113970622,0.5043,0.19692418,0.523091360,0.146989120
0.6002,0.066572145,0.5887,0.309986711,0.583604585,0.157458542
0.6122,0.030067835,0.5789,0.312495291,0.583736166,0.145823597
0.5975,0.027404794,0.568,0.366684258,0.548934939,0.191088187
0.5315,0.032034814,0.3858,0.546130419,0.451940083,0.283843933
0.3419,0.320604116,0.2035,0.580540597,0.260364274,0.447277434
0.1672,0.087928981,0.1565,0.504089952,0.158793013,0.244589023
0.0733,0.274061024,0.0803,0.489174366,0.094643010,0.351921575
0.0088,0.161947623,0.011,0.310073972,0.000000000,0.242406410
0.0,0.016573334,0.0,0.207239971,0.000000000,0.077392384
0.0,0.025352208,0.0,0.238678336,0.000000000,0.117283103
0.0,0.206886709,0.0,0.285301805,0.000000000,0.212873971
0.0,0.302340716,0.0,0.397995293,0.000000000,0.364491537
0.0,0.39352867,0.0,0.417964309,0.000000000,0.399296487
0.0,0.744931817,0.0,0.286334306,0.000000000,0.517356341
0.0,0.589511573,0.0,0.154881313,0.000000000,0.363066912
0.0,0.623819411,0.0,0.091030635,0.000000000,0.382173536
0.0,0.623697937,0.0,0.113001153,0.000000000,0.328960401
0.0,0.575999022,0.0,0.187403023,0.000000000,0.382267865
0.0043,0.583417833,0.0043,0.258703768,0.000000000,0.385946419
0.0623,0.491086632,0.0961,0.262409121,0.103042464,0.393234639
0.2003,0.332933605,0.2305,0.067934118,0.191574754,0.169471391
0.3362,0.225157857,0.3627,0.096608877,0.336747505,0.157942642
0.4571,0.25522694,0.4839,0.107106686,0.472595839,0.153786536
0.5548,0.273181945,0.5896,0.10371834,0.564259817,0.168171452
0.5854,0.189565584,0.6302,0.158334956,0.600310576,0.190407552
0.6017,0.322386295,0.6216,0.320788473,0.595284196,0.309706996
0.6029,0.269486487,0.6042,0.296148658,0.599459635,0.283228003
0.541,0.29595688,0.5685,0.278267741,0.546530164,0.281408097
0.425,0.446696162,0.4758,0.264398098,0.448089768,0.351943335
0.286,0.830243707,0.3732,0.439458221,0.293061124,0.590354893
0.1556,0.930709779,0.2119,0.425650835,0.188604313,0.645233645
0.072,0.77305305,0.1158,0.336099029,0.095196768,0.515434927
0.0689,0.098763205,0.1682,0.296068668,0.125161981,0.176584553
0.0,0.2546314,0.0,0.144366533,0.000000000,0.158229655
0.0,0.467610925,0.0,0.121841341,0.000000000,0.266239930
0.0,0.531553447,0.0,0.111265451,0.000000000,0.317070009
0.0,0.718726754,0.0,0.181060523,0.000000000,0.437510168
0.0,0.64421773,0.0,0.404956818,0.000000000,0.477071177
0.0,0.720784247,0.0,0.483583599,0.000000000,0.564717965
0.0,0.748633087,0.0,0.462725282,0.000000000,0.606737400
0.0,0.748998642,0.0,0.532577515,0.000000000,0.599866959
0.0,0.840037346,0.0,0.520656109,0.000000000,0.652551162
0.189,0.847282112,0.2137,0.674610496,0.188836146,0.742107915
0.0883,0.242995247,0.1337,0.70495379,0.114036121,0.490990345
0.2346,0.216114059,0.2722,0.724631071,0.262473545,0.476263638
0.4067,0.055512123,0.4308,0.723815858,0.412138269,0.373216789
0.5354,0.164602801,0.5428,0.782191157,0.519357184,0.460666979
0.6306,0.048733409,0.6218,0.755230725,0.600312482,0.397914525
0.6745,0.064304769,0.6687,0.580811918,0.650797181,0.272623502
0.6685,0.051508918,0.6634,0.624726057,0.633725403,0.312035406
0.6592,0.043250464,0.6569,0.416231006,0.624404394,0.216650027
0.5789,0.029379277,0.5749,0.324977428,0.563505647,0.173872690
0.4474,0.047085375,0.3695,0.277542114,0.401066297,0.165452063
0.278,0.193007842,0.2678,0.240733951,0.265643853,0.223442928
0.1607,0.219697356,0.1913,0.142728075,0.168268114,0.185549525
0.0851,0.261437625,0.0951,0.135502353,0.077382849,0.208774738
0.0,0.179465726,0.0,0.226941854,0.000000000,0.167002086
0.0,0.370052457,0.0,0.246768013,0.000000000,0.302528832
0.0,0.558752239,0.0,0.299491704,0.000000000,0.387687346
0.0,0.56825763,0.0,0.284923851,0.000000000,0.421515834
0.0,0.44103545,0.0,0.190710425,0.000000000,0.315668419
0.0,0.532149136,0.0,0.12979421,0.000000000,0.335478455
0.0,0.69571346,0.0,0.134520352,0.000000000,0.382349426
0.0,0.645955563,0.0,0.126343921,0.000000000,0.381619451
0.0,0.658834159,0.0,0.133170754,0.000000000,0.390363671
0.0,0.38859278,0.0,0.127621025,0.000000000,0.253019601
0.0729,0.416368484,0.0045,0.177199334,0.041079961,0.245049262
0.1009,0.143241048,0.0667,0.256902725,0.077568063,0.204336283
0.1676,0.010817611,0.0988,0.157415688,0.139207660,0.048922180
0.2093,0.029109452,0.1514,0.090606518,0.187947210,0.073207257
0.2328,0.021189345,0.2216,0.097034901,0.205706316,0.031892190
0.2979,0.0332046,0.2792,0.096120477,0.271130121,0.084657447
0.3235,0.029827075,0.3546,0.123008795,0.355407975,0.070402809
0.348,0.039100565,0.5518,0.166669756,0.422201122,0.123599101
0.4524,0.268610835,0.5912,0.321857631,0.482058028,0.269694832
0.4243,0.178610861,0.5081,0.225506812,0.441799686,0.170013199
0.3714,0.17755425,0.3934,0.24316515,0.395278777,0.219324910
0.2726,0.161512882,0.2812,0.26639834,0.265326266,0.182449123
0.1542,0.100277871,0.1914,0.306458175,0.172404915,0.199941530
0.0637,0.082407333,0.0871,0.39224261,0.073972621,0.250363519
0.0004,0.257081002,0.0176,0.428381562,0.031848729,0.359164951
0.0,0.543916464,0.0,0.480648905,0.000000000,0.475492988
0.0,0.599047542,0.0,0.357862949,0.000000000,0.476147847
0.0,0.61217916,0.0,0.367994487,0.000000000,0.497690501
0.0,0.950617909,0.0,0.288708985,0.000000000,0.595608204
0.0,0.896876037,0.0,0.306783319,0.000000000,0.530974884
0.0,0.901314676,0.0,0.208088309,0.000000000,0.506279761
0.0,0.905268729,0.0,0.206422061,0.000000000,0.565003588
0.0,0.797776461,0.0,0.22566399,0.000000000,0.496489765
0.0,0.781698048,0.0,0.207199633,0.000000000,0.468675483
0.1207,0.807386637,0.145,0.188211322,0.121076143,0.490289018
0.1022,0.689081967,0.1338,0.235068351,0.110432569,0.462469755
0.2362,0.417755067,0.2663,0.007317907,0.257699648,0.207245709
0.3808,0.616696656,0.4101,0.029855452,0.371480710,0.292697251
0.4803,0.423230201,0.5025,0.082278922,0.478048650,0.191312973
0.5357,0.739763916,0.5635,0.07017085,0.497027331,0.338027460
0.5432,0.850536525,0.5587,0.164885312,0.530716561,0.507193934
0.5438,0.987946272,0.5235,0.097375572,0.518637390,0.542602232
0.5222,0.992906868,0.5203,0.157152563,0.497979264,0.522472580
0.502,0.954949856,0.5073,0.218297303,0.488005119,0.562583811
0.413,0.957483649,0.4417,0.284887314,0.404250803,0.564950751
0.3067,0.995159686,0.3374,0.250350595,0.293813882,0.627387718
0.1705,0.957313597,0.2166,0.292278349,0.192017788,0.602028381
0.0746,0.839267194,0.1064,0.376685798,0.104438965,0.596160579
0.0012,0.669839799,0.0064,0.378894359,0.000000000,0.477884270
0.0,0.615554631,0.0,0.538183033,0.000000000,0.560498884
0.0,0.531172693,0.0,0.471059918,0.000000000,0.510132962
0.0,0.374284714,0.0,0.555653691,0.000000000,0.420125988
0.0,0.899301589,0.0,0.535425305,0.000000000,0.711374583
0.0,0.987569451,0.0,0.513603687,0.000000000,0.717021899
0.0,0.831888318,0.0,0.615900338,0.000000000,0.684415593
0.0,0.820104659,0.0,0.617354155,0.000000000,0.703280058
0.0,0.661965132,0.0,0.621548772,0.000000000,0.619174198
0.0,0.557559967,0.0,0.613199234,0.000000000,0.558540632
0.0428,0.71585691,0.0797,0.674034238,0.076355771,0.684282536
0.1073,0.532644331,0.1161,0.697947621,0.122711239,0.600262111
0.2165,0.381418973,0.2643,0.671187818,0.231232199,0.534107141
0.369,0.719067872,0.423,0.648022175,0.393130395,0.664171071
0.4939,0.915469408,0.5249,0.603304744,0.491525170,0.755252583
0.5937,0.991534948,0.6044,0.512082815,0.580211256,0.718703673
0.595,0.994274199,0.645,0.522258401,0.563367673,0.732147231
0.5971,0.984071434,0.6586,0.47689867,0.591791606,0.682164497
0.5788,0.930274308,0.6612,0.43426013,0.606249703,0.648632910
0.5256,0.940155029,0.5838,0.398068488,0.515870965,0.645086302
0.4145,0.849161148,0.4878,0.485058069,0.427985902,0.652157798
0.2927,0.938407242,0.3664,0.549637675,0.327880101,0.710660842
0.1595,0.88310343,0.2178,0.603584647,0.168572009,0.697424339
0.064,0.43992117,0.1144,0.648020506,0.080994310,0.556917563
0.0001,0.482916027,0.0513,0.692086339,0.029533426,0.590057969
0.0,0.635671675,0.0,0.699872613,0.000000000,0.611938159
0.0,0.544813573,0.0,0.714989185,0.000000000,0.602627464
0.0,0.408325285,0.0,0.712729931,0.000000000,0.550644249
0.0,0.781023324,0.0,0.68884778,0.000000000,0.674802395
0.0,0.815511405,0.0,0.677193761,0.000000000,0.686509097
0.0,0.918238223,0.0,0.642627239,0.000000000,0.731282866
0.0,0.966636121,0.0,0.61526072,0.000000000,0.727056141
0.0,0.959990978,0.0,0.540993154,0.000000000,0.723273684
0.0,0.725447237,0.0,0.360586166,0.000000000,0.526588234
0.1196,0.245298237,0.1791,0.382705986,0.145379021,0.292149353
0.0917,0.279651493,0.1294,0.324572116,0.110110206,0.264573994
0.2305,0.388571203,0.2651,0.313019633,0.251274205,0.353215184
0.392,0.398834586,0.4225,0.382539153,0.398255666,0.413881275
0.5141,0.250578254,0.5401,0.442692637,0.470036635,0.344929302
0.6074,0.184600756,0.6252,0.367659181,0.587562783,0.289773122
0.6526,0.186699167,0.668,0.264581144,0.637993013,0.226323440
0.6509,0.201297894,0.6618,0.162649632,0.622414225,0.144517660
0.643,0.112629965,0.656,0.170286462,0.621420098,0.146702470
0.5701,0.120832451,0.5945,0.229917571,0.545068609,0.165447490
0.4684,0.072467804,0.4964,0.27787903,0.458641714,0.200229164
0.3352,0.054361761,0.3775,0.186267853,0.338545234,0.100410601
0.1631,0.092879415,0.2189,0.197896942,0.221552168,0.134636366
0.0781,0.072004206,0.1124,0.204321951,0.072754528,0.108231600
0.0021,0.066791676,0.0028,0.279196352,0.000000000,0.133863089
0.0,0.190585867,0.0,0.395247966,0.000000000,0.299469624
0.0,0.457088739,0.0,0.468433648,0.000000000,0.432095116
0.0,0.45988068,0.0,0.541697562,0.000000000,0.518910154
0.0,0.472866714,0.0,0.568696082,0.000000000,0.501327167
0.0,0.466151059,0.0,0.517454863,0.000000000,0.471665699
0.0,0.474777311,0.0,0.447129369,0.000000000,0.456497363
0.0,0.806126058,0.0,0.47182405,0.000000000,0.601478932
0.0,0.779218495,0.0,0.564639449,0.000000000,0.620854188
0.0,0.442314804,0.0,0.589268923,0.000000000,0.522857019
0.0147,0.624453485,0.0002,0.552271426,0.000000000,0.572188273
0.0785,0.696367621,0.049,0.448346138,0.052824964,0.558101184
0.1559,0.65118432,0.159,0.571629047,0.151379288,0.607864401
0.2278,0.172671884,0.3285,0.476262391,0.263954587,0.333714667
0.3812,0.051805969,0.4663,0.364937067,0.397415186,0.194210235
0.5423,0.036903031,0.5564,0.050913945,0.541759969,0.037991834
0.5978,0.026239254,0.622,0.459812164,0.573811845,0.225799927
0.6228,0.01181122,0.6377,0.493829727,0.608178102,0.223770231
0.6322,0.190033689,0.6379,0.625113428,0.606007808,0.383892689
0.569,0.529028535,0.5803,0.719941199,0.523933886,0.622378925
0.4645,0.826584518,0.4878,0.830204546,0.456574655,0.793049353
0.3287,0.861350298,0.3666,0.750364959,0.325632493,0.780149268
0.1604,0.827531636,0.2138,0.714815617,0.187244843,0.749426596
0.0747,0.568184793,0.1071,0.676634371,0.100042690,0.614762851
0.0929,0.277791977,0.1388,0.705001056,0.122371559,0.479831724
0.0,0.586958945,0.0,0.646551192,0.000000000,0.582669073
0.0,0.798252046,0.0,0.571797848,0.000000000,0.644124524
0.0,0.876728177,0.0,0.565706253,0.000000000,0.685202647
0.0,0.558286965,0.0,0.663451672,0.000000000,0.557319657
0.0,0.458582252,0.0,0.711805582,0.000000000,0.578476527
0.0,0.475991964,0.0,0.717718244,0.000000000,0.558647368
0.0,0.68334502,0.0,0.647512496,0.000000000,0.632109724
0.0,0.839030862,0.0,0.639725983,0.000000000,0.706432762
0.0,0.835533857,0.0,0.619809151,0.000000000,0.698587877
0.1443,0.920808613,0.1423,0.502784193,0.125313875,0.686046015
0.0982,0.772970855,0.1288,0.385512352,0.080507741,0.531174096
0.2283,0.327633321,0.2595,0.257294774,0.226441440,0.279196072
0.3865,0.179378852,0.4111,0.170225352,0.387994779,0.137611881
0.5162,0.521349788,0.525,0.190555483,0.476175999,0.353563951
0.6098,0.634025276,0.6027,0.235677406,0.571515463,0.411910155
0.6572,0.727685094,0.6716,0.234316453,0.633787267,0.459165843
0.6208,0.655138195,0.6504,0.444353729,0.609664143,0.527924308
0.59,0.694265127,0.6406,0.635225534,0.570400114,0.613262685
0.5564,0.392424762,0.5846,0.742416561,0.525406167,0.522238904
0.4649,0.338385493,0.4911,0.704310596,0.451737889,0.497456361
0.328,0.652789056,0.3458,0.551085949,0.324487622,0.573482770
0.1655,0.57474345,0.2061,0.507823825,0.180084969,0.530112590
0.0849,0.370055348,0.095,0.498482466,0.071706306,0.449840905
0.0224,0.291444421,0.0588,0.605923295,0.034180226,0.454596577
0.0,0.414478302,0.0,0.731694579,0.000000000,0.526205954
0.0,0.827148199,0.0,0.665429473,0.000000000,0.693262979
0.0,0.916300356,0.0,0.363048106,0.000000000,0.588759147
0.0,0.881966531,0.0,0.269551873,0.000000000,0.556384780
0.0,0.923477471,0.0,0.298874348,0.000000000,0.597130869
0.0,0.94402045,0.0,0.40108496,0.000000000,0.648087514
0.0,0.983298659,0.0,0.40505147,0.000000000,0.660809666
0.0,0.978707671,0.0,0.491876811,0.000000000,0.702734627
0.0,0.877108097,0.0,0.542218804,0.000000000,0.684410411
0.1508,0.683879137,0.1576,0.470582634,0.139422988,0.556607139
0.0868,0.204530478,0.1266,0.17655316,0.065400057,0.142892458
0.2252,0.013544839,0.2581,0.053572584,0.228174984,0.009471808
0.3843,0.00128691,0.4007,0.041943666,0.385124558,0.000000000
0.4963,0.112565652,0.491,0.098297656,0.470885892,0.103270128
0.5815,0.100983456,0.5893,0.074232459,0.558335409,0.060906805
0.6222,0.084440075,0.6051,0.113935329,0.587106930,0.082273546
0.6205,0.154688537,0.6034,0.090035737,0.578509351,0.108898290
0.592,0.221458226,0.5631,0.13283354,0.540329425,0.161811097
0.4165,0.204176635,0.3841,0.198076934,0.393771261,0.168727435
0.2767,0.097894594,0.3151,0.199090481,0.287856554,0.142178692
0.2584,0.139793471,0.3217,0.265329212,0.284468524,0.196914128
0.1568,0.52677238,0.1621,0.392867118,0.160677809,0.437497406
0.0537,0.307773411,0.0782,0.407925129,0.057810269,0.357935430
0.0702,0.279155374,0.1001,0.320203125,0.073676918,0.288071930
0.0,0.365559608,0.0,0.456091613,0.000000000,0.404648074
0.0,0.502807021,0.0,0.464858532,0.000000000,0.454443656
0.0,0.626967907,0.0,0.427509129,0.000000000,0.492244906
0.0,0.705600381,0.0,0.304222256,0.000000000,0.497734451
0.0,0.788164437,0.0,0.31698513,0.000000000,0.525722785
0.0,0.832224965,0.0,0.466707349,0.000000000,0.596265954
0.0,0.734846413,0.0,0.48304981,0.000000000,0.610600887
0.0,0.590619326,0.0,0.487218082,0.000000000,0.502446858
0.0,0.436024427,0.0,0.404704213,0.000000000,0.423041373
0.1168,0.47070837,0.145,0.382660687,0.124814762,0.394544734
0.091,0.1722188,0.1224,0.208374396,0.114882974,0.159655841
0.2258,0.083201431,0.2575,0.070506454,0.254087433,0.092531014
0.388,0.358199447,0.4072,0.090317294,0.410382688,0.192017740
0.505,0.258043587,0.5021,0.109320909,0.470310905,0.178389921
0.564,0.145203382,0.572,0.168696553,0.559781359,0.185681655
0.5897,0.216392785,0.5861,0.248848855,0.561651187,0.195234365
0.5797,0.052372407,0.566,0.232534766,0.533234897,0.132192219
0.5759,0.241585031,0.5915,0.16820538,0.568507880,0.209058619
0.5229,0.488935351,0.5309,0.250046492,0.509157531,0.381597859
0.4212,0.506256759,0.4564,0.238736227,0.408102942,0.345916202
0.3117,0.352107048,0.3339,0.258300006,0.312589439,0.283093768
0.1674,0.081939735,0.2068,0.229248464,0.161513252,0.127286017
0.0734,0.014518855,0.0833,0.266623139,0.070681261,0.100541287
0.0566,0.005508712,0.1042,0.251803786,0.064302823,0.128637903
0.0,0.108492963,0.0,0.332431704,0.000000000,0.208043498
0.0,0.539468288,0.0,0.40594548,0.000000000,0.453342882
0.0,0.761301816,0.0,0.336297512,0.000000000,0.491311728
0.0,0.77053988,0.0,0.482383013,0.000000000,0.618899824
0.0,0.853730261,0.0,0.567637086,0.000000000,0.686149433
0.0,0.8607921,0.0,0.558970094,0.000000000,0.721574143
0.0,0.904818296,0.0,0.579570055,0.000000000,0.697187786
0.0,0.565592647,0.0,0.541389227,0.000000000,0.539089418
0.0,0.626803935,0.0,0.539302111,0.000000000,0.557240885
0.1441,0.539959848,0.156,0.485926986,0.127080339,0.476147365
0.0922,0.242201939,0.1088,0.243870527,0.107732426,0.231324490
0.2275,0.118469387,0.2604,0.066253163,0.223653854,0.062781979
0.3968,0.100368783,0.4166,0.06194957,0.379571280,0.088219817
0.5262,0.086505473,0.5314,0.157078743,0.532184379,0.102905607
0.6258,0.128976002,0.6253,0.04875068,0.587280348,0.057393136
0.6683,0.149094954,0.6604,0.09152814,0.615352126,0.089264922
0.6589,0.240285978,0.6453,0.156948149,0.627138227,0.215969993
0.6377,0.207831144,0.6279,0.140849531,0.601801760,0.180873345
0.561,0.129709885,0.5698,0.158838287,0.544815923,0.133046313
0.4526,0.057884358,0.4767,0.16310668,0.436466475,0.106635951
0.3257,0.024031591,0.347,0.175824016,0.297902068,0.085079742
0.1711,0.045733269,0.1762,0.078585453,0.161097995,0.041437994
0.0727,0.044309758,0.0552,0.07656993,0.078432244,0.019101223
0.0,0.027911447,0.0,0.199470565,0.000000000,0.108433739
0.0,0.122761264,0.0,0.27295655,0.000000000,0.196431035
0.0,0.274397761,0.0,0.221431777,0.000000000,0.213624878
0.0,0.261478841,0.0,0.326765776,0.000000000,0.272049183
0.0,0.455997854,0.0,0.388038516,0.000000000,0.409161446
0.0,0.762791038,0.0,0.458334982,0.000000000,0.608482380
0.0,0.774410903,0.0,0.52197957,0.000000000,0.635738397
0.0,0.595910549,0.0,0.470977306,0.000000000,0.495483273
0.0,0.598733366,0.0,0.480730295,0.000000000,0.525292361
0.0,0.166959092,0.0,0.449190587,0.000000000,0.315544998
0.0,0.135057524,0.0,0.42495504,0.000000000,0.236019695
0.0269,0.017582571,0.0242,0.290037692,0.017702176,0.115351133
0.1519,0.002247091,0.1591,0.272978425,0.146006421,0.123538504
0.2952,0.005211891,0.3185,0.110674888,0.294469762,0.028938810
0.4336,0.010208551,0.469,0.035665914,0.422549691,0.012446631
0.6431,0.08069557,0.6608,0.059943836,0.604146815,0.076898548
0.5725,0.021356922,0.5721,0.136569738,0.568256182,0.099347659
0.5841,0.103507802,0.5845,0.124261856,0.550045516,0.117556303
0.5682,0.178854465,0.5715,0.121735789,0.550165631,0.151217969
0.5387,0.292314351,0.555,0.143184751,0.529477148,0.228145189
0.448,0.151595533,0.4755,0.187098891,0.437264192,0.196321079
0.3257,0.103266001,0.3598,0.136990011,0.314884647,0.122017720
0.1648,0.288303316,0.2128,0.152241364,0.168031818,0.202014163
0.0701,0.23853752,0.1095,0.14477244,0.107782200,0.194199760
0.0,0.182607532,0.0028,0.188625872,0.022255652,0.168672644
0.0,0.123560347,0.0,0.180078283,0.000000000,0.170950604
0.0,0.31207189,0.0,0.223302037,0.000000000,0.234935583
0.0,0.419083118,0.0,0.219136044,0.000000000,0.320833713
0.0,0.481331021,0.0,0.263704121,0.000000000,0.361437915
0.0,0.492821276,0.0,0.349621147,0.000000000,0.398893271
0.0,0.662463129,0.0,0.289391518,0.000000000,0.467115064
0.0,0.708400905,0.0,0.280486763,0.000000000,0.507775815
0.0,0.772450924,0.0,0.264075249,0.000000000,0.492249905
0.0,0.948050916,0.0,0.369113743,0.000000000,0.616652606
0.1293,0.789685369,0.1483,0.406514585,0.153036883,0.607816389
0.0851,0.268334955,0.1209,0.343498528,0.094312356,0.289807523
0.2233,0.160880968,0.2531,0.354871213,0.230856305,0.239666154
0.3887,0.108486898,0.4034,0.224676311,0.368530345,0.166603458
0.5069,0.430068403,0.5103,0.396257639,0.490009321,0.422220432
0.5897,0.531062961,0.5879,0.465635777,0.577857355,0.450561012
0.5968,0.5456056,0.6018,0.295184284,0.572392817,0.399821787
0.5784,0.414485067,0.5767,0.365677029,0.550005639,0.371876617
0.5602,0.184052348,0.5315,0.330870688,0.510220935,0.252520768
0.4569,0.303635746,0.4724,0.41617465,0.455404204,0.369299604
0.3911,0.298843384,0.4094,0.397769928,0.371257677,0.333053938
0.3015,0.348360151,0.323,0.435939074,0.287695503,0.406875897
0.1686,0.316052973,0.2072,0.374507248,0.174756614,0.302679749
0.0771,0.234347776,0.1078,0.203371882,0.085480561,0.201476007
0.0584,0.173336685,0.1164,0.186623394,0.078603846,0.198977116
0.0,0.243599489,0.0,0.271441758,0.000000000,0.245473375
0.0,0.251311809,0.0,0.369772494,0.000000000,0.313808706
0.0,0.038565498,0.0,0.419040084,0.000000000,0.223026714
0.0,0.126415536,0.0,0.405873895,0.000000000,0.228070425
0.0,0.060989495,0.0,0.379753292,0.000000000,0.219949623
0.0,0.108155176,0.0,0.28668946,0.000000000,0.180420518
0.0,0.224808738,0.0,0.243747875,0.000000000,0.208452496
0.0,0.2039285,0.0,0.224649787,0.000000000,0.221467562
0.0,0.155684158,0.0,0.106051169,0.000000000,0.155296302
0.1516,0.029047702,0.1734,0.069049977,0.171500607,0.067308932
0.0848,0.001756036,0.1214,0.072600737,0.099010298,0.013197218
0.2216,0.0,0.2556,0.022467647,0.238638132,0.011671956
0.3852,0.000349054,0.4092,0.025734708,0.383522224,0.031050446
0.5053,0.038344413,0.5206,0.010768571,0.476779470,0.000000000
0.5913,0.025628798,0.6145,0.019532131,0.571637832,0.009606915
0.5977,0.032570399,0.5897,0.012849174,0.536011855,0.000650505
0.6319,0.032221362,0.6352,0.044721618,0.593344341,0.037618453
0.614,0.02276345,0.6337,0.076382384,0.591331318,0.034692810
0.5582,0.106759861,0.5851,0.067581087,0.572605723,0.072638086
0.4593,0.091493145,0.4851,0.11468032,0.430529381,0.113691521
0.332,0.043252852,0.3765,0.120485827,0.324349398,0.088254206
0.1649,0.029478092,0.2154,0.169971228,0.185832838,0.109168007
0.0539,0.038957693,0.0699,0.173652768,0.034928017,0.102888230
0.0018,0.055607766,0.0001,0.254878104,0.000000000,0.166921979
0.0,0.085910328,0.0,0.384302497,0.000000000,0.272050372
0.0,0.129977047,0.0,0.44468978,0.000000000,0.267997247
0.0,0.213760972,0.0,0.557599604,0.000000000,0.361416137
0.0,0.617086649,0.0,0.633634686,0.000000000,0.601661329
0.0,0.887703776,0.0,0.6805709,0.000000000,0.771174463
0.0,0.977663934,0.0,0.683052301,0.000000000,0.817880949
0.0,0.878150344,0.0,0.669296384,0.000000000,0.762355874
0.0,0.805306673,0.0,0.575817287,0.000000000,0.669508542
0.0,0.781054676,0.0,0.452606678,0.000000000,0.599247002
0.0746,0.81902343,0.1148,0.509432077,0.096467334,0.646950450
0.094,0.193289608,0.1246,0.550223291,0.112172242,0.357849848
0.2183,0.071149834,0.2414,0.359670728,0.228640102,0.205458669
0.3221,0.04140747,0.3138,0.235168681,0.308622706,0.105433446
0.3609,0.023127181,0.376,0.292001039,0.348289284,0.154087845
0.3746,0.018036358,0.442,0.208436012,0.391143353,0.136955900
0.4013,0.151401773,0.5073,0.248032346,0.416755791,0.175273948
0.3806,0.290328741,0.4423,0.4999547,0.389978896,0.364168122
0.377,0.544338703,0.3761,0.369528949,0.353420723,0.434054352
0.3338,0.740216494,0.3463,0.491132915,0.329080505,0.599256869
0.3031,0.514303327,0.275,0.381628722,0.279476056,0.411259435
0.2765,0.51911068,0.2746,0.497562587,0.260022293,0.465742483
0.1654,0.3693524,0.1788,0.499108523,0.166080500,0.412125514
0.0663,0.426572591,0.0714,0.562345445,0.090679012,0.475995995
0.0062,0.200955808,0.0,0.536700666,0.014865885,0.355151206
0.0,0.522128522,0.0,0.687058449,0.000000000,0.564665977
0.0,0.797224879,0.0,0.851549447,0.000000000,0.784077311
0.0,0.777728558,0.0,0.887398005,0.000000000,0.796258006
0.0,0.608555913,0.0,0.855390549,0.000000000,0.709638366
0.0,0.823346257,0.0,0.884312391,0.000000000,0.830415736
0.0,0.879634619,0.0,0.858291745,0.000000000,0.847523320
0.0,0.909070611,0.0,0.842846215,0.000000000,0.846009882
0.0,0.791829824,0.0,0.771972775,0.000000000,0.783780976
0.0,0.855407894,0.0,0.689690709,0.000000000,0.720096692
0.1241,0.79639715,0.1273,0.564794064,0.104480305,0.664678106
0.0868,0.321388602,0.1108,0.44535768,0.093564487,0.354523692
0.2205,0.141590819,0.2493,0.449637204,0.255617546,0.295533127
0.385,0.081581973,0.4029,0.461119175,0.402254568,0.264355640
0.5096,0.026064286,0.5159,0.565716326,0.473228921,0.290664216
0.6007,0.001310702,0.5921,0.698195219,0.566596921,0.314456465
0.631,0.124374069,0.6084,0.793317378,0.584212219,0.448987019
0.6153,0.208482385,0.6164,0.852827907,0.593213280,0.514267665
0.6066,0.154639259,0.6162,0.643935919,0.573385838,0.357879499
0.5631,0.360254169,0.5802,0.899624407,0.551526906,0.604480846
0.4664,0.58193475,0.4874,0.873248577,0.450790141,0.663370341
0.3333,0.673164666,0.3753,0.858890235,0.312125301,0.745822177
0.168,0.457451433,0.2182,0.722201943,0.183027574,0.570331501
0.0733,0.424272448,0.1033,0.598738074,0.093493604,0.477713591
0.0316,0.530714869,0.0648,0.470521897,0.070556244,0.489017640
0.0,0.410839528,0.0,0.658088088,0.000000000,0.521736463
0.0,0.609700978,0.0,0.650129676,0.000000000,0.603642193
0.0,0.642342865,0.0,0.815157771,0.000000000,0.699689813
0.0,0.928763568,0.0,0.884153783,0.000000000,0.845460698
0.0,0.817797184,0.0,0.962591827,0.000000000,0.888413690
0.0,0.888929725,0.0,0.923123181,0.000000000,0.895138723
0.0,0.751034379,0.0,0.831858814,0.000000000,0.754019729
0.0,0.79903245,0.0,0.815626502,0.000000000,0.817830613
0.0,0.876591146,0.0,0.665987194,0.000000000,0.737988168
0.1589,0.707008123,0.1619,0.522662103,0.166529318,0.603839324
0.0943,0.088600382,0.1276,0.338464826,0.110181299,0.202774660
0.2225,0.000809482,0.2324,0.211390138,0.203459991,0.120459494
0.3699,0.000263533,0.3786,0.262747616,0.362622514,0.125905915
0.5086,0.005281799,0.5158,0.481900901,0.456367894,0.209788288
0.5908,0.065957956,0.601,0.67559731,0.563180322,0.374226676
0.6336,0.255372465,0.6416,0.700909555,0.607479022,0.463502367
0.6495,0.270025104,0.6538,0.572559476,0.647870466,0.417477722
0.6516,0.23363024,0.6476,0.520779252,0.641363884,0.365562124
0.5842,0.098080635,0.5803,0.58054179,0.543960799,0.335850085
0.4786,0.004125754,0.4959,0.520184278,0.464010711,0.252996231
0.3446,0.040038742,0.3844,0.626820385,0.337902295,0.318561024
0.1706,0.09455841,0.2211,0.669668615,0.204520196,0.350408511
0.0752,0.215795413,0.108,0.495085895,0.099441266,0.297213179
0.1152,0.537878633,0.1398,0.479402661,0.109033082,0.491432096
0.0,0.265307099,0.0,0.740881264,0.000000000,0.484531458
0.0,0.242676929,0.0,0.854333758,0.000000000,0.489324831
0.0,0.284396559,0.0,0.859905839,0.000000000,0.550928226
0.0,0.700323761,0.0,0.872298837,0.000000000,0.743590343
0.0,0.782878578,0.0,0.89959389,0.000000000,0.832346582
0.0,0.781068265,0.0,0.852646232,0.000000000,0.804814504
0.0,0.864242733,0.0,0.765143156,0.000000000,0.800594321
0.0,0.701699257,0.0,0.644705117,0.000000000,0.660062578
0.0,0.802221179,0.0,0.473367125,0.000000000,0.648450866
0.1589,0.529627025,0.166,0.466383934,0.158687427,0.473746073
0.089,0.139716625,0.1233,0.404371977,0.119700171,0.299172554
0.2251,0.004609409,0.2577,0.179535657,0.221359716,0.084639949
0.3939,0.0,0.4171,0.171064153,0.425119461,0.075215302
0.5244,0.0,0.5388,0.17557855,0.495860116,0.053287106
0.6196,0.0,0.6238,0.180777729,0.588000478,0.068337752
0.6585,0.001204639,0.6613,0.331032664,0.607243075,0.150747357
0.659,0.001477879,0.6531,0.392510831,0.603520260,0.181118419
0.6504,0.010902325,0.6415,0.375513554,0.606670366,0.188307551
0.5857,0.011755455,0.5953,0.381989688,0.551711653,0.204748801
0.4782,0.075571179,0.4992,0.534682751,0.468421500,0.269676228
0.3406,0.101943076,0.3779,0.476915896,0.350252096,0.272749101
0.1721,0.108775333,0.2209,0.437347203,0.178135511,0.285950346
0.0742,0.062693395,0.1052,0.332266152,0.095854208,0.173827083
0.0396,0.116569161,0.0287,0.438831061,0.043972468,0.271906876
0.0,0.092704207,0.0,0.624498606,0.000000000,0.354978274
0.0,0.23583515,0.0,0.663919389,0.000000000,0.471426714
0.0,0.204842225,0.0,0.725468278,0.000000000,0.460462967
0.0,0.245853648,0.0,0.508997321,0.000000000,0.347284776
0.0,0.247653484,0.0,0.48204875,0.000000000,0.323441237
0.0,0.186836675,0.0,0.401856899,0.000000000,0.252332451
0.0,0.092781231,0.0,0.365234554,0.000000000,0.202684555
0.0,0.075210728,0.0,0.38432771,0.000000000,0.205944590
0.0,0.053601258,0.0,0.317716032,0.000000000,0.175619518
0.0857,0.022764446,0.0724,0.26640135,0.093358854,0.170857388
0.0985,0.038315382,0.1164,0.204927266,0.113464107,0.108981545
0.2236,0.0,0.2424,0.059406698,0.191004483,0.058471597
0.3682,1.07e-5,0.3825,0.007268985,0.342512352,0.020012230
0.461,0.0,0.4792,0.001936314,0.457542729,0.012669886
0.5657,0.002635513,0.6047,0.002098743,0.569954331,0.000000000
0.6113,0.027275627,0.635,0.039177664,0.588609741,0.038518062
0.6112,0.021283705,0.6169,0.081791446,0.577713814,0.040142179
0.7148,0.068118349,0.7353,0.103177123,0.697483130,0.052472032
0.5522,0.197984576,0.5818,0.15871644,0.564025752,0.152248649
0.4604,0.220261842,0.4931,0.145702109,0.458723327,0.162357395
0.3336,0.30080384,0.3819,0.131346986,0.342001037,0.211400702
0.1691,0.408814192,0.2235,0.123524368,0.203321337,0.251582281
0.0764,0.199913591,0.1006,0.171917498,0.090370543,0.199225761
0.0422,0.426000834,0.0385,0.286634326,0.052675153,0.315751217
0.0,0.20293051,0.0,0.342288911,0.000000000,0.321231782
0.0,0.50099647,0.0,0.433295488,0.000000000,0.444188623
0.0,0.368808419,0.0,0.521863997,0.000000000,0.427145098
0.0,0.100870162,0.0,0.53487587,0.000000000,0.315080000
0.0,0.072634153,0.0,0.644737303,0.000000000,0.364723278
0.0,0.136515558,0.0,0.700178027,0.000000000,0.411786817
0.0,0.269426137,0.0,0.788835526,0.000000000,0.498794513
0.0,0.312267452,0.0,0.732494175,0.000000000,0.509915197
0.0,0.205833882,0.0,0.649236441,0.000000000,0.395073140
0.1104,0.284998775,0.0658,0.661727667,0.095986526,0.473543220
0.0878,0.183165148,0.1202,0.491339147,0.100468967,0.319680528
0.2191,0.050369695,0.254,0.248544365,0.215291876,0.146141037
0.3857,0.000220031,0.4076,0.114520662,0.387623292,0.080899258
0.5104,0.00628757,0.5215,0.254401684,0.478695476,0.074680521
0.6019,0.010242932,0.6039,0.260031074,0.584939355,0.125146084
0.6436,0.013313625,0.6412,0.309670746,0.598698363,0.129309654
0.6155,0.021124285,0.6345,0.389329493,0.577521143,0.176333613
0.7403,0.040823564,0.7585,0.459581256,0.703328960,0.236824133
0.5629,0.06583266,0.5834,0.441820174,0.548363203,0.250361740
0.4731,0.141652644,0.4988,0.41475147,0.448649928,0.278353106
0.3398,0.176141694,0.3796,0.348683596,0.344896837,0.251108510
0.1685,0.22296156,0.2249,0.363346934,0.190052719,0.274891602
0.073,0.267490387,0.1097,0.271154702,0.084963806,0.296923173
0.0515,0.326519668,0.0755,0.224437058,0.019909847,0.274086685
0.0,0.443631709,0.0,0.34814924,0.000000000,0.382415897
0.0,0.558796465,0.0,0.396882057,0.000000000,0.480124856
0.0,0.5950284,0.0,0.45529601,0.000000000,0.488162969
0.0,0.763088822,0.0,0.430940121,0.000000000,0.575782091
0.0,0.774059713,0.0,0.450038642,0.000000000,0.609703359
0.0,0.866425455,0.0,0.438241184,0.000000000,0.609000681
0.0,0.956704021,0.0,0.42793709,0.000000000,0.699053481
0.0,0.835111439,0.0,0.48630777,0.000000000,0.591538353
0.0,0.499104619,0.0,0.566731036,0.000000000,0.520840900
0.1349,0.473318368,0.0848,0.628187001,0.110195824,0.507023919
0.087,0.300047606,0.091,0.516454577,0.069003495,0.416779328
0.2179,0.019017693,0.1993,0.22279796,0.229156380,0.164836882
0.3662,0.000222957,0.3474,0.08899235,0.350157782,0.068038545
0.453,0.00067973,0.4397,0.069031969,0.413833122,0.035212940
0.5139,0.001896137,0.5108,0.063565858,0.517806706,0.025710900
0.5027,0.002511985,0.4458,0.066698283,0.439753623,0.012514501
0.486,0.029796394,0.4827,0.152992547,0.455396176,0.063759172
0.5046,0.121206544,0.4512,0.206111357,0.416785403,0.205563488
0.4792,0.154077724,0.4062,0.26776433,0.423393861,0.160862357
0.4084,0.246447563,0.3605,0.236120731,0.370838416,0.216927775
0.2899,0.227422833,0.2536,0.30843389,0.258553735,0.275551156
0.1532,0.130244672,0.1258,0.319988668,0.101560176,0.259036219
0.0512,0.268249333,0.0334,0.343753844,0.020879429,0.302179276
0.0079,0.09147121,0.0,0.39291048,0.024605625,0.234899473
0.0,0.210430145,0.0,0.48380667,0.000000000,0.352496468
0.0,0.313427418,0.0,0.452286959,0.000000000,0.385496376
0.0,0.294840246,0.0,0.405125558,0.000000000,0.336663461
0.0,0.189340532,0.0,0.386858791,0.000000000,0.297258188
0.0,0.311506182,0.0,0.417278826,0.000000000,0.353616621
0.0,0.429367989,0.0,0.410167038,0.000000000,0.372881852
0.0,0.666860759,0.0,0.533909023,0.000000000,0.636300618
0.0,0.714906156,0.0,0.661154389,0.000000000,0.680399516
0.0,0.753606141,0.0,0.700447381,0.000000000,0.691132894
0.0009,0.745957077,0.0,0.758610725,0.000000000,0.693719336
0.0476,0.553795636,0.069,0.730833173,0.016459457,0.638286458
0.1894,0.232608795,0.2037,0.410654962,0.176467808,0.303716978
0.3091,0.216478005,0.3469,0.170906514,0.301852984,0.201464944
0.3908,0.0983219,0.4454,0.132971898,0.402802024,0.130885254
0.4513,0.20118317,0.5356,0.111299545,0.472330540,0.174401221
0.4954,0.175673634,0.5765,0.070892677,0.528222596,0.104170944
0.5444,0.106838748,0.6069,0.094320223,0.555114322,0.087378385
0.5906,0.100744501,0.621,0.254580468,0.592609683,0.158983217
0.5663,0.096420929,0.5791,0.289869249,0.569149880,0.153271364
0.463,0.108535677,0.48,0.298413754,0.452355728,0.178129939
0.3344,0.157490104,0.3653,0.296498209,0.307696911,0.218551628
0.1675,0.203478783,0.2149,0.306476951,0.164921948,0.275570362
0.0696,0.237200379,0.1006,0.251269281,0.084804558,0.245757542
0.0264,0.258274436,0.0248,0.246904761,0.036893845,0.255682570
0.0,0.397927761,0.0,0.269306123,0.000000000,0.301751745
0.0,0.552703142,0.0,0.275501251,0.000000000,0.411500029
0.0,0.572329819,0.0,0.281742573,0.000000000,0.398164093
0.0,0.566900074,0.0,0.268800199,0.000000000,0.407044886
0.0,0.516343713,0.0,0.245486215,0.000000000,0.348536915
0.0,0.379571438,0.0,0.318734169,0.000000000,0.352374896
0.0,0.25224036,0.0,0.258571506,0.000000000,0.258728822
0.0,0.188107312,0.0,0.197928727,0.000000000,0.193009297
0.0,0.138289481,0.0,0.199667037,0.000000000,0.170182894
0.1152,0.181085125,0.0347,0.191009521,0.065602190,0.168635953
0.0873,0.061506607,0.1075,0.131597802,0.101011781,0.108347330
0.2188,0.009964381,0.2322,0.041415401,0.197107714,0.048597216
0.361,5.49e-5,0.3316,0.016327722,0.328080589,0.009797413
0.4632,0.002230583,0.3595,0.017201526,0.386773405,0.020802364
0.5972,0.010341065,0.4541,0.022785647,0.522954079,0.077262307
0.464,0.068388782,0.4555,0.058574662,0.449367361,0.061679717
0.4484,0.043731201,0.4176,0.09385588,0.427164381,0.101305895
0.4266,0.09393847,0.3601,0.217545807,0.380261560,0.146980637
0.4012,0.043836854,0.3141,0.238522217,0.297747373,0.142194974
0.3295,0.09929195,0.2299,0.204888746,0.284581140,0.134256978
0.2302,0.16745013,0.1561,0.305586934,0.183884212,0.213648903
0.1164,0.253020108,0.0778,0.255524606,0.090927350,0.206945437
0.0125,0.045722414,0.0004,0.238821268,0.010835952,0.150723064
0.0,0.07418026,0.0,0.348031223,0.000000000,0.179868417
0.0,0.07617934,0.0,0.14238359,0.000000000,0.074058387
0.0,0.185299113,0.0,0.112149894,0.000000000,0.157459664
0.0,0.049925163,0.0,0.07309211,0.000000000,0.080601633
0.0,0.021917189,0.0,0.049112782,0.000000000,0.018207674
0.0,0.069366634,0.0,0.059702866,0.000000000,0.052379384
0.0,0.173460245,0.0,0.074365459,0.000000000,0.095372006
0.0,0.330310285,0.0,0.062557846,0.000000000,0.187884983
0.0,0.484885126,0.0,0.071087427,0.000000000,0.245524543
0.0,0.506483376,0.0,0.075161591,0.000000000,0.291911593
0.0316,0.51050359,0.0168,0.044340335,0.034813047,0.298497598
0.0805,0.199067056,0.1067,0.05166579,0.059289970,0.101385731
0.2149,0.356455564,0.2393,0.01513879,0.248744959,0.189044030
0.3659,0.283349901,0.3837,0.016382087,0.363520516,0.161868675
0.4898,0.25886184,0.4951,0.009380207,0.458259774,0.119758797
0.5831,0.385790199,0.5785,0.023820121,0.561820845,0.202574779
0.6085,0.518073618,0.6126,0.09957771,0.587972707,0.282264569
0.5999,0.445449471,0.6174,0.080900639,0.592410927,0.294927430
0.5772,0.387315661,0.6044,0.254250467,0.559936625,0.331672731
0.5188,0.37337923,0.5663,0.181480706,0.497294283,0.284194630
0.4201,0.503884971,0.4586,0.158758685,0.421172944,0.316187549
0.3017,0.433672816,0.3374,0.189708054,0.286824471,0.309597653
0.1691,0.605397165,0.2068,0.152186692,0.175903820,0.368105329
0.0705,0.168280423,0.0937,0.108798154,0.079149802,0.150593185
0.0,0.094467729,0.0,0.114200592,0.000000000,0.107157044
0.0,0.062528327,0.0,0.16704531,0.000000000,0.095189106
0.0,0.15690814,0.0,0.19962807,0.000000000,0.232056742
0.0,0.118883848,0.0,0.168253437,0.000000000,0.135635725
0.0,0.251304626,0.0,0.078460611,0.000000000,0.204100891
0.0,0.46454832,0.0,0.091273665,0.000000000,0.277390345
0.0,0.619871557,0.0,0.153806269,0.000000000,0.362892959
0.0,0.782924116,0.0,0.185553581,0.000000000,0.480665579
0.0,0.544351637,0.0,0.213648766,0.000000000,0.371094581
0.0,0.388339579,0.0,0.246533602,0.000000000,0.287935177
0.0259,0.188761607,0.0003,0.20844081,0.054826211,0.182665107
0.096,0.056012779,0.0996,0.15391171,0.086460407,0.085429796
0.2133,0.011642265,0.2184,0.141758978,0.217563162,0.097349721
0.3624,0.005336904,0.3801,0.141372338,0.357412474,0.044096451
0.4795,0.036412083,0.497,0.176750541,0.449879381,0.104388346
0.5633,0.113800742,0.566,0.240983516,0.524093256,0.186940084
0.5708,0.309363514,0.5632,0.291923583,0.506023997,0.318408195
0.534,0.537328064,0.5305,0.310834885,0.509278183,0.421301354
0.5641,0.75558275,0.5783,0.32536751,0.569828117,0.540939734
0.5537,0.804839015,0.5735,0.281852484,0.538748841,0.537184683
0.457,0.814335048,0.4853,0.264059514,0.431623779,0.541793243
0.3439,0.82010901,0.4051,0.214059621,0.356697603,0.463852818
0.1642,0.700861871,0.2135,0.283645898,0.180510521,0.468744696
0.0638,0.377394527,0.0909,0.375071973,0.073165182,0.362986085
0.0,0.301600695,0.0,0.475409746,0.000000000,0.394545282
0.0,0.539320409,0.0,0.512138724,0.000000000,0.510374387
0.0,0.604777336,0.0,0.561678171,0.000000000,0.591877995
0.0,0.605847716,0.0,0.698435903,0.000000000,0.670493060
0.0,0.867583036,0.0,0.629852653,0.000000000,0.760174788
0.0,0.896252215,0.0,0.6318084,0.000000000,0.736376826
0.0,0.902161598,0.0,0.730929375,0.000000000,0.799899120
0.0,0.807876408,0.0,0.745003581,0.000000000,0.725307904
0.0,0.481758773,0.0,0.693539083,0.000000000,0.592203567
0.0,0.350461036,0.0,0.562577009,0.000000000,0.492676725
0.0054,0.369291186,0.0003,0.480208516,0.005687374,0.387284409
0.0826,0.327216417,0.1088,0.477022827,0.098084485,0.376647743
0.2036,0.128708065,0.2241,0.218143106,0.192920373,0.180863848
0.3215,0.109231159,0.3379,0.194244981,0.322948713,0.151352056
0.4199,0.032121081,0.4303,0.267623186,0.407177481,0.153642312
0.5034,0.165889904,0.5516,0.235411063,0.474702697,0.205093731
0.5322,0.229558229,0.5807,0.330409825,0.521693798,0.289311103
0.5403,0.552829027,0.5564,0.273507774,0.514322421,0.364034024
0.4716,0.673825681,0.4414,0.400495827,0.405306361,0.514906416
0.3179,0.909441948,0.2005,0.565150857,0.242067595,0.690113777
0.1481,0.40397352,0.201,0.624679148,0.191717670,0.498786829
0.1209,0.053071491,0.2205,0.632019281,0.151566783,0.293710775
0.1182,0.009857893,0.1106,0.62109381,0.103865122,0.313428026
0.0209,0.022703402,0.0083,0.588119864,0.024170921,0.306357198
0.0,0.06118574,0.0,0.625629306,0.000000000,0.346071396
0.0,0.155283213,0.0,0.692180157,0.000000000,0.422093909
0.0,0.194212124,0.0,0.848867655,0.000000000,0.502390922
0.0,0.325269014,0.0,0.804378629,0.000000000,0.540660764
0.0,0.216164544,0.0,0.607896805,0.000000000,0.399024128
0.0,0.294233441,0.0,0.649045944,0.000000000,0.439622018
0.0,0.27193734,0.0,0.564376056,0.000000000,0.415083173
0.0,0.172537595,0.0,0.66976577,0.000000000,0.415504036
0.0,0.461593479,0.0,0.455647349,0.000000000,0.451476318
0.0,0.475345463,0.0,0.362804651,0.000000000,0.396871945
0.0124,0.302758217,0.0,0.430874139,0.024077837,0.412138791
0.0858,0.147479713,0.0708,0.283736497,0.069873959,0.236839641
0.1993,0.066136509,0.1866,0.209491715,0.175178320,0.113761815
0.3012,0.048136499,0.3088,0.188906968,0.298713232,0.105890025
0.4181,0.001305424,0.41,0.200804844,0.379905470,0.065586648
0.5171,0.02227441,0.4767,0.180536553,0.457878484,0.075640513
0.5313,0.010808986,0.5248,0.432551235,0.503588057,0.236184471
0.5773,0.011530235,0.5645,0.437235355,0.544527781,0.205655048
0.5196,0.058907609,0.5172,0.519850671,0.479899740,0.291213375
0.4946,0.063854888,0.5145,0.718330741,0.496379738,0.401422634
0.4443,0.145684391,0.4684,0.601710439,0.444305717,0.386711077
0.3279,0.10168203,0.3687,0.695452809,0.330648914,0.392185906
0.1745,0.104971349,0.2197,0.618776441,0.186102570,0.326879525
0.071,0.01616681,0.0928,0.620671511,0.087817685,0.306765450
0.0002,0.297574669,0.0,0.394486606,0.000000000,0.352237982
0.0,0.367312461,0.0,0.647626281,0.000000000,0.533765433
0.0,0.0007446,0.0,0.007264851,0.000000000,0.000000000
0.0,0.068054058,0.0,0.717990816,0.000000000,0.380492824
0.0,0.094593525,0.0,0.787509739,0.000000000,0.421279389
0.0,0.213648081,0.0,0.724269986,0.000000000,0.460256626
0.0,0.531912327,0.0,0.727548957,0.000000000,0.608456187
0.0,0.692196727,0.0,0.753442526,0.000000000,0.724828854
0.0,0.518783391,0.0,0.668654859,0.000000000,0.582637544
0.0,0.676166594,0.0,0.503800452,0.000000000,0.581725509
0.0042,0.510285676,0.0,0.366526216,0.000000000,0.418502852
0.0398,0.148385465,0.0037,0.123009101,0.034825636,0.158003144
0.1349,0.017506892,0.0539,0.004508218,0.113924218,0.027573801
0.246,0.102544896,0.1719,0.004836794,0.191730570,0.059377234
0.3214,0.135170639,0.2838,0.006659714,0.305034258,0.065946654
0.3781,0.132621363,0.37,0.03347563,0.355504388,0.072152025
0.4205,0.069042861,0.4164,0.066656902,0.415708070,0.060853065
0.4431,0.048704062,0.387,0.12635231,0.399737464,0.098076437
0.4225,0.026934966,0.3769,0.097560838,0.359229954,0.054032725
0.4012,0.03281936,0.3819,0.046201877,0.390725628,0.053716812
0.3611,0.031553883,0.3384,0.047009844,0.353817114,0.016355327
0.2682,0.081398696,0.2655,0.058036353,0.268798969,0.055925454
0.1522,0.036627773,0.1453,0.080282196,0.117856782,0.055810828
0.0493,7.58e-6,0.0601,0.026029274,0.056333526,0.030167911
0.0035,0.009274209,0.0,0.205130726,0.000000000,0.125496941
0.0,0.005863861,0.0,0.239637733,0.000000000,0.135527891
0.0,0.003044422,0.0,0.228756726,0.000000000,0.086117183
0.0,0.005838812,0.0,0.265000641,0.000000000,0.156611331
0.0,0.00170265,0.0,0.305796921,0.000000000,0.135811846
0.0,0.005503632,0.0,0.253565937,0.000000000,0.124091560
0.0,0.006187149,0.0,0.188861892,0.000000000,0.115813406
0.0,0.105491459,0.0,0.158726007,0.000000000,0.143792652
0.0,0.203179836,0.0,0.144552737,0.000000000,0.154110775
0.0,0.31184566,0.0,0.151686087,0.000000000,0.195650513
0.0958,0.15729934,0.0236,0.15887779,0.054064350,0.186517310
0.085,0.027425,0.1118,0.098857567,0.093505159,0.076422563
0.2209,0.000555741,0.2461,0.015690109,0.199518483,0.006893010
0.3936,0.001436484,0.4127,0.000112617,0.377670610,0.029538450
0.5269,0.003749114,0.5355,0.000105856,0.494046205,0.017806288
0.6269,0.010715026,0.612,0.001608537,0.574917976,0.019920346
0.6626,0.024330039,0.6631,0.012877713,0.609144913,0.038445085
0.6526,0.009454269,0.6607,0.051263224,0.615664946,0.043414880
0.6325,0.015575085,0.6558,0.051028762,0.598173754,0.018792939
0.5865,0.038747013,0.6019,0.067830533,0.571730254,0.055141146
0.4871,0.055153936,0.5113,0.089574166,0.452004005,0.040674979
0.35,0.099925354,0.39,0.187966168,0.342165463,0.156401694
0.1748,0.171507657,0.2283,0.252968103,0.199966780,0.208349378
0.0721,0.259897947,0.1039,0.293105483,0.086661806,0.247156926
0.0038,0.484913051,0.0004,0.292433858,0.005743637,0.379435779
0.0,0.65207845,0.0,0.584969997,0.000000000,0.602543715
0.0,0.549565196,0.0,0.615296006,0.000000000,0.539174237
0.0,0.264352381,0.0,0.701627791,0.000000000,0.459011817
0.0,0.201819241,0.0,0.640225172,0.000000000,0.393575664
0.0,0.110443436,0.0,0.574448824,0.000000000,0.355657958
0.0,0.227475628,0.0,0.627178669,0.000000000,0.411364634
0.0,0.0,0.0,0.00530291,0.000000000,0.008325405
0.0,0.0,0.0,0.003513803,0.000000000,0.010283453
0.0,0.007766452,0.0,0.003311914,0.000000000,0.016554099
0.1493,0.011667026,0.146,0.003518699,0.141108142,0.000000000
0.0807,0.006440069,0.1169,0.013626697,0.100164345,0.001319247
0.2201,0.147832498,0.2513,0.10863997,0.223120511,0.107229792
0.3898,0.007227662,0.408,0.065270953,0.370334176,0.034403164
0.5143,0.0,0.5257,0.094853349,0.506328546,0.053642942
0.6101,0.002701762,0.6115,0.116510764,0.588910553,0.067270525
0.6395,0.036665987,0.6428,0.184746236,0.606433702,0.083091212
0.6368,0.050647214,0.6367,0.309439421,0.588298336,0.178487825
0.6288,0.118039176,0.6295,0.385022372,0.600816380,0.259989346
0.5833,0.2463561,0.5949,0.370233446,0.561934665,0.326086675
0.478,0.403732568,0.5051,0.371943533,0.430989952,0.409854006
0.345,0.448961526,0.3877,0.402502477,0.347514439,0.428122326
0.1708,0.506937206,0.2244,0.429250807,0.200251137,0.449223244
0.0667,0.515148342,0.1006,0.467637539,0.085561736,0.440540192
0.0,0.401803851,0.0,0.456362575,0.000000000,0.407331612
0.0,0.542189062,0.0,0.71908617,0.000000000,0.626793474
0.0,0.627934754,0.0,0.706160724,0.000000000,0.660891418
0.0,0.294224769,0.0,0.819404304,0.000000000,0.568102070
0.0,0.445834845,0.0,0.787577629,0.000000000,0.596556812
0.0,0.409766108,0.0,0.769602716,0.000000000,0.596921370
0.0,0.440179735,0.0,0.769147277,0.000000000,0.615922054
0.0,0.599495947,0.0,0.729889631,0.000000000,0.662994020
0.0,0.732554317,0.0,0.728101015,0.000000000,0.696819634
0.0,0.708454549,0.0,0.633346379,0.000000000,0.667708160
0.0009,0.579008579,0.0,0.533321559,0.033851362,0.530688923
0.0705,0.070053943,0.0606,0.417850465,0.055326988,0.222421276
0.1883,0.159217551,0.1575,0.30825302,0.176937899,0.197417809
0.2657,0.145927742,0.1957,0.167522609,0.245294449,0.170655476
0.3542,0.15139842,0.2839,0.118866235,0.301967133,0.134742442
0.4061,0.031285115,0.3829,0.20584178,0.379098517,0.074861247
0.451,0.181661546,0.4717,0.37851572,0.435187038,0.316578044
0.5063,0.149828255,0.5667,0.516857505,0.508257445,0.299220843
0.5355,0.266923249,0.5689,0.62402463,0.486701832,0.488727573
0.5429,0.491031528,0.5189,0.67634964,0.488926666,0.590463634
0.4437,0.47019124,0.3273,0.674855649,0.333997614,0.590971873
0.2909,0.288553089,0.1738,0.797940016,0.208119578,0.510957319
0.1575,0.326763928,0.0791,0.743645608,0.116193407,0.527860816
0.0422,0.276301891,0.025,0.731648445,0.021610297,0.496011225
0.0,0.036212094,0.0,0.756825149,0.000000000,0.400348711
0.0,0.291960955,0.0,0.836522996,0.000000000,0.560183617
0.0,0.555636585,0.0,0.748120904,0.000000000,0.641774645
0.0,0.147788435,0.0,0.833764553,0.000000000,0.454496299
0.0,0.03690565,0.0,0.773369551,0.000000000,0.380339458
0.0,0.05028389,0.0,0.570466161,0.000000000,0.295484132
0.0,0.309187025,0.0,0.509614289,0.000000000,0.374996816
0.0,0.155633673,0.0,0.64368552,0.000000000,0.378561447
0.0,0.02770661,0.0,0.4498294,0.000000000,0.205552081
0.0,0.080907211,0.0,0.386471272,0.000000000,0.195096847
0.0,0.107065812,0.0,0.226429671,0.000000000,0.102172612
0.0696,0.480480909,0.0956,0.180741727,0.091402415,0.282674945
0.2025,0.088204063,0.2315,0.256821513,0.218792924,0.177994902
0.3519,0.061943814,0.3666,0.315360636,0.333531840,0.199316252
0.4108,0.157626867,0.4424,0.276806056,0.393657231,0.233292591
0.4738,0.795571804,0.4827,0.270952821,0.450563575,0.516984562
0.5385,0.793277204,0.5894,0.457469642,0.549070825,0.606896358
0.5878,0.666306376,0.6157,0.473373324,0.572149673,0.551857090
0.5818,0.734931707,0.617,0.484023154,0.569291674,0.613701916
0.4739,0.877784491,0.5598,0.690941334,0.505241057,0.740013085
0.3739,0.877198219,0.4422,0.71916616,0.391810576,0.792283655
0.294,0.770337343,0.3355,0.737506509,0.310505484,0.781479946
0.1633,0.728996396,0.2068,0.709909439,0.171829332,0.764142331
0.0589,0.717342496,0.0817,0.814069033,0.066288463,0.745285174
0.0,0.705081284,0.0,0.941306412,0.000000000,0.816104131
0.0,0.749585867,0.0,0.994492054,0.000000000,0.861264935
0.0,0.713142335,0.0,0.996944606,0.000000000,0.865417129
0.0,0.727296352,0.0,0.996489644,0.000000000,0.818457940
0.0,0.974952281,0.0,0.982471108,0.000000000,0.982926901
0.0,0.979996562,0.0,0.96164906,0.000000000,0.936592630
0.0,0.821930289,0.0,0.988954306,0.000000000,0.844182093
0.0,0.576981127,0.0,0.994898081,0.000000000,0.756344223
0.0,0.349986792,0.0,0.986552358,0.000000000,0.644335826
0.0,0.843137503,0.0,0.972140312,0.000000000,0.877663767
0.125,0.658087611,0.1003,0.959644735,0.128610999,0.770973086
0.0777,0.368311286,0.1147,0.871397495,0.094003414,0.631457793
0.2219,0.316490531,0.253,0.536512017,0.204425064,0.438971830
0.3995,0.636208177,0.4226,0.646966994,0.369686005,0.641434190
0.5319,0.630149722,0.5498,0.477713019,0.518957870,0.571270252
0.6343,0.640478194,0.6495,0.782113671,0.613379705,0.697591726
0.6663,0.758580685,0.6885,0.610477984,0.630659244,0.700541052
0.6765,0.712428987,0.6914,0.619778216,0.634521236,0.674125961
0.6227,0.47575897,0.6275,0.736865222,0.586430352,0.590860813
0.6104,0.55289042,0.6347,0.753465176,0.571862459,0.601503106
0.4944,0.416191459,0.5308,0.730966687,0.523976978,0.549656850
0.3509,0.457237422,0.4019,0.681679189,0.341485156,0.561921087
0.1694,0.520943999,0.2241,0.423820138,0.178390343,0.492663292
0.0685,0.100752443,0.0822,0.250648171,0.062379239,0.130821791
0.0,0.101085603,0.0,0.28657788,0.000000000,0.181417743
0.0,0.034562234,0.0,0.358344316,0.000000000,0.194757557
0.0,0.049150672,0.0,0.43845439,0.000000000,0.229495943
0.0,0.1262521,0.0,0.454698384,0.000000000,0.288780080
0.0,0.173080131,0.0,0.295605659,0.000000000,0.234123850
0.0,0.211928219,0.0,0.21863237,0.000000000,0.215043227
0.0,0.497549713,0.0,0.215171725,0.000000000,0.375639251
0.0,0.444829255,0.0,0.191714242,0.000000000,0.320834364
0.0,0.582407892,0.0,0.195039183,0.000000000,0.424798476
0.0,0.32800284,0.0,0.207614243,0.000000000,0.264121585
0.002,0.641088128,0.0,0.208490029,0.000000000,0.417015414
0.0439,0.566859007,0.0159,0.217176497,0.020187732,0.384349045
0.1485,0.747884989,0.0875,0.262508631,0.135924688,0.489067580
0.2769,0.272978216,0.257,0.095036045,0.246844003,0.142439730
0.3301,0.49221769,0.305,0.040261149,0.313497185,0.237260234
0.3681,0.542294681,0.3777,0.05415415,0.350003021,0.291307612
0.3924,0.359153688,0.4231,0.125837162,0.390269406,0.275130947
0.4272,0.256754071,0.5228,0.185695454,0.468733247,0.216755179
0.4446,0.096323848,0.493,0.147830978,0.445409101,0.114827891
0.4271,0.157160014,0.405,0.116055042,0.395845491,0.131229952
0.3544,0.413438886,0.3971,0.09906435,0.355546511,0.238591630
0.2766,0.383098572,0.2993,0.159681082,0.285504170,0.260538267
0.1366,0.28505674,0.1671,0.151165038,0.136819888,0.208604102
0.0193,0.135533303,0.0308,0.143348753,0.059208332,0.135316933
0.0,0.096582443,0.0,0.096781731,0.000000000,0.109952133
0.0,0.385506988,0.0,0.089646772,0.000000000,0.216723572
0.0,0.171946287,0.0,0.022097789,0.000000000,0.088892137
0.0,0.275845289,0.0,0.012253113,0.000000000,0.143759236
0.0,0.445468217,0.0,0.014209658,0.000000000,0.242221753
0.0,0.629154265,0.0,0.057549059,0.000000000,0.314806904
0.0,0.279455632,0.0,0.103172697,0.000000000,0.203077889
0.0,0.297149152,0.0,0.118226543,0.000000000,0.184045612
0.0,0.23917307,0.0,0.128960252,0.000000000,0.159936533
0.0,0.109199814,0.0,0.124063142,0.000000000,0.151963701
0.0,0.124757096,0.0,0.113881245,0.000000000,0.136184576
0.039,0.169885501,0.0636,0.201631308,0.044190761,0.180169552
0.1519,0.09724471,0.1466,0.093774974,0.142252678,0.081265148
0.2595,0.030027896,0.2744,0.062471069,0.258388488,0.012756135
0.3365,0.028357293,0.3585,0.015506114,0.343999840,0.051781231
0.4107,0.024169276,0.4481,0.011285286,0.432414670,0.021652859
0.4512,0.004762101,0.4864,0.023937907,0.444850283,0.000000000
0.4759,0.056682434,0.4768,0.050875943,0.474328371,0.067531277
0.4776,0.067678563,0.4945,0.079704881,0.469124441,0.103364812
0.3957,0.116307363,0.4109,0.127214387,0.364039760,0.118575340
0.3695,0.162299857,0.3802,0.072986029,0.351578215,0.123071601
0.2665,0.120731473,0.3145,0.109789379,0.252607354,0.111664339
0.1424,0.043718897,0.1753,0.222751141,0.158411235,0.135020207
0.0366,0.097648486,0.0558,0.309752792,0.018798342,0.216354270
0.0,0.148402616,0.0,0.437559605,0.000000000,0.281715463
0.0,0.104118586,0.0,0.415304601,0.000000000,0.252524479
0.0,0.204713181,0.0,0.50082016,0.000000000,0.373082937
0.0,0.1627675,0.0,0.558009028,0.000000000,0.346846030
0.0,0.151212633,0.0,0.636257827,0.000000000,0.396313076
0.0,0.233818233,0.0,0.679006934,0.000000000,0.445908868
0.0,0.286923617,0.0,0.668383479,0.000000000,0.460030023
0.0,0.383885324,0.0,0.721199095,0.000000000,0.573840324
0.0,0.240453675,0.0,0.685527563,0.000000000,0.448026780
0.0,0.269338757,0.0,0.555187643,0.000000000,0.395104278
0.0,0.159007832,0.0,0.419839859,0.000000000,0.287836186
0.0759,0.104083121,0.0696,0.34664306,0.082289695,0.198308851
0.1942,0.021503555,0.2154,0.198819637,0.201169204,0.122249992
0.3388,0.031963453,0.3492,0.141326487,0.326108365,0.048342291
0.4434,0.041958526,0.3816,0.123227149,0.388649286,0.080696858
0.5172,0.096781634,0.3968,0.026157066,0.446909629,0.040671696
0.4947,0.174312145,0.4368,0.074200965,0.435036310,0.099486575
0.4841,0.037923686,0.3948,0.164801538,0.394475865,0.086249921
0.4469,0.029281907,0.3538,0.148995847,0.378732936,0.125018544
0.3442,0.237692565,0.2453,0.131790459,0.282598583,0.167501727
0.2529,0.360084385,0.1974,0.122902542,0.194101616,0.235401597
0.1595,0.32215175,0.0995,0.156115338,0.133195318,0.251759268
0.0649,0.185535595,0.0488,0.230884999,0.054296990,0.173036250
0.0001,0.11909277,0.0018,0.30807817,0.000000000,0.233202246
0.0,0.392790467,0.0,0.171230942,0.000000000,0.306683161
0.0,0.636655867,0.0,0.142665043,0.000000000,0.358140798
0.0,0.206172645,0.0,0.062825307,0.000000000,0.151389772
0.0,0.058244888,0.0,0.052879386,0.000000000,0.081356581
0.0,0.043493494,0.0,0.042289991,0.000000000,0.041177580
0.0,0.083646268,0.0,0.06190715,0.000000000,0.032227286
0.0,0.238442972,0.0,0.05007308,0.000000000,0.127266630
0.0,0.266884178,0.0,0.022687217,0.000000000,0.121431011
0.0,0.320777178,0.0,0.04265555,0.000000000,0.185604723
0.0,0.207493842,0.0,0.076296762,0.000000000,0.140419635
0.0,0.182788923,0.0,0.129397139,0.000000000,0.147557517
0.0332,0.111883864,0.0514,0.108976513,0.055058405,0.084993203
0.1747,0.017390583,0.2047,0.061598711,0.195660561,0.020035850
0.2926,0.001600682,0.3065,0.023479396,0.268131675,0.000000000
0.3854,1.2e-5,0.3813,0.031821597,0.377809665,0.000000000
0.4568,0.022567702,0.4341,0.059751909,0.414180728,0.042578833
0.4712,0.047610044,0.441,0.052140657,0.451725765,0.039837178
0.4664,0.039290167,0.4547,0.133274838,0.433280586,0.063500291
0.5758,0.024763504,0.5636,0.113429397,0.532275458,0.088696100
0.3979,0.009788874,0.3996,0.057648621,0.383844877,0.041946599
0.3435,0.000131154,0.3548,0.081942245,0.356942596,0.042380631
0.2533,0.001019059,0.247,0.044573568,0.256466458,0.020717316
0.1416,0.000613961,0.1639,0.150546938,0.135795236,0.075372001
0.037,0.002940915,0.0612,0.159694746,0.022349466,0.077476438
0.0,0.021703508,0.0,0.184309036,0.000000000,0.124490735
0.0,0.039637364,0.0,0.197666094,0.000000000,0.126599062
0.0,0.036990535,0.0,0.194875732,0.000000000,0.123209421
0.0,0.150117502,0.0,0.254858881,0.000000000,0.200261143
0.0,0.0,0.0,0.000942688,0.000000000,0.005995448
0.0,0.070915267,0.0,0.309777021,0.000000000,0.182776590
0.0,0.043208748,0.0,0.348425627,0.000000000,0.198188180
0.0,0.0,0.0,0.000302052,0.000000000,0.027458782
0.0,0.0110688,0.0,0.373376966,0.000000000,0.227091751
0.0,0.007946659,0.0,0.35363096,0.000000000,0.195331882
0.0006,0.033296984,0.0,0.301773489,0.000000000,0.135826197
0.0743,0.000645855,0.1022,0.288553774,0.076445152,0.155412580
0.2155,0.0,0.2321,0.166386425,0.204919355,0.109091480
0.3828,0.0,0.4014,0.080956228,0.405422113,0.026063213
0.5145,0.0,0.5211,0.031050146,0.483271863,0.000000000
0.6114,1.7e-5,0.6106,0.031276762,0.567034859,0.005859624
0.6382,0.005639311,0.6374,0.013134919,0.596425862,0.000000000
0.6077,0.05526524,0.6107,0.010250557,0.591113084,0.061734298
0.6255,0.077861935,0.635,0.050023109,0.553303200,0.091614609
0.584,0.041203178,0.6011,0.141820222,0.585244949,0.122205495
0.4761,0.061525494,0.5084,0.261842787,0.462018752,0.174687201
0.3395,0.09562622,0.3821,0.535275817,0.349006842,0.298409611
0.168,0.170016035,0.2194,0.603050292,0.196748882,0.378644477
0.0586,0.260981232,0.0915,0.795469463,0.083261455,0.510059689
0.0,0.151073858,0.0,0.013854817,0.000000000,0.087991200
0.0,0.112023287,0.0,0.011654522,0.000000000,0.070411290
0.0,0.343510419,0.0,0.551721454,0.000000000,0.425396395
0.0,0.143388748,0.0,0.536015332,0.000000000,0.318452820
0.0,0.122517228,0.0,0.558786213,0.000000000,0.348347258
0.0,0.132900581,0.0,0.646175206,0.000000000,0.387590190
0.0,0.135985076,0.0,0.669126391,0.000000000,0.387243174
0.0,0.103737071,0.0,0.669939458,0.000000000,0.412782273
0.0,0.125444695,0.0,0.632594705,0.000000000,0.400630468
0.0,0.070505142,0.0,0.588258624,0.000000000,0.344323358
0.0,0.090014815,0.0,0.451001406,0.000000000,0.282196148
0.078,0.031014584,0.0684,0.351589739,0.053874688,0.178250130
0.1981,0.004913063,0.2084,0.25680697,0.195949296,0.121694017
0.3184,0.019887092,0.3294,0.160794526,0.317616876,0.102747844
0.4295,0.034846477,0.4428,0.290460497,0.412539599,0.149022286
0.5029,0.164779395,0.5,0.285688639,0.450107275,0.193757998
0.5136,0.195900679,0.4964,0.513419032,0.462384482,0.381734050
0.5054,0.263350904,0.4662,0.577247262,0.433703829,0.405438937
0.4654,0.213311806,0.4529,0.687300801,0.427282565,0.417865709
0.3574,0.082600109,0.3612,0.779374123,0.316637381,0.427021321
0.2901,0.041978907,0.2925,0.870692909,0.276503394,0.434594305
0.1878,0.017881326,0.2143,0.847734392,0.184746265,0.467377702
0.0768,0.029801216,0.1306,0.921869874,0.082337812,0.478799204
0.005,0.000959686,0.038,0.79312551,0.054454140,0.379953161
0.0,0.000549327,0.0,0.756677151,0.000000000,0.372041047
0.0,0.000347153,0.0,0.73504734,0.000000000,0.355618747
0.0,0.000623577,0.0,0.500007391,0.000000000,0.251098034
0.0,0.008795181,0.0,0.534654856,0.000000000,0.284472243
0.0,0.017629707,0.0,0.454697281,0.000000000,0.265895743
0.0,0.102648832,0.0,0.460441262,0.000000000,0.281268936
0.0,0.079731904,0.0,0.411491841,0.000000000,0.189492001
0.0,0.168646559,0.0,0.367942393,0.000000000,0.285178821
0.0,0.132434964,0.0,0.346752942,0.000000000,0.217262778
0.0,0.203392714,0.0,0.315849662,0.000000000,0.279294020
0.0,0.166350022,0.0,0.222955987,0.000000000,0.191667047
0.071,0.208058029,0.0808,0.136019588,0.088700944,0.157622736
0.2055,0.101042807,0.2048,0.076777577,0.217228458,0.111960384
0.3566,0.018733529,0.3516,0.04628972,0.341363896,0.048436331
0.4565,0.023087339,0.4262,0.094196051,0.416388283,0.087881795
0.5028,0.070396572,0.4966,0.067183465,0.480360310,0.085865755
0.5223,0.104521126,0.4919,0.045026191,0.487499769,0.062944362
0.5359,0.090305232,0.5043,0.043990359,0.491016757,0.046112341
0.507,0.100690171,0.4904,0.051302925,0.455047286,0.069555066
0.4455,0.472824931,0.4355,0.027781833,0.423349113,0.225342087
0.3584,0.42435348,0.3301,0.050994843,0.347943336,0.262541385
0.2457,0.62239784,0.2432,0.074718848,0.207434108,0.351346194
0.1507,0.261925668,0.1657,0.106692605,0.144779073,0.175904601
0.0369,0.134082243,0.0175,0.226426572,0.016188785,0.185992790
0.0,0.093476802,0.0,0.59328407,0.000000000,0.335331626
0.0,0.047184266,0.0,0.429892302,0.000000000,0.265127933
0.0,0.163679302,0.0,0.362330884,0.000000000,0.271226116
0.0,0.118311837,0.0,0.383110523,0.000000000,0.273634707
0.0,0.262232393,0.0,0.1140652,0.000000000,0.179005276
0.0,0.222818285,0.0,0.070332408,0.000000000,0.089261931
0.0,0.269841582,0.0,0.084023096,0.000000000,0.174574466
0.0,0.253300786,0.0,0.075349852,0.000000000,0.122722912
0.0,0.421197981,0.0,0.079368487,0.000000000,0.278670112
0.0,0.365757763,0.0,0.125505835,0.000000000,0.258293535
0.0,0.225884259,0.0,0.074210964,0.000000000,0.141264611
0.0634,0.140923858,0.0673,0.057250559,0.044506270,0.148166485
0.1998,0.007357907,0.2118,0.054892085,0.178327409,0.055453461
0.3594,0.0,0.3812,0.063776821,0.342618174,0.029745659
0.4807,0.003414272,0.5091,0.025671881,0.484763663,0.066709301
0.5724,0.006177597,0.5982,0.042220108,0.564411459,0.000000000
0.5843,0.047582462,0.6102,0.040112823,0.558102871,0.036621612
0.6006,0.038374592,0.6215,0.125482142,0.604830421,0.090706847
0.5989,0.048109129,0.6195,0.226983219,0.566207865,0.124308687
0.5624,0.108380832,0.5816,0.199975371,0.559740321,0.143722406
0.4613,0.217648,0.4955,0.274515599,0.472787874,0.244103556
0.3293,0.439095944,0.374,0.319634348,0.336368300,0.388786590
0.1622,0.49271968,0.2097,0.181389824,0.220394006,0.320753185
0.0508,0.139052004,0.0811,0.190462455,0.067959301,0.164792554
0.0,0.093283795,0.0,0.324285179,0.000000000,0.218256419
0.0,0.132594347,0.0,0.38106966,0.000000000,0.271175278
0.0,0.442664206,0.0,0.334854931,0.000000000,0.383772865
0.0,0.414853841,0.0,0.261629999,0.000000000,0.340631386
0.0,0.594603896,0.0,0.194285825,0.000000000,0.379269024
0.0,0.899843693,0.0,0.139612034,0.000000000,0.490853556
0.0,0.859262407,0.0,0.188129097,0.000000000,0.533990214
0.0,0.964735806,0.0,0.307068467,0.000000000,0.602363267
0.0,0.858143985,0.0,0.421585321,0.000000000,0.640576178
0.0,0.574355662,0.0,0.49153167,0.000000000,0.537495282
0.0,0.489393651,0.0,0.457968414,0.000000000,0.489875874
0.073,0.571570575,0.0916,0.342094958,0.104317939,0.445349425
0.2057,0.256252497,0.2137,0.184859276,0.204962278,0.219075212
0.3553,0.011219631,0.3534,0.102810107,0.321196945,0.051175156
0.4562,0.054915525,0.4531,0.086486749,0.423512496,0.069371630
0.4998,0.058484294,0.4717,0.084523648,0.458283258,0.085306340
0.5687,0.092676252,0.5288,0.109857976,0.506966920,0.138969050
0.5299,0.041595124,0.5318,0.114588529,0.483944496,0.046621903
0.5972,0.07349997,0.603,0.278873742,0.536783289,0.205299895
0.564,0.101013891,0.576,0.276495308,0.545039071,0.188452990
0.4604,0.209304363,0.4606,0.409936547,0.449967076,0.299856113
0.3121,0.255189776,0.3235,0.384340078,0.278021027,0.324970954
0.1584,0.476442665,0.1753,0.439774662,0.133035882,0.439800569
0.0394,0.209831789,0.0437,0.425190926,0.046373753,0.343039875
0.0,0.34931007,0.0,0.527950168,0.000000000,0.430730306
0.0,0.62692982,0.0,0.563988984,0.000000000,0.561062224
0.0,0.189138651,0.0,0.477102041,0.000000000,0.320071257
0.0,0.26017195,0.0,0.447281778,0.000000000,0.326391316
0.0,0.245002493,0.0,0.371874303,0.000000000,0.282308555
0.0,0.374451518,0.0,0.225363225,0.000000000,0.292557836
0.0,0.508826733,0.0,0.142932042,0.000000000,0.338659158
0.0,0.344439834,0.0,0.156074077,0.000000000,0.247505343
0.0,0.129520863,0.0,0.181099802,0.000000000,0.146734373
0.0,0.032760069,0.0,0.165841267,0.000000000,0.067506755
0.0,0.038477287,0.0,0.159103006,0.000000000,0.108697838
0.0648,0.005595809,0.0818,0.103686184,0.053072579,0.027732253
0.204,0.000225392,0.2138,0.034921736,0.195851945,0.022460019
0.365,1.72e-5,0.3722,0.00382924,0.341597522,0.000000000
0.4921,0.00011585,0.4891,0.002723673,0.454574731,0.000000000
0.5866,0.006432365,0.5846,0.007592865,0.553184510,0.000000000
0.607,0.01321273,0.6077,0.014689274,0.543765647,0.000000000
0.6048,0.133369267,0.6073,0.017831365,0.573746103,0.067314649
0.5919,0.187196389,0.6026,0.040629856,0.560178143,0.106883028
0.5448,0.320473164,0.5793,0.063267797,0.535520909,0.218967270
0.4365,0.422538102,0.4894,0.231333286,0.438652670,0.309752144
0.2947,0.419950515,0.3709,0.35787639,0.275124390,0.391865769
0.136,0.270328492,0.2093,0.423865795,0.134257308,0.328261016
0.0379,0.372612178,0.079,0.537350178,0.087206796,0.473841680
0.0,0.363471001,0.0,0.564467549,0.000000000,0.486049133
0.0,0.642579496,0.0,0.715863883,0.000000000,0.690299337
0.0,0.653346777,0.0,0.564332008,0.000000000,0.594487496
0.0,0.54029429,0.0,0.49223882,0.000000000,0.479008979
0.0,0.399268389,0.0,0.481817722,0.000000000,0.389016430
0.0,0.258871853,0.0,0.481899828,0.000000000,0.377797654
0.0,0.221074373,0.0,0.545598805,0.000000000,0.354200806
0.0,0.18691349,0.0,0.594973981,0.000000000,0.358250139
0.0,0.202118307,0.0,0.626642406,0.000000000,0.396660371
0.0,0.311555803,0.0,0.655284166,0.000000000,0.436435616
0.0,0.255144477,0.0,0.685106933,0.000000000,0.446074955
0.0634,0.014676225,0.0685,0.645588338,0.046008344,0.342071048
0.1953,0.046334174,0.2031,0.626110256,0.206771980,0.333818484
0.3401,0.258614153,0.3378,0.489660054,0.323033956,0.388632601
0.4563,0.244596422,0.4464,0.568287134,0.432192345,0.389270231
0.5382,0.431832463,0.5376,0.765148401,0.530678182,0.562572184
0.5595,0.649898291,0.5692,0.856351376,0.527498004,0.738042808
0.5479,0.805081904,0.5578,0.903832674,0.523826027,0.852565197
0.5425,0.913683653,0.5184,0.976546168,0.473473613,0.922918277
0.4874,0.891577005,0.4012,0.974174261,0.418178066,0.910428385
0.3436,0.562027514,0.2949,0.9985466,0.284932411,0.796087076
0.2091,0.530714929,0.1362,0.987996936,0.143029600,0.740895596
0.0838,0.559276283,0.0494,0.991862118,0.060071827,0.762600022
0.0077,0.300751209,0.0186,0.965740323,0.000000000,0.649721486
0.0,0.387668461,0.0,0.981848598,0.000000000,0.678102245
0.0,0.485216528,0.0,0.970619977,0.000000000,0.729003518
0.0,0.677736521,0.0,0.993181467,0.000000000,0.842778606
0.0,0.832562149,0.0,0.984236956,0.000000000,0.888092875
0.0,0.742311597,0.0,0.960289717,0.000000000,0.875556330
0.0,0.593552351,0.0,0.907955587,0.000000000,0.755100244
0.0,0.568567097,0.0,0.829117656,0.000000000,0.742140659
0.0,0.638490975,0.0,0.706816792,0.000000000,0.677545031
0.0,0.455806464,0.0,0.615430593,0.000000000,0.494182204
0.0,0.608601332,0.0,0.699898899,0.000000000,0.666804611
0.0,0.65823102,0.0,0.757248938,0.000000000,0.706270642
0.0532,0.472235829,0.0727,0.634148479,0.056680167,0.552193179
0.1963,0.340141565,0.2192,0.471102595,0.182977114,0.453493423
0.3625,0.279009938,0.3872,0.438420773,0.367896881,0.374502568
0.5001,0.386058092,0.5172,0.486595273,0.494345962,0.437678731
0.5954,0.6263538,0.6211,0.481748611,0.591100480,0.539107981
0.6276,0.626852691,0.6258,0.562712371,0.573311838,0.599439677
0.6399,0.56454289,0.631,0.438270092,0.617542071,0.469901821
0.6237,0.529545248,0.6245,0.548363209,0.534851318,0.518412586
0.5738,0.394948572,0.5806,0.551940739,0.571412325,0.467487718
0.436,0.407272696,0.4625,0.630974889,0.421472793,0.549680493
0.335,0.439121842,0.3753,0.548314333,0.322599243,0.453895385
0.1634,0.434082419,0.2149,0.487197697,0.165770581,0.448248731
0.0531,0.373856485,0.0789,0.213190421,0.101986805,0.261701807
0.0,0.225796655,0.0,0.268532217,0.000000000,0.258579473
0.0,0.276473075,0.0,0.333996713,0.000000000,0.264956798
0.0,0.272939116,0.0,0.453800201,0.000000000,0.375435282
0.0,0.27445659,0.0,0.47115016,0.000000000,0.381380595
0.0,0.369212478,0.0,0.404253572,0.000000000,0.377228003
0.0,0.444630146,0.0,0.396101415,0.000000000,0.432316084
0.0,0.365330964,0.0,0.361373335,0.000000000,0.382689779
0.0,0.336812347,0.0,0.408423781,0.000000000,0.349150907
0.0,0.225206524,0.0,0.370141804,0.000000000,0.311988439
0.0,0.077368006,0.0,0.249215037,0.000000000,0.179032711
0.0,0.036299072,0.0,0.167208388,0.000000000,0.097182584
0.0746,0.023691365,0.0994,0.108387329,0.085159692,0.071656239
0.2162,0.0,0.2393,0.020573728,0.226230244,0.006284775
0.3836,0.0,0.3989,0.013496801,0.358625909,0.000000000
0.5163,0.0,0.519,0.018589254,0.501276397,0.000823904
0.6003,0.0,0.5913,0.00773895,0.546775578,0.001566196
0.5951,0.000805553,0.5587,0.019620012,0.528699362,0.022887387
0.5868,0.006604289,0.5667,0.032423213,0.538377774,0.049076129
0.5494,0.031210985,0.5267,0.088113248,0.511245799,0.062649910
0.4993,0.108228423,0.4768,0.141622782,0.433944187,0.123449497
0.4083,0.181228295,0.4037,0.073648199,0.383603325,0.125288620
0.2849,0.21335867,0.3163,0.150034904,0.270753545,0.183710607
0.1536,0.208176702,0.1734,0.234185308,0.138251450,0.218441296
0.0439,0.046553545,0.0594,0.227774441,0.053618497,0.147725443
0.0,0.038083911,0.0,0.401484877,0.000000000,0.233919161
0.0,0.157425806,0.0,0.488372654,0.000000000,0.306212232
0.0,0.272268742,0.0,0.505999804,0.000000000,0.381164580
0.0,0.284268856,0.0,0.455288351,0.000000000,0.366405982
0.0,0.413445532,0.0,0.443690151,0.000000000,0.422283243
0.0,0.277795881,0.0,0.465400815,0.000000000,0.367277006
0.0,0.490632147,0.0,0.384776652,0.000000000,0.418134295
0.0,0.705119193,0.0,0.407313228,0.000000000,0.557562060
0.0,0.729735017,0.0,0.43199119,0.000000000,0.548277634
0.0,0.473977864,0.0,0.520299673,0.000000000,0.470187759
0.0006,0.39414826,0.0,0.500073552,0.000000000,0.425744369
0.082,0.158279747,0.0875,0.335600376,0.076508289,0.249416287
0.2113,0.01678979,0.232,0.109377019,0.195256341,0.061331580
0.3761,0.0,0.3817,0.03426484,0.342008729,0.018358310
0.4866,0.0,0.4963,0.016049905,0.462614051,0.000000000
0.5673,8.63e-6,0.5618,0.049708243,0.509693521,0.067043511
0.5762,0.001798477,0.5639,0.086975411,0.527456457,0.041222456
0.5534,0.007883409,0.5343,0.235126406,0.529527450,0.099095258
0.4949,0.060826309,0.5166,0.193900853,0.477986626,0.111174208
0.4754,0.082929634,0.479,0.298054278,0.456368032,0.187482780
0.3653,0.126735315,0.3406,0.311619043,0.356014777,0.238450719
0.2285,0.120160803,0.2405,0.333521664,0.223916309,0.245557092
0.1159,0.196345687,0.1271,0.311926514,0.106918393,0.279201897
0.0169,0.042470284,0.0277,0.320567787,0.025007773,0.157150754
0.0,0.027059507,0.0,0.324050397,0.000000000,0.158200382
0.0,0.093288533,0.0,0.274528563,0.000000000,0.178551582
0.0,0.22192809,0.0,0.247457176,0.000000000,0.236999269
0.0,0.241745353,0.0,0.191276193,0.000000000,0.200570714
0.0,0.400600255,0.0,0.187594861,0.000000000,0.321491130
0.0,0.241860256,0.0,0.210261822,0.000000000,0.227220703
0.0,0.307925165,0.0,0.15224348,0.000000000,0.238351923
0.0,0.40150705,0.0,0.188768879,0.000000000,0.308682415
0.0,0.336982548,0.0,0.227772996,0.000000000,0.309070474
0.0,0.263677031,0.0,0.327872366,0.000000000,0.314674594
0.0001,0.210722789,0.0,0.327905655,0.000000000,0.255331307
0.061,0.112345092,0.0751,0.306337535,0.045284602,0.190945757
0.2043,0.001639137,0.2253,0.145317063,0.189994145,0.043486819
0.3621,0.0,0.3794,0.000840754,0.336596665,0.004624647
0.4936,0.0,0.5059,0.013986636,0.480680789,0.012171966
0.5907,0.000128058,0.5986,0.00853173,0.548882143,0.018782872
0.6045,0.004562072,0.6057,0.015036004,0.588475198,0.000000000
0.5941,0.022602342,0.6024,0.1015957,0.562723342,0.086265169
0.5648,0.105624899,0.546,0.191436023,0.545534158,0.146496164
0.4976,0.25582251,0.5027,0.172949374,0.489052458,0.194396167
0.3895,0.31423226,0.4288,0.155721396,0.392020161,0.211116399
0.2854,0.503690839,0.3114,0.07250531,0.295304868,0.305540083
0.1313,0.514835596,0.1577,0.075576589,0.151307014,0.278176812
0.0271,0.59612453,0.0262,0.073016837,0.007848226,0.324825925
0.0,0.388006777,0.0,0.083594546,0.000000000,0.249790271
0.0,0.218310565,0.0,0.078868687,0.000000000,0.114590599
0.0,0.18425867,0.0,0.117262855,0.000000000,0.133595260
0.0,0.289347678,0.0,0.224287212,0.000000000,0.285125282
0.0,0.503379285,0.0,0.239651844,0.000000000,0.355530345
0.0,0.529571176,0.0,0.182831958,0.000000000,0.343870754
0.0,0.454184294,0.0,0.163413003,0.000000000,0.340495424
0.0,0.355464965,0.0,0.249836415,0.000000000,0.289662929
0.0,0.078358375,0.0,0.258815467,0.000000000,0.189170384
0.0,0.102655746,0.0,0.240626365,0.000000000,0.163640721
0.0,0.044961855,0.0,0.188509911,0.000000000,0.142368171
0.0422,0.034995705,0.0357,0.186013222,0.020861609,0.125201541
0.1847,0.016045496,0.1917,0.190948337,0.169838893,0.107811434
0.3168,0.016533742,0.2238,0.186697811,0.254023839,0.073612596
0.3829,0.140549913,0.3621,0.161890373,0.348339840,0.170615312
0.4342,0.289390922,0.3679,0.14555119,0.365800702,0.229830622
0.4222,0.541255474,0.3931,0.237273455,0.393713042,0.388538797
0.4114,0.379737437,0.3411,0.299283922,0.342791472,0.312172330
0.3293,0.275174439,0.2901,0.379501045,0.307764100,0.328783439
0.2521,0.26137352,0.2041,0.211864471,0.202938684,0.237936260
0.1593,0.320520937,0.1507,0.306195319,0.162231894,0.334366518
0.044,0.418543696,0.1435,0.421115488,0.090755784,0.433948637
0.0091,0.305957586,0.0788,0.185409948,0.047448195,0.246504920
0.001,0.126056865,0.0084,0.22471714,0.032975849,0.161490619
0.0,0.043664869,0.0,0.31905207,0.000000000,0.196962155
0.0,0.038430285,0.0,0.468331277,0.000000000,0.285753325
0.0,0.103357062,0.0,0.228392154,0.000000000,0.151776913
0.0,0.071129255,0.0,0.317895949,0.000000000,0.195248960
0.0,0.039146576,0.0,0.33529669,0.000000000,0.199475926
0.0,0.003167005,0.0,0.296741575,0.000000000,0.144131826
0.0,0.003453474,0.0,0.447497368,0.000000000,0.237883048
0.0,0.021056334,0.0,0.543410301,0.000000000,0.287104140
0.0,0.070678748,0.0,0.543483973,0.000000000,0.320117977
0.0,0.035969567,0.0,0.479841709,0.000000000,0.253778843
0.0,0.037962023,0.0,0.395932436,0.000000000,0.220586236
0.0441,0.007398673,0.0344,0.227021694,0.046949812,0.102266362
0.1477,0.013349064,0.161,0.106200613,0.143868372,0.043503403
0.2796,0.034362685,0.307,0.117054939,0.256759066,0.072126149
0.3944,0.019799406,0.3961,0.132275134,0.375751485,0.065800522
0.4159,0.030918889,0.3996,0.083372042,0.372409169,0.050853559
0.4386,0.068072684,0.3945,0.134019345,0.397281321,0.120219680
0.4434,0.314440429,0.4583,0.16701889,0.399561367,0.236394139
0.4229,0.280867428,0.4785,0.23346734,0.456209314,0.265577171
0.4106,0.145291388,0.5244,0.190787405,0.406658394,0.158449881
0.3777,0.521374166,0.3887,0.145533994,0.354516030,0.334151201
0.2557,0.513739705,0.2476,0.115790918,0.233665488,0.325052975
0.1227,0.28644982,0.1349,0.138205498,0.100252423,0.212047637
0.0057,0.433134496,0.0151,0.256504416,0.009748988,0.357345555
0.0,0.367067665,0.0,0.218341917,0.000000000,0.293387420
0.0,0.778759897,0.0,0.313727647,0.000000000,0.565001767
0.0,0.663034439,0.0,0.27365613,0.000000000,0.482419891
0.0,0.325374156,0.0,0.237818643,0.000000000,0.280642157
0.0,0.382761329,0.0,0.227929175,0.000000000,0.296033874
0.0,0.252129823,0.0,0.156784058,0.000000000,0.202623381
0.0,0.153479397,0.0,0.157059371,0.000000000,0.134257441
0.0,0.310158074,0.0,0.174983814,0.000000000,0.259379152
0.0,0.242982879,0.0,0.231454968,0.000000000,0.242720554
0.0,0.119204625,0.0,0.22314474,0.000000000,0.184541008
0.0,0.133884028,0.0,0.228379339,0.000000000,0.177413198
0.013,0.011393173,0.0155,0.1760948,0.020748571,0.065464457
0.0891,0.033982676,0.1236,0.078385562,0.109146088,0.057291871
0.1723,0.007599392,0.262,0.039646104,0.226693981,0.017493773
0.2662,0.000201183,0.3681,0.015555759,0.291660412,0.000000000
0.4019,0.000827106,0.5223,0.036572333,0.407940570,0.000000000
0.4251,0.047043238,0.5292,0.050354589,0.454076201,0.101677122
0.4526,0.250209123,0.5028,0.096075267,0.448225394,0.156311125
0.4659,0.300504327,0.5687,0.10414581,0.457417226,0.214024396
0.4813,0.331195533,0.5529,0.102601483,0.486539133,0.195758234
0.4189,0.341275811,0.4542,0.087402999,0.394346529,0.257233112
0.2917,0.379422694,0.3431,0.091455802,0.315767856,0.214264082
0.1482,0.458454221,0.1925,0.087885395,0.157275759,0.264044777
0.0278,0.539608121,0.0608,0.12481612,0.057908553,0.305679627
0.0,0.387109876,0.0,0.182994306,0.000000000,0.264279820
0.0,0.384096384,0.0,0.211554691,0.000000000,0.322631321
0.0,0.397535443,0.0,0.224188685,0.000000000,0.310788505
0.0,0.418081105,0.0,0.205747217,0.000000000,0.309930669
0.0,0.333194613,0.0,0.193173736,0.000000000,0.250655589
0.0,0.276879579,0.0,0.138078675,0.000000000,0.205692593
0.0,0.244051546,0.0,0.159511715,0.000000000,0.194672559
0.0,0.192367882,0.0,0.223406285,0.000000000,0.187484190
0.0,0.272683501,0.0,0.200966746,0.000000000,0.262971568
0.0,0.283660501,0.0,0.206306368,0.000000000,0.233125826
0.0,0.157052442,0.0,0.25207904,0.000000000,0.228283379
0.0607,0.132157028,0.0862,0.221839175,0.050037925,0.172651459
0.2141,0.043802667,0.2409,0.045976557,0.198441445,0.056621637
0.3901,0.101118177,0.4098,0.063790202,0.359773140,0.081361743
0.5228,0.227208167,0.5284,0.046944998,0.493582449,0.108774161
0.616,0.120207287,0.6081,0.02770477,0.574478794,0.074353155
0.6086,0.066363715,0.5946,0.069972098,0.560994312,0.070233504
0.6019,0.090688176,0.5906,0.080665305,0.562739280,0.050436426
0.5902,0.111269347,0.5674,0.074464232,0.538545694,0.111358664
0.5524,0.111813799,0.5695,0.049491026,0.514114993,0.066746838
0.4566,0.196320966,0.4717,0.148488924,0.428458198,0.165863286
0.323,0.204347074,0.3401,0.154751927,0.304494787,0.192124953
0.1535,0.301909328,0.1961,0.134954035,0.165292047,0.224093687
0.0356,0.133996278,0.0601,0.179443061,0.059151516,0.138464084
0.0,0.183802783,0.0,0.292217672,0.000000000,0.243776306
0.0,0.054837544,0.0,0.225129157,0.000000000,0.125687214
0.0,0.105562799,0.0,0.260743141,0.000000000,0.170416152
0.0,0.023596177,0.0,0.394882321,0.000000000,0.198978943
0.0,0.104316622,0.0,0.428426445,0.000000000,0.276579930
0.0,0.330290169,0.0,0.397453666,0.000000000,0.330726526
0.0,0.253783405,0.0,0.363357306,0.000000000,0.351284771
0.0,0.221085504,0.0,0.219395757,0.000000000,0.194267785
0.0,0.193687379,0.0,0.212890878,0.000000000,0.206690090
0.0,0.042915773,0.0,0.190078348,0.000000000,0.101272454
0.0,0.010341197,0.0,0.188141465,0.000000000,0.090796124
0.0611,0.001711228,0.0872,0.131548181,0.055650729,0.046633739
0.21,0.034381524,0.2165,0.054002896,0.188741814,0.025250119
0.3548,0.0,0.3323,0.02976766,0.325076607,0.018620427
0.4601,0.0,0.3569,0.0135081,0.380510612,0.037966446
0.4822,1.5e-5,0.4044,0.032556131,0.410448976,0.032530816
0.4699,0.041692596,0.4283,0.048306987,0.418071877,0.047727475
0.4759,0.077154204,0.4293,0.0192145,0.438705241,0.099423602
0.4362,0.035880689,0.4117,0.055524185,0.405392757,0.075226293
0.4222,0.015943432,0.4054,0.064433672,0.383928430,0.000000000
0.3806,0.008392425,0.3593,0.05994546,0.356649756,0.000000000
0.2804,0.029764967,0.2584,0.098552167,0.266120961,0.067259774
0.1386,0.111592561,0.146,0.128515422,0.161904125,0.152011386
0.0172,0.156972036,0.018,0.174194068,0.027747178,0.129771913
0.0,0.267197847,0.0,0.255536497,0.000000000,0.278409755
0.0,0.145903364,0.0,0.273055911,0.000000000,0.221017879
0.0,0.283807397,0.0,0.256026566,0.000000000,0.267796504
0.0,0.288187593,0.0,0.162834495,0.000000000,0.254395147
0.0,0.590240538,0.0,0.11914587,0.000000000,0.349659329
0.0,0.582544029,0.0,0.11905463,0.000000000,0.344316727
0.0,0.302170753,0.0,0.090659216,0.000000000,0.213672471
0.0,0.286094427,0.0,0.08598882,0.000000000,0.173582641
0.0,0.074887499,0.0,0.097556934,0.000000000,0.094573574
0.0,0.05070845,0.0,0.12843667,0.000000000,0.098105703
0.0,0.093052447,0.0,0.131627142,0.000000000,0.108058020
0.0146,0.016381228,0.0064,0.106644116,0.012165229,0.063297288
0.077,0.022523446,0.1362,0.083557665,0.110930935,0.038891346
0.2238,0.009355896,0.328,0.031838097,0.258826447,0.017954727
0.3855,0.034425445,0.4768,0.014193755,0.426088979,0.045509807
0.542,0.0018138,0.5975,0.009456407,0.534093632,0.022639582
0.6033,0.002159699,0.5761,0.059745103,0.551976041,0.051752747
0.5714,0.003869956,0.4612,0.093376026,0.497828559,0.061436645
0.5218,0.016246825,0.5194,0.170780107,0.494533089,0.088964540
0.4491,0.005882255,0.4092,0.215752602,0.408057485,0.086656488
0.3049,0.031462912,0.3136,0.266259491,0.282641612,0.144563843
0.173,0.015760731,0.1571,0.180816844,0.162869370,0.102125636
0.07,0.005054868,0.052,0.101210982,0.054086422,0.049082349
0.0,0.005392881,0.0,0.140343398,0.000000000,0.110851437
0.0,0.002814593,0.0,0.202516884,0.000000000,0.097359852
0.0,0.069785863,0.0,0.232286915,0.000000000,0.161770213
0.0,0.0666053,0.0,0.135914758,0.000000000,0.112142647
0.0,0.176876739,0.0,0.119838014,0.000000000,0.171180818
0.0,0.161004126,0.0,0.081994638,0.000000000,0.103196795
0.0,0.285567135,0.0,0.077201396,0.000000000,0.204606052
0.0,0.273140132,0.0,0.059454404,0.000000000,0.159463188
0.0,0.239680111,0.0,0.049575996,0.000000000,0.126177708
0.0,0.070996091,0.0,0.064434089,0.000000000,0.071474105
0.0,0.115568019,0.0,0.08530958,0.000000000,0.104659086
0.0,0.074018136,0.0,0.155002043,0.000000000,0.117735506
0.0398,0.056282833,0.048,0.160802662,0.031114167,0.086817105
0.1486,0.073430419,0.1876,0.153920516,0.169934396,0.121921334
0.3517,0.109882452,0.3678,0.268402129,0.348102491,0.164243168
0.4887,0.127836406,0.5237,0.288043439,0.484626167,0.219321278
0.5906,0.399576813,0.6273,0.423750311,0.555185616,0.429206835
0.6156,0.399978071,0.6406,0.566738546,0.591386226,0.457127269
0.6173,0.30920577,0.6258,0.524542987,0.555934652,0.426772379
0.611,0.289571136,0.6174,0.576800227,0.568209673,0.437621742
0.576,0.364803046,0.5929,0.659253478,0.532219194,0.516108794
0.4732,0.467926979,0.5028,0.72458601,0.475473513,0.567381842
0.3345,0.395772547,0.3767,0.73096782,0.336013052,0.528504395
0.1517,0.284413368,0.2024,0.70502007,0.149503927,0.475248042
0.035,0.196736366,0.0637,0.618276894,0.052795257,0.414687956
0.0,0.229927734,0.0,0.471280634,0.000000000,0.358006262
0.0,0.123212859,0.0,0.547557712,0.000000000,0.323937349
0.0,0.19017683,0.0,0.577773035,0.000000000,0.381556219
0.0,0.244431376,0.0,0.327036679,0.000000000,0.271996973
0.0,0.471965581,0.0,0.337744057,0.000000000,0.407931717
0.0,0.353673667,0.0,0.297350138,0.000000000,0.312178555
0.0,0.360325724,0.0,0.249855489,0.000000000,0.275811849
0.0,0.216602579,0.0,0.334584117,0.000000000,0.276667532
0.0,0.126544148,0.0,0.436386049,0.000000000,0.261539646
0.0,0.242051288,0.0,0.325968415,0.000000000,0.257547551
0.0,0.142886966,0.0,0.437149346,0.000000000,0.298985479
0.061,0.132892072,0.0802,0.432287961,0.065515057,0.272574342
0.2197,0.126402855,0.2387,0.122095063,0.208134361,0.132240612
0.3925,0.01830167,0.4047,0.043998998,0.363604647,0.000000000
0.5212,0.107587367,0.5149,0.023301488,0.498595319,0.056025536
0.6171,0.160127416,0.6067,0.015363423,0.563616953,0.058548872
0.6261,0.283060223,0.619,0.032887883,0.607643921,0.152867192
0.6266,0.381335676,0.6232,0.039376114,0.561596802,0.192173744
0.6131,0.364586264,0.6103,0.116662994,0.572778606,0.232945334
0.5703,0.619695604,0.556,0.279843718,0.544688575,0.447811957
0.4571,0.63337332,0.462,0.401353776,0.453338763,0.510640563
0.3151,0.618000209,0.3298,0.383523107,0.280518206,0.528891576
0.1411,0.244529888,0.1662,0.407126784,0.143013991,0.336933409
0.0169,0.195783824,0.0149,0.398428738,0.009244499,0.278352115
0.0,0.586894929,0.0,0.481292307,0.000000000,0.530242665
0.0,0.472549558,0.0,0.296600848,0.000000000,0.425266346
0.0,0.230774373,0.0,0.316075474,0.000000000,0.237832661
0.0,0.132627517,0.0,0.260579407,0.000000000,0.184883104
0.0,0.113450259,0.0,0.316526711,0.000000000,0.216958320
0.0,0.114617229,0.0,0.514166594,0.000000000,0.303624240
0.0,0.207696021,0.0,0.58717382,0.000000000,0.422992936
0.0,0.148614228,0.0,0.515223444,0.000000000,0.296009743
0.0,0.097034618,0.0,0.452273607,0.000000000,0.277226979
0.0,0.209927708,0.0,0.330676347,0.000000000,0.263571839
0.0,0.174020171,0.0,0.25777787,0.000000000,0.200760086
0.0082,0.314936489,0.0004,0.292209864,0.007176282,0.292406110
0.1013,0.292809844,0.0971,0.130808413,0.103343865,0.192350849
0.2049,0.186199233,0.2111,0.114486896,0.186171726,0.171976736
0.3041,0.202599376,0.3141,0.063434139,0.284955754,0.152143612
0.3733,0.200131163,0.4926,0.071056947,0.416017643,0.151143028
0.4135,0.05832614,0.5089,0.199751526,0.458442489,0.111210387
0.4441,0.094109371,0.5342,0.1757285,0.461597777,0.128025617
0.4674,0.303809166,0.5489,0.173170939,0.482161038,0.257156206
0.4312,0.459728628,0.5517,0.154418886,0.422528683,0.327488737
0.3863,0.540687442,0.4826,0.130484879,0.394149456,0.374857861
0.2861,0.586183071,0.3607,0.097737834,0.295405069,0.353937926
0.1305,0.355960101,0.1957,0.1185982,0.161929689,0.274431596
0.0184,0.315132469,0.06,0.2063016,0.027661663,0.278966011
0.0,0.234038472,0.0,0.328187108,0.000000000,0.305480602
0.0,0.293904573,0.0,0.428243637,0.000000000,0.348340629
0.0,0.382402629,0.0,0.409510911,0.000000000,0.375999573
0.0,0.580520868,0.0,0.474324375,0.000000000,0.515059574
0.0,0.818632782,0.0,0.457868397,0.000000000,0.655449685
0.0,0.978559017,0.0,0.537919164,0.000000000,0.737806806
0.0,0.961884379,0.0,0.506163895,0.000000000,0.730509222
0.0,0.752006114,0.0,0.359654516,0.000000000,0.565758130
0.0,0.874781072,0.0,0.366547227,0.000000000,0.591244714
0.0,0.860222816,0.0,0.380591512,0.000000000,0.645334650
0.0,0.766930223,0.0,0.312400609,0.000000000,0.530327955
0.0641,0.230843693,0.0859,0.268647909,0.071824627,0.221295890
0.1855,0.094851144,0.204,0.062406406,0.198517025,0.068063089
0.3711,0.000403887,0.3947,0.026705042,0.381699843,0.008221558
0.4964,0.006633508,0.432,0.012296219,0.423251012,0.050479193
0.3738,0.0,0.4116,0.034636471,0.369477657,0.008887032
0.4547,0.0,0.435,0.016764302,0.411301773,0.017108470
0.3845,0.000161327,0.3599,0.023332587,0.373420833,0.000000000
0.3859,0.011545807,0.375,0.043689251,0.321370125,0.074102847
0.4689,0.041686255,0.4861,0.035303108,0.449333006,0.052579713
0.3918,0.032986369,0.4169,0.039610982,0.377117097,0.000000000
0.2566,0.007408181,0.3298,0.049562663,0.295343109,0.035401696
0.139,0.000381669,0.1805,0.057767659,0.115287584,0.028278128
0.0197,0.021889277,0.0406,0.058582347,0.036008629,0.096034615
0.0,0.021195799,0.0,0.105037406,0.000000000,0.056451112
0.0,0.015727788,0.0,0.118086897,0.000000000,0.023801697
0.0,0.060590435,0.0,0.165175527,0.000000000,0.121346003
0.0,0.023242721,0.0,0.228827536,0.000000000,0.151277119
0.0,0.0072796,0.0,0.216633648,0.000000000,0.114788290
0.0,0.024488203,0.0,0.211383402,0.000000000,0.100709934
0.0,0.005497254,0.0,0.228788704,0.000000000,0.108284780
0.0,0.000441103,0.0,0.238111526,0.000000000,0.106019386
0.0,0.000736618,0.0,0.280220598,0.000000000,0.118933037
0.0,0.013448789,0.0,0.335776538,0.000000000,0.166014562
0.0,0.001552999,0.0,0.371844947,0.000000000,0.208956682
0.0431,0.016414369,0.0466,0.379808933,0.045102095,0.206088238
0.1775,0.005320419,0.1907,0.088616818,0.179560112,0.044959007
0.3417,0.0,0.3665,0.001679926,0.318080856,0.015402665
0.4808,0.0,0.4885,0.000457473,0.479061875,0.008208792
0.5742,0.0,0.5011,0.000646615,0.519140169,0.000000000
0.5341,0.0,0.4825,0.012560356,0.467181684,0.000000000
0.4891,0.000754692,0.4556,0.019351425,0.461296978,0.004253726
0.4521,0.038070913,0.4608,0.025946101,0.416528193,0.027502717
0.4369,0.06807334,0.4621,0.106752187,0.438055023,0.066519643
0.3852,0.120829791,0.4827,0.124011248,0.431406458,0.125394960
0.2983,0.122325301,0.3694,0.168473959,0.296029576,0.162688932
0.1453,0.214777768,0.1858,0.216642812,0.131196777,0.197996737
0.0205,0.103976943,0.0151,0.324292243,0.010788141,0.230237567
0.0,0.146478951,0.0,0.551609874,0.000000000,0.334362242
0.0,0.081246406,0.0,0.481333166,0.000000000,0.273435887
0.0,0.099981464,0.0,0.393494248,0.000000000,0.243084530
0.0,0.121285483,0.0,0.333009362,0.000000000,0.225655047
0.0,0.345799059,0.0,0.301646888,0.000000000,0.320965013
0.0,0.358311385,0.0,0.245249376,0.000000000,0.302462712
0.0,0.194117829,0.0,0.153551921,0.000000000,0.207511240
0.0,0.110107139,0.0,0.090068094,0.000000000,0.096301270
0.0,0.081565939,0.0,0.085924797,0.000000000,0.076703387
0.0,0.281551629,0.0,0.240650654,0.000000000,0.257842571
0.0,0.279634416,0.0,0.396836817,0.000000000,0.314153520
0.0223,0.212583974,0.0276,0.381199241,0.031344138,0.295515017
0.1784,0.361322314,0.2007,0.18445313,0.191423980,0.290140722
0.3427,0.274970293,0.3705,0.131783009,0.339421629,0.179388771
0.4846,0.310066044,0.515,0.054771841,0.488401457,0.178475833
0.5725,0.549035251,0.617,0.057597555,0.567083831,0.289158614
0.5996,0.357780188,0.6119,0.129023895,0.572618585,0.226541050
0.5755,0.297160596,0.6042,0.175138921,0.555622636,0.247148485
0.573,0.308325291,0.6034,0.146690637,0.560667427,0.258684482
0.549,0.118818954,0.5902,0.112838358,0.544820800,0.107278467
0.4675,0.116064131,0.4872,0.055768564,0.424192331,0.102880742
0.317,0.126575261,0.3457,0.094371229,0.322349953,0.116704816
0.1336,0.059000582,0.1521,0.047472261,0.133515076,0.076167993
0.0148,0.057932265,0.0257,0.054275297,0.032736226,0.049305320
0.0,0.058630191,0.0,0.121350482,0.000000000,0.088414855
0.0,0.168209702,0.0,0.11250753,0.000000000,0.149416179
0.0,0.110391833,0.0,0.131108373,0.000000000,0.123538768
0.0,0.112563834,0.0,0.108525306,0.000000000,0.124403465
0.0,0.187843025,0.0,0.193357229,0.000000000,0.203902284
0.0,0.191884756,0.0,0.219419837,0.000000000,0.206191523
0.0,0.289943606,0.0,0.173750401,0.000000000,0.224949757
0.0,0.18661052,0.0,0.182981074,0.000000000,0.179910240
0.0,0.261437118,0.0,0.214446887,0.000000000,0.217162420
0.0,0.285387605,0.0,0.290568531,0.000000000,0.276392701
0.0,0.183640614,0.0,0.296664894,0.000000000,0.255691117
0.0642,0.059578352,0.064,0.280617714,0.044995791,0.214097553
0.2111,0.02105093,0.2294,0.142356813,0.203976129,0.098768986
0.383,0.000327676,0.4194,0.023166763,0.384953198,0.000000000
0.5296,0.0,0.5294,0.036664654,0.520299687,0.022507472
0.6173,0.0,0.606,0.01770059,0.550234563,0.022698469
0.6147,0.0,0.6101,0.04053995,0.592536938,0.013227869
0.5963,4.64e-5,0.552,0.061745696,0.552717564,0.066341398
0.583,0.000644455,0.5537,0.117708616,0.542260750,0.061820130
0.5717,0.012756106,0.5885,0.145780116,0.566464734,0.057283066
0.4633,0.039040573,0.4848,0.150234714,0.430035793,0.069673722
0.3282,0.091524944,0.3442,0.192582756,0.288711635,0.151219932
0.1391,0.114686362,0.173,0.176951408,0.136379809,0.166807139
0.0192,0.176582024,0.0385,0.275971234,0.023026931,0.257027861
0.0,0.210110322,0.0,0.457726896,0.000000000,0.342401202
0.0,0.243104339,0.0,0.566378832,0.000000000,0.384842645
0.0,0.420706183,0.0,0.510715723,0.000000000,0.481625692
0.0,0.370098799,0.0,0.560095489,0.000000000,0.462240917
0.0,0.790265799,0.0,0.469285667,0.000000000,0.628140440
0.0,0.661855102,0.0,0.450456172,0.000000000,0.580423922
0.0,0.717997789,0.0,0.519352913,0.000000000,0.586267694
0.0,0.733835995,0.0,0.545781553,0.000000000,0.631150965
0.0,0.524593949,0.0,0.52260375,0.000000000,0.503052646
0.0,0.374724686,0.0,0.578290582,0.000000000,0.496740426
0.0,0.147474244,0.0,0.672654927,0.000000000,0.379585979
0.0536,0.116236642,0.0656,0.698708355,0.059025241,0.429130727
0.2156,0.10792923,0.2278,0.504605353,0.231544593,0.334623551
0.3624,0.014900561,0.3432,0.148610294,0.332983034,0.080138752
0.457,0.000839952,0.4161,0.088444382,0.444042814,0.034731458
0.4909,0.000334627,0.4938,0.104066178,0.467368819,0.031852834
0.5337,0.001384574,0.6022,0.205290958,0.557557193,0.053065866
0.5614,0.006068298,0.6255,0.168278873,0.547679521,0.072321753
0.5731,0.02413255,0.6169,0.283201665,0.559978300,0.127394181
0.5627,0.043813463,0.5878,0.337751269,0.529456965,0.196603445
0.4566,0.134383693,0.4864,0.334272325,0.435644935,0.209054156
0.3138,0.183430493,0.3612,0.409378052,0.332833092,0.338829368
0.1382,0.107053183,0.1829,0.373552203,0.160306277,0.241182137
0.0157,0.127708003,0.036,0.411909223,0.039840039,0.268389988
0.0,0.133422852,0.0,0.437734008,0.000000000,0.272520318
0.0,0.285129964,0.0,0.521359563,0.000000000,0.421897025
0.0,0.283379018,0.0,0.585067868,0.000000000,0.411345596
0.0,0.159851655,0.0,0.577053666,0.000000000,0.344865430
0.0,0.57962507,0.0,0.609774947,0.000000000,0.610874493
0.0,0.754561901,0.0,0.609237015,0.000000000,0.664045673
0.0,0.611357749,0.0,0.450032294,0.000000000,0.524803063
0.0,0.372281522,0.0,0.338815153,0.000000000,0.343307482
0.0,0.250736982,0.0,0.258467823,0.000000000,0.231544702
0.0,0.109799281,0.0,0.191373512,0.000000000,0.183111001
0.0,0.101276971,0.0,0.114194691,0.000000000,0.093293647
0.0498,0.134444043,0.0666,0.110491574,0.037670832,0.104576194
0.2088,0.163690537,0.2258,0.016773593,0.217059272,0.073941320
0.3714,0.003203062,0.38,0.020016165,0.351790003,0.000000000
0.483,0.0,0.4861,0.011504777,0.452203234,0.010547657
0.5506,0.0,0.5247,0.027993515,0.517781350,0.022556319
0.5401,0.0,0.5085,0.038645867,0.486098763,0.000000000
0.5246,0.000301063,0.5305,0.032318179,0.482631303,0.001127175
0.5164,0.011065927,0.5355,0.032075513,0.493541164,0.020755960
0.4891,0.037177719,0.4995,0.019559074,0.447795968,0.047987743
0.3955,0.055280887,0.4104,0.043799516,0.388812645,0.023642074
0.2852,0.14146091,0.3526,0.049676921,0.308585595,0.139489607
0.1296,0.155148029,0.1675,0.048560832,0.139090655,0.082819002
0.0073,0.02911645,0.0205,0.123071775,0.005986261,0.086972906
0.0,0.020586953,0.0,0.142420888,0.000000000,0.037943938
0.0,0.017006775,0.0,0.183028519,0.000000000,0.065993478
0.0,0.016090911,0.0,0.149926037,0.000000000,0.082916869
0.0,0.034998387,0.0,0.211292326,0.000000000,0.082935961
0.0,0.095579408,0.0,0.249545693,0.000000000,0.149525738
0.0,0.176470742,0.0,0.21323733,0.000000000,0.208358349
0.0,0.177451313,0.0,0.226848692,0.000000000,0.207422702
0.0,0.2249275,0.0,0.218803883,0.000000000,0.197209190
0.0,0.140706241,0.0,0.272590637,0.000000000,0.242366070
0.0,0.085635424,0.0,0.241350695,0.000000000,0.142917156
0.0,0.020704094,0.0,0.28406617,0.000000000,0.149032439
0.0376,0.002257308,0.0425,0.326939523,0.044335490,0.167132146
0.1679,0.001343192,0.1724,0.210281074,0.174616764,0.089592457
0.3053,0.002372579,0.3042,0.16682373,0.275648198,0.091008713
0.4204,1.76e-5,0.4168,0.120708011,0.410350526,0.102318242
0.4801,0.001147653,0.4976,0.090949811,0.468075516,0.090344169
0.5293,0.059270803,0.492,0.161989763,0.479615083,0.115351682
0.5588,0.072345227,0.5564,0.136165485,0.524644551,0.096077404
0.5357,0.09780746,0.5843,0.255556911,0.525229567,0.191896070
0.5009,0.148131341,0.5729,0.275317192,0.515063622,0.176807771
0.4341,0.443712413,0.4757,0.392962337,0.442715089,0.429691374
0.3047,0.480769128,0.3243,0.559274435,0.256224316,0.482473205
0.1335,0.374290407,0.1598,0.574594319,0.119195892,0.460215242
0.0131,0.382233739,0.0213,0.570596933,0.045722996,0.448906662
0.0,0.314262241,0.0,0.69997561,0.000000000,0.527801506
0.0,0.403662413,0.0,0.691486657,0.000000000,0.536030133
0.0,0.284232348,0.0,0.590405107,0.000000000,0.431758168
0.0,0.189224839,0.0,0.64343071,0.000000000,0.411343034
0.0,0.211672679,0.0,0.456028104,0.000000000,0.339796184
0.0,0.132683113,0.0,0.541794658,0.000000000,0.316097140
0.0,0.057144277,0.0,0.579233587,0.000000000,0.292017235
0.0,0.104336128,0.0,0.735429168,0.000000000,0.421090487
0.0,0.097777627,0.0,0.712021112,0.000000000,0.421893340
0.0,0.05427013,0.0,0.675500989,0.000000000,0.390871638
0.0,0.055842452,0.0,0.587614536,0.000000000,0.353052504
0.0406,0.095989451,0.0634,0.539128423,0.027454284,0.351106837
0.2104,0.062838465,0.2258,0.308826715,0.222985736,0.202788854
0.3931,0.007532438,0.4117,0.166598231,0.378662189,0.106981494
0.5351,0.000374348,0.5439,0.035945348,0.512779800,0.003151779
0.6404,0.00032155,0.6451,0.02241262,0.599309795,0.015269815
0.6488,0.000352971,0.6582,0.049111038,0.607186288,0.007550606
0.6503,0.004096869,0.6607,0.077151828,0.602808344,0.006556726
0.6435,0.010309711,0.6521,0.132567197,0.606797319,0.070333590
0.5997,0.032383375,0.6166,0.138344169,0.601337303,0.107071064
0.4801,0.072304383,0.5075,0.166375995,0.445042368,0.117383803
0.3244,0.100602642,0.3651,0.31999433,0.345356478,0.203515416
0.1324,0.112688825,0.1782,0.323047101,0.145142648,0.226122783
0.0085,0.225813627,0.0295,0.3913849,0.018251578,0.320751813
0.0,0.206518441,0.0,0.577695429,0.000000000,0.388061794
0.0,0.418049455,0.0,0.663550913,0.000000000,0.546609505
0.0,0.594238639,0.0,0.65632081,0.000000000,0.646463962
0.0,0.498331428,0.0,0.529265046,0.000000000,0.530045933
0.0,0.159249201,0.0,0.677042365,0.000000000,0.410960426
0.0,0.175785571,0.0,0.740766168,0.000000000,0.449386446
0.0,0.28042528,0.0,0.819146395,0.000000000,0.536425785
0.0,0.506163597,0.0,0.759923279,0.000000000,0.635764264
0.0,0.338583797,0.0,0.729455233,0.000000000,0.526731963
0.0,0.17987977,0.0,0.694970608,0.000000000,0.445530831
0.0,0.183875114,0.0,0.578091085,0.000000000,0.378705042
0.0523,0.395009845,0.0392,0.431145847,0.038653018,0.443554799
0.2088,0.237925276,0.181,0.266581774,0.188260798,0.267942766
0.3625,0.001354575,0.3529,0.121936224,0.342680553,0.069678628
0.4988,4.17e-5,0.4677,0.072160058,0.480826232,0.046998893
0.5881,0.043533519,0.5761,0.159058779,0.532380154,0.075806172
0.6101,0.085498214,0.5951,0.239030421,0.550319200,0.168133638
0.6167,0.109373331,0.5258,0.378216296,0.522277497,0.252869800
0.5839,0.22784625,0.517,0.511478066,0.519647691,0.389803528
0.5277,0.480641127,0.3975,0.572786152,0.442442304,0.533631354
0.3689,0.560811102,0.2931,0.615735888,0.321070829,0.574543734
0.2267,0.869691074,0.2451,0.648773432,0.223807308,0.774604659
0.0926,0.562332034,0.1156,0.689473033,0.102419289,0.588325676
0.0,0.5067029,0.0,0.689277589,0.000000000,0.591838646
0.0,0.335244894,0.0,0.767360926,0.000000000,0.570951691
0.0,0.333113462,0.0,0.633426189,0.000000000,0.482372728
0.0,0.333972633,0.0,0.424435258,0.000000000,0.363029610
0.0,0.260762542,0.0,0.503557265,0.000000000,0.437740327
0.0,0.348555326,0.0,0.338317126,0.000000000,0.312906020
0.0,0.34058401,0.0,0.316218227,0.000000000,0.314751765
0.0,0.432111919,0.0,0.303261936,0.000000000,0.382438426
0.0,0.425939947,0.0,0.292224705,0.000000000,0.372071901
0.0,0.697042465,0.0,0.279836506,0.000000000,0.493744470
0.0,0.583757341,0.0,0.236984104,0.000000000,0.381547986
0.0,0.4669649,0.0,0.250899106,0.000000000,0.378061851
0.0002,0.209216878,0.0,0.293860167,0.007950579,0.212848864
0.0537,0.143613428,0.0396,0.292476714,0.044141217,0.202947331
0.1556,0.4449175,0.2281,0.179789245,0.164610975,0.328878380
0.4078,0.300303519,0.4949,0.052294225,0.447765208,0.187470832
0.5457,0.482081175,0.5769,0.125702158,0.525265743,0.298667604
0.5796,0.828009009,0.5966,0.189636827,0.545083941,0.531868262
0.5648,0.650779366,0.6038,0.600758851,0.543715776,0.645100088
0.5826,0.692793131,0.6289,0.690053225,0.556121607,0.691225819
0.5647,0.651472628,0.6056,0.753346562,0.528189225,0.684276749
0.4589,0.70852077,0.4927,0.803482294,0.435389244,0.763652597
0.296,0.861373186,0.3474,0.89627862,0.291117540,0.913687730
0.1132,0.864017487,0.1674,0.905267775,0.110410899,0.895365865
0.0017,0.435896099,0.0164,0.886968374,0.000000000,0.676458050
0.0,0.366824895,0.0,0.763001502,0.000000000,0.589321178
0.0,0.72410506,0.0,0.794554591,0.000000000,0.747445985
0.0,0.667352557,0.0,0.668055117,0.000000000,0.708037163
0.0,0.503524721,0.0,0.651847184,0.000000000,0.561461666
0.0,0.567447066,0.0,0.687669039,0.000000000,0.644987685
0.0,0.632907987,0.0,0.643583596,0.000000000,0.660566313
0.0,0.618489861,0.0,0.64294529,0.000000000,0.658704940
0.0,0.77455771,0.0,0.734460354,0.000000000,0.782651201
0.0,0.601218462,0.0,0.825679064,0.000000000,0.729250527
0.0,0.700854957,0.0,0.855944216,0.000000000,0.767815405
0.0,0.536711097,0.0,0.928788185,0.000000000,0.727945587
0.0562,0.48843506,0.0783,0.959226966,0.092982614,0.690910623
0.2369,0.188064098,0.2568,0.625366867,0.243747524,0.443493350
0.4272,0.115320474,0.4425,0.731570661,0.408899913,0.412458231
0.5764,0.228038818,0.5816,0.673824668,0.562439578,0.478051260
0.6919,0.359671474,0.6913,0.713230491,0.637422353,0.572195700
0.7017,0.485626817,0.7087,0.618375838,0.664901415,0.551843576
0.7014,0.54467988,0.7102,0.668179214,0.686726348,0.637664234
0.6955,0.30205214,0.7041,0.70051825,0.668813117,0.503018723
0.5924,0.090644389,0.6099,0.757322907,0.558448585,0.414327939
0.5104,0.232230619,0.5445,0.666357934,0.513104688,0.443138777
0.3425,0.35770312,0.3924,0.761017621,0.356564509,0.554628261
0.1381,0.404536515,0.1937,0.810282707,0.159437584,0.620440381
0.0155,0.624956787,0.0447,0.750959158,0.035567258,0.731196641
0.0,0.457841933,0.0,0.813596666,0.000000000,0.612882893
0.0,0.375406563,0.0,0.89476645,0.000000000,0.625675030
0.0,0.221689671,0.0,0.92595458,0.000000000,0.555479898
0.0,0.293563962,0.0,0.921661377,0.000000000,0.622897581
0.0,0.512302518,0.0,0.911436558,0.000000000,0.747376925
0.0,0.933237433,0.0,0.944471836,0.000000000,0.979669577
0.0,0.684927404,0.0,0.926567078,0.000000000,0.855031760
0.0,0.582751632,0.0,0.86558497,0.000000000,0.725847459
0.0,0.274169743,0.0,0.896153152,0.000000000,0.580444828
0.0,0.175276667,0.0,0.971391916,0.000000000,0.594548991
0.0,0.128203839,0.0,0.928413689,0.000000000,0.558179194
0.0554,0.123418339,0.0802,0.865143538,0.057603471,0.517483221
0.2364,0.171035111,0.262,0.590885282,0.229923765,0.405165108
0.4235,0.029289918,0.4454,0.497823089,0.408733090,0.248961663
0.5672,0.017072314,0.5778,0.479083598,0.529698067,0.244531657
0.6759,0.141745731,0.6775,0.632961035,0.626558662,0.379652575
0.6838,0.161706775,0.6873,0.654500365,0.644797352,0.390717060
0.687,0.234400928,0.6901,0.753697872,0.632638844,0.493027353
0.6784,0.247990265,0.6828,0.80929625,0.651892387,0.573260960
0.6267,0.165875137,0.6398,0.831115961,0.593283806,0.491501677
0.4981,0.500784636,0.5272,0.844709933,0.458824778,0.681195568
0.3325,0.760310829,0.3737,0.759483695,0.321678345,0.755272016
0.1329,0.626154006,0.18,0.628072321,0.143678305,0.639603707
0.0123,0.484528333,0.0342,0.79099983,0.044070787,0.652163556
0.0,0.639931262,0.0,0.940096617,0.000000000,0.800476739
0.0,0.932876825,0.0,0.979508102,0.000000000,1.000000000
0.0,0.675099194,0.0,0.97150445,0.000000000,0.851058938
0.0,0.663836956,0.0,0.827722251,0.000000000,0.719676543
0.0,0.959813774,0.0,0.929385424,0.000000000,0.938800354
0.0,0.99703306,0.0,0.970491529,0.000000000,0.981248028
0.0,0.966522396,0.0,0.991768241,0.000000000,0.995840161
0.0,0.921067357,0.0,0.977789164,0.000000000,0.977745618
0.0,0.873931766,0.0,0.974084377,0.000000000,0.937310768
0.0,0.623260021,0.0,0.983929634,0.000000000,0.825970394
0.0,0.572450161,0.0,0.974233031,0.000000000,0.785442637
0.0582,0.46401003,0.0846,0.981688976,0.071757357,0.717268655
0.2334,0.825297475,0.2622,0.808129311,0.249847253,0.807044651
0.4143,0.289170891,0.4435,0.621293783,0.415992780,0.468623443
0.5574,0.326715142,0.5748,0.587405086,0.527284600,0.478905692
0.6628,0.201475978,0.6703,0.496481419,0.634246122,0.348817334
0.6741,0.207430616,0.6868,0.51998812,0.613487411,0.376841385
0.6745,0.320702344,0.686,0.35537374,0.653727254,0.379319374
0.6601,0.445385635,0.6794,0.355972797,0.644926650,0.409084968
0.5938,0.758502543,0.6319,0.646268606,0.595313369,0.709830725
0.46,0.840147913,0.5119,0.569285572,0.437290398,0.726589453
0.3106,0.786503673,0.3577,0.707985222,0.329369205,0.747153077
0.12,0.683891118,0.1667,0.628803551,0.126195786,0.664599946
0.0001,0.918649137,0.014,0.797009945,0.016292840,0.858185657
0.0,0.857101977,0.0,0.728961587,0.000000000,0.782478622
0.0,0.955500841,0.0,0.737565577,0.000000000,0.860923912
0.0,0.979103029,0.0,0.741759658,0.000000000,0.877132028
0.0,0.965989053,0.0,0.848323941,0.000000000,0.924057465
0.0,0.513544381,0.0,0.880687952,0.000000000,0.706515126
0.0,0.438678503,0.0,0.82193315,0.000000000,0.666839424
0.0,0.555987298,0.0,0.674149513,0.000000000,0.593773751
0.0,0.599716961,0.0,0.611565113,0.000000000,0.611192558
0.0,0.496755183,0.0,0.543618321,0.000000000,0.523279571
0.0,0.494160116,0.0,0.489195764,0.000000000,0.495675670
0.0,0.491831541,0.0,0.603158474,0.000000000,0.550148611
0.0368,0.313643456,0.0287,0.67269516,0.005806232,0.454005696
0.2147,0.055716485,0.2032,0.41727069,0.182478869,0.229392622
0.4,0.056571841,0.402,0.401512921,0.351880370,0.217281930
0.5344,0.205337048,0.5406,0.25548026,0.513216132,0.230322633
0.625,0.137638375,0.6314,0.244620964,0.589367503,0.199942395
0.6304,0.059153557,0.6177,0.210849032,0.582359915,0.119105948
0.6321,0.149791002,0.6082,0.217444509,0.584686111,0.177029995
0.6091,0.16116187,0.5862,0.223902658,0.541861582,0.173158692
0.5646,0.21632649,0.5427,0.222113192,0.513273246,0.217616980
0.4399,0.201668993,0.4471,0.163269877,0.402798815,0.194698720
0.3005,0.22221972,0.3203,0.154237866,0.289229759,0.169829368
0.1145,0.191504538,0.1303,0.147773325,0.097230151,0.140670037
0.0004,0.368045926,0.0045,0.165201366,0.031281913,0.288516166
0.0,0.397282302,0.0,0.211502939,0.000000000,0.297874834
0.0,0.329350084,0.0,0.239718944,0.000000000,0.298526827
0.0,0.290890247,0.0,0.199929714,0.000000000,0.253877888
0.0,0.282352954,0.0,0.212126493,0.000000000,0.228791851
0.0,0.157079473,0.0,0.241756499,0.000000000,0.172718256
0.0,0.104549177,0.0,0.260408193,0.000000000,0.212003119
0.0,0.070353672,0.0,0.28231439,0.000000000,0.197835819
0.0,0.056262698,0.0,0.288509399,0.000000000,0.153462098
0.0,0.05364316,0.0,0.2869187,0.000000000,0.196215799
0.0,0.030563148,0.0,0.277955353,0.000000000,0.159604523
0.0,0.008411928,0.0,0.236439228,0.000000000,0.116763408
0.0401,0.03314171,0.0516,0.184980303,0.004348318,0.104981321
0.2134,0.036214445,0.2238,0.173373684,0.209197189,0.115645894
0.3757,0.001044371,0.3998,0.125039801,0.353956910,0.081469242
0.4983,4.52e-5,0.5102,0.103923678,0.495782672,0.026590103
0.5697,0.000600808,0.5923,0.107092932,0.538668981,0.065737563
0.5805,0.000754889,0.5984,0.134048834,0.561521709,0.068648510
0.5825,0.017565683,0.5779,0.109150216,0.558649914,0.064053971
0.547,0.019567797,0.5388,0.121601745,0.522532796,0.063695329
0.5167,0.012981322,0.5431,0.118302092,0.519454579,0.068548076
0.4228,0.009181002,0.4714,0.109258153,0.402398806,0.090093182
0.2822,0.01562033,0.3306,0.096831828,0.271599094,0.043050511
0.1138,0.063368656,0.1505,0.323644757,0.130856528,0.219259797
0.0002,0.216846988,0.0032,0.404035926,0.000000000,0.336513170
0.0,0.284192234,0.0,0.337435156,0.000000000,0.297623617
0.0,0.666825891,0.0,0.324133784,0.000000000,0.511081259
0.0,0.612188339,0.0,0.313272268,0.000000000,0.477076287
0.0,0.436165959,0.0,0.275825292,0.000000000,0.340214756
0.0,0.128186792,0.0,0.353715837,0.000000000,0.229849730
0.0,0.112269901,0.0,0.412789285,0.000000000,0.295684201
0.0,0.122019969,0.0,0.387933016,0.000000000,0.270665805
0.0,0.237606287,0.0,0.320822448,0.000000000,0.315178676
0.0,0.311500013,0.0,0.192615345,0.000000000,0.255793263
0.0,0.386478215,0.0,0.183519229,0.000000000,0.263098428
0.0,0.603660762,0.0,0.171582252,0.000000000,0.370913739
0.0324,0.209276736,0.0519,0.134775579,0.089691091,0.180658368
0.2119,0.168253288,0.2273,0.075439811,0.227797123,0.112854469
0.3819,0.073659584,0.3987,0.018002238,0.353756265,0.042379013
0.5294,0.064319931,0.5356,0.009933705,0.500268539,0.053479455
0.644,0.199517831,0.6475,0.018936243,0.609585785,0.116383218
0.6617,0.212363318,0.6537,0.028518289,0.622604023,0.122726120
0.6666,0.147698104,0.655,0.031778667,0.636882083,0.064222484
0.6568,0.133915991,0.6398,0.076781146,0.608544989,0.107834277
0.6067,0.140997216,0.5702,0.128151596,0.563945696,0.146288294
0.4722,0.152562544,0.4456,0.211787075,0.445128551,0.178839135
0.3154,0.175225288,0.3058,0.266932786,0.292768878,0.244784411
0.1193,0.105931103,0.1292,0.290209144,0.098346210,0.209345668
0.0,0.30832687,0.0,0.480696201,0.000000000,0.403432312
0.0,0.278041959,0.0,0.720866442,0.000000000,0.478641755
0.0,0.25295797,0.0,0.862552166,0.000000000,0.541956378
0.0,0.288714886,0.0,0.818925142,0.000000000,0.563978243
0.0,0.298215479,0.0,0.810774863,0.000000000,0.554025203
0.0,0.27084595,0.0,0.809767604,0.000000000,0.557332079
0.0,0.343907148,0.0,0.741777301,0.000000000,0.533823089
0.0,0.413556248,0.0,0.761754215,0.000000000,0.635097542
0.0,0.350933075,0.0,0.730533838,0.000000000,0.562689239
0.0,0.276463628,0.0,0.595366657,0.000000000,0.454450441
0.0,0.15262863,0.0,0.518443227,0.000000000,0.368418022
0.0,0.139206767,0.0,0.341195285,0.000000000,0.252181692
0.0016,0.128592312,0.0,0.213047296,0.021863976,0.194945826
0.1026,0.11863178,0.0933,0.329034448,0.087246657,0.243431591
0.2383,0.063962221,0.1411,0.24105373,0.158360337,0.171432272
0.2923,0.036189746,0.2265,0.415862799,0.243760345,0.249042746
0.4348,0.033313207,0.4349,0.559003651,0.417311546,0.290634017
0.3321,0.034531411,0.3492,0.403860331,0.318922307,0.216776843
0.3457,0.027519453,0.3748,0.492868483,0.347078585,0.252149031
0.3389,0.034135163,0.4087,0.705132484,0.359674036,0.381140711
0.3172,0.091825962,0.4044,0.742748678,0.338572509,0.410229270
0.2741,0.071121864,0.3194,0.519683957,0.263363131,0.289458396
0.1741,0.082075313,0.1925,0.35857898,0.163338550,0.233226568
0.0341,0.051273581,0.0363,0.423932731,0.038516214,0.239840973
0.0,0.00264569,0.0,0.350052923,0.000000000,0.211949149
0.0,0.081524901,0.0,0.29816398,0.000000000,0.203368055
0.0,0.082354225,0.0,0.426924407,0.000000000,0.240681979
0.0,0.338797092,0.0,0.392563045,0.000000000,0.402163085
0.0,0.186616465,0.0,0.370493859,0.000000000,0.293256506
0.0,0.592638135,0.0,0.32742697,0.000000000,0.491304399
0.0,0.610006094,0.0,0.297376335,0.000000000,0.425490225
0.0,0.79853934,0.0,0.424196243,0.000000000,0.594688122
0.0,0.967324555,0.0,0.601086318,0.000000000,0.791401875
0.0,0.953110456,0.0,0.530251324,0.000000000,0.791680602
0.0,0.952766538,0.0,0.469234586,0.000000000,0.723984234
0.0,0.977912247,0.0,0.52673173,0.000000000,0.744065786
0.0,0.786766052,0.0,0.489737391,0.000000000,0.638994534
0.0732,0.441320479,0.0657,0.493067145,0.073092738,0.462038000
0.1679,0.380104005,0.1288,0.487557679,0.133833228,0.451076356
0.2066,0.323041409,0.1571,0.481577098,0.173603394,0.405406547
0.2384,0.271899164,0.1825,0.475444555,0.225503597,0.369193377
0.2465,0.226587221,0.2773,0.469485909,0.275595752,0.325116002
0.3014,0.186801314,0.373,0.469734251,0.293329653,0.330253834
0.3405,0.152239263,0.3983,0.476459682,0.310283819,0.308127411
0.3923,0.124841638,0.451,0.487467974,0.436024317,0.355323831
0.3101,0.136949554,0.3065,0.62090838,0.280167164,0.392362409
0.1691,0.282829136,0.2558,0.637512207,0.201734488,0.494290285
0.0711,0.120888025,0.1138,0.459676981,0.085875445,0.280995819
0.0,0.092240475,0.0,0.274089575,0.000000000,0.193613772
0.0,0.178182632,0.0,0.191269174,0.000000000,0.186424068
0.0,0.399419248,0.0,0.320444077,0.000000000,0.374602620
0.0,0.350859135,0.0,0.23948282,0.000000000,0.307278259
0.0,0.196697697,0.0,0.265348971,0.000000000,0.232451431
0.0,0.293265641,0.0,0.356176257,0.000000000,0.363333645
0.0,0.159338072,0.0,0.285194695,0.000000000,0.233320105
0.0,0.223759115,0.0,0.273470253,0.000000000,0.232954548
0.0,0.087018698,0.0,0.294847667,0.000000000,0.202999515
0.0,0.045538858,0.0,0.21699515,0.000000000,0.110688879
0.0,0.019444477,0.0,0.091474265,0.000000000,0.000000000
0.0,0.018595876,0.0,0.077777863,0.000000000,0.045785958
0.0291,0.046019062,0.0211,0.091216467,0.039436072,0.053866220
0.1833,0.0335535,0.1874,0.044437636,0.189512687,0.022635374
0.3117,0.007867953,0.2569,0.055895183,0.257799561,0.006605038
0.4065,0.0,0.3506,0.057041138,0.334271341,0.032380573
0.4223,0.0,0.3533,0.074163519,0.377925818,0.017111121
0.4042,0.0,0.3779,0.057000011,0.399188408,0.030555835
0.4151,1.09e-5,0.4124,0.079723552,0.404269002,0.033382364
0.5723,0.024723826,0.5579,0.054227658,0.508129611,0.037514523
0.42,0.014252152,0.4595,0.062802821,0.398423021,0.044592821
0.3031,0.118178591,0.3614,0.056373097,0.323512478,0.091636366
0.208,0.097771361,0.2101,0.048367649,0.184399442,0.068103031
0.0589,0.049080763,0.0484,0.039080143,0.048147844,0.025801459
0.0,0.021325566,0.0,0.131060869,0.000000000,0.076608376
0.0,0.080828249,0.0,0.297681957,0.000000000,0.181813857
0.0,0.019543272,0.0,0.19790183,0.000000000,0.125011795
0.0,0.240631416,0.0,0.183873594,0.000000000,0.216179215
0.0,0.326170117,0.0,0.210666254,0.000000000,0.265192933
0.0,0.424629092,0.0,0.172908723,0.000000000,0.315130570
0.0,0.36634326,0.0,0.120033652,0.000000000,0.229594816
0.0,0.299772292,0.0,0.129302502,0.000000000,0.239136128
0.0,0.303337604,0.0,0.218931526,0.000000000,0.269400266
0.0,0.444980174,0.0,0.252488524,0.000000000,0.347752822
0.0,0.156428233,0.0,0.28815484,0.000000000,0.212571678
0.0,0.178033993,0.0,0.328604996,0.000000000,0.253772676
0.0156,0.120004103,0.0104,0.294242352,0.000425894,0.206466528
0.1777,0.045896769,0.182,0.338433504,0.152169580,0.204928032
0.3414,0.014387458,0.3132,0.137984097,0.305024536,0.093345190
0.4545,1.04e-5,0.441,0.062243365,0.455266315,0.052456730
0.5332,0.0,0.5768,0.016790491,0.501537888,0.011880658
0.5542,0.00611094,0.5987,0.043080106,0.533675398,0.000000000
0.5877,0.033843655,0.6058,0.069087133,0.561968854,0.067251542
0.5931,0.087151855,0.5975,0.059423044,0.569494390,0.094472793
0.5437,0.105489448,0.5655,0.131822765,0.529032194,0.100348211
0.4321,0.107453555,0.4518,0.07580784,0.409919737,0.104732038
0.2742,0.205347583,0.3123,0.050663814,0.286303937,0.169499757
0.0898,0.114952028,0.1255,0.059428848,0.100072114,0.086514554
0.0,0.082760587,0.0,0.088834584,0.000000000,0.089290615
0.0,0.284324884,0.0,0.184732556,0.000000000,0.245834684
0.0,0.331129968,0.0,0.205608845,0.000000000,0.265241715
0.0,0.197907776,0.0,0.229137599,0.000000000,0.206316749
0.0,0.270109236,0.0,0.30432409,0.000000000,0.294293911
0.0,0.132374734,0.0,0.254034638,0.000000000,0.165796037
0.0,0.289895445,0.0,0.359679222,0.000000000,0.359388010
0.0,0.349135071,0.0,0.391691804,0.000000000,0.373215961
0.0,0.618702531,0.0,0.484998405,0.000000000,0.542959134
0.0,0.630026519,0.0,0.59574759,0.000000000,0.636416676
0.0,0.500310063,0.0,0.753126621,0.000000000,0.645287798
0.0,0.492641568,0.0,0.74093926,0.000000000,0.627678862
0.0115,0.463028461,0.0229,0.715512156,0.028303076,0.611559876
0.1767,0.375405431,0.1488,0.750283539,0.151979225,0.582171732
0.3089,0.707243443,0.2908,0.928792894,0.249546621,0.844010570
0.4449,0.755316734,0.4346,0.976209164,0.413316499,0.893554971
0.5362,0.98432076,0.5418,0.990097165,0.522789599,0.996414164
0.57,0.99793303,0.4529,0.970693529,0.502000983,1.000000000
0.5135,0.999948859,0.4359,0.983463049,0.462960236,0.971380967
0.2195,1.0,0.2553,0.996283233,0.202346809,1.000000000
0.4304,1.0,0.4062,0.999986351,0.392085451,1.000000000
0.3597,0.963662326,0.3526,0.999986291,0.327338057,0.998514140
0.2144,0.916699588,0.1845,0.999991536,0.209136959,1.000000000
0.0314,0.82721436,0.0227,0.999990344,0.029545944,0.965876370
0.0,0.654725909,0.0,0.999988854,0.000000000,0.822639088
0.0,0.291548491,0.0,0.996819735,0.000000000,0.668765788
0.0,0.219910622,0.0,0.969918907,0.000000000,0.647128900
0.0,0.063850775,0.0,0.953094125,0.000000000,0.506196848
0.0,0.277753353,0.0,0.946225762,0.000000000,0.609830583
0.0,0.531298757,0.0,0.921428561,0.000000000,0.772582038
0.0,0.63752681,0.0,0.925522327,0.000000000,0.802375419
0.0,0.261657298,0.0,0.778590143,0.000000000,0.534342683
0.0,0.249511838,0.0,0.706059992,0.000000000,0.499284535
0.0,0.348602682,0.0,0.661055386,0.000000000,0.528523524
0.0,0.424353093,0.0,0.470204055,0.000000000,0.478899815
0.0,0.308728278,0.0,0.364896029,0.000000000,0.337624896
0.001,0.143956378,0.003,0.398107946,0.000000000,0.269181094
0.1336,0.131222859,0.1512,0.426378191,0.103675618,0.260853804
0.2726,0.04925026,0.3599,0.422762752,0.317021973,0.234746055
0.3365,0.112333924,0.4842,0.423832297,0.425242555,0.264586395
0.3469,0.091915563,0.5349,0.191700891,0.395591855,0.157720983
0.4095,0.059197932,0.5971,0.057438739,0.477733186,0.077410527
0.4632,0.170508534,0.6394,0.132529557,0.491464468,0.160554941
0.5323,0.124485344,0.6527,0.142605454,0.546604375,0.112332907
0.518,0.097140022,0.6106,0.165335417,0.578063286,0.155029977
0.4231,0.167236894,0.4927,0.224919468,0.426800714,0.216644948
0.2899,0.148336887,0.3517,0.124729551,0.294400071,0.151918378
0.1016,0.024052955,0.1467,0.165547967,0.107254316,0.130263843
0.0,0.082613394,0.0,0.383093417,0.000000000,0.255418037
0.0,0.104029596,0.0,0.213530511,0.000000000,0.140022176
0.0,0.456096262,0.0,0.401011765,0.000000000,0.444901463
0.0,0.823746622,0.0,0.460131824,0.000000000,0.648564630
0.0,0.726981997,0.0,0.501690865,0.000000000,0.613967943
0.0,0.702897787,0.0,0.539931238,0.000000000,0.657879411
0.0,0.765681326,0.0,0.561157286,0.000000000,0.684072237
0.0,0.689875782,0.0,0.704871058,0.000000000,0.686453491
0.0,0.529498637,0.0,0.602511942,0.000000000,0.597885788
0.0,0.580190957,0.0,0.554192066,0.000000000,0.582906699
0.0,0.613375008,0.0,0.651665986,0.000000000,0.666015636
0.0,0.588745177,0.0,0.65617907,0.000000000,0.625491151
0.0286,0.503842175,0.0513,0.77371943,0.056272438,0.623729377
0.2183,0.38166672,0.2474,0.542231381,0.230292424,0.461230573
0.4125,0.330908597,0.4512,0.767145455,0.407731261,0.570350077
0.5743,0.619092941,0.5922,0.630357862,0.573672705,0.623997699
0.6483,0.640754819,0.6807,0.719267488,0.617851991,0.688154060
0.57,0.944844961,0.6337,0.721993327,0.583869551,0.864127644
0.5345,0.919333339,0.5902,0.930405378,0.529418770,0.941410188
0.5196,0.918631434,0.5627,0.88214618,0.531631094,0.910135648
0.5001,0.949620664,0.5506,0.863196373,0.522206498,0.927794804
0.4166,0.996285558,0.4728,0.871315539,0.437691916,0.939719972
0.294,0.992717087,0.3509,0.887241125,0.317863588,0.930688394
0.1039,0.895395994,0.1568,0.902917147,0.106091712,0.912111871
0.0,0.698809862,0.0,0.925229728,0.000000000,0.788988397
0.0,0.835425735,0.0,0.771767735,0.000000000,0.830946514
0.0,0.846116006,0.0,0.856599987,0.000000000,0.860907564
0.0,0.754273534,0.0,0.89560008,0.000000000,0.870575651
0.0,0.481987864,0.0,0.941317439,0.000000000,0.725833342
0.0,0.452115178,0.0,0.944236398,0.000000000,0.706001457
0.0,0.604782939,0.0,0.900031388,0.000000000,0.750485946
0.0,0.685600042,0.0,0.913005829,0.000000000,0.819958943
0.0,0.548138678,0.0,0.921774268,0.000000000,0.775062313
0.0,0.530227661,0.0,0.919549108,0.000000000,0.736519359
0.0,0.762304723,0.0,0.919934273,0.000000000,0.869347688
0.0,0.954097629,0.0,0.903570116,0.000000000,0.942449130
0.0509,0.802796006,0.0686,0.859853864,0.067413372,0.853908631
0.2517,0.309461206,0.2717,0.623809099,0.233113510,0.470570741
0.4494,0.227497831,0.4656,0.415135741,0.436141871,0.349506302
0.5977,0.130009264,0.6052,0.220281035,0.551890072,0.162497703
0.6939,0.185650513,0.6942,0.202540874,0.649996330,0.154753609
0.6862,0.051776744,0.7042,0.247018039,0.663849431,0.136029967
0.6919,0.041425947,0.6679,0.216050833,0.641058038,0.161987992
0.6838,0.054722574,0.6102,0.227984861,0.633852180,0.177901289
0.6081,0.070132747,0.62,0.160843208,0.591111764,0.132749920
0.4794,0.10506279,0.4938,0.118548945,0.483910980,0.131010437
0.3102,0.093633741,0.3243,0.106952116,0.314094232,0.092163591
0.1041,0.118105344,0.1354,0.071672589,0.111373696,0.096207677
0.0,0.163032696,0.0,0.133905217,0.000000000,0.165821095
0.0,0.194962233,0.0,0.18674235,0.000000000,0.166525333
0.0,0.106465325,0.0,0.246391326,0.000000000,0.158276981
0.0,0.209237561,0.0,0.288464069,0.000000000,0.233112239
0.0,0.295577675,0.0,0.15406628,0.000000000,0.236902218
0.0,0.669682384,0.0,0.091807477,0.000000000,0.380086562
0.0,0.448851049,0.0,0.068190485,0.000000000,0.259219820
0.0,0.513685226,0.0,0.094295278,0.000000000,0.321202679
0.0,0.272812992,0.0,0.108948439,0.000000000,0.177929234
0.0,0.189096093,0.0,0.169004261,0.000000000,0.207076528
0.0,0.187501967,0.0,0.20764491,0.000000000,0.177420927
0.0,0.23082523,0.0,0.256233066,0.000000000,0.286403928
0.0394,0.260996312,0.0509,0.265516371,0.055688292,0.253053979
0.2353,0.085606351,0.248,0.308196008,0.240774475,0.180945493
0.4284,0.004457365,0.4426,0.084226951,0.404977864,0.031260896
0.5734,0.0,0.58,0.025466863,0.568296261,0.013018568
0.6688,0.0,0.6769,0.023974173,0.618606179,0.000000000
0.68,2.17e-5,0.6886,0.05875776,0.657227922,0.027021721
0.6779,0.000206238,0.686,0.090375274,0.621784147,0.061974519
0.6759,0.009096572,0.6827,0.156169772,0.645232897,0.106971907
0.6188,0.049844336,0.6367,0.253367037,0.589223875,0.124735676
0.4831,0.041673396,0.5159,0.437137783,0.450383194,0.238645789
0.308,0.032501303,0.3519,0.498356402,0.296570257,0.293456021
0.0975,0.024440698,0.1409,0.490728557,0.115182885,0.231046624
0.0,0.234231293,0.0,0.637741327,0.000000000,0.457103660
0.0,0.182508469,0.0,0.884038866,0.000000000,0.538983942
0.0,0.549624383,0.0,0.89370358,0.000000000,0.738433192
0.0,0.821819901,0.0,0.869130075,0.000000000,0.834365690
0.0,0.746020496,0.0,0.729205489,0.000000000,0.741186813
0.0,0.918390453,0.0,0.725164711,0.000000000,0.832397505
0.0,0.955227137,0.0,0.718263328,0.000000000,0.873926887
0.0,0.948109925,0.0,0.679517925,0.000000000,0.830262309
0.0,0.88362062,0.0,0.693608046,0.000000000,0.810395333
0.0,0.604421318,0.0,0.622301102,0.000000000,0.609045635
0.0,0.511231661,0.0,0.628174543,0.000000000,0.556534277
0.0,0.304277927,0.0,0.632850945,0.000000000,0.460868195
0.0305,0.628579199,0.0357,0.53575027,0.042994546,0.608563973
0.2322,0.396858156,0.2467,0.413332105,0.213473365,0.398417355
0.4272,0.0951204,0.4388,0.20162791,0.417452539,0.154283015
0.575,5.76e-6,0.5827,0.027885046,0.557314911,0.048456716
0.6697,0.000378961,0.6758,0.017904028,0.621937981,0.000000000
0.6786,0.006035675,0.6842,0.071360752,0.638959057,0.048208034
0.6804,0.0488378,0.6871,0.06788709,0.677961269,0.058534531
0.674,0.0644297,0.68,0.094717965,0.656383331,0.076239088
0.6168,0.128293231,0.6354,0.129747629,0.607858918,0.145002277
0.4805,0.182692677,0.5142,0.234978288,0.497139265,0.207247659
0.3062,0.192516029,0.3518,0.350726753,0.317662548,0.274725922
0.0955,0.039216444,0.1406,0.343805194,0.079785570,0.229469319
0.0,0.101363964,0.0,0.524280667,0.000000000,0.322614954
0.0,0.146444976,0.0,0.660162628,0.000000000,0.385756138
0.0,0.266005635,0.0,0.740558505,0.000000000,0.507877851
0.0,0.616721749,0.0,0.596611142,0.000000000,0.627691311
0.0,0.451126069,0.0,0.613525689,0.000000000,0.528321406
0.0,0.689335227,0.0,0.642580152,0.000000000,0.649289535
0.0,0.847990394,0.0,0.638133347,0.000000000,0.747635399
0.0,0.884072363,0.0,0.580478966,0.000000000,0.736924097
0.0,0.887978971,0.0,0.482383221,0.000000000,0.724438097
0.0,0.89805311,0.0,0.400150001,0.000000000,0.689432111
0.0,0.835473359,0.0,0.314708173,0.000000000,0.597993531
0.0,0.532066703,0.0,0.190579265,0.000000000,0.358201819
0.0298,0.177762359,0.0225,0.135787666,0.013340718,0.160236596
0.2258,0.141720816,0.2386,0.088636816,0.219069993,0.100864830
0.4143,0.017205665,0.4148,0.047248159,0.395590882,0.020919008
0.5648,0.0,0.5716,0.003742888,0.538692899,0.000000000
0.6632,5.2e-6,0.6656,0.002088299,0.631656104,0.003268191
0.6691,0.027736813,0.6717,0.016504865,0.629236226,0.013372563
0.6688,0.062012665,0.676,0.088407606,0.636980903,0.074877042
0.6629,0.143795207,0.6722,0.248975813,0.636720979,0.194778901
0.6079,0.178778782,0.6276,0.269818813,0.599892435,0.202016887
0.4715,0.325861305,0.5022,0.243335307,0.480497825,0.309488710
0.2963,0.382988006,0.3255,0.280550271,0.306187335,0.303998438
0.0873,0.173221931,0.117,0.370232433,0.113032411,0.279822732
0.0,0.250774711,0.0,0.508598924,0.000000000,0.387728423
0.0,0.359562755,0.0,0.653737962,0.000000000,0.505337125
0.0,0.620792091,0.0,0.720194817,0.000000000,0.675292664
0.0,0.517362297,0.0,0.584861934,0.000000000,0.569567380
0.0,0.661768436,0.0,0.550334811,0.000000000,0.629758645
0.0,0.886654139,0.0,0.464760125,0.000000000,0.729397130
0.0,0.944265723,0.0,0.430068374,0.000000000,0.702257632
0.0,0.945914149,0.0,0.514359832,0.000000000,0.735969298
0.0,0.919841647,0.0,0.489021271,0.000000000,0.713393169
0.0,0.84449023,0.0,0.377179921,0.000000000,0.606204901
0.0,0.848126411,0.0,0.256768435,0.000000000,0.576236543
0.0,0.861258924,0.0,0.234668016,0.000000000,0.500107094
0.0112,0.929770112,0.0019,0.252205729,0.015479959,0.575525009
0.1635,0.831433773,0.1724,0.31066364,0.157897240,0.602966892
0.3077,0.879223168,0.3934,0.38170743,0.338102908,0.615011988
0.4675,0.907230675,0.5482,0.471384227,0.513120829,0.712381838
0.5809,0.873942196,0.6521,0.499501944,0.582145734,0.740217329
0.633,0.935139775,0.6736,0.730083227,0.628113107,0.852406927
0.6608,0.982589841,0.6918,0.755252302,0.642517773,0.881310592
0.6639,0.995923579,0.681,0.819215655,0.624572648,0.921957107
0.6144,0.99724257,0.6425,0.751327097,0.597665020,0.896696126
0.479,0.956187367,0.5211,0.758041263,0.481921291,0.875916570
0.3025,0.984150648,0.3515,0.806601048,0.322105717,0.893705496
0.0929,0.917602122,0.1413,0.850285888,0.103575131,0.910144431
0.0,0.633626342,0.0,0.773372173,0.000000000,0.700477948
0.0,0.435737133,0.0,0.66940546,0.000000000,0.542919847
0.0,0.553100049,0.0,0.6794644,0.000000000,0.627052529
0.0,0.755872071,0.0,0.625985682,0.000000000,0.659301552
0.0,0.600292861,0.0,0.553042948,0.000000000,0.575144740
0.0,0.794487178,0.0,0.652739346,0.000000000,0.749561078
0.0,0.763448298,0.0,0.653426826,0.000000000,0.713637136
0.0,0.454746097,0.0,0.711269736,0.000000000,0.601851489
0.0,0.431725323,0.0,0.775285244,0.000000000,0.593765872
0.0,0.433488607,0.0,0.819018781,0.000000000,0.650742439
0.0,0.421672016,0.0,0.826123357,0.000000000,0.607551843
0.0,0.259159923,0.0,0.826815605,0.000000000,0.533122310
0.0333,0.388647884,0.0405,0.851387024,0.022087795,0.660682602
0.2418,0.229400888,0.2523,0.819333553,0.239171502,0.490245712
0.441,0.050479695,0.4521,0.723687172,0.423414687,0.385464066
0.5904,0.013633488,0.5899,0.571605325,0.595016610,0.291011168
0.6666,0.168368682,0.6483,0.721169114,0.610995693,0.461479877
0.6786,0.322285056,0.665,0.660482466,0.637258822,0.501437107
0.6996,0.309980959,0.6836,0.660823703,0.667804456,0.514005103
0.6998,0.27988708,0.6945,0.705078065,0.681061680,0.511316919
0.6422,0.270077437,0.6534,0.673211873,0.616105550,0.498130810
0.4987,0.271634936,0.5272,0.582140446,0.488367145,0.457100430
0.315,0.322371453,0.3545,0.603400648,0.317197320,0.479049055
0.0942,0.17253983,0.1353,0.344481379,0.138229996,0.259094074
0.0,0.072946914,0.0,0.414685339,0.000000000,0.251005011
0.0,0.166520938,0.0,0.534986734,0.000000000,0.349516760
0.0,0.445482522,0.0,0.644831777,0.000000000,0.557118656
0.0,0.51720804,0.0,0.782597125,0.000000000,0.666728111
0.0,0.433076054,0.0,0.768868208,0.000000000,0.614296093
0.0,0.383758038,0.0,0.751564443,0.000000000,0.578938846
0.0,0.297855675,0.0,0.752305686,0.000000000,0.539953911
0.0,0.114680372,0.0,0.729892552,0.000000000,0.437326449
0.0,0.129284158,0.0,0.658074081,0.000000000,0.388162345
0.0,0.062271252,0.0,0.567826748,0.000000000,0.331871101
0.0,0.017396417,0.0,0.512725115,0.000000000,0.294648585
0.0,0.09497606,0.0,0.464137137,0.000000000,0.264092582
0.0374,0.076697059,0.0396,0.376130432,0.045280415,0.237770919
0.2454,0.060475286,0.245,0.197720349,0.239688514,0.126533733
0.4337,0.041478485,0.4163,0.061893769,0.405854581,0.027545539
0.5698,0.0,0.5374,0.024072248,0.542542663,0.000000000
0.6528,0.0,0.6689,0.023505531,0.635080274,0.000000000
0.6646,0.0,0.6882,0.041397519,0.645455475,0.006005446
0.6663,0.000113007,0.6862,0.051032476,0.632817812,0.024990159
0.6749,0.002160833,0.6811,0.0874217,0.676909502,0.086085584
0.6161,0.044768546,0.6309,0.083796531,0.605653777,0.054836619
0.4787,0.128320843,0.5064,0.122714557,0.464063994,0.112335194
0.2999,0.22648406,0.3265,0.205823749,0.298053456,0.267829368
0.0828,0.431267411,0.1194,0.315319538,0.104252536,0.363813618
0.0,0.390916973,0.0,0.415449888,0.000000000,0.414414151
0.0,0.561297715,0.0,0.482016206,0.000000000,0.551501710
0.0,0.762043893,0.0,0.67735678,0.000000000,0.730623867
0.0,0.939086914,0.0,0.771929741,0.000000000,0.856879376
0.0,0.842879713,0.0,0.705118477,0.000000000,0.791731144
0.0,0.899552643,0.0,0.559250414,0.000000000,0.758612140
0.0,0.898537457,0.0,0.538995683,0.000000000,0.720046495
0.0,0.919531405,0.0,0.595814526,0.000000000,0.778369107
0.0,0.881030142,0.0,0.632329762,0.000000000,0.754413574
0.0,0.816081524,0.0,0.714364588,0.000000000,0.801940291
0.0,0.825923443,0.0,0.734830022,0.000000000,0.801832585
0.0,0.970561087,0.0,0.625831604,0.000000000,0.825260923
0.0159,0.585050523,0.0,0.74734056,0.012056891,0.659053868
0.1364,0.694180012,0.0655,0.676687717,0.093797788,0.709381448
0.2613,0.989474654,0.1555,0.630730391,0.208938310,0.840654070
0.2878,0.976492524,0.277,0.638207257,0.229388929,0.832743740
0.3485,0.987991273,0.2571,0.795931697,0.314501354,0.914667302
0.3694,1.0,0.3513,0.885869026,0.361099894,0.968204226
0.3715,1.0,0.3317,0.984764457,0.350302991,0.994223169
0.3159,1.0,0.2708,0.996541977,0.273788412,1.000000000
0.2634,1.0,0.2233,0.999993801,0.243505441,1.000000000
0.1974,1.0,0.1633,0.999991596,0.151401314,1.000000000
0.1018,1.0,0.0646,0.999992549,0.068807302,0.965934200
0.0,1.0,0.0,0.999997318,0.000000000,1.000000000
0.0,1.0,0.0,0.999994755,0.000000000,1.000000000
0.0,0.999052465,0.0,0.999999166,0.000000000,1.000000000
0.0,0.995553553,0.0,0.999995828,0.000000000,1.000000000
0.0,0.985252142,0.0,0.999994099,0.000000000,0.977797854
0.0,0.726023734,0.0,0.992140293,0.000000000,0.893322414
0.0,0.541323125,0.0,0.98154062,0.000000000,0.774061030
0.0,0.546393216,0.0,0.960866928,0.000000000,0.765017123
0.0,0.610853374,0.0,0.939677835,0.000000000,0.796449098
0.0,0.678911865,0.0,0.966758132,0.000000000,0.864091914
0.0,0.7634812,0.0,0.983022809,0.000000000,0.919126600
0.0,0.854666889,0.0,0.911070824,0.000000000,0.937729396
0.0,0.992830038,0.0,0.829967797,0.000000000,0.914016160
0.0,0.963701785,0.0,0.856526375,0.000000000,0.951488748
0.0468,0.930816412,0.0759,0.918672562,0.054220029,0.962339675
0.2496,0.962773561,0.332,0.961039484,0.272583908,0.985994602
0.4478,0.975659966,0.5486,0.892843306,0.486781257,0.983986098
0.585,0.95517838,0.6681,0.729351282,0.594905556,0.872878413
0.6361,0.857094347,0.6905,0.792010188,0.634136399,0.808490995
0.6707,0.750389695,0.7012,0.827666879,0.685922682,0.849052936
0.6639,0.536034942,0.6893,0.83637619,0.643122290,0.679400174
0.6118,0.50115335,0.6146,0.680073619,0.583537459,0.619912516
0.4717,0.350754082,0.5053,0.660342455,0.475689117,0.482057679
0.2937,0.509578526,0.3293,0.671488643,0.287408981,0.623807102
0.0815,0.277478278,0.1169,0.414165974,0.078557073,0.378019692
0.0,0.198396832,0.0,0.373148084,0.000000000,0.265766052
0.0,0.302560478,0.0,0.490444332,0.000000000,0.373768212
0.0,0.42866829,0.0,0.631366551,0.000000000,0.556094472
0.0,0.656359136,0.0,0.70841819,0.000000000,0.686156869
0.0,0.672442734,0.0,0.590445757,0.000000000,0.663831132
0.0,0.742547035,0.0,0.629525602,0.000000000,0.683324569
0.0,0.804443896,0.0,0.556412816,0.000000000,0.688537996
0.0,0.836189687,0.0,0.432837486,0.000000000,0.655462513
0.0,0.840309381,0.0,0.416322708,0.000000000,0.644804687
0.0,0.730036616,0.0,0.346519113,0.000000000,0.527972770
0.0,0.884660244,0.0,0.35499388,0.000000000,0.645535667
0.0,0.931680143,0.0,0.39309144,0.000000000,0.712125769
0.0335,0.881554186,0.0417,0.271837622,0.016769913,0.583390716
0.2407,0.596970022,0.2565,0.178222477,0.237708895,0.388663474
0.443,0.334044278,0.4542,0.093410067,0.418273934,0.241615708
0.5964,0.280899853,0.597,0.116458245,0.571580558,0.195880636
0.7934,0.392157227,0.7864,0.100767419,0.762410169,0.255162632
0.6889,0.222006544,0.665,0.073735848,0.642989229,0.183419117
0.6804,0.098204508,0.6768,0.086894289,0.656487995,0.094260468
0.6322,0.033465073,0.5863,0.073881403,0.595451592,0.040288423
0.5236,0.032819699,0.548,0.070070185,0.523701204,0.031193260
0.4284,0.118147463,0.4483,0.094548166,0.426762359,0.121448376
0.2682,0.115172677,0.2868,0.117516145,0.243283098,0.098680491
0.0695,0.090687223,0.1025,0.224542648,0.096057669,0.189817962
0.0,0.103259966,0.0,0.343922973,0.000000000,0.245260297
0.0,0.241392031,0.0,0.458717138,0.000000000,0.328467778
0.0,0.198990613,0.0,0.566894948,0.000000000,0.418298537
0.0,0.207458615,0.0,0.580319285,0.000000000,0.387125383
0.0,0.377977371,0.0,0.494530857,0.000000000,0.460642285
0.0,0.339961112,0.0,0.391565561,0.000000000,0.352335117
0.0,0.242313579,0.0,0.300661176,0.000000000,0.325621813
0.0,0.185321137,0.0,0.307149827,0.000000000,0.223224649
0.0,0.163998887,0.0,0.288979471,0.000000000,0.221618033
0.0,0.075642176,0.0,0.279163718,0.000000000,0.198787706
0.0,0.125639528,0.0,0.289879262,0.000000000,0.203238148
0.0,0.113088697,0.0,0.222221851,0.000000000,0.155216010
0.0007,0.048958693,0.0016,0.208411336,0.010934444,0.139469559
0.1283,0.072355554,0.1392,0.19806093,0.130286930,0.118626970
0.2225,0.000209131,0.3124,0.020117868,0.259424145,0.025598591
0.3094,0.000978208,0.454,0.165666789,0.347605183,0.101815359
0.3942,0.037764892,0.5999,0.037556641,0.484228690,0.054470887
0.4972,0.058019858,0.6783,0.09736678,0.545956616,0.105376188
0.5285,0.108819075,0.6891,0.095447943,0.588949773,0.125462292
0.5815,0.185068265,0.6865,0.217211932,0.631908299,0.197570130
0.5702,0.227436423,0.638,0.242349178,0.586706374,0.242811853
0.4618,0.072478332,0.5117,0.232173204,0.461038091,0.130266136
0.287,0.03717871,0.3363,0.310892195,0.283018809,0.170442824
0.0699,0.07623706,0.1158,0.356180072,0.111181351,0.217962341
0.0,0.152235523,0.0,0.416259408,0.000000000,0.282353153
0.0,0.280532122,0.0,0.508791447,0.000000000,0.393072637
0.0,0.261199355,0.0,0.632430732,0.000000000,0.449412779
0.0,0.245894283,0.0,0.617401004,0.000000000,0.420734718
0.0,0.468371987,0.0,0.521111608,0.000000000,0.536933937
0.0,0.332565784,0.0,0.477868497,0.000000000,0.429308324
0.0,0.164600521,0.0,0.402358532,0.000000000,0.283923352
0.0,0.159322843,0.0,0.375730515,0.000000000,0.255204516
0.0,0.203132525,0.0,0.294067144,0.000000000,0.256328487
0.0,0.151679963,0.0,0.306368917,0.000000000,0.256832646
0.0,0.066539206,0.0,0.316669881,0.000000000,0.213046159
0.0,0.080988511,0.0,0.276646018,0.000000000,0.173894626
0.0043,0.116476722,0.0023,0.273088694,0.004381986,0.188474440
0.1993,0.074290074,0.206,0.378784865,0.189468355,0.206288885
0.3807,0.055315424,0.3824,0.443808079,0.357429867,0.280391157
0.5122,0.060305949,0.5217,0.392902255,0.486244931,0.241190694
0.5895,0.153952226,0.6223,0.372159511,0.559908873,0.342475392
0.6126,0.163508609,0.6561,0.342467815,0.626969525,0.254325631
0.6438,0.16870743,0.6685,0.453377783,0.619660036,0.323369112
0.6607,0.45610705,0.644,0.585100174,0.624028296,0.535690786
0.5942,0.350135744,0.5677,0.579698622,0.580000767,0.488629125
0.44,0.407153845,0.41,0.45574975,0.400234558,0.445719471
0.2543,0.455650806,0.261,0.423299342,0.234875605,0.469512231
0.0448,0.430608004,0.0365,0.483271509,0.041233525,0.470288609
0.0,0.39933753,0.0,0.569424152,0.000000000,0.505429786
0.0,0.384514451,0.0,0.635807514,0.000000000,0.547319011
0.0,0.362082362,0.0,0.650111437,0.000000000,0.511817616
0.0,0.222253829,0.0,0.391919076,0.000000000,0.319883738
0.0,0.439391404,0.0,0.250497401,0.000000000,0.326699244
0.0,0.362558722,0.0,0.276773185,0.000000000,0.298746391
0.0,0.26356101,0.0,0.29012996,0.000000000,0.298479457
0.0,0.295664042,0.0,0.206443071,0.000000000,0.247637708
0.0,0.18220605,0.0,0.153610885,0.000000000,0.181437803
0.0,0.497006118,0.0,0.21386987,0.000000000,0.370698845
0.0,0.845599949,0.0,0.29088679,0.000000000,0.581383577
0.0,0.789852023,0.0,0.347565502,0.000000000,0.598996783
0.0072,0.757285476,0.0175,0.3188034,0.000000000,0.522109887
0.2144,0.821822345,0.2453,0.394220233,0.245996445,0.604238699
0.4109,0.984986365,0.4523,0.583236158,0.436736718,0.803007410
0.5706,0.956060052,0.6051,0.587625623,0.584942347,0.788774067
0.6825,0.84130621,0.7075,0.692644715,0.659400033,0.843570052
0.6666,0.531409204,0.6835,0.44067964,0.646792351,0.483243766
0.703,0.501554668,0.7193,0.521979809,0.706970525,0.511315105
0.7018,0.607655287,0.7153,0.483567685,0.695967135,0.553191787
0.6335,0.549904048,0.6549,0.549250066,0.624615329,0.549310640
0.486,0.728732049,0.5155,0.470553279,0.480399018,0.644547277
0.2005,0.756743014,0.2381,0.470826536,0.208537914,0.636711218
0.0054,0.344008088,0.024,0.274728358,0.018645821,0.295113702
0.0,0.267879903,0.0,0.459505081,0.000000000,0.400339471
0.0,0.199788079,0.0,0.551236391,0.000000000,0.410449192
0.0,0.239155143,0.0,0.516209602,0.000000000,0.387648313
0.0,0.504892051,0.0,0.643738389,0.000000000,0.599871428
0.0,0.626983345,0.0,0.841829419,0.000000000,0.763871726
0.0,0.829206884,0.0,0.852166653,0.000000000,0.870619591
0.0,5.39e-5,0.0,0.004550777,0.000000000,0.046003905
0.0,0.602670491,0.0,0.539775372,0.000000000,0.551310822
0.0,0.337674379,0.0,0.397766054,0.000000000,0.379940960
0.0,0.278578639,0.0,0.257786751,0.000000000,0.298803808
0.0,0.187207401,0.0,0.243738234,0.000000000,0.224842170
0.0,0.215925097,0.0,0.169086248,0.000000000,0.185996423
0.0,0.136005163,0.0,0.142887548,0.000000000,0.159017880
0.1684,0.089080587,0.1721,0.090083152,0.193068396,0.093426423
0.3608,0.050290864,0.3656,0.026623292,0.340108415,0.059157480
0.4983,0.004344241,0.5,0.016958065,0.489544138,0.003939840
0.5791,0.020269733,0.5763,0.008439897,0.550331296,0.007213157
0.581,0.03037446,0.5913,0.014322589,0.551734619,0.020931112
0.5892,0.046146598,0.5845,0.03564059,0.585409326,0.035810527
0.575,0.096565127,0.5786,0.021331057,0.538480014,0.039541849
0.5111,0.07148698,0.5265,0.060092002,0.502970254,0.021106450
0.372,0.150165856,0.4048,0.076077893,0.391067608,0.125924301
0.1965,0.231649458,0.233,0.128840089,0.228466859,0.179118256
0.0037,0.080233648,0.016,0.082210295,0.002670215,0.093260972
0.0,0.006048809,0.0,0.178865895,0.000000000,0.072794901
0.0,6.39e-5,0.0,0.261863947,0.000000000,0.158342924
0.0,0.00105951,0.0,0.447850406,0.000000000,0.249428375
0.0,0.082806423,0.0,0.531915665,0.000000000,0.341551208
0.0,0.338893205,0.0,0.544120312,0.000000000,0.424765914
0.0,0.5032686,0.0,0.653823435,0.000000000,0.606429221
0.0,0.720429063,0.0,0.692777395,0.000000000,0.726097691
0.0,0.570162356,0.0,0.656960845,0.000000000,0.613082355
0.0,0.429444849,0.0,0.763725877,0.000000000,0.629064836
0.0,0.669078708,0.0,0.741602302,0.000000000,0.757474865
0.0,0.52009809,0.0,0.81833446,0.000000000,0.694386537
0.0,0.615174234,0.0,0.802968383,0.000000000,0.752486331
0.0181,0.851693571,0.0232,0.692085862,0.016970504,0.805046132
0.1534,0.723234475,0.1721,0.737098336,0.145985804,0.707137914
0.4414,0.712190688,0.4656,0.611991107,0.447797282,0.675463546
0.6092,0.464306027,0.613,0.666004002,0.591019852,0.571945979
0.5788,0.581768215,0.5833,0.832618296,0.562428878,0.739699018
0.7011,0.46725589,0.7045,0.808790922,0.684610194,0.640636022
0.6993,0.654364824,0.7144,0.781255007,0.645306020,0.734981907
0.5664,0.657774389,0.5739,0.850043297,0.543754743,0.787298608
0.6283,0.6048522,0.6519,0.898034692,0.606596532,0.781035713
0.4788,0.618350983,0.5177,0.941942453,0.469774646,0.818148741
0.285,0.784346521,0.3273,0.838238716,0.284137125,0.832369907
0.0533,0.700133085,0.0862,0.81225121,0.074772426,0.802303198
0.0,0.306836605,0.0,0.953195393,0.000000000,0.679681409
0.0,0.658197522,0.0,0.96757102,0.000000000,0.864828631
0.0,0.843691945,0.0,0.990330935,0.000000000,0.949399043
0.0,0.978803039,0.0,0.99606967,0.000000000,1.000000000
0.0,0.766324818,0.0,0.989278495,0.000000000,0.882644376
0.0,0.967894971,0.0,0.984784365,0.000000000,1.000000000
0.0,0.976025045,0.0,0.981123924,0.000000000,0.985764571
0.0,0.986240864,0.0,0.971382141,0.000000000,1.000000000
0.0,0.985389531,0.0,0.917189538,0.000000000,0.944568325
0.0,0.8652125,0.0,0.936398029,0.000000000,0.924046007
0.0,0.78459537,0.0,0.949288607,0.000000000,0.887241032
0.0,0.531603336,0.0,0.961833715,0.000000000,0.764971803
0.0003,0.336972117,0.0,0.895931721,0.002032743,0.672065210
0.1107,0.656520963,0.0796,0.672280967,0.077569161,0.678803652
0.2316,0.391514659,0.2081,0.592441082,0.208221796,0.530426794
0.3395,0.462364256,0.2877,0.559595585,0.301112120,0.524535020
0.3807,0.578399718,0.3381,0.570493639,0.344959975,0.597511520
0.4182,0.443495989,0.3927,0.479723781,0.404764126,0.496618487
0.3959,0.301914573,0.3978,0.558347523,0.352562714,0.409033722
0.3364,0.401118428,0.3326,0.437527508,0.324029937,0.425445334
0.3022,0.193104565,0.2773,0.528680801,0.292471818,0.359380219
0.216,0.33041963,0.2373,0.571206629,0.194941871,0.485051578
0.109,0.071432531,0.0897,0.443831027,0.100854762,0.276291914
0.0,0.061529294,0.0,0.47579813,0.000000000,0.290850146
0.0,0.270615041,0.0,0.512521744,0.000000000,0.428241930
0.0,0.309136778,0.0,0.514423788,0.000000000,0.455131331
0.0,0.556941986,0.0,0.566592455,0.000000000,0.578569293
0.0,0.380371124,0.0,0.53500092,0.000000000,0.473217614
0.0,0.180378228,0.0,0.417554379,0.000000000,0.327540530
0.0,0.292407036,0.0,0.474225879,0.000000000,0.367475238
0.0,0.598450959,0.0,0.582155883,0.000000000,0.599093235
0.0,0.662501574,0.0,0.560578346,0.000000000,0.644408314
0.0,0.424163461,0.0,0.537826419,0.000000000,0.486372201
0.0,0.86108011,0.0,0.589968741,0.000000000,0.704485763
0.0,0.840644836,0.0,0.606835842,0.000000000,0.726957120
0.0,0.4513188,0.0,0.709149063,0.000000000,0.617072281
0.0,0.323582321,0.0,0.820632458,0.000000000,0.595981370
0.165,0.418030173,0.1518,0.776598692,0.148676816,0.631662931
0.3583,0.080810949,0.3098,0.810364008,0.335671386,0.461801723
0.5103,0.104073808,0.4596,0.810941577,0.473490713,0.492053650
0.6098,0.236442462,0.5626,0.677809477,0.554466611,0.475412224
0.6081,0.381223321,0.6287,0.779337406,0.599368540,0.584185912
0.6377,0.402077168,0.6324,0.749539435,0.604967958,0.576565197
0.6341,0.27447772,0.6321,0.65370506,0.621618079,0.514500439
0.5755,0.095142066,0.5981,0.597457349,0.545462999,0.374582639
0.4396,0.080375493,0.4764,0.528317571,0.414271697,0.297413883
0.2627,0.142758012,0.2789,0.386609167,0.269188300,0.232472101
0.038,0.169752017,0.0373,0.234969318,0.025423669,0.257907337
0.0,0.1901775,0.0,0.337295502,0.000000000,0.265753322
0.0,0.21803838,0.0,0.456781954,0.000000000,0.378930708
0.0,0.157127023,0.0,0.456139922,0.000000000,0.320096014
0.0,0.437879592,0.0,0.353570342,0.000000000,0.393205087
0.0,0.549933553,0.0,0.382403672,0.000000000,0.484182906
0.0,0.57870394,0.0,0.316131264,0.000000000,0.474035300
0.0,0.473624468,0.0,0.345202565,0.000000000,0.450736677
0.0,0.421659768,0.0,0.191719472,0.000000000,0.317290684
0.0,0.564772367,0.0,0.210953832,0.000000000,0.401499773
0.0,0.429345876,0.0,0.199117959,0.000000000,0.364674427
0.0,0.544164777,0.0,0.150485322,0.000000000,0.327455511
0.0,0.546274722,0.0,0.148314789,0.000000000,0.363918346
0.0,0.708696067,0.0,0.143256128,0.000000000,0.388007304
0.0227,0.543285131,0.0169,0.139474079,0.029270259,0.366353299
0.1143,0.403453559,0.2004,0.102915138,0.115732554,0.260097432
0.225,0.470281392,0.2322,0.082336143,0.189935956,0.285758198
0.2712,0.505657375,0.2467,0.082073025,0.233532691,0.315462398
0.3201,0.763015985,0.2813,0.077296898,0.280635129,0.428512953
0.3042,0.734242797,0.2164,0.283501148,0.250459561,0.544800258
0.2006,0.581967711,0.1436,0.311341584,0.148727961,0.461127643
0.1573,0.488445789,0.1263,0.364861816,0.158902967,0.419053388
0.1131,0.756936312,0.0886,0.412101805,0.113441952,0.637153388
0.0364,0.738407016,0.0169,0.352851689,0.003512401,0.560354909
0.0002,0.753311574,0.0,0.260359108,0.000000000,0.519196365
0.0,0.782812536,0.0,0.26823175,0.000000000,0.575754478
0.0,0.169178814,0.0,0.272782564,0.000000000,0.201505598
0.0,0.350411385,0.0,0.267679095,0.000000000,0.328654853
0.0,0.178412557,0.0,0.245597452,0.000000000,0.237418209
0.0,0.21456857,0.0,0.241182238,0.000000000,0.207393119
0.0,0.362484336,0.0,0.106541909,0.000000000,0.254180290
0.0,0.213273749,0.0,0.123804897,0.000000000,0.194288042
0.0,0.151436165,0.0,0.115563884,0.000000000,0.139809472
0.0,0.156363919,0.0,0.0996655,0.000000000,0.124596152
0.0,0.14446789,0.0,0.166051507,0.000000000,0.165199128
0.0,0.104006998,0.0,0.272807658,0.000000000,0.209441273
0.0,0.066989422,0.0,0.379876614,0.000000000,0.238552717
0.0,0.049724519,0.0,0.483534515,0.000000000,0.271602604
0.0492,0.011897431,0.1023,0.438214809,0.074615644,0.228870083
0.2151,0.004634357,0.3021,0.60039264,0.231492845,0.358282072
0.3568,0.01628332,0.4115,0.635882258,0.375532859,0.345328663
0.4126,0.010098691,0.375,0.633607745,0.384923013,0.341570035
0.3888,0.001560208,0.3973,0.584800065,0.366949087,0.270480245
0.3378,0.008526641,0.4079,0.474689931,0.360688685,0.253453575
0.3163,0.017471137,0.3667,0.505011082,0.344640181,0.285382614
0.3062,0.049088411,0.2869,0.389001518,0.288554527,0.232397118
0.2173,0.034730215,0.1801,0.497003913,0.189153557,0.266793081
0.0532,0.025432749,0.0793,0.484405488,0.067441204,0.282575104
0.0,0.001164898,0.0013,0.503411055,0.021317857,0.301539539
0.0,0.012968408,0.0,0.500398397,0.000000000,0.280659372
0.0,0.005478158,0.0,0.222441912,0.000000000,0.141051144
0.0,0.024425555,0.0,0.241823494,0.000000000,0.144547572
0.0,0.001600952,0.0,0.30379793,0.000000000,0.141768088
0.0,0.015710842,0.0,0.330348015,0.000000000,0.167407212
0.0,0.015901523,0.0,0.277003139,0.000000000,0.131971063
0.0,0.018128684,0.0,0.27843231,0.000000000,0.134148059
0.0,0.002056014,0.0,0.208387733,0.000000000,0.062329913
0.0,0.003123416,0.0,0.147065341,0.000000000,0.104707395
0.0,0.001008441,0.0,0.215231627,0.000000000,0.129789695
0.0,0.002497311,0.0,0.239862114,0.000000000,0.105465932
0.0,0.000931522,0.0,0.162057474,0.000000000,0.117579878
0.0,0.0,0.0,0.151098296,0.000000000,0.087321175
0.0346,0.000150353,0.0538,0.122261405,0.082754782,0.119717093
0.1101,0.006247665,0.1861,0.180387795,0.129694217,0.089695077
0.1889,4.11e-6,0.3572,0.177060336,0.253733862,0.112260075
0.3208,0.003721157,0.4009,0.186004698,0.362722049,0.126791095
0.3743,0.01791463,0.4637,0.188597053,0.404610627,0.118876072
0.3697,0.046740893,0.4801,0.139492914,0.407356953,0.079889038
0.3899,0.061925638,0.5307,0.18804802,0.443261088,0.121444088
0.4214,0.051065058,0.4858,0.171462178,0.424340503,0.111663680
0.3628,0.063815258,0.3614,0.23101148,0.350860764,0.147597716
0.1983,0.128864989,0.2475,0.223213345,0.223270573,0.151888280
0.0092,0.029885035,0.0164,0.231041357,0.017508777,0.121737250
0.0,0.104287528,0.0,0.264672101,0.000000000,0.162164790
0.0,0.142330542,0.0,0.526293397,0.000000000,0.325117508
0.0,0.696731567,0.0,0.622292995,0.000000000,0.670863598
0.0,0.948983431,0.0,0.488800496,0.000000000,0.786507608
0.0,0.900351584,0.0,0.329418093,0.000000000,0.634260675
0.0,0.741643667,0.0,0.314780831,0.000000000,0.568490510
0.0,0.820943415,0.0,0.432634026,0.000000000,0.657624242
0.0,0.702606857,0.0,0.627525985,0.000000000,0.665209912
0.0,0.750306249,0.0,0.655428946,0.000000000,0.713449765
0.0,0.99172616,0.0,0.50066489,0.000000000,0.775607186
0.0,0.996505797,0.0,0.453085065,0.000000000,0.742642538
0.0,0.948494852,0.0,0.563419104,0.000000000,0.792056257
0.0016,0.959520638,0.0,0.437136173,0.019335383,0.695594081
0.1822,0.806253433,0.2019,0.45784533,0.189991992,0.653550088
0.3677,0.896062136,0.3796,0.633075833,0.374511958,0.764756356
0.4934,0.897956908,0.5148,0.656134069,0.456934967,0.813526637
0.5681,0.88837117,0.5786,0.583097398,0.568836376,0.739463957
0.538,0.948483229,0.5443,0.616008282,0.538651051,0.814211925
0.5598,0.974336624,0.5933,0.469226658,0.548604916,0.750714097
0.6963,0.972741842,0.7355,0.460566252,0.679298988,0.718911924
0.5216,0.812293708,0.5275,0.555232406,0.516237216,0.659413954
0.3658,0.77067095,0.3854,0.583019137,0.367612321,0.701069156
0.192,0.373289496,0.224,0.512791932,0.214880678,0.484793098
0.0086,0.399668753,0.0239,0.502411604,0.008005557,0.476157060
0.0,0.136327505,0.0,0.570054173,0.000000000,0.364991828
0.0,0.284345657,0.0,0.622350454,0.000000000,0.462029833
0.0,0.432108641,0.0,0.607765436,0.000000000,0.500671957
0.0,0.313663751,0.0,0.661843479,0.000000000,0.496257361
0.0,0.360781908,0.0,0.629212022,0.000000000,0.475460017
0.0,0.322921962,0.0,0.645707846,0.000000000,0.477398843
0.0,0.243654415,0.0,0.671092272,0.000000000,0.457217527
0.0,0.157990873,0.0,0.74913919,0.000000000,0.488099065
0.0,0.143793911,0.0,0.808401048,0.000000000,0.503172736
0.0,0.176722482,0.0,0.881084681,0.000000000,0.555449272
0.0,0.128973022,0.0,0.836052239,0.000000000,0.538669012
0.0,0.10721498,0.0,0.74914217,0.000000000,0.446708978
0.0,0.120678574,0.0,0.749017358,0.000000000,0.456759424
0.0956,0.127228752,0.0784,0.667578578,0.068781631,0.412065082
0.1987,0.027402641,0.2261,0.324084044,0.190513323,0.168865456
0.3334,0.062172186,0.2525,0.220875502,0.277453217,0.162868210
0.3963,0.004510623,0.3274,0.187845156,0.337340663,0.100442521
0.3824,0.003737009,0.2852,0.194081053,0.319653828,0.094699444
0.3384,5.81e-5,0.2859,0.13475877,0.303338367,0.094206160
0.4399,0.0135539,0.3858,0.088302493,0.399429592,0.029296791
0.2178,0.035898123,0.1405,0.091984294,0.184841603,0.076863676
0.1308,0.036008358,0.0741,0.109840304,0.094280118,0.083629024
0.0434,0.164216384,0.02,0.103923313,0.005952089,0.186063645
0.0,0.072726808,0.0,0.177375227,0.000000000,0.150805639
0.0,0.076544836,0.0,0.339001715,0.000000000,0.195612798
0.0,0.174487755,0.0,0.400369883,0.000000000,0.318723857
0.0,0.113026388,0.0,0.450605899,0.000000000,0.270678662
0.0,0.124498233,0.0,0.299565852,0.000000000,0.208538753
0.0,0.15258874,0.0,0.322583199,0.000000000,0.222258024
0.0,0.144948363,0.0,0.301642865,0.000000000,0.189629076
0.0,0.161675349,0.0,0.296388447,0.000000000,0.257532268
0.0,0.226834446,0.0,0.257897645,0.000000000,0.258497893
0.0,0.386229157,0.0,0.208395958,0.000000000,0.293484221
0.0,0.344380617,0.0,0.210985288,0.000000000,0.292908525
0.0,0.247528479,0.0,0.199107856,0.000000000,0.241541451
0.0,0.275331765,0.0,0.247608364,0.000000000,0.315257762
0.0,0.120341755,0.0,0.264985949,0.000000000,0.198215825
0.0104,0.176185265,0.0257,0.207400754,0.000000000,0.198366456
0.1284,0.070667557,0.2181,0.157417268,0.182124795,0.118531994
0.2641,0.031805024,0.3431,0.087329894,0.306654860,0.017946177
0.3303,0.002295011,0.3263,0.074054383,0.308887117,0.061848701
0.3248,1.61e-5,0.3166,0.06560795,0.298545538,0.007460157
0.3229,0.0,0.3719,0.047920533,0.317250756,0.026091067
0.2728,0.0,0.3156,0.050293982,0.275159991,0.030083319
0.2195,0.002891073,0.2369,0.035412624,0.234402173,0.006342555
0.1478,0.01918966,0.1547,0.086065575,0.154755718,0.022100718
0.0394,0.018129956,0.0069,0.038735457,0.030865209,0.000000000
0.0,0.042193353,0.0,0.030007897,0.000000000,0.031905335
0.0,0.03451211,0.0,0.051597007,0.000000000,0.051900635
0.0,0.011916862,0.0,0.055312231,0.000000000,0.049168006
0.0,0.000239574,0.0,0.090159759,0.000000000,0.053354593
0.0,0.025098011,0.0,0.071833655,0.000000000,0.083682006
0.0,0.01051871,0.0,0.081261441,0.000000000,0.017656200
0.0,0.064233012,0.0,0.064384155,0.000000000,0.066350597
0.0,0.085986108,0.0,0.079134971,0.000000000,0.066719312
0.0,0.011883026,0.0,0.112637095,0.000000000,0.023321484
0.0,0.004548309,0.0,0.160840943,0.000000000,0.070885370
0.0,0.007965488,0.0,0.182493135,0.000000000,0.090713161
0.0,0.017966984,0.0,0.145355016,0.000000000,0.096542550
0.0,0.002194171,0.0,0.119718105,0.000000000,0.046915555
0.0,0.0,0.0,0.091770083,0.000000000,0.038734778
0.0381,0.002524441,0.0445,0.079559579,0.027053099,0.028108701
0.17,0.000431351,0.1872,0.058867916,0.167990447,0.000000000
0.27,0.0,0.2454,0.069363117,0.229331448,0.015642599
0.3211,0.0,0.3145,0.042783841,0.311023886,0.053306199
0.3313,0.001531236,0.3174,0.061134979,0.295156417,0.047685208
0.2964,0.007927813,0.2899,0.084974013,0.276569798,0.050050917
0.2684,8.89e-5,0.2573,0.082150929,0.279301532,0.036858392
0.2174,0.000317914,0.2072,0.089735672,0.198911590,0.046758635
0.1514,0.001940046,0.155,0.115701199,0.169885901,0.070049784
0.0541,0.011896339,0.0486,0.136634976,0.067351903,0.114612873
0.0,0.026891915,0.0,0.195205063,0.000000000,0.085374533
0.0,0.007569692,0.0,0.188293368,0.000000000,0.104205014
0.0,0.002477842,0.0,0.16416207,0.000000000,0.072996628
0.0,0.005212133,0.0,0.117875397,0.000000000,0.084369871
0.0,0.091180474,0.0,0.184234142,0.000000000,0.180949485
0.0,0.079935879,0.0,0.144545853,0.000000000,0.153820391
0.0,0.169124022,0.0,0.095309019,0.000000000,0.090396252
0.0,0.184075803,0.0,0.114767142,0.000000000,0.133878437
0.0,0.22172296,0.0,0.148431301,0.000000000,0.180798519
0.0,0.183373541,0.0,0.136147708,0.000000000,0.186258281
0.0,0.11049369,0.0,0.147787496,0.000000000,0.119138943
0.0,0.256929904,0.0,0.166627288,0.000000000,0.235307719
0.0,0.184544161,0.0,0.170740709,0.000000000,0.188131484
0.0,0.126311868,0.0,0.191363618,0.000000000,0.140926548
0.1666,0.063422926,0.1842,0.181252629,0.153465906,0.130170128
0.3859,0.085050307,0.3781,0.153763801,0.365339383,0.111447622
0.5526,0.054095674,0.5575,0.070070148,0.531818428,0.060644635
0.6498,0.003800753,0.654,0.055795662,0.640190752,0.020271643
0.6686,0.058133684,0.6748,0.106422022,0.634320285,0.102252115
0.6667,0.099100165,0.6791,0.099244229,0.669558467,0.090509126
0.6583,0.007748276,0.6674,0.08181645,0.625438149,0.113955621
0.5799,0.009447465,0.601,0.188040316,0.574778190,0.083779159
0.4249,0.037866142,0.4556,0.336171299,0.423056803,0.120481273
0.2235,0.008816401,0.2615,0.315601885,0.225208686,0.155061729
0.0004,0.090601459,0.0166,0.459254742,0.023093639,0.277912694
0.0,0.296119601,0.0,0.680247307,0.000000000,0.552198036
0.0,0.254864693,0.0,0.710634351,0.000000000,0.509499992
0.0,0.540082812,0.0,0.582747102,0.000000000,0.555039782
0.0,0.0,0.0,0.04799873,0.000000000,0.044307267
0.0,0.701472223,0.0,0.546970963,0.000000000,0.598290944
0.0,0.742087483,0.0,0.501965761,0.000000000,0.634288293
0.0,0.818527162,0.0,0.391889781,0.000000000,0.639187576
0.0,0.791469038,0.0,0.523172379,0.000000000,0.694317094
0.0,0.824515462,0.0,0.413298577,0.000000000,0.614530520
0.0,0.813085675,0.0,0.349929631,0.000000000,0.629137289
0.0,0.734364271,0.0,0.483928144,0.000000000,0.617627405
0.0,0.769321799,0.0,0.459182084,0.000000000,0.641960138
0.0,0.569883227,0.0,0.452303708,0.000000000,0.542237546
0.1341,0.703192353,0.1234,0.591221392,0.123090104,0.674768853
0.2599,0.741060615,0.2773,0.711295485,0.255523965,0.763736991
0.4087,0.629254162,0.516,0.652308702,0.441595460,0.682046058
0.5616,0.814565778,0.591,0.806052566,0.571251052,0.844805751
0.5056,0.989893138,0.5317,0.915401459,0.528450471,0.962758476
0.5266,0.987901568,0.4692,0.908073306,0.486813850,0.951766756
0.45,0.866652608,0.4267,0.859722853,0.409073595,0.896097651
0.4041,0.948852837,0.3224,0.924379826,0.356021774,0.997003011
0.2425,0.998748302,0.1381,0.849882007,0.183668578,0.958578707
0.0784,0.989630282,0.016,0.777934909,0.016050844,0.925062248
0.0,0.902611196,0.0008,0.656714261,0.000000000,0.799135591
0.0,0.684839487,0.0,0.571827114,0.000000000,0.641967537
0.0,0.514484704,0.0,0.466713786,0.000000000,0.501408860
0.0,0.971629798,0.0,0.508090556,0.000000000,0.761166535
0.0,0.990875661,0.0,0.624787569,0.000000000,0.830145524
0.0,0.909717739,0.0,0.677796483,0.000000000,0.815275186
0.0,0.838870287,0.0,0.624520898,0.000000000,0.756056951
0.0,0.829538107,0.0,0.648422956,0.000000000,0.790492662
0.0,0.778481424,0.0,0.574498713,0.000000000,0.695710754
0.0,0.738978922,0.0,0.624715686,0.000000000,0.734497832
0.0,0.642461658,0.0,0.674745202,0.000000000,0.668470343
0.0,0.605107188,0.0,0.727302074,0.000000000,0.666455496
0.0,0.446995795,0.0,0.716182411,0.000000000,0.631687301
0.0002,0.375861287,0.0,0.589199841,0.000000000,0.493370424
0.2052,0.193335295,0.1866,0.397632778,0.190875141,0.314289565
0.3909,0.021394806,0.3581,0.175246477,0.372509854,0.104191140
0.461,0.001876377,0.4225,0.131172612,0.430807301,0.108225456
0.4752,1.21e-5,0.3928,0.105622016,0.400320842,0.034964930
0.3909,0.003903061,0.3719,0.023547713,0.360628406,0.019743971
0.3453,9.2e-6,0.3312,0.019164173,0.329023203,0.013432390
0.2928,0.0,0.2789,0.008707074,0.247261794,0.000000000
0.2181,0.0,0.2256,0.009318352,0.202855053,0.021016414
0.1528,6.63e-5,0.2398,0.015307428,0.201722659,0.000000000
0.0877,0.007670181,0.1197,0.004995878,0.129978671,0.000000000
0.0,0.019139618,0.0,0.015649065,0.000000000,0.016279085
0.0,0.093613885,0.0,0.023264684,0.000000000,0.026082438
0.0,0.121005848,0.0,0.06934312,0.000000000,0.093211405
0.0,0.281658173,0.0,0.057530548,0.000000000,0.159626989
0.0,0.335188657,0.0,0.067540213,0.000000000,0.197728259
0.0,0.108515114,0.0,0.150110304,0.000000000,0.110337686
0.0,0.094917461,0.0,0.132575721,0.000000000,0.092596400
0.0,0.074863143,0.0,0.152338162,0.000000000,0.122531630
0.0,0.015791694,0.0,0.112782978,0.000000000,0.056178084
0.0,0.07222759,0.0,0.12545234,0.000000000,0.064662348
0.0,0.050978284,0.0,0.187891424,0.000000000,0.140569984
0.0,0.022532249,0.0,0.232976347,0.000000000,0.135184459
0.0,0.025290325,0.0,0.200799718,0.000000000,0.102112413
0.0002,0.005792946,0.0,0.224025592,0.027098795,0.132839144
0.21,0.070410952,0.1812,0.113569021,0.213714798,0.117626646
0.403,0.078261301,0.3469,0.161678851,0.360520541,0.100016566
0.5426,0.001832685,0.4753,0.423885584,0.487272965,0.230256607
0.5487,0.002381909,0.5006,0.393696189,0.506822703,0.218244834
0.4916,0.0,0.4764,0.362006962,0.471463245,0.154283679
0.5012,1.92e-5,0.4148,0.221008793,0.453362578,0.136625827
0.4069,0.0,0.4005,0.103358626,0.397050234,0.032985333
0.3289,0.0,0.3656,0.076220885,0.357633443,0.026561023
0.2941,0.0,0.2759,0.076631434,0.241081956,0.015655465
0.1047,0.0,0.1485,0.031324591,0.118228265,0.004399898
0.0,0.0,0.0001,0.01576566,0.008140845,0.010042288
0.0,0.004691816,0.0,0.019113895,0.000000000,0.011784990
0.0,0.033015952,0.0,0.04972434,0.000000000,0.040869834
0.0,0.000110749,0.0,0.061502814,0.000000000,0.059673324
0.0,0.005399683,0.0,0.041930322,0.000000000,0.052227543
0.0,0.013063043,0.0,0.029463997,0.000000000,0.000000000
0.0,0.039996848,0.0,0.020454962,0.000000000,0.013316497
0.0,0.095855094,0.0,0.033548683,0.000000000,0.084943509
0.0,0.211680681,0.0,0.067406386,0.000000000,0.123698649
0.0,0.485274285,0.0,0.104799449,0.000000000,0.284649836
0.0,0.679504335,0.0,0.141130626,0.000000000,0.414495455
0.0,0.703849554,0.0,0.290598631,0.000000000,0.493179436
0.0,0.489447594,0.0,0.388224363,0.000000000,0.447514381
0.0,0.422385931,0.0,0.484123707,0.000000000,0.488322530
0.0868,0.520522594,0.0828,0.546659291,0.094971916,0.573217709
0.2012,0.30972895,0.2441,0.437131643,0.233081277,0.355592886
0.2911,0.365128815,0.3888,0.239121646,0.354299624,0.302856596
0.3811,0.47549361,0.4413,0.294458628,0.397542308,0.384328030
0.4499,0.586961985,0.4674,0.266435981,0.447872390,0.438799711
0.4285,0.205066979,0.4583,0.133936524,0.420626096,0.169540763
0.4819,0.33122462,0.5278,0.366821408,0.467658226,0.365872153
0.3705,0.288680136,0.4113,0.283802003,0.390888400,0.262548769
0.2989,0.401927292,0.3361,0.32252112,0.327743693,0.402447946
0.1446,0.192439526,0.178,0.304774255,0.198880865,0.254033519
0.0,0.06520357,0.0,0.16324994,0.000000000,0.135633640
0.0,0.279574305,0.0,0.203854278,0.000000000,0.260053737
0.0,0.408517808,0.0,0.352644026,0.000000000,0.381547832
0.0,0.274033189,0.0,0.526471376,0.000000000,0.409982337
0.0,0.281056643,0.0,0.4111875,0.000000000,0.381688867
0.0,0.234785825,0.0,0.393920273,0.000000000,0.323643217
0.0,0.208870262,0.0,0.391660154,0.000000000,0.306347382
0.0,0.264787823,0.0,0.369925737,0.000000000,0.290610004
0.0,0.247579262,0.0,0.347964376,0.000000000,0.338554181
0.0,0.357962251,0.0,0.277161181,0.000000000,0.317958875
0.0,0.347574234,0.0,0.17198281,0.000000000,0.274146401
0.0,0.340925634,0.0,0.267533511,0.000000000,0.322921320
0.0,0.175813347,0.0,0.342175245,0.000000000,0.287453140
0.0,0.056677535,0.0,0.343644142,0.000000000,0.231441770
0.0937,0.350150049,0.078,0.463959962,0.084431081,0.410725035
0.3591,0.008406061,0.3725,0.030390345,0.370662939,0.028719930
0.3972,0.321496904,0.2741,0.345040977,0.316177445,0.343661272
0.4549,0.473465115,0.384,0.302305222,0.378154912,0.400096440
0.4754,0.289783418,0.3374,0.473428309,0.379367482,0.389746237
0.3865,0.114218697,0.3118,0.50897032,0.354340402,0.335873958
0.3377,0.136609733,0.2514,0.479141325,0.296462734,0.304233611
0.2987,0.171471208,0.2596,0.482378483,0.251381159,0.366592237
0.1315,0.168195963,0.2091,0.494033337,0.144687447,0.366191793
0.0554,0.246325552,0.1315,0.579122782,0.082029276,0.447572663
0.0,0.693017006,0.0,0.717794538,0.000000000,0.727703459
0.0,0.434224457,0.0,0.817179322,0.000000000,0.657900778
0.0,0.971085012,0.0,0.815563798,0.000000000,0.903644502
0.0,0.973399043,0.0,0.791605234,0.000000000,0.917121674
0.0,0.718456984,0.0,0.832099438,0.000000000,0.815122081
0.0,0.842675149,0.0,0.728105307,0.000000000,0.783277915
0.0,0.990697861,0.0,0.865859807,0.000000000,0.989346324
0.0,0.928383291,0.0,0.813503623,0.000000000,0.897808021
0.0,0.764214098,0.0,0.95134294,0.000000000,0.918474950
0.0,0.92094022,0.0,0.974441528,0.000000000,0.972432107
0.0,0.976443172,0.0,0.947558224,0.000000000,0.947513220
0.0,0.646432698,0.0,0.844825029,0.000000000,0.773557638
0.0,0.940607846,0.0,0.986767769,0.000000000,1.000000000
0.0,0.793730974,0.0,0.994575977,0.000000000,0.913193646
0.2255,0.845321894,0.2259,0.993339539,0.231254423,0.935838552
0.4465,0.552749991,0.4436,0.990706682,0.428982268,0.827205869
0.6085,0.597978055,0.6038,0.995974064,0.582725152,0.809122065
0.702,0.893258274,0.6838,0.981895268,0.665066537,0.962036878
0.6995,0.846430779,0.6665,0.999667764,0.641135568,0.953553859
0.6875,0.799068213,0.6878,0.992875695,0.654732964,0.899072588
0.6873,0.66232115,0.7072,0.992026389,0.676973402,0.881714526
0.6069,0.346815556,0.64,0.991836309,0.594712736,0.723047088
0.4491,0.142787308,0.4869,0.972680092,0.449588719,0.581857587
0.2325,0.181944922,0.2774,0.879932642,0.249120686,0.556108399
0.0,0.006646554,0.0048,0.433212101,0.008940644,0.263663998
0.0,0.229983658,0.0,0.294914156,0.000000000,0.279908597
0.0,0.690267026,0.0,0.425204247,0.000000000,0.626071639
0.0,0.847729981,0.0,0.579375744,0.000000000,0.742212207
0.0,0.932644665,0.0,0.64760673,0.000000000,0.834346986
0.0,0.945961058,0.0,0.822746277,0.000000000,0.915721766
0.0,0.984582067,0.0,0.801410615,0.000000000,0.917371773
0.0,0.987069964,0.0,0.854403198,0.000000000,0.985394635
0.0,0.983387053,0.0,0.953981161,0.000000000,1.000000000
0.0,0.997238636,0.0,0.990794659,0.000000000,0.984660421
0.0,0.987567604,0.0,0.969977498,0.000000000,1.000000000
0.0,0.986968696,0.0,0.997210264,0.000000000,1.000000000
0.0,0.968390822,0.0,0.976253033,0.000000000,1.000000000
0.0,0.704657435,0.0,0.893569469,0.000000000,0.795326595
0.1978,0.987455189,0.1757,0.81028378,0.182162849,0.940416744
0.3442,0.793542922,0.3072,0.786793113,0.314883959,0.797561857
0.3798,0.849826217,0.3169,0.776749372,0.310818869,0.810193403
0.3489,0.874554634,0.3366,0.818532526,0.342470509,0.841857324
0.3266,0.659747958,0.3289,0.829108417,0.332815759,0.747046330
0.3668,0.494924843,0.4225,0.852697492,0.371847675,0.661391195
0.4595,0.553969562,0.523,0.997888327,0.488747328,0.797381568
0.4649,0.77623862,0.5302,0.999800384,0.494306135,0.897996975
0.4132,0.84847939,0.4438,0.997300982,0.427854096,0.964979092
0.229,0.97064364,0.2561,0.999264538,0.219305618,1.000000000
0.0,0.973420501,0.0053,0.99183321,0.022835033,1.000000000
0.0,0.798064232,0.0,0.975390792,0.000000000,0.921348527
0.0,0.555297434,0.0,0.955265999,0.000000000,0.779748438
0.0,0.450853497,0.0,0.973061502,0.000000000,0.705693576
0.0,0.594661534,0.0,0.986815333,0.000000000,0.834114188
0.0,0.467327714,0.0,0.988525033,0.000000000,0.750145347
0.0,0.3903763,0.0,0.966357589,0.000000000,0.730054898
0.0,0.520009756,0.0,0.912703753,0.000000000,0.752849203
0.0,0.514183044,0.0,0.848674238,0.000000000,0.718861525
0.0,0.573809564,0.0,0.794100404,0.000000000,0.713526354
0.0,0.63374722,0.0,0.718448102,0.000000000,0.705988390
0.0,0.273744553,0.0,0.667887986,0.000000000,0.493443248
0.0,0.155090034,0.0,0.532807231,0.000000000,0.359578124
0.0,0.065947801,0.0,0.401518703,0.000000000,0.241443969
0.2314,0.016227309,0.2318,0.425947964,0.208882762,0.250571540
0.4563,0.010441148,0.4584,0.373137802,0.467375290,0.158748239
0.6192,0.055029586,0.618,0.320001811,0.613442432,0.153330547
0.7183,0.060212169,0.7168,0.497031391,0.693630255,0.303918557
0.7242,0.009492141,0.7267,0.663752794,0.693643963,0.355049285
0.7279,0.093838513,0.7341,0.554917932,0.733312696,0.323022886
0.7191,0.051691096,0.7258,0.503821611,0.682243620,0.257347725
0.6208,0.091907829,0.6391,0.4406991,0.631564945,0.263286590
0.4198,0.124609262,0.3326,0.468746305,0.361956690,0.312556346
0.1447,0.080428898,0.1212,0.181470871,0.145769650,0.137849051
0.0,0.05572122,0.0016,0.126308754,0.000000000,0.115492831
0.0,0.403289109,0.0,0.176664174,0.000000000,0.311510500
0.0,0.439800203,0.0,0.299645334,0.000000000,0.385940064
0.0,0.684147179,0.0,0.310724348,0.000000000,0.551843303
0.0,0.821253717,0.0,0.569564641,0.000000000,0.720666488
0.0,0.844636917,0.0,0.635767341,0.000000000,0.770993052
0.0,0.928524017,0.0,0.771565318,0.000000000,0.880874549
0.0,0.973256946,0.0,0.766265631,0.000000000,0.895923516
0.0,0.98031801,0.0,0.825291634,0.000000000,0.938011510
0.0,0.97805959,0.0,0.82798636,0.000000000,0.920519773
0.0,0.972352087,0.0,0.728311837,0.000000000,0.851312312
0.0,0.969721198,0.0,0.613039911,0.000000000,0.833221534
0.0,0.958485186,0.0,0.498878062,0.000000000,0.725394361
0.0,0.873157978,0.0,0.514073312,0.000000000,0.729867477
0.0215,0.93300271,0.0097,0.582130432,0.025713186,0.783237907
0.1102,0.947054029,0.1175,0.526664078,0.102146532,0.725124394
0.18,0.97704047,0.2176,0.387471616,0.205790582,0.718152437
0.3108,0.936715662,0.3359,0.332711607,0.319986230,0.637595267
0.2751,0.84050864,0.3336,0.240938216,0.294034869,0.555595511
0.2799,0.637986302,0.3762,0.21453312,0.330999738,0.451985276
0.3584,0.652715683,0.4341,0.133675739,0.407439098,0.402720262
0.3817,0.909101725,0.4454,0.095664777,0.385547346,0.583683796
0.3267,0.895211756,0.362,0.120998204,0.324926538,0.526747580
0.132,0.541547298,0.1677,0.197106719,0.118774852,0.346725943
0.0,0.610845327,0.0,0.275644362,0.000000000,0.440075976
0.0,0.838811159,0.0,0.255327553,0.000000000,0.565932441
0.0,0.968714952,0.0,0.403449237,0.000000000,0.713824079
0.0,0.981149793,0.0,0.419306397,0.000000000,0.749557143
0.0,0.993087888,0.0,0.478286386,0.000000000,0.764568738
0.0,0.982717752,0.0,0.601003826,0.000000000,0.798607823
0.0,0.983977854,0.0,0.639689088,0.000000000,0.836820171
0.0,0.993170738,0.0,0.684344947,0.000000000,0.896423012
0.0,0.986391783,0.0,0.762121081,0.000000000,0.932692075
0.0,0.985191524,0.0,0.842633247,0.000000000,0.948217440
0.0,0.977532983,0.0,0.771954536,0.000000000,0.924553681
0.0,0.992018521,0.0,0.78239125,0.000000000,0.915012972
0.0,0.978590786,0.0,0.82505703,0.000000000,0.982989127
0.0,0.86108613,0.0,0.907191992,0.000000000,0.918482238
0.0605,0.90645504,0.043,0.92545855,0.054393370,0.942094235
0.2056,0.980823457,0.1647,0.886749029,0.161686275,0.964108816
0.3067,0.905999482,0.3382,0.866063833,0.308572715,0.931246842
0.3923,0.955959141,0.3577,0.8367697,0.386393563,0.941381736
0.4101,0.956791401,0.307,0.844833016,0.357188888,0.952003777
0.3265,0.610010505,0.3225,0.856024802,0.329959198,0.786506734
0.3543,0.555813551,0.3443,0.789561987,0.341029998,0.728279082
0.3239,0.476414591,0.2887,0.697618365,0.271374898,0.613680594
0.2139,0.118382618,0.1717,0.717000365,0.184842808,0.438794119
0.072,0.219050586,0.0553,0.715849638,0.058827110,0.481005596
0.0,0.408761621,0.0,0.611682713,0.000000000,0.564868114
0.0,0.507191718,0.0,0.509513378,0.000000000,0.514031266
0.0,0.188159958,0.0,0.662385643,0.000000000,0.421489726
0.0,0.145243108,0.0,0.531807899,0.000000000,0.348266668
0.0,0.204861507,0.0,0.4906151,0.000000000,0.354149946
0.0,0.053678736,0.0,0.577703774,0.000000000,0.318882031
0.0,0.275273234,0.0,0.497141749,0.000000000,0.427064578
0.0,0.670831561,0.0,0.357533723,0.000000000,0.537861740
0.0,0.852585375,0.0,0.338484794,0.000000000,0.617691054
0.0,0.950297058,0.0,0.274052173,0.000000000,0.620379621
0.0,0.940219402,0.0,0.276765674,0.000000000,0.638067368
0.0,0.92296797,0.0,0.228949204,0.000000000,0.598102023
0.0,0.922572851,0.0,0.293798834,0.000000000,0.585316040
0.0,0.928044617,0.0,0.485212088,0.000000000,0.757284001
0.1037,0.942382634,0.1888,0.503619492,0.128289624,0.741617376
0.3738,0.997856736,0.3754,0.685714483,0.341686105,0.880142616
0.4981,1.0,0.5028,0.791653097,0.487882943,0.939504525
0.612,1.0,0.6248,0.871738315,0.625454968,0.981968457
0.6376,1.0,0.6784,0.841710687,0.624780575,0.916007496
0.6688,1.0,0.7137,0.919550598,0.683757251,0.986344150
0.5734,1.0,0.5941,0.962088227,0.564122399,1.000000000
0.5992,0.999822497,0.6349,0.994622588,0.585804821,1.000000000
0.4377,0.999640048,0.4757,0.978479803,0.432311157,1.000000000
0.2159,0.948697388,0.2589,0.922472,0.253329530,0.983887833
0.0,0.924775958,0.0,0.987218022,0.000000000,1.000000000
0.0,0.794654906,0.0,0.956002712,0.000000000,0.891493030
0.0,0.496170223,0.0,0.865619838,0.000000000,0.724393779
0.0,0.382007331,0.0,0.824476957,0.000000000,0.620361176
0.0,0.458192676,0.0,0.72318989,0.000000000,0.619983898
0.0,0.219945371,0.0,0.650988221,0.000000000,0.474422087
0.0,0.672615945,0.0,0.746117115,0.000000000,0.719702691
0.0,0.790695429,0.0,0.841066897,0.000000000,0.887791438
0.0,0.751924276,0.0,0.872008085,0.000000000,0.814247711
0.0,0.611951411,0.0,0.746564746,0.000000000,0.735045178
0.0,0.620411396,0.0,0.73396647,0.000000000,0.765079370
0.0,0.386622071,0.0,0.796435595,0.000000000,0.602777083
0.0,0.312067747,0.0,0.81863457,0.000000000,0.610137732
0.0,0.047345538,0.0,0.725407004,0.000000000,0.406413490
0.1905,0.071744822,0.1796,0.642841816,0.185541486,0.353291909
0.4178,0.028206639,0.4105,0.598981798,0.416669976,0.290247610
0.5817,0.00011331,0.562,0.379219294,0.558900578,0.208579255
0.6532,0.026262281,0.6477,0.308797598,0.644560776,0.156940840
0.6672,0.0,0.6139,0.235533953,0.614577253,0.116960352
0.6623,0.0,0.6443,0.110605441,0.642110923,0.009270385
0.6657,0.0,0.6354,0.131094754,0.644658668,0.066409223
0.5627,0.0,0.5505,0.122508883,0.540841499,0.076780972
0.3873,0.0,0.3941,0.060505453,0.375460698,0.006297003
0.1657,0.003144653,0.1819,0.026443888,0.180214586,0.019673479
0.0,0.065051302,0.0,0.038878784,0.000000000,0.059945103
0.0,0.041126672,0.0,0.067580946,0.000000000,0.050837138
0.0,0.099054694,0.0,0.061323173,0.000000000,0.080834202
0.0,0.090165757,0.0,0.037877019,0.000000000,0.110851723
0.0,0.299225628,0.0,0.045391329,0.000000000,0.177497394
0.0,0.612574279,0.0,0.055416323,0.000000000,0.344821192
0.0,0.703891098,0.0,0.089966379,0.000000000,0.444140648
0.0,0.733086348,0.0,0.116398066,0.000000000,0.453482358
0.0,0.634197354,0.0,0.215699196,0.000000000,0.454258328
0.0,0.396869719,0.0,0.231511623,0.000000000,0.343981778
0.0,0.151167691,0.0,0.180385232,0.000000000,0.177855368
0.0,0.047037389,0.0,0.180215091,0.000000000,0.123654820
0.0,0.210611314,0.0,0.198262438,0.000000000,0.219902746
0.0,0.522927701,0.0,0.326084971,0.000000000,0.435234427
0.1736,0.564324081,0.1846,0.495108426,0.192769703,0.568347123
0.3956,0.517066121,0.4174,0.477659822,0.406679166,0.505551392
0.5752,0.176015064,0.5731,0.404312402,0.550035665,0.294233437
0.6762,0.022595532,0.6413,0.434353948,0.671541122,0.249621842
0.69,0.121439934,0.6823,0.522014022,0.687982510,0.346525241
0.6997,0.241908461,0.701,0.703405857,0.697652884,0.525926492
0.688,0.463194638,0.6745,0.758583069,0.658971284,0.623051382
0.5822,0.635374784,0.5811,0.838125706,0.548817281,0.776722836
0.416,0.929497361,0.4471,0.735728621,0.471124483,0.880259593
0.1969,0.778412879,0.2126,0.675085187,0.196282972,0.772125669
0.0,0.52072829,0.0,0.760095179,0.000000000,0.681563729
0.0,0.832364023,0.0,0.862771988,0.000000000,0.876121508
0.0,0.853689492,0.0,0.865571737,0.000000000,0.879025072
0.0,0.666222036,0.0,0.890111268,0.000000000,0.821308606
0.0,0.521987855,0.0,0.878307402,0.000000000,0.704038241
0.0,0.4261536,0.0,0.89946574,0.000000000,0.679365181
0.0,0.902489185,0.0,0.875834942,0.000000000,0.924227191
0.0,0.671697974,0.0,0.832332015,0.000000000,0.790912566
0.0,0.79030633,0.0,0.752482891,0.000000000,0.822075185
0.0,0.762399733,0.0,0.574376285,0.000000000,0.709222001
0.0,0.833920181,0.0,0.595435739,0.000000000,0.727307732
0.0,0.311147124,0.0,0.779488206,0.000000000,0.547811840
0.0,0.322079867,0.0,0.681679368,0.000000000,0.514304275
0.0,0.184155732,0.0,0.637585998,0.000000000,0.408437814
0.0137,0.385980189,0.0012,0.54462266,0.009092761,0.492428561
0.1202,0.644087911,0.0695,0.744631052,0.109207003,0.692107141
0.1691,0.807191014,0.1343,0.70130527,0.141159147,0.800697512
0.2403,0.741118908,0.2246,0.745470643,0.238961809,0.817553600
0.2934,0.649977267,0.2206,0.740904093,0.262483103,0.735223758
0.3407,0.653271496,0.197,0.730060875,0.255828185,0.702732781
0.3119,0.834918559,0.0966,0.807343125,0.208612736,0.861629256
0.1555,0.954018116,0.1254,0.930219293,0.130141800,0.960555491
0.0634,0.96843487,0.0409,0.923228621,0.027355072,0.981278488
0.0037,0.773610055,0.001,0.943951428,0.019470055,0.872831232
0.0,0.300880402,0.0,0.938545585,0.000000000,0.654400489
0.0,0.383148253,0.0,0.946848869,0.000000000,0.706337177
0.0,0.595187545,0.0,0.945524096,0.000000000,0.831387873
0.0,0.317172766,0.0,0.960756898,0.000000000,0.691961174
0.0,0.139804393,0.0,0.899958134,0.000000000,0.575362635
0.0,0.227691144,0.0,0.880884349,0.000000000,0.583123872
0.0,0.383460373,0.0,0.838677406,0.000000000,0.618884285
0.0,0.482100129,0.0,0.787765622,0.000000000,0.663021239
0.0,0.429887861,0.0,0.740416646,0.000000000,0.586070872
0.0,0.165128008,0.0,0.802461624,0.000000000,0.486829947
0.0,0.112509556,0.0,0.777784705,0.000000000,0.461052956
0.0,0.120007463,0.0,0.770112514,0.000000000,0.477903211
0.0,0.061744221,0.0,0.780834675,0.000000000,0.460399238
0.0,0.161194995,0.0,0.790352821,0.000000000,0.510581949
0.0332,0.008176566,0.1233,0.739704967,0.062779054,0.384339836
0.2203,0.028129116,0.3359,0.779059231,0.255668859,0.449701770
0.3719,0.023529317,0.5242,0.68974489,0.434454681,0.372341418
0.5233,0.014750986,0.6378,0.547596931,0.579695012,0.313394509
0.6031,0.033261679,0.6602,0.125704348,0.625702966,0.073574675
0.5883,0.178576827,0.6459,0.612596571,0.593518538,0.425535210
0.5771,0.529172122,0.6269,0.550934553,0.565458109,0.579063146
0.5169,0.564204037,0.5818,0.470416635,0.526003085,0.511910776
0.3534,0.834608614,0.4247,0.427672088,0.404865476,0.667140952
0.153,0.89376235,0.2099,0.428323776,0.178531545,0.714572206
0.0,0.672981381,0.0,0.553063929,0.000000000,0.654516447
0.0,0.885608613,0.0,0.566572726,0.000000000,0.761812706
0.0,0.602224708,0.0,0.435959816,0.000000000,0.557850506
0.0,0.969844997,0.0,0.346201658,0.000000000,0.699452671
0.0,0.899568796,0.0,0.304406852,0.000000000,0.627816299
0.0,0.74300772,0.0,0.439864039,0.000000000,0.613278245
0.0,0.873898566,0.0,0.494073361,0.000000000,0.733232352
0.0,0.869541287,0.0,0.419651687,0.000000000,0.693814572
0.0,0.747394919,0.0,0.230337083,0.000000000,0.527138136
0.0,0.862656116,0.0,0.222328737,0.000000000,0.558188513
0.0,0.774530828,0.0,0.347614825,0.000000000,0.590115267
0.0,0.774401486,0.0,0.460646957,0.000000000,0.634007614
0.0,0.657429039,0.0,0.423418105,0.000000000,0.590194684
0.0,0.197700605,0.0,0.384700537,0.000000000,0.308541115
0.1827,0.214200363,0.1908,0.291737586,0.186612866,0.264347519
0.4035,0.306823879,0.4205,0.289689332,0.393599301,0.311831630
0.5658,0.353804141,0.5453,0.414338887,0.548434886,0.425536017
0.6151,0.768632412,0.6575,0.403425038,0.607674114,0.597411363
0.6374,0.78620261,0.658,0.378414989,0.592114685,0.599290861
0.6374,0.84426111,0.6534,0.415601909,0.636100473,0.674689631
0.6141,0.918813467,0.6151,0.596761107,0.590117300,0.808611310
0.5187,0.933462977,0.5174,0.656771183,0.476901132,0.813133625
0.3729,0.657408178,0.4078,0.721847773,0.367664791,0.710816252
0.1689,0.919979811,0.2054,0.716733694,0.171270910,0.847008788
0.0,0.556204975,0.0,0.771021783,0.000000000,0.683879523
0.0,0.772527933,0.0,0.719140768,0.000000000,0.748540741
0.0,0.730988622,0.0,0.86914587,0.000000000,0.862530135
0.0,0.82978791,0.0,0.918480992,0.000000000,0.930948846
0.0,0.796669126,0.0,0.914324224,0.000000000,0.860384844
0.0,0.97751683,0.0,0.924927115,0.000000000,0.977300293
0.0,0.941605508,0.0,0.866493762,0.000000000,0.966620707
0.0,0.982470095,0.0,0.86644721,0.000000000,0.956153499
0.0,0.968842566,0.0,0.873667836,0.000000000,0.969762692
0.0,0.992763042,0.0,0.928970397,0.000000000,1.000000000
0.0,0.996216714,0.0,0.920412779,0.000000000,0.997266541
0.0,0.986891747,0.0,0.92659229,0.000000000,1.000000000
0.0,0.875156462,0.0,0.973920107,0.000000000,0.981712265
0.0,0.632540882,0.0,0.970599055,0.000000000,0.854690292
0.1806,0.626590073,0.1734,0.912192583,0.168301954,0.820132981
0.4133,0.609236121,0.4057,0.842262208,0.389177894,0.799427511
0.5741,0.902807772,0.5659,0.903899431,0.544186918,0.939083491
0.6554,0.975747466,0.6412,0.960565567,0.605492043,1.000000000
0.6677,0.83384943,0.6506,0.970244884,0.650431270,0.984565682
0.6701,0.901338458,0.6672,0.965221047,0.666358044,0.972440490
0.6671,0.861373246,0.687,0.948322654,0.671766881,0.901536607
0.5729,0.980166852,0.5986,0.976193488,0.563596370,1.000000000
0.4039,0.961027741,0.4332,0.999455392,0.408830134,1.000000000
0.1763,0.739409745,0.2092,0.948386669,0.189392199,0.863362988
0.0,0.389910728,0.0,0.929534316,0.000000000,0.667695083
0.0,0.670543551,0.0,0.905662656,0.000000000,0.854427141
0.0,0.805588484,0.0,0.922863364,0.000000000,0.877714843
0.0,0.640084982,0.0,0.924029469,0.000000000,0.825265265
0.0,0.77410835,0.0,0.926688373,0.000000000,0.885358008
0.0,0.432131201,0.0,0.91418469,0.000000000,0.713811894
0.0,0.469311059,0.0,0.888160884,0.000000000,0.677844300
0.0,0.442326218,0.0,0.912313819,0.000000000,0.687570524
0.0,0.37494576,0.0,0.89266932,0.000000000,0.663956590
0.0,0.442782104,0.0,0.828690767,0.000000000,0.669400850
0.0,0.382983148,0.0,0.831431687,0.000000000,0.644075471
0.0,0.429876745,0.0,0.830083728,0.000000000,0.653734281
0.0,0.493574768,0.0,0.83528316,0.000000000,0.696777239
0.0,0.263254642,0.0,0.878088832,0.000000000,0.598843271
0.1508,0.186116189,0.0872,0.756025195,0.102758784,0.520329777
0.3569,0.109661892,0.3116,0.720682502,0.307347519,0.430149134
0.5133,0.037819624,0.4334,0.631416142,0.464259283,0.373544495
0.5539,0.004582488,0.4569,0.547193289,0.496627013,0.259975842
0.5123,0.008493275,0.3619,0.512005806,0.424997107,0.256277379
0.4715,0.010663302,0.3338,0.407451332,0.414390754,0.232506734
0.5113,0.003198587,0.4651,0.478827477,0.477701378,0.282703960
0.3938,0.018474255,0.2859,0.644117951,0.345374826,0.335028459
0.2581,0.04784514,0.1328,0.676619411,0.200245355,0.374643659
0.0807,0.041536633,0.0284,0.697887182,0.041505699,0.358125618
0.0,0.087390237,0.0,0.699614763,0.000000000,0.404391486
0.0,0.061732918,0.0,0.895217657,0.000000000,0.507032252
0.0,0.041596264,0.0,0.74459374,0.000000000,0.423032277
0.0,0.134666055,0.0,0.817109346,0.000000000,0.497121558
0.0,0.076825827,0.0,0.767276049,0.000000000,0.473982240
0.0,0.031442165,0.0,0.785121322,0.000000000,0.436545730
0.0,0.082574837,0.0,0.658890426,0.000000000,0.373747775
0.0,0.079487957,0.0,0.567964196,0.000000000,0.338552012
0.0,0.267777562,0.0,0.647756457,0.000000000,0.512194622
0.0,0.289835542,0.0,0.662848592,0.000000000,0.448005231
0.0,0.162032396,0.0,0.534845114,0.000000000,0.360730715
0.0,0.176623672,0.0,0.450231165,0.000000000,0.320490397
0.0,0.131776914,0.0,0.331114829,0.000000000,0.222956404
0.0,0.055713184,0.0,0.300864667,0.000000000,0.208255022
0.0745,0.026980229,0.0238,0.264180124,0.040077717,0.112445860
0.2661,0.053008452,0.193,0.224462181,0.236320052,0.116206784
0.4089,0.042371236,0.3549,0.175480932,0.375245098,0.144980329
0.4458,0.020967832,0.4209,0.169029444,0.432380496,0.095214612
0.49,0.017437968,0.4991,0.049891997,0.501328773,0.054093337
0.4786,0.003252006,0.4964,0.075169712,0.491758641,0.016930417
0.4236,0.003314169,0.4224,0.11100211,0.438027155,0.046299826
0.3719,6.58e-5,0.3964,0.153893024,0.386268978,0.074891338
0.3247,4.87e-5,0.3657,0.068451792,0.352790695,0.063357013
0.0714,3.12e-6,0.089,0.061359812,0.087938492,0.021248144
0.0,0.0,0.0,0.080942161,0.000000000,0.060371303
0.0,0.0,0.0,0.172187582,0.000000000,0.110923991
0.0,0.010483095,0.0,0.175192088,0.000000000,0.086758406
0.0,0.0,0.0,0.234763294,0.000000000,0.115704029
0.0,0.0,0.0,0.318231583,0.000000000,0.181760858
0.0,0.0,0.0,0.454405129,0.000000000,0.253762278
0.0,0.0,0.0,0.494645774,0.000000000,0.285810273
0.0,3.69e-6,0.0,0.501880884,0.000000000,0.252421230
0.0,2.71e-5,0.0,0.410762995,0.000000000,0.200900431
0.0,3.01e-5,0.0,0.357095361,0.000000000,0.246672483
0.0,2.58e-6,0.0,0.344459951,0.000000000,0.198821516
0.0,0.0,0.0,0.331870764,0.000000000,0.171584408
0.0,0.001971686,0.0,0.248593956,0.000000000,0.167077859
0.0,0.031487815,0.0,0.197448134,0.000000000,0.147610562
0.1442,0.026942084,0.1101,0.21586448,0.092867043,0.129572010
0.365,0.005101715,0.3053,0.193622962,0.354708505,0.086532895
0.5017,3.66e-6,0.4522,0.100052603,0.438094948,0.065681192
0.573,0.000305144,0.5036,0.032244824,0.521275277,0.022226973
0.5581,0.000226956,0.5053,0.026858188,0.513897276,0.000000000
0.5431,0.011740827,0.4765,0.035744183,0.503164222,0.033448693
0.5261,0.003262708,0.45,0.112410426,0.466470863,0.056551528
0.4603,0.019983849,0.4381,0.187862873,0.448886096,0.108995308
0.312,0.017650299,0.3287,0.247808129,0.299367479,0.154867598
0.1171,0.059698127,0.1274,0.273470551,0.145922495,0.145023214
0.0,0.185897827,0.0,0.357346624,0.000000000,0.260390327
0.0,0.197089374,0.0,0.508351743,0.000000000,0.349442633
0.0,0.33398509,0.0,0.417069525,0.000000000,0.398474879
0.0,0.235551119,0.0,0.439396083,0.000000000,0.327141746
0.0,0.441693515,0.0,0.511870563,0.000000000,0.502695433
0.0,0.11474853,0.0,0.487362027,0.000000000,0.320993883
0.0,0.257847399,0.0,0.40558964,0.000000000,0.382751427
0.0,0.214650288,0.0,0.443191856,0.000000000,0.327293962
0.0,0.044250902,0.0,0.518396199,0.000000000,0.301368845
0.0,0.063152693,0.0,0.43524465,0.000000000,0.236564930
0.0,0.050943874,0.0,0.332429081,0.000000000,0.189031573
0.0,0.025575124,0.0,0.304247409,0.000000000,0.178446473
0.0,0.011031318,0.0,0.259396672,0.000000000,0.127642730
0.0,0.008579505,0.0,0.249947548,0.000000000,0.103029385
0.1403,0.037484579,0.1068,0.271389455,0.139548885,0.155915454
0.3359,0.088269725,0.3135,0.228279412,0.311962346,0.180718818
0.4751,0.044648953,0.4537,0.117447168,0.474936721,0.068886058
0.5372,0.0,0.4954,0.055241533,0.487155389,0.070719781
0.5388,0.005290942,0.4938,0.039294295,0.508759899,0.054938175
0.5686,0.028706733,0.5097,0.026614927,0.556889497,0.021530777
0.5891,0.000545683,0.5125,0.005834708,0.505747190,0.036433976
0.5142,0.002074254,0.4341,0.00884471,0.464552760,0.050662283
0.3539,0.001968281,0.3189,0.025281269,0.330082028,0.000000000
0.1382,0.002314557,0.1323,0.063963816,0.132158543,0.034312441
0.0,0.000197237,0.0,0.178166062,0.000000000,0.064933603
0.0,0.00210757,0.0,0.167663768,0.000000000,0.111782736
0.0,0.001854725,0.0,0.224186301,0.000000000,0.111257976
0.0,0.012507655,0.0,0.300826341,0.000000000,0.160739782
0.0,0.030582048,0.0,0.31567499,0.000000000,0.223970792
0.0,0.0,0.0,0.005032921,0.000000000,0.000000000
0.0,0.016581304,0.0,0.100700572,0.000000000,0.033619413
0.0,0.019003959,0.0,0.099303961,0.000000000,0.059297851
0.0,0.022072628,0.0,0.078245521,0.000000000,0.041126186
0.0,0.088578492,0.0,0.075638875,0.000000000,0.076037577
0.0,0.111252293,0.0,0.09723404,0.000000000,0.100705118
0.0,0.125527129,0.0,0.131443247,0.000000000,0.150136274
0.0,0.113341562,0.0,0.180799127,0.000000000,0.143308739
0.0,0.040539846,0.0,0.164631635,0.000000000,0.120878741
0.0751,0.093700588,0.0698,0.089521885,0.049147898,0.131366058
0.2797,0.134534627,0.2458,0.051618144,0.240505302,0.114447744
0.429,0.011560022,0.3502,0.039231576,0.371891302,0.069651857
0.4916,0.0186588,0.3972,0.035338283,0.404396631,0.036612179
0.5212,0.018515345,0.4105,0.02258881,0.460087826,0.039189087
0.4923,0.000829689,0.3707,0.044966605,0.428338407,0.047934232
0.3884,0.052546293,0.3647,0.071097523,0.375816184,0.073232817
0.3145,0.021476513,0.2966,0.060584858,0.302226153,0.015919981
0.1933,0.066264421,0.1835,0.068510175,0.182198798,0.077832656
0.0329,0.059351061,0.0328,0.094894975,0.025372268,0.069613637
0.0,0.111248836,0.0,0.206481531,0.000000000,0.144977133
0.0,0.169449061,0.0,0.260052472,0.000000000,0.211072964
0.0,0.373845756,0.0,0.256910264,0.000000000,0.306510360
0.0,0.48211804,0.0,0.337086588,0.000000000,0.379335699
0.0,0.517400086,0.0,0.402897805,0.000000000,0.482195142
0.0,0.580479026,0.0,0.472010732,0.000000000,0.533944094
0.0,0.801485062,0.0,0.475097179,0.000000000,0.650321656
0.0,0.599630117,0.0,0.435777754,0.000000000,0.546187807
0.0,0.806906164,0.0,0.400011212,0.000000000,0.614637280
0.0,0.875562429,0.0,0.471044779,0.000000000,0.648335121
0.0,0.910653651,0.0,0.450522363,0.000000000,0.731432404
0.0,0.931552708,0.0,0.51574856,0.000000000,0.768464492
0.0,0.927892327,0.0,0.681481659,0.000000000,0.824654557
0.0,0.810730755,0.0,0.567743957,0.000000000,0.668608843
0.0218,0.808928549,0.0067,0.30645445,0.005943121,0.578159665
0.1324,0.907672644,0.1309,0.324682534,0.118862266,0.634420112
0.2131,0.937718749,0.2177,0.306025475,0.218785902,0.606286512
0.2524,0.854664505,0.2923,0.259157777,0.297277020,0.600871684
0.281,0.901548028,0.2991,0.242612571,0.272652267,0.607266339
0.2944,0.993324518,0.3183,0.270032912,0.285350774,0.669770232
0.3043,0.987733245,0.3289,0.288045973,0.308377985,0.637899633
0.2265,0.994320035,0.3218,0.431263179,0.253803668,0.765560897
0.1284,0.999625862,0.1956,0.57997942,0.165488854,0.788001861
0.0149,0.995653629,0.012,0.747216702,0.009172997,0.941999002
0.0,0.988453388,0.0,0.827593863,0.000000000,0.974995914
0.0,0.939178765,0.0,0.800173283,0.000000000,0.927001047
0.0,0.825428903,0.0,0.742860794,0.000000000,0.790555696
0.0,0.994983792,0.0,0.855045617,0.000000000,0.965790851
0.0,0.999430418,0.0,0.872960448,0.000000000,0.976575447
0.0,1.0,0.0,0.827691555,0.000000000,0.946186596
0.0,1.0,0.0,0.730978489,0.000000000,0.893306024
0.0,1.0,0.0,0.916867971,0.000000000,1.000000000
0.0,1.0,0.0,0.977053761,0.000000000,1.000000000
0.0,1.0,0.0,0.912560999,0.000000000,0.973297032
0.0,1.0,0.0,0.836899519,0.000000000,0.964440270
0.0,1.0,0.0,0.855240345,0.000000000,0.948733128
0.0,1.0,0.0,0.882111013,0.000000000,0.984709646
0.0,1.0,0.0,0.890236735,0.000000000,0.987995861
0.0043,0.999851346,0.0,0.80857116,0.003152072,0.949382958
0.0343,1.0,0.0249,0.899045169,0.006795710,0.995847687
0.138,1.0,0.1388,0.989792466,0.132915416,1.000000000
0.1864,1.0,0.2009,0.993321359,0.210118712,1.000000000
0.1991,1.0,0.2005,0.997454882,0.185939213,1.000000000
0.1542,1.0,0.1668,0.992768824,0.173003129,1.000000000
0.1065,1.0,0.1009,0.999056697,0.090990123,1.000000000
0.0281,1.0,0.0152,0.999997437,0.019873482,1.000000000
0.0019,0.995113134,0.0,0.999903679,0.000405011,1.000000000
0.0,0.975503504,0.0,0.999911666,0.000000000,1.000000000
0.0,0.995296419,0.0,0.99888128,0.000000000,1.000000000
0.0,0.846773446,0.0,0.998773336,0.000000000,0.966885577
0.0,1.0,0.0,1.0,0.000000000,1.000000000
0.0,1.0,0.0,0.99982512,0.000000000,1.000000000
0.0,1.0,0.0,0.999584496,0.000000000,1.000000000
0.0,1.0,0.0,0.998456895,0.000000000,1.000000000
0.0,1.0,0.0,0.9967103,0.000000000,1.000000000
0.0,1.0,0.0,0.999957263,0.000000000,1.000000000
0.0,1.0,0.0,0.999973893,0.000000000,1.000000000
0.0,1.0,0.0,0.999985039,0.000000000,1.000000000
0.0,1.0,0.0,0.999997079,0.000000000,1.000000000
0.0,0.995598018,0.0,0.999997735,0.000000000,1.000000000
0.0,0.995465696,0.0,0.999890924,0.000000000,1.000000000
0.0,0.987144649,0.0,1.0,0.000000000,1.000000000
0.0279,0.930476904,0.0379,0.996464491,0.029266154,0.989011323
0.2314,0.99927789,0.2573,0.999081194,0.232986529,1.000000000
0.3816,0.999028742,0.4487,0.998540819,0.414938282,1.000000000
0.4435,1.0,0.4728,0.99932909,0.447285056,1.000000000
0.4997,1.0,0.4832,0.999887228,0.506949123,1.000000000
0.4305,1.0,0.4565,0.995612979,0.430754173,1.000000000
0.4368,1.0,0.4403,0.992962897,0.418388120,1.000000000
0.366,0.983023047,0.3669,0.969953299,0.374777598,1.000000000
0.1822,0.984866261,0.2242,0.952869594,0.206012716,0.999216548
0.0052,0.959274292,0.0336,0.925082088,0.003922161,0.992862994
0.0,0.418606073,0.0,0.941513777,0.000000000,0.718995265
0.0,0.440086186,0.0,0.870276332,0.000000000,0.685009291
0.0,0.301750362,0.0,0.888072848,0.000000000,0.636867726
0.0,0.229936361,0.0,0.880574465,0.000000000,0.567715618
0.0,0.288396031,0.0,0.875801265,0.000000000,0.565339574
0.0,0.573553324,0.0,0.885309696,0.000000000,0.778152445
0.0,0.578315735,0.0,0.857871413,0.000000000,0.723918040
0.0,0.673941195,0.0,0.869572878,0.000000000,0.831547731
0.0,0.575025856,0.0,0.795126379,0.000000000,0.759419328
0.0,0.554408133,0.0,0.704979062,0.000000000,0.645470629
0.0,0.662931561,0.0,0.769701898,0.000000000,0.738487888
0.0,0.556616545,0.0,0.772927403,0.000000000,0.724722357
0.0,0.403336436,0.0,0.859833539,0.000000000,0.669026875
0.0,0.201248974,0.0,0.886167049,0.000000000,0.576595191
0.0115,0.248261675,0.0077,0.862638474,0.026448633,0.581979396
0.1885,0.086267263,0.2329,0.948632121,0.204625090,0.542139713
0.3249,0.040963087,0.4482,0.935154259,0.406627121,0.510022710
0.3727,0.19480674,0.4736,0.911141276,0.432582106,0.583426246
0.3429,0.308597416,0.4387,0.71752882,0.391755122,0.518939419
0.3792,0.467647493,0.3902,0.684910297,0.372349294,0.609945949
0.3714,0.503129423,0.3171,0.757441163,0.352668354,0.642464294
0.363,0.302317232,0.3582,0.495291084,0.362565796,0.458251681
0.2238,0.409760207,0.215,0.450884134,0.228369286,0.462638273
0.0457,0.112822011,0.0341,0.479505807,0.050674188,0.312988913
0.0,0.057092331,0.0,0.557215571,0.000000000,0.318000407
0.0,0.056933645,0.0,0.461314321,0.000000000,0.264773145
0.0,0.038276639,0.0,0.610637665,0.000000000,0.346315663
0.0,0.107188642,0.0,0.404635042,0.000000000,0.262920590
0.0,0.095500693,0.0,0.243097335,0.000000000,0.179976042
0.0,0.029766843,0.0,0.271867841,0.000000000,0.178302839
0.0,0.108815283,0.0,0.210965961,0.000000000,0.131737373
0.0,0.15279755,0.0,0.246127456,0.000000000,0.188050134
0.0,0.149852112,0.0,0.292446971,0.000000000,0.249813174
0.0,0.078676306,0.0,0.196272194,0.000000000,0.115380956
0.0,0.071417503,0.0,0.130834579,0.000000000,0.113860508
0.0,0.15388529,0.0,0.14012152,0.000000000,0.132380585
0.0,0.214670345,0.0,0.191109508,0.000000000,0.260526991
0.0,0.20217745,0.0,0.113247924,0.000000000,0.145144408
0.0734,0.178169996,0.0582,0.175257757,0.057684199,0.221805226
0.2901,0.066808224,0.2442,0.108375043,0.265360153,0.075542676
0.4471,0.009307255,0.3923,0.14009583,0.442598494,0.048445371
0.5471,0.070134498,0.495,0.21908325,0.508842130,0.128712359
0.549,0.198912963,0.4526,0.248872399,0.508302318,0.221064594
0.5449,0.332799226,0.415,0.130412474,0.472148877,0.215163142
0.4781,0.295796812,0.3552,0.151995778,0.412649675,0.239530385
0.3486,0.207941905,0.2542,0.070992187,0.298567084,0.135810625
0.2182,0.060153231,0.1653,0.057485394,0.174713008,0.055332694
0.0212,0.166987836,0.0178,0.093227111,0.025133044,0.159375612
0.0,0.173974305,0.0,0.111014113,0.000000000,0.155746471
0.0,0.088977978,0.0,0.139958948,0.000000000,0.132714237
0.0,0.102332987,0.0,0.267340124,0.000000000,0.186653557
0.0,0.120547377,0.0,0.243102133,0.000000000,0.223914438
0.0,0.175479472,0.0,0.206479326,0.000000000,0.183316862
0.0,0.243329912,0.0,0.181118697,0.000000000,0.170653164
0.0,0.230494708,0.0,0.188656271,0.000000000,0.236365637
0.0,0.340143502,0.0,0.208940625,0.000000000,0.295813570
0.0,0.351763308,0.0,0.206275702,0.000000000,0.302005665
0.0,0.365453333,0.0,0.198493928,0.000000000,0.293398578
0.0,0.371867418,0.0,0.158428609,0.000000000,0.295327159
0.0,0.345510691,0.0,0.130878091,0.000000000,0.261740787
0.0,0.356090218,0.0,0.11462231,0.000000000,0.261742966
0.0,0.185944334,0.0,0.120285541,0.000000000,0.158145163
0.0442,0.077742867,0.0115,0.06777712,0.016189350,0.095497121
0.2029,0.087273248,0.1797,0.045893826,0.215841667,0.083911226
0.2873,0.06466268,0.2654,0.013381476,0.280152449,0.006443648
0.3191,0.240402877,0.3097,0.019354077,0.292648728,0.127008084
0.3298,0.556354821,0.3742,0.034093712,0.353608063,0.334683223
0.3256,0.407566994,0.4562,0.027815383,0.362354507,0.225187800
0.3173,0.494556278,0.4487,0.058665358,0.387533016,0.313004043
0.2735,0.574166596,0.3992,0.127391934,0.335395179,0.376971988
0.1964,0.866565347,0.2977,0.200431645,0.246952451,0.560976502
0.0354,0.839272618,0.1002,0.329228133,0.053232979,0.638847777
0.0,0.541689157,0.0,0.278940052,0.000000000,0.453580315
0.0,0.79236871,0.0,0.356826782,0.000000000,0.596591911
0.0,0.860562146,0.0,0.282368898,0.000000000,0.607772885
0.0,0.862646699,0.0,0.305994809,0.000000000,0.597903187
0.0,0.962358356,0.0,0.29946804,0.000000000,0.648968399
0.0,0.823671222,0.0,0.587165415,0.000000000,0.748530188
0.0,0.7225492,0.0,0.666792035,0.000000000,0.712566107
0.0,0.637436032,0.0,0.780246258,0.000000000,0.724404861
0.0,0.712809503,0.0,0.700398624,0.000000000,0.743340011
0.0,0.906534612,0.0,0.735847831,0.000000000,0.909416405
0.0,0.961060584,0.0,0.738480508,0.000000000,0.904202753
0.0,0.934895396,0.0,0.772661209,0.000000000,0.861547511
0.0,0.924328685,0.0,0.814157486,0.000000000,0.935744603
0.0,0.714612603,0.0,0.787713051,0.000000000,0.810743437
0.0734,0.613734901,0.103,0.75228858,0.070642095,0.767811519
0.2972,0.843926191,0.3518,0.705236018,0.334699940,0.810866862
0.4716,0.984853446,0.5161,0.662863791,0.520717237,0.873026825
0.5682,0.968574822,0.6371,0.724931359,0.603351385,0.875639501
0.6029,0.981167614,0.68,0.812059581,0.629568262,0.950772399
0.634,0.994362831,0.6761,0.762969017,0.653851603,0.922426487
0.6112,0.995792985,0.6272,0.745988011,0.606908801,0.922192528
0.4913,0.997591257,0.5039,0.769660234,0.476904943,0.910336768
0.3024,1.0,0.3288,0.81599462,0.308144005,0.968248074
0.0796,0.970690846,0.115,0.888757586,0.097983758,0.935990610
0.0,0.983417928,0.0,0.91408515,0.000000000,0.991978709
0.0,0.979865134,0.0,0.946299195,0.000000000,1.000000000
0.0,0.943215728,0.0,0.863070488,0.000000000,0.937485442
0.0,0.977033556,0.0,0.888401747,0.000000000,0.937338426
0.0,0.944590867,0.0,0.858197927,0.000000000,0.944784192
0.0,0.878456712,0.0,0.878265619,0.000000000,0.944759050
0.0,0.965530038,0.0,0.889264405,0.000000000,0.956569915
0.0,0.993268847,0.0,0.898398399,0.000000000,0.970684677
0.0,0.997487366,0.0,0.875928104,0.000000000,1.000000000
0.0,0.980775714,0.0,0.945883751,0.000000000,0.995897492
0.0,0.976491451,0.0,0.927803338,0.000000000,0.978839572
0.0,0.992282152,0.0,0.861751318,0.000000000,0.999225973
0.0,0.995316267,0.0,0.900339067,0.000000000,1.000000000
0.0,0.958796918,0.0,0.934180856,0.000000000,0.950242856
0.1222,0.904307425,0.1248,0.932872057,0.141433388,0.949308987
0.3693,0.84231931,0.3734,0.899743319,0.363023416,0.889509493
0.5472,0.763753533,0.5558,0.955514073,0.549166820,0.876982938
0.6611,0.732195675,0.678,0.961440921,0.655259949,0.890668362
0.6554,0.572697759,0.7017,0.961338758,0.684680847,0.824037353
0.6543,0.633215189,0.6992,0.908253789,0.663047228,0.773774457
0.6434,0.630140841,0.6796,0.799308777,0.660854328,0.716365617
0.5225,0.729837835,0.5686,0.862483978,0.567394095,0.819192335
0.3333,0.662500441,0.3868,0.851286769,0.349610619,0.765527633
0.0922,0.692215681,0.1418,0.830752373,0.119444253,0.797092601
0.0,0.485426992,0.0,0.787837505,0.000000000,0.657097836
0.0,0.477704823,0.0,0.871353567,0.000000000,0.745714035
0.0,0.623427987,0.0,0.837714076,0.000000000,0.750161583
0.0,0.721252382,0.0,0.803047001,0.000000000,0.827500881
0.0,0.673930228,0.0,0.79123044,0.000000000,0.792795192
0.0,0.796083272,0.0,0.714470506,0.000000000,0.800067442
0.0,0.872027338,0.0,0.627880991,0.000000000,0.779266866
0.0,0.780010402,0.0,0.492737234,0.000000000,0.641773288
0.0,0.474703312,0.0,0.426866174,0.000000000,0.469449785
0.0,0.478421241,0.0,0.327834964,0.000000000,0.411563518
0.0,0.394782931,0.0,0.305475384,0.000000000,0.342197981
0.0,0.470644981,0.0,0.29590559,0.000000000,0.353935305
0.0,0.370242,0.0,0.220920339,0.000000000,0.291530713
0.0,0.398811996,0.0,0.254916579,0.000000000,0.383340513
0.0742,0.141253531,0.0593,0.185108975,0.054679775,0.183794962
0.2679,0.166304871,0.2818,0.145311877,0.262027002,0.164129163
0.405,0.295603633,0.4398,0.341629088,0.415907008,0.361443925
0.494,0.558078825,0.5087,0.147512794,0.491678691,0.353151888
0.5344,0.494418323,0.5117,0.177469283,0.526298428,0.351389106
0.5662,0.415118635,0.5315,0.147339821,0.526054367,0.333921475
0.5347,0.346912563,0.5213,0.174206138,0.554314886,0.271194265
0.4517,0.530383766,0.4825,0.248146236,0.445720126,0.398335422
0.3069,0.702370822,0.3569,0.344218671,0.336067489,0.556555770
0.0925,0.729229927,0.1384,0.208220184,0.109611200,0.511505769
0.0,0.175349176,0.0,0.169907942,0.000000000,0.193511301
0.0,0.046053547,0.0,0.087567456,0.000000000,0.081254806
0.0,0.007108664,0.0,0.052274697,0.000000000,0.031403646
0.0,0.005977155,0.0,0.10135255,0.000000000,0.093310133
0.0,0.013521066,0.0,0.055959683,0.000000000,0.013210490
0.0,0.012011179,0.0,0.079776138,0.000000000,0.067249139
0.0,0.000184519,0.0,0.055640709,0.000000000,0.040641601
0.0,4.58e-5,0.0,0.033853348,0.000000000,0.023635618
0.0,1.9e-5,0.0,0.058937483,0.000000000,0.013096461
0.0,3.53e-5,0.0,0.076460056,0.000000000,0.033158517
0.0,2.04e-5,0.0,0.060711447,0.000000000,0.048443507
0.0,4.74e-5,0.0,0.042008825,0.000000000,0.037936409
0.0,0.000321536,0.0,0.055449158,0.000000000,0.006932466
0.0,0.001031349,0.0,0.063330352,0.000000000,0.054427321
0.1203,1.95e-5,0.1197,0.078944668,0.092342617,0.041392671
0.3677,3.04e-5,0.3695,0.176054776,0.349354013,0.122899156
0.564,0.000667956,0.5515,0.299573094,0.557485324,0.162087674
0.647,0.114408396,0.6482,0.26724714,0.634868151,0.163561222
0.6568,0.074482292,0.6544,0.1858069,0.648199428,0.078064901
0.654,0.011119559,0.6457,0.234193444,0.663635950,0.147589950
0.6313,0.0,0.6188,0.251261979,0.632782519,0.137764761
0.5149,0.0,0.5342,0.156330794,0.509442756,0.080978688
0.3445,0.0,0.3765,0.095917597,0.359442042,0.025637328
0.1058,0.0,0.1393,0.060601078,0.125860120,0.000000000
0.0,0.0,0.0,0.012081278,0.000000000,0.017117224
0.0,1.55e-5,0.0,0.013792511,0.000000000,0.007778556
0.0,3.36e-5,0.0,0.006774281,0.000000000,0.000000000
0.0,0.000272767,0.0,0.000895568,0.000000000,0.000000000
0.0,0.009157952,0.0,0.000358093,0.000000000,0.000000000
0.0,0.009400334,0.0,0.001319257,0.000000000,0.000000000
0.0,0.073357098,0.0,0.001958297,0.000000000,0.043329938
0.0,0.096724495,0.0,0.003492709,0.000000000,0.053190693
0.0,0.155436754,0.0,0.002788136,0.000000000,0.110536667
0.0,0.301901519,0.0,0.006778421,0.000000000,0.127735296
0.0,0.562324166,0.0,0.008687956,0.000000000,0.303793662
0.0,0.669336259,0.0,0.014606776,0.000000000,0.392352723
0.0,0.643925607,0.0,0.034780916,0.000000000,0.344908816
0.0,0.547333658,0.0,0.037157029,0.000000000,0.310106232
0.0,0.600874782,0.0,0.040243477,0.000000000,0.298650100
0.0754,0.957614899,0.0735,0.06415844,0.061798108,0.581786933
0.1703,0.918258011,0.159,0.12569876,0.163464245,0.550800095
0.2229,0.989674032,0.202,0.210443333,0.199526942,0.609128238
0.2517,0.990517795,0.2464,0.411427379,0.248546000,0.732287867
0.272,0.996540964,0.2483,0.273741126,0.274447161,0.678533310
0.2366,0.994460225,0.2166,0.341343969,0.248963092,0.700769435
0.1811,1.0,0.1683,0.312717617,0.191205310,0.688494474
0.0754,1.0,0.0873,0.526742339,0.058233223,0.831076251
0.0,0.996771216,0.0,0.38325724,0.000000000,0.751910948
0.0,0.994597733,0.0,0.473285973,0.000000000,0.769069077
0.0,0.988875449,0.0,0.538369834,0.000000000,0.811210866
0.0,0.99010092,0.0,0.758400142,0.000000000,0.927589036
0.0,0.998274088,0.0,0.615435123,0.000000000,0.881545536
0.0,0.998988748,0.0,0.621677637,0.000000000,0.858539036
0.0,0.998632789,0.0,0.615312397,0.000000000,0.852439175
0.0,0.999632239,0.0,0.514488935,0.000000000,0.813823168
0.0,0.999729633,0.0,0.575444758,0.000000000,0.847640065
0.0,1.0,0.0,0.656778991,0.000000000,0.885075351
0.0,1.0,0.0,0.624526501,0.000000000,0.878404145
0.0,0.961854994,0.0,0.616603494,0.000000000,0.827083688
0.0,0.963240087,0.0,0.615148485,0.000000000,0.809562409
0.0,0.826750398,0.0,0.699137092,0.000000000,0.836380240
0.0,0.915539086,0.0,0.801661968,0.000000000,0.900084900
0.0754,0.917132437,0.0811,0.726717114,0.067021261,0.825807562
0.3018,0.895622075,0.315,0.776575983,0.342508984,0.885462472
0.4624,0.901337504,0.4615,0.738424063,0.446473766,0.907854887
0.5456,0.939184844,0.5131,0.878458619,0.533104031,0.969699515
0.5723,0.988241255,0.5139,0.821352363,0.554200356,0.965549536
0.5439,1.0,0.5153,0.829851627,0.564397590,0.967235846
0.5465,1.0,0.509,0.897021174,0.527556602,0.976745134
0.4733,0.994703114,0.4547,0.843458533,0.465133460,0.957966356
0.3251,0.985379219,0.3242,0.850050569,0.322758001,0.941170420
0.0921,0.98093468,0.107,0.62483114,0.101279520,0.870504736
0.0,0.994585037,0.0,0.612424493,0.000000000,0.833132000
0.0,1.0,0.0,0.609805346,0.000000000,0.821944065
0.0,0.972745538,0.0,0.58900255,0.000000000,0.824699599
0.0,0.932268202,0.0,0.646598876,0.000000000,0.834082801
0.0,0.983338177,0.0,0.525591433,0.000000000,0.733528444
0.0,0.972229064,0.0,0.623661757,0.000000000,0.803501062
0.0,0.684106588,0.0,0.517882109,0.000000000,0.622963567
0.0,0.83222729,0.0,0.488216043,0.000000000,0.700062527
0.0,0.786412001,0.0,0.519987404,0.000000000,0.662978091
0.0,0.737378597,0.0,0.553945839,0.000000000,0.668695439
0.0,0.769217372,0.0,0.543342352,0.000000000,0.685187576
0.0,0.597649276,0.0,0.48645255,0.000000000,0.550561890
0.0,0.565466046,0.0,0.5134027,0.000000000,0.552157147
0.0,0.629573405,0.0,0.603316605,0.000000000,0.624259913
0.1146,0.32829833,0.1194,0.513417602,0.117320178,0.493470844
0.3642,0.367205739,0.3723,0.521101594,0.373932266,0.466582076
0.5442,0.788725734,0.5492,0.581656277,0.547542027,0.722644528
0.664,0.853446066,0.658,0.665475905,0.652915199,0.792918840
0.6788,0.894214213,0.6819,0.613908887,0.666572489,0.789385180
0.6688,0.845498443,0.6813,0.650428057,0.685024516,0.776269539
0.6519,0.947426736,0.6575,0.58254838,0.634981816,0.797946960
0.5274,0.963148773,0.535,0.588253081,0.525505244,0.785241240
0.346,0.956317723,0.3735,0.50128901,0.351888895,0.810306314
0.103,0.519416034,0.1357,0.322000086,0.110221062,0.429216403
0.0,0.293246448,0.0,0.342387497,0.000000000,0.350440197
0.0,0.149241149,0.0,0.267698228,0.000000000,0.208908227
0.0,0.183402538,0.0,0.212830186,0.000000000,0.221934615
0.0,0.019284755,0.0,0.203652442,0.000000000,0.118105657
0.0,0.007988892,0.0,0.228232324,0.000000000,0.128142885
0.0,0.023440819,0.0,0.273727685,0.000000000,0.176674785
0.0,0.014340378,0.0,0.28205505,0.000000000,0.142074721
0.0,0.030498166,0.0,0.174070239,0.000000000,0.092444763
0.0,0.025928479,0.0,0.165166825,0.000000000,0.098487245
0.0,0.006623355,0.0,0.271849751,0.000000000,0.138632405
0.0,0.004195502,0.0,0.334739447,0.000000000,0.160246714
0.0,0.003915712,0.0,0.426423132,0.000000000,0.235556472
0.0,0.000611192,0.0,0.513783514,0.000000000,0.248001548
0.0,0.00042258,0.0,0.589468837,0.000000000,0.315841299
0.1056,0.0,0.0757,0.361149788,0.086728415,0.189633816
0.3458,0.006205306,0.3169,0.403670132,0.317474197,0.232697530
0.5296,0.02077573,0.4553,0.740217388,0.490377266,0.395606755
0.648,0.05738239,0.5969,0.695231199,0.615794792,0.421062178
0.6685,0.004123469,0.6605,0.56960541,0.658792612,0.302929591
0.667,0.003181619,0.6424,0.33607778,0.679228330,0.197150581
0.6408,0.002545435,0.6343,0.304553092,0.627106177,0.191720871
0.5113,5.07e-5,0.5214,0.259810567,0.526081620,0.170645896
0.3324,0.000132211,0.3438,0.236268342,0.348252570,0.132151842
0.0819,7.97e-6,0.0846,0.061408207,0.101502271,0.012115758
0.0,0.0,0.0,0.004481197,0.000000000,0.000000000
0.0,0.0,0.0,0.008243956,0.000000000,0.000000000
0.0,2.58e-5,0.0,0.018618584,0.000000000,0.000000000
0.0,0.000337397,0.0,0.018263429,0.000000000,0.025855753
0.0,0.000136994,0.0,0.011282207,0.000000000,0.014937080
0.0,0.000586161,0.0,0.014353001,0.000000000,0.004752664
0.0,1.81e-5,0.0,0.001594634,0.000000000,0.013006964
0.0,0.0,0.0,0.003636768,0.000000000,0.002726501
0.0,0.0,0.0,0.002214964,0.000000000,0.007456371
0.0,0.0,0.0,0.002329658,0.000000000,0.045017203
0.0,2.35e-6,0.0,0.006073506,0.000000000,0.000000000
0.0,1.12e-5,0.0,0.008268857,0.000000000,0.056844506
0.0,0.001577535,0.0,0.008612852,0.000000000,0.006332182
0.0,0.003389223,0.0,0.027142528,0.000000000,0.049967775
0.0737,0.006617373,0.071,0.023900874,0.052307565,0.029219990
0.3074,0.000551731,0.3276,0.031550162,0.307931607,0.000000000
0.4571,0.008130776,0.4827,0.031995535,0.464186312,0.000000000
0.5656,0.104312487,0.5614,0.040724412,0.565954376,0.075055918
0.5666,0.248821035,0.5822,0.068343617,0.582580437,0.160849733
0.5863,0.358969569,0.6355,0.060507488,0.625503065,0.215918990
0.5924,0.33163476,0.639,0.067065798,0.643106050,0.207189746
0.503,0.333943963,0.5314,0.074005753,0.530587839,0.183813754
0.3328,0.411874592,0.3618,0.032483708,0.330553433,0.225848027
0.0969,0.184629649,0.1279,0.032134779,0.104581380,0.122520211
0.0,0.118425816,0.0,0.021165382,0.000000000,0.058989739
0.0,0.031226324,0.0,0.026489248,0.000000000,0.014189848
0.0,0.016612323,0.0,0.038933448,0.000000000,0.047857816
0.0,0.029330261,0.0,0.041035555,0.000000000,0.027760458
0.0,0.044350788,0.0,0.048563533,0.000000000,0.049558500
0.0,0.026014643,0.0,0.037276737,0.000000000,0.037957516
0.0,0.012158372,0.0,0.041671321,0.000000000,0.019448030
0.0,0.000170827,0.0,0.039480999,0.000000000,0.024762626
0.0,0.000330491,0.0,0.042134315,0.000000000,0.012926758
0.0,0.008975953,0.0,0.047144126,0.000000000,0.000000000
0.0,0.028366176,0.0,0.044882912,0.000000000,0.017046295
0.0,0.047658481,0.0,0.040577874,0.000000000,0.032154884
0.0,0.020951875,0.0,0.04116822,0.000000000,0.026381281
0.0,0.016528202,0.0,0.043201886,0.000000000,0.044980707
0.103,0.061987393,0.0719,0.052069955,0.093353494,0.069103853
0.3367,0.029779723,0.3259,0.058852695,0.327362442,0.050353932
0.5029,0.038432878,0.5018,0.088490315,0.489868335,0.059860897
0.6295,0.059015073,0.6078,0.135328561,0.615801329,0.097817847
0.641,0.170929462,0.6065,0.234617501,0.612094864,0.237606326
0.6296,0.330376446,0.6128,0.235211819,0.657559149,0.287280413
0.6023,0.40051046,0.5842,0.393817782,0.584957291,0.413947910
0.4756,0.54056108,0.481,0.508648992,0.476224134,0.538973542
0.3125,0.445490211,0.3059,0.387741148,0.266254668,0.426473010
0.0716,0.353917331,0.0951,0.300351799,0.098932454,0.321996332
0.0,0.474078,0.0,0.284488797,0.000000000,0.399108850
0.0,0.494052589,0.0,0.337671727,0.000000000,0.409814704
0.0,0.595775306,0.0,0.348833591,0.000000000,0.478904764
0.0,0.62349987,0.0,0.487308443,0.000000000,0.581109161
0.0,0.696579933,0.0,0.555295467,0.000000000,0.693994043
0.0,0.625244915,0.0,0.644382298,0.000000000,0.662490844
0.0,0.672557771,0.0,0.689055562,0.000000000,0.734663921
0.0,0.566133976,0.0,0.767054141,0.000000000,0.742289179
0.0,0.705252767,0.0,0.732545972,0.000000000,0.739203120
0.0,0.513045669,0.0,0.767071962,0.000000000,0.670172302
0.0,0.510314405,0.0,0.481121004,0.000000000,0.564367488
0.0,0.729553521,0.0,0.413037866,0.000000000,0.619737364
0.0,0.761322439,0.0,0.607999206,0.000000000,0.721021691
0.0,0.493663102,0.0,0.52047503,0.000000000,0.535094223
0.0002,0.36528033,0.0,0.459775805,0.000000000,0.406617910
0.2048,0.331763327,0.2009,0.419153154,0.213159935,0.391557852
0.3617,0.315054476,0.3846,0.349077016,0.388447941,0.325292285
0.4551,0.36612308,0.4206,0.233005673,0.445393969,0.310083973
0.4406,0.407980204,0.4248,0.175957173,0.430604533,0.312404774
0.3895,0.788694203,0.4079,0.30339554,0.396152061,0.588723998
0.3436,0.471933067,0.3871,0.439860284,0.378954416,0.454381966
0.2994,0.671246827,0.3139,0.449415863,0.344280590,0.607698547
0.1652,0.435648322,0.2324,0.542967975,0.172849862,0.542032354
0.012,0.209347382,0.0679,0.240013599,0.058332110,0.232946787
0.0,0.228019759,0.0,0.114786729,0.000000000,0.164567127
0.0,0.536509931,0.0,0.591418445,0.000000000,0.580297830
0.0,0.538068175,0.0,0.592992246,0.000000000,0.584221697
0.0,0.230950385,0.0,0.078851521,0.000000000,0.161481118
0.0,0.169289395,0.0,0.0990365,0.000000000,0.152708665
0.0,0.201660678,0.0,0.135033727,0.000000000,0.192262465
0.0,0.138939247,0.0,0.119213603,0.000000000,0.141085223
0.0,0.036772445,0.0,0.056109518,0.000000000,0.080163285
0.0,0.00308613,0.0,0.031988516,0.000000000,0.055570047
0.0,0.000706943,0.0,0.062169198,0.000000000,0.006971067
0.0,0.001301517,0.0,0.043859672,0.000000000,0.031435207
0.0,0.016332004,0.0,0.026609097,0.000000000,0.024254240
0.0,0.008077377,0.0,0.018657302,0.000000000,0.007745890
0.0,0.019539453,0.0,0.028255571,0.000000000,0.006875977
0.0741,0.002058651,0.0775,0.028066568,0.085469703,0.041213726
0.3326,0.056036718,0.3077,0.058862176,0.335433690,0.054941179
0.513,0.274677455,0.4897,0.210383117,0.519301637,0.227529434
0.6304,0.325939208,0.6502,0.310549378,0.625058742,0.323322041
0.6421,0.269390732,0.6793,0.312219173,0.675380742,0.286341243
0.6634,0.289349556,0.708,0.431685686,0.662936313,0.377457106
0.6169,0.0,0.6714,0.0,0.617269545,0.012183583
0.5355,0.208825722,0.5738,0.41941601,0.588056509,0.318159889
0.3307,0.0,0.3691,0.0,0.370708129,0.018491511
0.0844,0.0,0.1219,0.0,0.089003941,0.001366880
0.0,0.0,0.0,0.0,0.000000000,0.000000000
0.0,0.291040152,0.0,0.593102396,0.000000000,0.503174679
0.0,0.605302572,0.0,0.444494605,0.000000000,0.535366447
0.0,0.0,0.0,0.0,0.000000000,0.000000000
0.0,0.0,0.0,0.0,0.000000000,0.017926863
0.0,0.0,0.0,0.0,0.000000000,0.000000000
0.0,0.0,0.0,0.0,0.000000000,0.000000000
0.0,0.0,0.0,0.0,0.000000000,0.010613672
0.0,0.0,0.0,0.0,0.000000000,0.000000000
0.0,0.0,0.0,0.0,0.000000000,0.000000000
0.0,0.0,0.0,0.0,0.000000000,0.040193148
0.0,0.0,0.0,0.0,0.000000000,0.004166022
0.0,0.0,0.0,0.0,0.000000000,0.006345226
0.0,0.0,0.0,0.0,0.000000000,0.000000000
0.0709,0.0,0.0674,0.0,0.070187260,0.000000000
0.2937,0.0,0.2968,0.0,0.321804425,0.003597637
0.4255,0.0,0.461,0.0,0.435723927,0.021794046
0.5184,0.0,0.5393,0.0,0.530462457,0.030713120
0.5122,0.0,0.4746,0.0,0.477553302,0.005020252
0.4839,0.039806731,0.5537,0.174783945,0.528053566,0.129870607
0.4576,0.0,0.5086,0.0,0.496158677,0.016516201
0.4155,0.001499381,0.4354,0.17243734,0.422728564,0.103135507
0.2268,0.00029518,0.2009,0.3103351,0.236119616,0.195917218
0.0106,6.09e-5,0.0005,0.031522494,0.018469053,0.022620393
0.0,3.58e-5,0.0,0.003092523,0.000000000,0.009209599
0.0,4.91e-5,0.0,0.003174704,0.000000000,0.000000000
0.0,6.41e-5,0.0,0.005214957,0.000000000,0.008980304
0.0,4.74e-5,0.0,0.003555125,0.000000000,0.000000000
0.0,4.34e-5,0.0,0.002840152,0.000000000,0.011894823
0.0,5.87e-5,0.0,0.001750828,0.000000000,0.000000000
0.0,3.65e-5,0.0,0.001786857,0.000000000,0.000000000
0.0,5.04e-5,0.0,0.001802123,0.000000000,0.000000000
0.0,3.33e-5,0.0,0.001555054,0.000000000,0.000000000
0.0,6.57e-5,0.0,0.003194453,0.000000000,0.000000000
0.0,6.53e-5,0.0,0.005853857,0.000000000,0.001636966
0.0,7.02e-5,0.0,0.007757547,0.000000000,0.016704566
0.0,4.94e-5,0.0,0.015071672,0.000000000,0.013156199
0.0,1.12e-5,0.0,0.012148128,0.000000000,0.000000000
0.0,2.84e-5,0.0017,0.02393923,0.000000000,0.021053535
0.1785,0.000200419,0.2658,0.028790483,0.261194975,0.000000000
0.4377,0.00237218,0.4747,0.05589845,0.458645944,0.025096353
0.5751,0.051822416,0.5178,0.104964383,0.580668115,0.080970873
0.5155,0.056211028,0.4517,0.120550618,0.489898400,0.069149474
0.4923,0.071888499,0.3956,0.077960521,0.451026619,0.075024748
0.4147,0.085337453,0.3687,0.057773225,0.408019510,0.073295120
0.3057,0.076875716,0.2795,0.055509232,0.281644312,0.077177021
0.1433,0.020311095,0.1759,0.041455455,0.141170996,0.023555970
0.0014,0.027379906,0.0297,0.02190993,0.000000000,0.029073972
0.0,0.016506765,0.0,0.019985341,0.000000000,0.034671124
0.0,0.010661581,0.0,0.035227433,0.000000000,0.055597218
0.0,0.029216683,0.0,0.093530074,0.000000000,0.042471561
0.0,0.01897984,0.0,0.07657744,0.000000000,0.054552301
0.0,0.012963274,0.0,0.050331928,0.000000000,0.020729571
0.0,0.012143001,0.0,0.040419694,0.000000000,0.009618100
0.0,0.00058385,0.0,0.021879192,0.000000000,0.003445935
0.0,1.25e-5,0.0,0.017546821,0.000000000,0.000000000
0.0,0.000268777,0.0,0.02471143,0.000000000,0.041800041
0.0,0.000301618,0.0,0.036863197,0.000000000,0.021298124
0.0,0.005135396,0.0,0.048120715,0.000000000,0.013332116
0.0,0.003235959,0.0,0.020783674,0.000000000,0.034517027
0.0,0.004908995,0.0,0.034994986,0.000000000,0.000000000
0.0,0.003336316,0.0,0.015394686,0.000000000,0.008573231
0.0727,0.003471117,0.0684,0.01665945,0.080924728,0.008874653
0.3305,0.004270801,0.3375,0.037597105,0.300889804,0.012253749
0.5087,0.008132322,0.517,0.070744701,0.501978393,0.006703508
0.6255,0.081011914,0.636,0.108079299,0.632294077,0.082752228
0.6438,0.112119257,0.6664,0.044273067,0.640396299,0.066042164
0.6342,0.031323094,0.6641,0.032415222,0.652696372,0.006252131
0.6073,0.030429002,0.6386,0.031280816,0.638887610,0.026741625
0.4905,0.007816003,0.5212,0.069783062,0.518533854,0.062493635
0.3167,0.013387572,0.3481,0.034498572,0.347465989,0.048748349
0.0647,0.0,0.1059,0.009384813,0.082609005,0.027004476
0.0,0.0,0.0,0.005913305,0.000000000,0.008789685
0.0,0.0,0.0,0.004123555,0.000000000,0.009540328
0.0,0.0,0.0,0.001567991,0.000000000,0.003416170
0.0,0.0,0.0,0.001472575,0.000000000,0.022372620
0.0,0.000321551,0.0,0.001512685,0.000000000,0.024390837
0.0,0.008571428,0.0,0.001117161,0.000000000,0.025306108
0.0,0.023775127,0.0,0.000480715,0.000000000,0.002841171
0.0,0.007332826,0.0,0.000770831,0.000000000,0.013463473
0.0,0.009890662,0.0,0.000897505,0.000000000,0.015739341
0.0,0.010256416,0.0,0.000182501,0.000000000,0.000000000
0.0,0.00962998,0.0,0.000173381,0.000000000,0.040381207
0.0,0.006760235,0.0,0.000792753,0.000000000,0.033239549
0.0,0.008187366,0.0,0.001113133,0.000000000,0.017381102
0.0,0.006208578,0.0,0.000379189,0.000000000,0.000000000
0.0732,0.000949961,0.0626,0.000776284,0.072630233,0.000000000
0.3249,0.00813111,0.3298,0.002293999,0.335871095,0.004607453
0.5055,0.023034059,0.5071,0.001693855,0.515581902,0.000000000
0.6259,0.036741018,0.6188,0.003433702,0.630339393,0.000000000
0.6462,0.018753242,0.6542,0.000721696,0.664831323,0.007810628
0.6498,0.014817446,0.6549,0.001589493,0.647838736,0.000000000
0.6233,0.001068622,0.6278,0.000175662,0.643304186,0.023413608
0.4959,0.000394323,0.4984,9.61e-5,0.497867280,0.000000000
0.2951,0.000163447,0.3003,0.000151504,0.286615118,0.000000000
0.0327,1.68e-5,0.0558,2.09e-5,0.041658604,0.000000000
0.0,5.27e-5,0.0,4.39e-6,0.000000000,0.006001800
0.0,0.001216543,0.0,3.11e-5,0.000000000,0.000000000
0.0,0.002289178,0.0,0.001215237,0.000000000,0.000000000
0.0,0.004496836,0.0,0.001903116,0.000000000,0.037416834
0.0,0.014883439,0.0,0.001491165,0.000000000,0.007494200
0.0,0.026143538,0.0,0.001652725,0.000000000,0.000000000
0.0,0.039016221,0.0,0.001880916,0.000000000,0.055453707
0.0,0.007150924,0.0,0.002787092,0.000000000,0.000000000
0.0,0.031389128,0.0,0.001607312,0.000000000,0.013317380
0.0,0.064823963,0.0,0.001749821,0.000000000,0.032396836
0.0,0.081157707,0.0,0.00190861,0.000000000,0.030781919
0.0,0.060461584,0.0,0.000960778,0.000000000,0.000000000
0.0,0.055424616,0.0,0.002204542,0.000000000,0.028421172
0.0,0.041858558,0.0,0.002732506,0.000000000,0.028639984
0.0538,0.014990365,0.0432,0.002358294,0.050934145,0.042646268
0.2996,0.049698565,0.3111,0.002611346,0.301625576,0.000000000
0.4629,0.105675444,0.4717,0.000929232,0.456079893,0.034841089
0.5623,0.12918286,0.5697,0.000610026,0.560511111,0.079831393
0.578,0.085389197,0.5795,0.000415388,0.566543342,0.024073791
0.5428,0.026862405,0.5462,0.000211914,0.560511267,0.057480752
0.5193,0.00773143,0.5523,2.8e-6,0.544906800,0.000000000
0.4362,0.002720199,0.4498,0.000788545,0.458346536,0.000000000
0.2678,0.001525873,0.289,0.000289966,0.294019564,0.013686186
0.0319,0.000522604,0.0709,5.82e-7,0.051178515,0.000000000
0.0,0.000195092,0.0,0.0,0.000000000,0.013420747
0.0,0.003293123,0.0,0.000600157,0.000000000,0.006796608
0.0,0.000459603,0.0,0.001697156,0.000000000,0.013359369
0.0,0.000301939,0.0,0.001832606,0.000000000,0.009439424
0.0,0.003537101,0.0,0.002395727,0.000000000,0.034706495
0.0,9.37e-5,0.0,0.002675507,0.000000000,0.002302022
0.0,0.001181569,0.0,0.003507284,0.000000000,0.003861394
0.0,0.00176739,0.0,0.004598998,0.000000000,0.020004744
0.0,0.003931854,0.0,0.003740029,0.000000000,0.000351003
0.0,0.001538711,0.0,0.005595429,0.000000000,0.000000000
0.0,0.000392978,0.0,0.002332006,0.000000000,0.000000000
0.0,0.000380839,0.0,0.004007302,0.000000000,0.021227131
0.0,0.000863818,0.0,0.003906156,0.000000000,0.005351958
0.0,0.00044332,0.0,0.005811327,0.000000000,0.000000000
0.0403,6.34e-5,0.0138,0.00365198,0.011682783,0.045242754
0.2888,0.000406711,0.2936,0.004581301,0.290621092,0.000000000
0.4702,0.008460972,0.4446,0.00825894,0.455009204,0.015302484
0.5589,0.002824032,0.5519,0.00930534,0.589700953,0.000000000
0.5611,0.01374785,0.5775,0.014502864,0.585172834,0.000000000
0.5702,0.000606729,0.5455,0.026711736,0.562687363,0.000000000
0.546,0.000463385,0.519,0.006443918,0.545732564,0.006018419
0.407,1.46e-5,0.4247,0.001380937,0.442163854,0.013507904
0.2344,5.65e-5,0.2215,0.002006835,0.245898676,0.026075783
0.0007,0.0,0.0068,1.4e-5,0.014370947,0.022422888
0.0,3.48e-6,0.0,6.22e-6,0.000000000,0.015296587
0.0,0.0,0.0,0.000128582,0.000000000,0.027652737
0.0,0.0,0.0,0.0017828,0.000000000,0.000000000
0.0,7.66e-6,0.0,0.00084543,0.000000000,0.005555233
0.0,5.34e-5,0.0,0.001188286,0.000000000,0.004328754
0.0,0.001048668,0.0,0.000667641,0.000000000,0.000000000
0.0,0.00081874,0.0,0.003312791,0.000000000,0.031488210
0.0,0.005694365,0.0,0.003540355,0.000000000,0.000000000
0.0,0.002635816,0.0,0.004967191,0.000000000,0.044047895
0.0,0.007530636,0.0,0.002511816,0.000000000,0.000000000
0.0,0.004771272,0.0,0.003071507,0.000000000,0.002768367
0.0,0.000184882,0.0,0.00558002,0.000000000,0.000000000
0.0,0.000147887,0.0,0.005551685,0.000000000,0.000000000
0.0,7.18e-5,0.0,0.005329957,0.000000000,0.004563148
0.0005,0.002575001,0.0,0.008630553,0.000000000,0.000000000
0.2107,0.004552442,0.2402,0.012332851,0.243851508,0.004677941
0.3555,0.017347462,0.4033,0.009037236,0.391140039,0.000000000
0.4531,0.105167985,0.5252,0.008879857,0.510993679,0.028399119
0.5151,0.08926411,0.5684,0.003738896,0.527357737,0.066126986
0.49,0.046264209,0.5798,0.002055042,0.543798794,0.017659846
0.5189,0.024396045,0.5932,0.001610581,0.603568428,0.050289304
0.4458,0.001544676,0.5063,0.000611057,0.482371724,0.000000000
0.2889,0.006849635,0.3341,0.001361295,0.296476637,0.007021267
0.0118,0.024356086,0.0807,0.000641007,0.029235977,0.025890452
0.0,8.79e-5,0.0,0.000214163,0.000000000,0.025323327
0.0,6.9e-6,0.0,0.001105794,0.000000000,0.000000000
0.0,5.92e-5,0.0,0.003264785,0.000000000,0.013701463
0.0,0.000435098,0.0,0.003908825,0.000000000,0.000000000
0.0,0.002651567,0.0,0.006929072,0.000000000,0.000000000
0.0,0.012353522,0.0,0.005012317,0.000000000,0.011032136
0.0,0.020616725,0.0,0.005382804,0.000000000,0.000000000
0.0,0.019898048,0.0,0.004911709,0.000000000,0.026233208
0.0,0.012706788,0.0,0.009784671,0.000000000,0.000000000
0.0,0.005974401,0.0,0.008105222,0.000000000,0.000000000
0.0,0.006143,0.0,0.006767739,0.000000000,0.014930415
0.0,0.006111893,0.0,0.008109177,0.000000000,0.000000000
0.0,0.004656772,0.0,0.00669925,0.000000000,0.011196831
0.0,0.008611995,0.0,0.00755366,0.000000000,0.000000000
0.0117,0.002415934,0.0145,0.007503168,0.037662503,0.000000000
0.3135,0.000316371,0.3201,0.005889281,0.306493087,0.019115395
0.4909,0.000619188,0.4972,0.00152196,0.515535442,0.000000000
0.6116,0.000138283,0.616,0.001321378,0.619188603,0.009058719
0.643,9.46e-5,0.6499,0.004621835,0.670854673,0.021988100
0.6438,1.29e-5,0.6489,0.008267521,0.646984807,0.011809057
0.6127,0.0,0.6224,0.015974861,0.623590918,0.000000000
0.4871,0.0,0.5066,0.014336249,0.501983277,0.000000000
0.3058,0.0,0.3337,0.009402025,0.317581828,0.000000000
0.0269,0.0,0.0917,0.004256375,0.051804796,0.000000000
0.0,0.0,0.0,0.009817073,0.000000000,0.010008206
0.0,0.0,0.0,0.009425107,0.000000000,0.019530838
0.0,0.000223355,0.0,0.012872324,0.000000000,0.000000000
0.0,0.000290522,0.0,0.014833776,0.000000000,0.000000000
0.0,0.001285145,0.0,0.017719567,0.000000000,0.002209391
0.0,0.000591713,0.0,0.029261995,0.000000000,0.024701947
0.0,0.000810392,0.0,0.018217487,0.000000000,0.009533419
0.0,0.00031639,0.0,0.022865154,0.000000000,0.035342879
0.0,0.002236489,0.0,0.025190923,0.000000000,0.012984232
0.0,0.006286781,0.0,0.017338037,0.000000000,0.000000000
0.0,0.01077395,0.0,0.014727241,0.000000000,0.005658184
0.0,0.020781474,0.0,0.016202986,0.000000000,0.056713133
0.0,0.019672973,0.0,0.02075405,0.000000000,0.052802196
0.0,0.02075506,0.0,0.017381072,0.000000000,0.012147509
0.0135,0.056497168,0.0014,0.01549504,0.004783114,0.049305150
0.3063,0.042822722,0.3094,0.045075037,0.285636965,0.064381591
0.4727,0.015528889,0.4709,0.081013165,0.506863295,0.053631249
0.5797,0.003417505,0.5601,0.109205469,0.558710892,0.057455485
0.6075,0.020915419,0.5863,0.220902324,0.621605351,0.131903856
0.6239,0.147533298,0.6292,0.278078526,0.610213956,0.213620312
0.6046,0.114439353,0.6075,0.383505583,0.624555434,0.270256983
0.4789,0.168894574,0.5014,0.269607425,0.514645578,0.241884245
0.2928,0.311253548,0.3257,0.300534934,0.307862721,0.336741074
0.0223,0.190872297,0.067,0.162120298,0.039343336,0.164328423
0.0,0.091870688,0.0,0.139071256,0.000000000,0.130789436
0.0,0.023365811,0.0,0.153249472,0.000000000,0.100746392
0.0,0.052895166,0.0,0.172601596,0.000000000,0.083965801
0.0,0.060020659,0.0,0.155003533,0.000000000,0.123233119
0.0,0.034022868,0.0,0.056735575,0.000000000,0.026448771
0.0,0.013529466,0.0,0.068114847,0.000000000,0.053805806
0.0,0.003399887,0.0,0.026875412,0.000000000,0.017305404
0.0,0.014473776,0.0,0.009977693,0.000000000,0.054587790
0.0,0.059037965,0.0,0.01598366,0.000000000,0.045025226
0.0,0.192218825,0.0,0.01637714,0.000000000,0.104827496
0.0,0.688965917,0.0,0.020777682,0.000000000,0.399390291
0.0,0.765692234,0.0,0.029595761,0.000000000,0.411219939
0.0,0.763410866,0.0,0.030210013,0.000000000,0.411497347
0.0,0.740490258,0.0,0.03144408,0.000000000,0.414584543
0.0,0.715383351,0.0,0.023857821,0.000000000,0.398362699
0.2275,0.868510902,0.2309,0.02394101,0.254247981,0.466625667
0.4015,0.992357731,0.4623,0.115318142,0.425442012,0.558935525
0.5501,0.999260962,0.5742,0.134966403,0.586632276,0.620452121
0.6021,0.999318242,0.5443,0.20824039,0.572785437,0.647208818
0.5869,0.999880791,0.5293,0.44252184,0.564479206,0.757639635
0.5295,0.971749485,0.4992,0.4831765,0.491808849,0.772756525
0.4425,0.97228843,0.4393,0.451724738,0.453453605,0.788878876
0.2859,0.99460119,0.283,0.333396465,0.304063013,0.704236837
0.0002,0.938652337,0.0094,0.335478067,0.023454808,0.646606652
0.0,0.944008887,0.0,0.485565007,0.000000000,0.783472174
0.0,0.979767203,0.0,0.437977374,0.000000000,0.750557081
0.0,0.914444268,0.0,0.4720698,0.000000000,0.739623653
0.0,0.951843739,0.0,0.615978956,0.000000000,0.822662167
0.0,0.929492354,0.0,0.615544438,0.000000000,0.799730077
0.0,0.536296546,0.0,0.694968343,0.000000000,0.659477641
0.0,0.712475657,0.0,0.614241064,0.000000000,0.666212820
0.0,0.741306543,0.0,0.642192543,0.000000000,0.714067124
0.0,0.844133317,0.0,0.669303715,0.000000000,0.790337295
0.0,0.669070959,0.0,0.718070388,0.000000000,0.770144222
0.0,0.750193357,0.0,0.762574911,0.000000000,0.783014435
0.0,0.742296636,0.0,0.781527638,0.000000000,0.788256572
0.0,0.744850636,0.0,0.827895224,0.000000000,0.813525728
0.0,0.50242275,0.0,0.836177051,0.000000000,0.709003081
0.0,0.254282892,0.0,0.74053216,0.000000000,0.505598223
0.2782,0.326060086,0.199,0.75648272,0.223125636,0.550962048
0.4514,0.793953717,0.3047,0.863693595,0.386897312,0.904473468
0.4131,0.785903454,0.2944,0.966522455,0.365315854,0.930211874
0.3239,0.858654797,0.3306,0.922745287,0.318467248,0.925650840
0.4152,0.902657032,0.429,0.946391582,0.443542029,1.000000000
0.474,0.791314244,0.3786,0.905223608,0.442873928,0.961529815
0.3742,0.516394675,0.3117,0.907886863,0.342822161,0.734632683
0.1973,0.399612814,0.1732,0.799003005,0.186489640,0.681217236
0.0,0.252926439,0.0089,0.694811165,0.002263582,0.493194716
0.0,0.072202459,0.0,0.58322382,0.000000000,0.347600195
0.0,0.060605492,0.0,0.478306055,0.000000000,0.290791302
0.0,0.13499859,0.0,0.526918113,0.000000000,0.382228797
0.0,0.164738759,0.0,0.505592465,0.000000000,0.325442638
0.0,0.221188426,0.0,0.444203705,0.000000000,0.325852833
0.0,0.155053139,0.0,0.438529521,0.000000000,0.278103170
0.0,0.284805894,0.0,0.353115261,0.000000000,0.360324427
0.0,0.196855649,0.0,0.364896327,0.000000000,0.299882606
0.0,0.07997895,0.0,0.230226904,0.000000000,0.144596849
0.0,0.085180894,0.0,0.280503005,0.000000000,0.228385794
0.0,0.098656289,0.0,0.206801504,0.000000000,0.169198517
0.0,0.141046807,0.0,0.150344521,0.000000000,0.165408505
0.0,0.15791139,0.0,0.16248101,0.000000000,0.164438099
0.0,0.149105087,0.0,0.089340515,0.000000000,0.099379843
0.0,0.101002522,0.0,0.067649417,0.000000000,0.045043822
0.2772,0.168160841,0.288,0.072323456,0.302958827,0.154628435
0.4703,0.459758073,0.4637,0.148451656,0.484425555,0.292676919
0.5945,0.730826378,0.5536,0.318755865,0.567922254,0.532477243
0.6074,0.920655966,0.6065,0.398753226,0.612257981,0.688551510
0.6058,0.900399923,0.579,0.478337765,0.602319581,0.679973924
0.573,0.830963373,0.5484,0.682277143,0.565381036,0.766390234
0.4695,0.834859908,0.4642,0.461171448,0.461961909,0.695099955
0.2946,0.530247152,0.3147,0.297343254,0.312563651,0.441778345
0.0015,0.257003456,0.0484,0.228956327,0.037069365,0.269471403
0.0,0.073373519,0.0,0.221199751,0.000000000,0.162909988
0.0,0.013176475,0.0,0.130152673,0.000000000,0.088364992
0.0,0.000357268,0.0,0.234487087,0.000000000,0.144558187
0.0,0.0,0.0,0.189554632,0.000000000,0.101863821
0.0,0.0,0.0,0.110512033,0.000000000,0.056543567
0.0,0.0,0.0,0.035743657,0.000000000,0.000000000
0.0,0.000295655,0.0,0.055080459,0.000000000,0.051248357
0.0,1.83e-5,0.0,0.03362409,0.000000000,0.036041175
0.0,0.0,0.0,0.021175332,0.000000000,0.001089085
0.0,0.0,0.0,0.00341103,0.000000000,0.015025013
0.0,0.0,0.0,0.002389108,0.000000000,0.000000000
0.0,0.0,0.0,0.003944313,0.000000000,0.000000000
0.0,0.0,0.0,0.003100403,0.000000000,0.000883811
0.0,0.000799759,0.0,0.003511916,0.000000000,0.000000000
0.0,0.00032822,0.0,0.001128754,0.000000000,0.000000000
0.1029,0.0,0.0745,0.000772598,0.080310633,0.000000000
0.2427,0.0,0.2522,0.000660239,0.243479494,0.004639113
0.3353,5.05e-6,0.3334,0.000466652,0.364739357,0.022566596
0.3693,0.0,0.3485,4.58e-5,0.381456703,0.008772502
0.321,0.0,0.3388,1.65e-5,0.330525305,0.019178977
0.2798,0.0,0.3379,1.49e-6,0.316155347,0.000000000
0.2887,6.15e-5,0.3133,0.0,0.306106126,0.000000000
0.1717,0.000322065,0.1924,0.000578687,0.196928904,0.027571414
0.0,0.000258478,0.0,4.49e-7,0.000000000,0.000000000
0.0,0.000254347,0.0,4.73e-6,0.000000000,0.000000000
0.0,0.00095264,0.0,0.000105247,0.000000000,0.026237981
0.0,0.001598039,0.0,0.0005258,0.000000000,0.003889998
0.0,0.002736128,0.0,0.001642361,0.000000000,0.000000000
0.0,0.004819703,0.0,0.001275363,0.000000000,0.000000000
0.0,0.002815315,0.0,0.001441495,0.000000000,0.000000000
0.0,0.001111662,0.0,0.002369676,0.000000000,0.000000000
0.0,0.004619826,0.0,0.004123273,0.000000000,0.007619940
0.0,0.013734495,0.0,0.004395677,0.000000000,0.002509709
0.0,0.006075219,0.0,0.007776518,0.000000000,0.005119635
0.0,0.005867018,0.0,0.021396797,0.000000000,0.000000000
0.0,0.006454244,0.0,0.020947153,0.000000000,0.005380416
0.0,0.001825185,0.0,0.026925843,0.000000000,0.021913298
0.0,0.017288091,0.0,0.044819325,0.000000000,0.022498882
0.0,0.000526794,0.0,0.058502775,0.000000000,0.059160538
0.1982,0.000747612,0.2372,0.055792175,0.230577610,0.028371392
0.3702,0.005186242,0.443,0.056126565,0.398561076,0.045991172
0.4604,0.019555334,0.5472,0.05412107,0.512626598,0.026472435
0.5011,0.017807115,0.5775,0.055959456,0.561157526,0.031084606
0.5173,0.012719838,0.5742,0.026762718,0.564484448,0.016107403
0.5058,0.156649753,0.4846,0.026849799,0.511228746,0.113626272
0.3876,0.307089061,0.3915,0.009776292,0.398311204,0.180237865
0.1969,0.214498192,0.2302,0.005743272,0.228228572,0.155948440
0.0,0.2281041,0.0021,0.00478826,0.000000000,0.116450058
0.0,0.112953909,0.0,0.004260485,0.000000000,0.058323700
0.0,0.059126329,0.0,0.003720263,0.000000000,0.004242438
0.0,0.007401282,0.0,0.005222955,0.000000000,0.046473117
0.0,0.014012869,0.0,0.005544674,0.000000000,0.000000000
0.0,0.00549963,0.0,0.002695719,0.000000000,0.011452245
0.0,3.54e-6,0.0,0.004272182,0.000000000,0.013056137
0.0,0.031184454,0.0,0.014847984,0.000000000,0.000000000
0.0,0.059124026,0.0,0.013666502,0.000000000,0.031263423
0.0,0.079677746,0.0,0.048023768,0.000000000,0.058787048
0.0,0.066642232,0.0,0.162439197,0.000000000,0.132834958
0.0,0.038001623,0.0,0.212555051,0.000000000,0.141386923
0.0,0.078255944,0.0,0.151014179,0.000000000,0.115782232
0.0,0.041557591,0.0,0.166452259,0.000000000,0.110752301
0.0,0.033567775,0.0,0.202019185,0.000000000,0.120945820
0.0,0.013971851,0.0,0.22157383,0.000000000,0.113300127
0.2668,0.019223142,0.2687,0.266779512,0.255989916,0.153310091
0.4708,0.029227782,0.4733,0.380293012,0.475319416,0.210779914
0.5885,0.169650957,0.5933,0.471342355,0.605007167,0.344527020
0.5494,0.348233074,0.5518,0.258014411,0.574767292,0.328189393
0.5991,0.438930571,0.6187,0.315827489,0.646161166,0.366443949
0.5673,0.351334214,0.623,0.180056363,0.587522109,0.235699414
0.483,0.403092742,0.5108,0.270218581,0.496285895,0.366046677
0.3013,0.522940397,0.3315,0.227596372,0.324369091,0.406726531
0.0001,0.347989529,0.0373,0.178521544,0.010745009,0.297321790
0.0,0.042578425,0.0,0.13617523,0.000000000,0.084899901
0.0,0.128508881,0.0,0.149890244,0.000000000,0.115946028
0.0,0.185722023,0.0,0.281802535,0.000000000,0.226471971
0.0,0.259771824,0.0,0.403117508,0.000000000,0.339152321
0.0,0.426333785,0.0,0.403636634,0.000000000,0.420616734
0.0,0.311244607,0.0,0.337498724,0.000000000,0.363094188
0.0,0.213788033,0.0,0.557706356,0.000000000,0.429736646
0.0,0.360295653,0.0,0.587857842,0.000000000,0.525542857
0.0,0.153321177,0.0,0.461893737,0.000000000,0.308229803
0.0,0.06624119,0.0,0.487103105,0.000000000,0.288338437
0.0,0.041442599,0.0,0.414392889,0.000000000,0.251186229
0.0,0.029058078,0.0,0.224741697,0.000000000,0.124444490
0.0,8.44e-5,0.0,0.102251709,0.000000000,0.030443639
0.0,0.000482521,0.0,0.128630966,0.000000000,0.041108384
0.0,0.0,0.0,0.050198104,0.000000000,0.052629536
0.1993,0.000641594,0.1787,0.12740384,0.209262313,0.055429529
0.38,0.036998596,0.3826,0.183763623,0.361050946,0.101744517
0.4883,0.103658676,0.4539,0.15910551,0.475057721,0.134371612
0.5493,0.093477517,0.5053,0.115790196,0.539381163,0.076339312
0.5521,0.057065763,0.4578,0.132838145,0.553267358,0.104263774
0.5214,0.012270316,0.4155,0.12889497,0.470435419,0.062446658
0.4105,0.01702342,0.375,0.075514629,0.420446442,0.023233602
0.2423,0.003028527,0.2447,0.065074511,0.260472311,0.012265521
0.0,0.030110713,0.0002,0.001844887,0.008497831,0.034418793
0.0,0.011046975,0.0,0.003227213,0.000000000,0.030058392
0.0,0.022840384,0.0,0.011765286,0.000000000,0.028813744
0.0,0.019630214,0.0,0.0135707,0.000000000,0.025589064
0.0,0.097961478,0.0,0.004110239,0.000000000,0.050628546
0.0,0.112173602,0.0,0.00703875,0.000000000,0.077546227
0.0,0.101782739,0.0,0.010116415,0.000000000,0.052429140
0.0,0.110446163,0.0,0.007726965,0.000000000,0.052134192
0.0,0.068983518,0.0,0.004615325,0.000000000,0.000242694
0.0,0.144262925,0.0,0.001911142,0.000000000,0.089214966
0.0,0.205671966,0.0,0.001943026,0.000000000,0.109912676
0.0,0.257281125,0.0,0.002347258,0.000000000,0.154264924
0.0,0.289213091,0.0,0.002721983,0.000000000,0.181446109
0.0,0.253973126,0.0,0.00569111,0.000000000,0.138278094
0.0,0.271025538,0.0,0.007540014,0.000000000,0.129657538
0.0,0.213243261,0.0,0.01368444,0.000000000,0.121847340
0.2168,0.236492172,0.2371,0.01000371,0.236415663,0.106492670
0.3862,0.201613888,0.3842,0.01665188,0.386948623,0.129919685
0.4511,0.150109321,0.4481,0.023584809,0.485035760,0.084453061
0.4476,0.162102938,0.4967,0.016751368,0.494999101,0.137044833
0.4533,0.125036791,0.4988,0.026214356,0.508945758,0.102228278
0.437,0.056647908,0.4838,0.022430997,0.480141704,0.036051098
0.4112,0.108449601,0.4464,0.014004987,0.450628118,0.049209094
0.275,0.085936442,0.2983,0.026054081,0.285585223,0.083229204
0.0,0.131815821,0.0032,0.018260367,0.024366297,0.045931187
0.0,0.096837506,0.0,0.03484806,0.000000000,0.044498180
0.0,0.047658637,0.0,0.04085673,0.000000000,0.044596977
0.0,0.078504041,0.0,0.02848977,0.000000000,0.079916142
0.0,0.071076289,0.0,0.026087586,0.000000000,0.075133288
0.0,0.116672114,0.0,0.048963085,0.000000000,0.071785067
0.0,0.13537927,0.0,0.031566687,0.000000000,0.060498469
0.0,0.123699278,0.0,0.045357767,0.000000000,0.081446916
0.0,0.076558188,0.0,0.059924081,0.000000000,0.056502888
0.0,0.080270179,0.0,0.068389259,0.000000000,0.078276349
0.0,0.086002328,0.0,0.059497163,0.000000000,0.129814138
0.0,0.048127584,0.0,0.08310324,0.000000000,0.049340118
0.0,0.01575792,0.0,0.102144554,0.000000000,0.052353524
0.0,0.012967503,0.0,0.122772872,0.000000000,0.100474343
0.0,0.002141553,0.0,0.171073705,0.000000000,0.079580318
0.0,0.0030981,0.0,0.219397694,0.000000000,0.111319242
0.1184,0.000234923,0.0845,0.200007498,0.077013365,0.119738388
0.2778,0.000373551,0.2591,0.220994174,0.245806329,0.127602684
0.3585,0.0,0.3346,0.209178418,0.337628082,0.120281186
0.3238,0.015729198,0.3968,0.203515097,0.359366246,0.111462889
0.3411,0.018590601,0.3904,0.227897614,0.365103487,0.130214448
0.3405,0.091118015,0.4161,0.209356695,0.407485234,0.158807453
0.286,0.052068722,0.324,0.324218661,0.291084903,0.210277568
0.1028,0.131338283,0.1612,0.288892925,0.144623633,0.222590576
0.0,0.101284891,0.0001,0.246395826,0.000000000,0.162505618
0.0,0.095428444,0.0,0.198073909,0.000000000,0.155030108
0.0,0.086883761,0.0,0.184009045,0.000000000,0.160336552
0.0,0.132991686,0.0,0.193628415,0.000000000,0.180485687
0.0,0.205821633,0.0,0.20093815,0.000000000,0.213067705
0.0,0.074472994,0.0,0.216271028,0.000000000,0.181862219
0.0,0.165889025,0.0,0.184818745,0.000000000,0.231313039
0.0,0.160590693,0.0,0.254487246,0.000000000,0.203329671
0.0,0.117114469,0.0,0.268106848,0.000000000,0.176321906
0.0,0.078465909,0.0,0.161822006,0.000000000,0.129473380
0.0,0.061367095,0.0,0.134925306,0.000000000,0.083721846
0.0,0.043661937,0.0,0.060418211,0.000000000,0.011687626
0.0,0.023071175,0.0,0.027239408,0.000000000,0.032860592
0.0,0.007497279,0.0,0.158860564,0.000000000,0.073630246
0.0,0.001299045,0.0,0.186404496,0.000000000,0.064530337
0.0,0.016654303,0.0,0.193140492,0.000000000,0.141400225
0.2628,0.052081291,0.2456,0.299835205,0.256153307,0.132347480
0.4358,0.224936306,0.3773,0.286743701,0.421666008,0.243548598
0.5505,0.453866512,0.5166,0.457011819,0.529492720,0.452373964
0.6131,0.627534211,0.613,0.489734203,0.617790551,0.591767328
0.609,0.449378669,0.5938,0.414665639,0.608067753,0.464548532
0.5835,0.328273296,0.5508,0.223110616,0.608363046,0.298983942
0.4465,0.206480235,0.4246,0.235763133,0.463751450,0.213874280
0.2661,0.092131212,0.274,0.274209142,0.266265603,0.175576685
0.0001,0.028178306,0.0198,0.150550276,0.002440307,0.115556265
0.0,0.004973742,0.0,0.123922095,0.000000000,0.053723010
0.0,0.0,0.0,0.064368874,0.000000000,0.035199227
0.0,0.0,0.0,0.036341872,0.000000000,0.031426649
0.0,8.7e-5,0.0,0.010988176,0.000000000,0.050840840
0.0,0.000580252,0.0,0.013313939,0.000000000,0.000000000
0.0,0.000215262,0.0,0.001893087,0.000000000,0.017063151
0.0,0.000211122,0.0,0.000821388,0.000000000,0.006809830
0.0,0.000134933,0.0,0.002997974,0.000000000,0.000000000
0.0,0.0,0.0,0.003709143,0.000000000,0.000000000
0.0,0.002359757,0.0,0.004126911,0.000000000,0.009470557
0.0,0.001893943,0.0,0.006304188,0.000000000,0.010341747
0.0,0.006628121,0.0,0.002161414,0.000000000,0.025980381
0.0,0.002035447,0.0,0.014361451,0.000000000,0.000000000
0.0,0.006758585,0.0,0.010724725,0.000000000,0.000000000
0.0,0.020066613,0.0,0.017475139,0.000000000,0.007623260
0.2441,0.033729102,0.212,0.030283447,0.224604137,0.051603956
0.4013,0.006448823,0.3715,0.040839165,0.396202914,0.000000000
0.4707,0.004795718,0.4482,0.068986885,0.468371505,0.015493597
0.4622,0.000178554,0.4504,0.105258435,0.489561607,0.069483683
0.4498,0.001431494,0.4597,0.074007317,0.475047858,0.051014551
0.4513,0.003724903,0.5072,0.140021384,0.491476116,0.098439214
0.4101,0.033406317,0.4786,0.180115163,0.461794381,0.108269234
0.279,0.016572453,0.3339,0.149695903,0.305528015,0.051442201
0.0,0.027135223,0.0059,0.156933904,0.000000000,0.095268664
0.0,0.030080557,0.0,0.171713799,0.000000000,0.100955933
0.0,0.041648112,0.0,0.151109785,0.000000000,0.091171308
0.0,0.079876676,0.0,0.224205047,0.000000000,0.141121934
0.0,0.145102277,0.0,0.279782861,0.000000000,0.185149222
0.0,0.203439325,0.0,0.36195749,0.000000000,0.298672066
0.0,0.188324541,0.0,0.220815629,0.000000000,0.221879370
0.0,0.240235493,0.0,0.225949705,0.000000000,0.231679647
0.0,0.303566724,0.0,0.208765715,0.000000000,0.256951963
0.0,0.29963851,0.0,0.273521781,0.000000000,0.298957511
0.0,0.228475019,0.0,0.253024995,0.000000000,0.275946151
0.0,0.367658466,0.0,0.191880211,0.000000000,0.308287041
0.0,0.540749788,0.0,0.223239437,0.000000000,0.415254924
0.0,0.244355246,0.0,0.235525474,0.000000000,0.232310913
0.0,0.274246573,0.0,0.201843485,0.000000000,0.265188100
0.0,0.294815779,0.0,0.355335712,0.000000000,0.323592405
0.1008,0.335892856,0.1014,0.130232111,0.092076304,0.262808755
0.2873,0.513114691,0.2966,0.26137948,0.282919287,0.427839379
0.5112,0.641800046,0.5176,0.452031046,0.524647333,0.573933434
0.536,0.966837883,0.5081,0.59516567,0.531261184,0.786270930
0.4996,0.900840104,0.4678,0.625353277,0.509384063,0.821105729
0.3911,0.957450688,0.4294,0.771235645,0.420704859,0.906242210
0.3097,0.99094224,0.3534,0.792427063,0.338674439,0.928766755
0.195,0.993954897,0.2745,0.637906671,0.241502231,0.822893189
0.0,0.990123212,0.0021,0.646645784,0.000000000,0.824167323
0.0,0.996523023,0.0,0.718746364,0.000000000,0.872370689
0.0,0.990251541,0.0,0.790166259,0.000000000,0.920617246
0.0,0.975010455,0.0,0.845876396,0.000000000,0.946904765
0.0,0.991715074,0.0,0.836680591,0.000000000,0.974830522
0.0,0.990609407,0.0,0.876152158,0.000000000,0.953822317
0.0,0.936151862,0.0,0.876746058,0.000000000,0.949948036
0.0,0.964827061,0.0,0.874910831,0.000000000,0.972835794
0.0,0.955295861,0.0,0.838257909,0.000000000,0.924367277
0.0,0.862646222,0.0,0.74078697,0.000000000,0.822445620
0.0,0.646329939,0.0,0.709523916,0.000000000,0.710652340
0.0,0.690088093,0.0,0.690028012,0.000000000,0.720573475
0.0,0.795232832,0.0,0.679357946,0.000000000,0.774318223
0.0,0.699535668,0.0,0.678755522,0.000000000,0.704187860
0.0,0.589400589,0.0,0.587219417,0.000000000,0.617336241
0.0,0.35798493,0.0,0.416735142,0.000000000,0.411800562
0.2494,0.286218286,0.2504,0.40310365,0.273095572,0.319943527
0.4516,0.411839545,0.4528,0.468285799,0.465395619,0.488676807
0.6247,0.250579447,0.6164,0.804417491,0.626275983,0.531435728
0.6776,0.172787219,0.6767,0.752506495,0.692067893,0.488650702
0.6841,0.032200903,0.6855,0.741857588,0.696209146,0.402658169
0.3469,0.013480432,0.3527,0.645751715,0.346299004,0.373471670
0.517,0.0,0.5361,0.550930977,0.539235234,0.268070050
0.3333,0.0,0.3622,0.438679636,0.369114899,0.244006967
0.0573,0.0,0.1022,0.424214482,0.065707691,0.196098327
0.0,0.0,0.0,0.287715375,0.000000000,0.159365741
0.0,0.0,0.0,0.265339911,0.000000000,0.134666072
0.0,1.66e-5,0.0,0.121478304,0.000000000,0.078453801
0.0,0.007335953,0.0,0.04245121,0.000000000,0.028821209
0.0,0.083141394,0.0,0.035009436,0.000000000,0.033662151
0.0,0.326634288,0.0,0.10085623,0.000000000,0.227537431
0.0,0.730880857,0.0,0.250245273,0.000000000,0.530369079
0.0,0.699592412,0.0,0.343538821,0.000000000,0.548662550
0.0,0.48583588,0.0,0.480004132,0.000000000,0.459419775
0.0,0.468639523,0.0,0.493091494,0.000000000,0.528838654
0.0,0.413402289,0.0,0.516368747,0.000000000,0.460436998
0.0,0.503893793,0.0,0.556184232,0.000000000,0.512522146
0.0,0.574716628,0.0,0.581493616,0.000000000,0.587746775
0.0,0.677719951,0.0,0.694624305,0.000000000,0.752661351
0.0,0.701501548,0.0,0.910963953,0.000000000,0.832933708
0.0738,0.511826217,0.1048,0.902822435,0.087538984,0.769962608
0.1992,0.700982928,0.1945,0.887133121,0.221901337,0.833087739
0.2704,0.300368935,0.3618,0.72706449,0.316933431,0.513971945
0.3616,0.315275639,0.3608,0.61177659,0.366183550,0.455782971
0.3916,0.448661685,0.2887,0.608541965,0.354079913,0.550242167
0.3009,0.293922007,0.2133,0.598206937,0.267292495,0.472680406
0.1969,0.192222998,0.2028,0.489775866,0.212412343,0.357769537
0.0448,0.105884507,0.0511,0.610442102,0.041591597,0.363807738
0.0,0.308761001,0.0,0.749927282,0.000000000,0.530692468
0.0,0.641711295,0.0,0.731739044,0.000000000,0.745356375
0.0,0.000328093,0.0,0.020332925,0.000000000,0.000000000
0.0,0.001109042,0.0,0.01952357,0.000000000,0.045307292
0.0,0.000465656,0.0,0.01288804,0.000000000,0.000000000
0.0,0.0,0.0,0.006124048,0.000000000,0.000000000
0.0,0.0,0.0,0.003177892,0.000000000,0.000000000
0.0,0.0511139,0.0,0.174536049,0.000000000,0.102438748
0.0,0.178217903,0.0,0.160452858,0.000000000,0.178218954
0.0,0.163054347,0.0,0.19457984,0.000000000,0.173427272
0.0,0.07816536,0.0,0.21664463,0.000000000,0.164033653
0.0,0.034205906,0.0,0.140644953,0.000000000,0.056931587
0.0,0.0,0.0,0.076794818,0.000000000,0.024477444
0.0,0.040714934,0.0,0.038682725,0.000000000,0.032514370
0.0,0.0,0.0,9.83e-5,0.000000000,0.000000000
0.0,0.00011514,0.0,0.000646637,0.000000000,0.000935722
0.1158,0.005348991,0.1552,0.00056692,0.127287475,0.007134545
0.0838,0.006692105,0.1243,0.18899411,0.105480151,0.109459598
0.1599,0.007338142,0.2932,0.22133249,0.209879602,0.132137368
0.2742,0.00134162,0.3873,0.187157899,0.345987083,0.105640409
0.4044,0.005068874,0.4331,0.140217423,0.445774320,0.053098816
0.439,0.0,0.4312,0.124365717,0.418700257,0.058174183
0.3592,0.004298079,0.377,0.204842478,0.398730585,0.035527924
0.2206,0.040113807,0.2455,0.102951244,0.242412849,0.098324291
0.0,0.039530288,0.0,0.237337798,0.000000000,0.130622219
0.0,0.172492385,0.0,0.338589609,0.000000000,0.291382399
0.0,0.177829206,0.0,0.282227397,0.000000000,0.262268418
0.0,0.102210775,0.0,0.298579842,0.000000000,0.232971537
0.0,0.20730938,0.0,0.322138816,0.000000000,0.263663961
0.0,0.475461125,0.0,0.32340467,0.000000000,0.383278429
0.0,0.141887054,0.0,0.409071445,0.000000000,0.249513474
0.0,0.327527732,0.0,0.587408304,0.000000000,0.468865543
0.0,0.504896998,0.0,0.722608566,0.000000000,0.648190525
0.0,0.48300001,0.0,0.820361495,0.000000000,0.690323129
0.0,0.796491086,0.0,0.942812204,0.000000000,0.911833631
0.0,0.878681123,0.0,0.933210731,0.000000000,0.926615971
0.0,0.92308408,0.0,0.90139538,0.000000000,0.945554253
0.0,0.872821212,0.0,0.935574293,0.000000000,0.950852346
0.0,0.784222662,0.0,0.91082412,0.000000000,0.913705960
0.0,0.767829418,0.0,0.734408081,0.000000000,0.775939213
0.1664,0.472474456,0.1072,0.867164195,0.152764103,0.701550935
0.2594,0.476989865,0.1988,0.917687237,0.236470320,0.722299114
0.3346,0.257362306,0.2289,0.7700423,0.314970025,0.546379652
0.3242,0.011186305,0.2494,0.693951309,0.299419383,0.403050536
0.3183,0.014955625,0.2739,0.474408954,0.300243079,0.247932587
0.3444,0.002415868,0.356,0.615484893,0.377184385,0.325642419
0.3399,0.0,0.3581,0.635465145,0.337214985,0.326762651
0.2398,2.35e-5,0.1753,0.453846157,0.212868069,0.245059915
0.0,0.097699091,0.0,0.441161394,0.000000000,0.281063162
0.0,0.202829719,0.0,0.385667473,0.000000000,0.309389129
0.0,0.005506005,0.0,0.019852202,0.000000000,0.000668093
0.0,0.331511676,0.0,0.07018742,0.000000000,0.200875960
0.0,0.362930596,0.0,0.06026832,0.000000000,0.240463263
0.0,0.674642086,0.0,0.133385897,0.000000000,0.411020974
0.0,0.816904426,0.0,0.148617983,0.000000000,0.463858812
0.0,0.698124051,0.0,0.318086386,0.000000000,0.512558662
0.0,0.778733015,0.0,0.516741395,0.000000000,0.689337741
0.0,0.913042724,0.0,0.703350365,0.000000000,0.856641705
0.0,0.807086647,0.0,0.76467824,0.000000000,0.797014856
0.0,0.686692834,0.0,0.751399636,0.000000000,0.758427546
0.0,0.686731339,0.0,0.746089935,0.000000000,0.758490958
0.0,0.640052736,0.0,0.816596806,0.000000000,0.762478815
0.0,0.483873397,0.0,0.811854243,0.000000000,0.706783694
0.0,0.256917894,0.0,0.857294559,0.000000000,0.573207733
0.0007,0.257197738,0.0,0.874639392,0.002700428,0.583837669
0.0505,0.348806858,0.0292,0.920261383,0.058254705,0.700996832
0.1048,0.785438538,0.1156,0.8873564,0.124720170,0.882696222
0.1705,0.710183978,0.2348,0.752746642,0.208570416,0.755040205
0.1971,0.631953299,0.1878,0.657651842,0.203679750,0.645248408
0.1052,0.581832588,0.1144,0.574343443,0.106579181,0.603408672
0.2212,0.137682393,0.2492,0.071220547,0.242426244,0.133950587
0.0074,0.345120698,0.0009,0.45094049,0.023380072,0.422906751
0.0,0.621117353,0.0,0.432250559,0.000000000,0.548693218
0.0,0.686918616,0.0,0.504636049,0.000000000,0.627692541
0.0,0.366182357,0.0,0.457022727,0.000000000,0.407486738
0.0,0.401713967,0.0,0.388574898,0.000000000,0.427247857
0.0,0.326962322,0.0,0.405814767,0.000000000,0.387860013
0.0,0.272388577,0.0,0.472794116,0.000000000,0.399736394
0.0,0.137915522,0.0,0.532806039,0.000000000,0.379635387
0.0,0.491606623,0.0,0.708121538,0.000000000,0.631294910
0.0,0.81550777,0.0,0.644795358,0.000000000,0.747703119
0.0,0.468694687,0.0,0.047707498,0.000000000,0.264077685
0.0,0.342943013,0.0,0.086663306,0.000000000,0.237577040
0.0,0.217373967,0.0,0.129496828,0.000000000,0.180316400
0.0,0.136482522,0.0,0.29490152,0.000000000,0.211043389
0.0,0.165376976,0.0,0.256992638,0.000000000,0.210776661
0.0,0.096116997,0.0,0.287277013,0.000000000,0.219600355
0.0,0.112607621,0.0,0.135954767,0.000000000,0.133069024
0.1639,0.253948212,0.1671,0.204432517,0.196600989,0.234446096
0.3664,0.345307529,0.3708,0.313680887,0.391426116,0.364040996
0.505,0.607268155,0.5054,0.341952682,0.530817772,0.481982828
0.5522,0.895347476,0.5503,0.325699627,0.553586310,0.662414548
0.5432,0.818963051,0.5484,0.414384872,0.584206855,0.657918552
0.5046,0.633790016,0.5167,0.310681403,0.516685491,0.502915106
0.39,0.659967601,0.4102,0.286657661,0.422782771,0.472322060
0.2203,0.461394429,0.2491,0.207193345,0.260310836,0.338082170
0.0,0.492189974,0.0018,0.097790241,0.000000000,0.315077471
0.0,0.166118383,0.0,0.049327001,0.000000000,0.078932970
0.0,0.193353608,0.0,0.097317398,0.000000000,0.118716101
0.0,0.095966294,0.0,0.071823731,0.000000000,0.082984325
0.0,0.067647651,0.0,0.078224644,0.000000000,0.081345269
0.0,0.088506259,0.0,0.075439036,0.000000000,0.074222215
0.0,0.073872171,0.0,0.05418491,0.000000000,0.112854649
0.0,0.057433523,0.0,0.076728374,0.000000000,0.037634639
0.0,0.093095124,0.0,0.033453707,0.000000000,0.056155090
0.0,0.081526995,0.0,0.058150489,0.000000000,0.087880097
0.0,0.039208543,0.0,0.024612814,0.000000000,0.026894071
0.0,0.060384121,0.0,0.034473799,0.000000000,0.063596507
0.0,0.181746393,0.0,0.244715124,0.000000000,0.247625123
0.0,0.13813591,0.0,0.305245638,0.000000000,0.219840820
0.0,0.097175375,0.0,0.29883039,0.000000000,0.197082478
0.0,0.06015899,0.0,0.302222699,0.000000000,0.179425788
0.1778,0.006363994,0.1731,0.3598966,0.167564841,0.196114870
0.3212,2.03e-5,0.3189,0.013663233,0.363563081,0.007152788
0.4819,0.001948284,0.4777,0.103079036,0.489728610,0.070428141
0.481,0.016269868,0.4466,0.095783345,0.510507776,0.040263645
0.4657,0.017550495,0.4597,0.065801904,0.505076376,0.031413023
0.4725,0.05185781,0.4995,0.055737235,0.491045672,0.050352009
0.3945,0.09598355,0.4403,0.083775587,0.445422444,0.120166121
0.2277,0.074015401,0.2698,0.135957122,0.230633453,0.164201515
0.0087,0.044333924,0.0372,0.175363272,0.014140394,0.080420289
0.0,0.155729219,0.0,0.261491388,0.000000000,0.183699592
0.0,0.077974565,0.0,0.356069803,0.000000000,0.242229944
0.0,0.106946424,0.0,0.426764488,0.000000000,0.273097880
0.0,0.163002506,0.0,0.553423643,0.000000000,0.402163214
0.0,0.125205025,0.0,0.531875134,0.000000000,0.300659990
0.0,0.067675166,0.0,0.357487917,0.000000000,0.222318202
0.0,0.006749248,0.0,0.398338258,0.000000000,0.205056725
0.0,0.011403062,0.0,0.437442243,0.000000000,0.245640698
0.0,0.015527932,0.0,0.423039585,0.000000000,0.200165097
0.0,0.012834582,0.0,0.386880755,0.000000000,0.206383270
0.0,0.034771759,0.0,0.38306734,0.000000000,0.218432724
0.0,0.050172642,0.0,0.406823039,0.000000000,0.236790772
0.0,0.076260507,0.0,0.425955921,0.000000000,0.257368157
0.0,0.212555856,0.0,0.33593756,0.000000000,0.291982412
0.0,0.258392602,0.0,0.355194688,0.000000000,0.325957353
0.2204,0.261120886,0.2305,0.333629459,0.221542044,0.316549019
0.4407,0.08972954,0.4559,0.269762248,0.462857503,0.167390753
0.596,0.015675036,0.6076,0.119699918,0.628883759,0.077089813
0.6674,0.0,0.6761,0.051054835,0.719401959,0.040247325
0.6674,0.0,0.6782,0.031588804,0.689246525,0.034677555
0.6298,0.0,0.6478,0.028848607,0.662754800,0.039156329
0.5087,0.0,0.5328,0.021987919,0.539566540,0.000774414
0.3243,0.0,0.3529,0.064300239,0.330423592,0.048650160
0.02,0.101061814,0.0951,0.129923359,0.046687686,0.126216230
0.0,0.120749295,0.0,0.194932669,0.000000000,0.155753259
0.0,0.182267532,0.0,0.292241454,0.000000000,0.240351833
0.0,0.075609155,0.0,0.493766457,0.000000000,0.272232647
0.0,0.138091385,0.0,0.507269502,0.000000000,0.336968315
0.0,7.9e-5,0.0,0.00347714,0.000000000,0.011790107
0.0,0.0,0.0,0.003732788,0.000000000,0.000000000
0.0,7.36e-5,0.0,0.004459542,0.000000000,0.018497543
0.0,0.000228847,0.0,0.004929205,0.000000000,0.004168123
0.0,0.000277969,0.0,0.00880672,0.000000000,0.000964667
0.0,0.651664972,0.0,0.763098538,0.000000000,0.729289951
0.0,0.864569783,0.0,0.744845152,0.000000000,0.832222074
0.0,0.745040953,0.0,0.697454095,0.000000000,0.748081607
0.0,0.778582692,0.0,0.722354054,0.000000000,0.799097809
0.0,0.795287371,0.0,0.651686311,0.000000000,0.745645950
0.0,0.897818744,0.0,0.669353664,0.000000000,0.807846845
0.2408,0.88659513,0.2428,0.580437243,0.244926006,0.783089540
0.4528,0.710768342,0.4519,0.71672833,0.491964944,0.728240811
0.5998,0.582394958,0.5844,0.597135425,0.615674974,0.579493259
0.6552,0.447959572,0.6405,0.457535177,0.673242069,0.486406944
0.6695,0.311122924,0.667,0.42909205,0.712575574,0.339465554
0.6377,0.099691056,0.6421,0.590516567,0.653189059,0.350575277
0.5151,0.085809693,0.5325,0.582651258,0.551221756,0.342809936
0.3276,0.236667052,0.3499,0.721890867,0.336234561,0.480202884
0.0316,0.43822372,0.1018,0.769986033,0.061564965,0.666238750
0.0,0.717240393,0.0,0.950588107,0.000000000,0.863504479
0.0,0.8129673,0.0,0.971164465,0.000000000,0.916172880
0.0,0.545247614,0.0,0.902202249,0.000000000,0.769599913
0.0,0.39265734,0.0,0.933861971,0.000000000,0.726976532
0.0,0.642879963,0.0,0.854260206,0.000000000,0.771819068
0.0,0.519030392,0.0,0.925344527,0.000000000,0.791376357
0.0,0.43005681,0.0,0.979553103,0.000000000,0.737294531
0.0,0.011039912,0.0,0.346641749,0.000000000,0.159883152
0.0,0.374893755,0.0,0.932935596,0.000000000,0.709936192
0.0,0.323595554,0.0,0.879860103,0.000000000,0.665915789
0.0,0.28742072,0.0,0.850280166,0.000000000,0.575667040
0.0,0.406802684,0.0,0.828444421,0.000000000,0.671036479
0.0,0.316344827,0.0,0.823397756,0.000000000,0.595025409
0.0,0.279798567,0.0,0.746972561,0.000000000,0.520910116
0.0,0.009317757,0.0,0.050366659,0.000000000,0.045987922
0.2379,0.331345528,0.233,0.620849609,0.248165881,0.504737326
0.4528,0.130919352,0.4441,0.596849382,0.458133004,0.360961793
0.6037,0.003302492,0.5875,0.479713708,0.619930503,0.233859446
0.6357,0.005010888,0.6126,0.316461474,0.603530598,0.145420766
0.6786,0.000304395,0.6661,0.42944476,0.676820345,0.212614329
0.6462,0.000422955,0.6359,0.304661095,0.686193358,0.136343804
0.5241,0.0,0.5402,0.392088652,0.557308501,0.195107749
0.3343,0.0,0.3539,0.394254804,0.347554976,0.194241522
0.0421,0.000423818,0.0974,0.397166491,0.057138093,0.211026855
0.0,0.013640633,0.0,0.454056561,0.000000000,0.237010581
0.0,0.036823757,0.0,0.518212378,0.000000000,0.341047592
0.0,0.176990777,0.0,0.276927352,0.000000000,0.219056881
0.0,0.276975691,0.0,0.340650439,0.000000000,0.331824464
0.0,0.38549161,0.0,0.291743219,0.000000000,0.382846652
0.0,0.325363547,0.0,0.345726013,0.000000000,0.373599274
0.0,0.502069533,0.0,0.358808756,0.000000000,0.446292761
0.0,0.487383723,0.0,0.379118085,0.000000000,0.444108266
0.0,0.07464166,0.0,0.009151744,0.000000000,0.043422204
0.0,0.513041496,0.0,0.269881129,0.000000000,0.439260373
0.0,0.374370486,0.0,0.259164661,0.000000000,0.297307924
0.0,0.603776991,0.0,0.269696862,0.000000000,0.449117910
0.0,0.461283565,0.0,0.298411936,0.000000000,0.391476121
0.0,0.527458489,0.0,0.381294966,0.000000000,0.488173996
0.0,0.537802756,0.0,0.285199881,0.000000000,0.445749825
0.0685,0.84047395,0.0364,0.406059921,0.017399205,0.668209861
0.2141,0.782890916,0.221,0.400033474,0.225868232,0.605058459
0.3076,0.805661976,0.2929,0.309505075,0.288651519,0.595090894
0.3144,0.937437594,0.324,0.230595976,0.318260705,0.603315389
0.3146,0.950480282,0.2761,0.218524069,0.281781225,0.607807140
0.3613,0.434049129,0.415,0.045334645,0.401236514,0.260242575
0.1576,0.879519641,0.0917,0.177618682,0.148585651,0.536367091
0.0108,0.851208627,0.0104,0.211372554,0.023620908,0.598054600
0.0,0.928982675,0.0,0.272438705,0.000000000,0.599947460
0.0,0.886400998,0.0,0.281877011,0.000000000,0.585550262
0.0,0.782507002,0.0,0.354145437,0.000000000,0.608349386
0.0,0.756378293,0.0,0.37987417,0.000000000,0.579299098
0.0,0.823476315,0.0,0.359234035,0.000000000,0.625114352
0.0,0.860235214,0.0,0.315570563,0.000000000,0.590276673
0.0,0.961100221,0.0,0.305637121,0.000000000,0.686339120
0.0,0.941586673,0.0,0.337157279,0.000000000,0.638527718
0.0,0.948060751,0.0,0.344566047,0.000000000,0.676157164
0.0,0.968795002,0.0,0.349321395,0.000000000,0.665915359
0.0,0.920570195,0.0,0.387455314,0.000000000,0.671200934
0.0,0.915033162,0.0,0.420267791,0.000000000,0.688116860
0.0,0.93106705,0.0,0.466814876,0.000000000,0.741177262
0.0,0.964147449,0.0,0.491728783,0.000000000,0.757846027
0.0,0.865228295,0.0,0.503290057,0.000000000,0.728428784
0.0,0.630746245,0.0,0.522607625,0.000000000,0.578988230
0.0047,0.548930883,0.0012,0.512592614,0.009868768,0.570032226
0.0927,0.839797556,0.1535,0.571044505,0.112417334,0.777892423
0.4885,0.626507342,0.4988,0.177272946,0.500375417,0.410883330
0.2045,0.406345069,0.2217,0.540132105,0.226489072,0.482225876
0.2195,0.422324628,0.2522,0.643624783,0.244390433,0.529138644
0.2344,0.390160412,0.208,0.664822519,0.233344180,0.553859626
0.1627,0.215015948,0.161,0.734352589,0.171126895,0.471843394
0.0863,0.251458287,0.0739,0.793614507,0.108631262,0.515543360
0.0,0.403544754,0.0,0.814629912,0.000000000,0.629857017
0.0,0.524721861,0.0,0.828825891,0.000000000,0.709783691
0.0,0.417192131,0.0,0.830017507,0.000000000,0.666616715
0.0,0.29080385,0.0,0.746881485,0.000000000,0.525929565
0.0,0.508419752,0.0,0.628943741,0.000000000,0.584007041
0.0,0.613990784,0.0,0.59251684,0.000000000,0.586074124
0.0,0.755406201,0.0,0.739096999,0.000000000,0.780481352
0.0,0.76316303,0.0,0.706968844,0.000000000,0.779176383
0.0,0.89406544,0.0,0.727778316,0.000000000,0.865128554
0.0,0.905935585,0.0,0.805239558,0.000000000,0.900784255
0.0,0.973092675,0.0,0.85394311,0.000000000,0.946722635
0.0,0.858394384,0.0,0.95251441,0.000000000,0.942668080
0.0,0.888274908,0.0,0.972224832,0.000000000,1.000000000
0.0,0.828928947,0.0,0.98458612,0.000000000,0.933619274
0.0,0.893690944,0.0,0.98853451,0.000000000,0.975392735
0.0,0.863422811,0.0,0.983852506,0.000000000,0.973037333
0.0207,0.591598213,0.0011,0.974061131,0.008521578,0.805567018
0.0515,0.425245762,0.1093,0.970405579,0.071410663,0.704534694
0.1372,0.16295065,0.239,0.964687347,0.213929036,0.627602788
0.234,0.0406061,0.3622,0.942841649,0.282979065,0.532102232
0.3238,0.007073462,0.446,0.915387094,0.409315232,0.515537105
0.3697,0.026672075,0.4443,0.895790637,0.437545564,0.497361758
0.2723,0.036231555,0.358,0.883965611,0.313825146,0.470722503
0.1336,0.104993083,0.2271,0.857621849,0.185621489,0.493389071
0.0,0.002954858,0.0015,0.859104574,0.000000000,0.443117290
0.0,5.17e-5,0.0,0.560796499,0.000000000,0.298152904
0.0,0.231597468,0.0,0.883975625,0.000000000,0.568687169
0.0,0.02157902,0.0,0.50161463,0.000000000,0.265524629
0.0,0.785671294,0.0,0.874453545,0.000000000,0.893383168
0.0,0.773067832,0.0,0.829093456,0.000000000,0.821660727
0.0,0.930281758,0.0,0.835861683,0.000000000,0.918423094
0.0,0.912500381,0.0,0.837355137,0.000000000,0.915193522
0.0,0.991850436,0.0,0.845780611,0.000000000,0.937365835
0.0,0.997183025,0.0,0.864656925,0.000000000,0.984168278
0.0,0.998820007,0.0,0.824689507,0.000000000,0.937224999
0.0,0.988576114,0.0,0.809691548,0.000000000,0.946483711
0.0,0.987490177,0.0,0.814585924,0.000000000,0.941180533
0.0,0.966065586,0.0,0.792777717,0.000000000,0.913941620
0.0,0.966192782,0.0,0.80385685,0.000000000,0.941060385
0.0,0.992122948,0.0,0.84248817,0.000000000,0.965399702
0.131,0.99207449,0.1541,0.820585608,0.174772917,0.976472123
0.3268,0.985871851,0.4076,0.823234618,0.348203561,0.962670132
0.4726,0.912636936,0.4867,0.712467134,0.499956399,0.818468536
0.4975,1.0,0.502,0.738969147,0.497523179,0.948972058
0.466,1.0,0.4856,0.734872818,0.514209100,0.884988887
0.4577,1.0,0.4776,0.82385844,0.513825429,0.976265312
0.3858,1.0,0.4049,0.846394658,0.401701461,0.983324795
0.2499,1.0,0.2799,0.877283812,0.254939221,0.939529709
0.0011,0.999357283,0.0142,0.857719064,0.000000000,0.996914435
0.0,0.973172128,0.0,0.82657814,0.000000000,0.909868508
0.0,0.988195121,0.0,0.821926236,0.000000000,0.927482166
0.0,0.753647685,0.0,0.204021156,0.000000000,0.496978253
0.0,0.903469324,0.0,0.708783388,0.000000000,0.792504238
0.0,0.855964899,0.0,0.606735349,0.000000000,0.757656692
0.0,0.965489328,0.0,0.546737313,0.000000000,0.818426731
0.0,0.518625796,0.0,0.471610099,0.000000000,0.498722573
0.0,0.404243648,0.0,0.499005049,0.000000000,0.482021958
0.0,0.955841482,0.0,0.362698406,0.000000000,0.680272602
0.0,0.902587056,0.0,0.2276434,0.000000000,0.605783111
0.0,0.833757401,0.0,0.204485476,0.000000000,0.540596712
0.0,0.595389485,0.0,0.223155558,0.000000000,0.457782055
0.0,0.507802248,0.0,0.26852572,0.000000000,0.418130148
0.0,0.492616057,0.0,0.196111172,0.000000000,0.362854413
0.0,0.583466828,0.0,0.186900377,0.000000000,0.378052598
0.2102,0.0049446,0.2145,0.02852121,0.233862262,0.030543856
0.4132,0.023828983,0.43,0.006137889,0.428555122,0.015720852
0.5376,0.00051596,0.588,0.015036192,0.599503258,0.000000000
0.5974,0.003811433,0.6619,0.007312477,0.661149902,0.000000000
0.5731,0.004492204,0.6333,0.006372233,0.636831500,0.000000000
0.4995,0.04070691,0.5888,0.003032009,0.590246973,0.009720648
0.3932,0.025645019,0.3718,0.000760925,0.423496066,0.000000000
0.1858,0.148547709,0.1745,0.044820458,0.207080302,0.098661336
0.0,0.032718968,0.0,0.121228307,0.000000000,0.134916423
0.0,0.301874906,0.0,0.189463079,0.000000000,0.282534399
0.0,0.388644904,0.0,0.271698296,0.000000000,0.354759815
0.0,0.507278144,0.0,0.478265643,0.000000000,0.485845531
0.0,0.485150129,0.0,0.398450971,0.000000000,0.498471470
0.0,0.5977,0.0,0.357499659,0.000000000,0.513460606
0.0,0.777572513,0.0,0.480053067,0.000000000,0.637380256
0.0,0.905500472,0.0,0.501342833,0.000000000,0.714322867
0.0,0.918302298,0.0,0.400150657,0.000000000,0.694520802
0.0,0.93642807,0.0,0.340167463,0.000000000,0.680482167
0.0,0.980234683,0.0,0.528440297,0.000000000,0.761154462
0.0,0.997672081,0.0,0.485906631,0.000000000,0.833573567
0.0,0.997290134,0.0,0.561473548,0.000000000,0.813547700
0.0,0.997363389,0.0,0.722633004,0.000000000,0.900253492
0.0,1.0,0.0,0.747998774,0.000000000,0.919653128
0.0,1.0,0.0,0.748306632,0.000000000,0.934471696
0.0,1.0,0.0001,0.907060266,0.000000000,0.975350621
0.0446,1.0,0.0558,0.982385278,0.065631506,1.000000000
0.0583,1.0,0.0287,0.981374264,0.052826072,1.000000000
0.0588,0.997597039,0.065,0.948304415,0.062698104,0.991883391
0.0315,1.0,0.0339,0.99208951,0.032392725,1.000000000
0.0289,1.0,0.2606,1.0,0.159136335,1.000000000
0.1648,0.990978003,0.383,1.0,0.269756109,1.000000000
0.285,0.932233751,0.2594,0.926462054,0.309074154,0.961338985
0.0,1.0,0.0,0.999726057,0.000000000,1.000000000
0.0,0.868762195,0.0,0.997933269,0.000000000,0.950836697
0.0,0.655033052,0.0,0.992620349,0.000000000,0.859798203
0.0,0.466116309,0.0,0.99098289,0.000000000,0.788165554
0.0,0.808867455,0.0,0.991220474,0.000000000,0.951162331
0.0,0.259511918,0.0,0.578857839,0.000000000,0.447578154
0.0,0.330851376,0.0,0.449934274,0.000000000,0.403468031
0.0,0.520800292,0.0,0.888722062,0.000000000,0.718760934
0.0,0.637001514,0.0,0.811786354,0.000000000,0.721445431
0.0,0.550767601,0.0,0.836008787,0.000000000,0.720304060
0.0,0.509570956,0.0,0.805447817,0.000000000,0.694600641
0.0,0.708533406,0.0,0.713231623,0.000000000,0.714367658
0.0,0.85241431,0.0,0.638344944,0.000000000,0.768449646
0.0,0.992044389,0.0,0.595443845,0.000000000,0.828199335
0.0,0.576828361,0.0,0.074237362,0.000000000,0.331388299
0.0,0.499022454,0.0,0.071709111,0.000000000,0.276191689
0.0978,0.734134138,0.0935,0.07799831,0.085361059,0.385686241
0.2792,0.998327315,0.2962,0.234298646,0.296403705,0.684767050
0.4105,1.0,0.4065,0.245920241,0.414218648,0.668684908
0.4492,1.0,0.4214,0.261467129,0.447917212,0.652546952
0.4963,1.0,0.43,0.244671449,0.524125693,0.675926406
0.4878,1.0,0.4406,0.287394404,0.491032217,0.672416675
0.4023,1.0,0.3807,0.31978786,0.404995416,0.684754175
0.2639,1.0,0.2685,0.356773227,0.276596062,0.680220993
0.0209,0.998755574,0.0563,0.466454327,0.028086280,0.787501385
0.0,0.877889574,0.0,0.630985141,0.000000000,0.783419258
0.0,0.882909715,0.0,0.707187116,0.000000000,0.769309194
0.0,0.950754344,0.0,0.819473982,0.000000000,0.937681455
0.0,0.974348128,0.0,0.5069381,0.000000000,0.741438177
0.0,1.0,0.0,0.897075057,0.000000000,1.000000000
0.0,0.994307339,0.0,0.90114522,0.000000000,0.983497849
0.0,0.99816674,0.0,0.94619894,0.000000000,1.000000000
0.0,0.991348386,0.0,0.917904496,0.000000000,1.000000000
0.0,0.9349401,0.0,0.985740066,0.000000000,1.000000000
0.0,0.895884573,0.0,0.989411354,0.000000000,0.964594085
0.0,0.905766428,0.0,0.98770678,0.000000000,1.000000000
0.0,0.955079734,0.0,0.983844399,0.000000000,1.000000000
0.0,0.985930979,0.0,0.975888431,0.000000000,1.000000000
0.0,0.937855124,0.0,0.959067583,0.000000000,0.971083139
0.0,0.827365756,0.0,0.94615835,0.000000000,0.910990561
0.2274,0.673906088,0.189,0.944834948,0.218808761,0.851988504
0.4451,0.525920928,0.346,0.868874252,0.401895408,0.770510540
0.5487,0.250736058,0.4271,0.827648282,0.509898549,0.569754101
0.5288,0.346493572,0.4127,0.833770573,0.517554746,0.652509398
0.4508,0.175522581,0.4253,0.859382033,0.434886557,0.528491551
0.4375,0.151652679,0.4323,0.808366656,0.440723034,0.498350420
0.3749,0.26580295,0.3965,0.718648612,0.407108738,0.527437955
0.2477,0.76519984,0.3089,0.686894178,0.308312512,0.786949044
0.0342,0.561110258,0.0853,0.652467132,0.069985149,0.615828389
0.0,0.201530188,0.0,0.646622181,0.000000000,0.462059986
0.0,0.469632506,0.0,0.6867342,0.000000000,0.597184121
0.0,0.65647018,0.0,0.532880247,0.000000000,0.580072634
0.0,0.907784522,0.0,0.489718676,0.000000000,0.710771124
0.0,0.838078797,0.0,0.470822036,0.000000000,0.706303047
0.0,0.612954617,0.0,0.338083714,0.000000000,0.521152459
0.0,0.935695052,0.0,0.384214431,0.000000000,0.699241023
0.0,0.891264915,0.0,0.376539081,0.000000000,0.644024683
0.0,0.901794314,0.0,0.547817469,0.000000000,0.763689386
0.0,0.580896437,0.0,0.66630137,0.000000000,0.633548463
0.0,0.671883285,0.0,0.690281034,0.000000000,0.705056301
0.0,0.730931163,0.0,0.682599187,0.000000000,0.713199071
0.0,0.847759366,0.0,0.823539615,0.000000000,0.880082930
0.0,0.570566654,0.0,0.853746295,0.000000000,0.721184278
0.0,0.587459981,0.0,0.76987946,0.000000000,0.737925209
0.2255,0.430522531,0.1996,0.830218911,0.188256139,0.663101233
0.4422,0.295325905,0.3925,0.801442981,0.447566951,0.566506363
0.5408,0.230751023,0.5052,0.36207211,0.538168038,0.308688030
0.6649,0.038637538,0.6271,0.752291322,0.682788747,0.394474085
0.6653,0.027972339,0.6283,0.853653669,0.646152363,0.454421723
0.6232,0.003821803,0.5558,0.64032954,0.648002075,0.342752259
0.4789,0.0,0.3366,0.731051683,0.454389630,0.367819788
0.2156,0.0,0.2418,0.707893193,0.218992846,0.378275728
0.0405,0.0,0.0936,0.763192058,0.065844126,0.416136054
0.0,0.0,0.0,0.681941926,0.000000000,0.347565999
0.0,0.000138296,0.0,0.591946006,0.000000000,0.288368831
0.0,2.39e-5,0.0,0.556228101,0.000000000,0.299112639
0.0,0.112759262,0.0,0.592993617,0.000000000,0.370962549
0.0,0.065083273,0.0,0.507217348,0.000000000,0.320534469
0.0,0.03785,0.0,0.47849381,0.000000000,0.233120942
0.0,0.050265197,0.0,0.434520662,0.000000000,0.290316096
0.0,0.024401449,0.0,0.44413203,0.000000000,0.258133374
0.0,0.080658779,0.0,0.53066659,0.000000000,0.331581317
0.0,0.09083049,0.0,0.641258776,0.000000000,0.419748613
0.0,0.102932185,0.0,0.652964115,0.000000000,0.391174522
0.0,0.053545624,0.0,0.629621744,0.000000000,0.348372269
0.0,0.036750425,0.0,0.674599767,0.000000000,0.356230541
0.0,0.068198405,0.0,0.630179763,0.000000000,0.375622025
0.0,0.046863131,0.0,0.509154797,0.000000000,0.289313602
0.0422,0.107855961,0.0391,0.496408969,0.039640857,0.309780026
0.2161,0.073769592,0.2392,0.369639933,0.219763247,0.239093442
0.3402,0.096204944,0.3993,0.273897141,0.386197252,0.151928358
0.3622,0.090888523,0.4447,0.223498344,0.401968034,0.192492150
0.3953,0.204916432,0.4565,0.231132418,0.450141825,0.216358959
0.3981,0.614287555,0.4883,0.278741419,0.479097025,0.463403038
0.3761,0.396234602,0.4657,0.353136688,0.430104185,0.386648580
0.2498,0.44301182,0.3093,0.690033734,0.291982062,0.612568510
0.0551,0.563068867,0.0873,0.871266007,0.094406608,0.748344088
0.0,0.578494728,0.0,0.821167469,0.000000000,0.724829583
0.0,0.554012716,0.0,0.816803336,0.000000000,0.713097562
0.0,0.288248062,0.0,0.80369103,0.000000000,0.587309993
0.0,0.377781332,0.0,0.859747529,0.000000000,0.611042589
0.0,0.522050619,0.0,0.876440525,0.000000000,0.733150336
0.0,0.467802584,0.0,0.891503215,0.000000000,0.709792945
0.0,0.643998861,0.0,0.844865441,0.000000000,0.771327005
0.0,0.491686612,0.0,0.855952859,0.000000000,0.677254901
0.0,0.568493903,0.0,0.852300942,0.000000000,0.730320280
0.0,0.501532674,0.0,0.876417518,0.000000000,0.741298977
0.0,0.558961034,0.0,0.839134216,0.000000000,0.715807937
0.0,0.585154474,0.0,0.80466181,0.000000000,0.749091918
0.0,0.75543189,0.0,0.771434188,0.000000000,0.807660697
0.0,0.795613706,0.0,0.733233035,0.000000000,0.790635492
0.0,0.470140994,0.0,0.733050108,0.000000000,0.681337531
0.2042,0.695743799,0.1539,0.684437871,0.192543367,0.761699228
0.4346,0.287195146,0.4034,0.58878541,0.438631665,0.448501561
0.5342,0.180981278,0.4186,0.09973146,0.512869113,0.170152867
0.4958,0.270533502,0.3768,0.230113298,0.452238219,0.244615262
0.4244,0.15253976,0.2969,0.141212463,0.378107800,0.150919523
0.2468,0.258310646,0.241,0.075190701,0.240345533,0.212239681
0.2304,0.239578649,0.1715,0.072806068,0.222559944,0.169435579
0.0783,0.367282093,0.0827,0.1137833,0.082337429,0.278745369
0.0,0.713304579,0.0,0.235361636,0.000000000,0.467165853
0.0,0.965839982,0.0,0.436572254,0.000000000,0.712721503
0.0,0.98267597,0.0,0.562924743,0.000000000,0.792128717
0.0,0.967140913,0.0,0.028453972,0.000000000,0.487456814
0.0,0.94022572,0.0,0.034208149,0.000000000,0.477290187
0.0,1.0,0.0,0.385140538,0.000000000,0.730009827
0.0,1.0,0.0,0.514250517,0.000000000,0.780437615
0.0,0.999328613,0.0,0.665034413,0.000000000,0.842340618
0.0,1.0,0.0,0.665743828,0.000000000,0.865335846
0.0,1.0,0.0,0.68838501,0.000000000,0.865990967
0.0,1.0,0.0,0.852207661,0.000000000,0.936371282
0.0,1.0,0.0,0.919995308,0.000000000,1.000000000
0.0,1.0,0.0,0.955195427,0.000000000,1.000000000
0.0,1.0,0.0,0.992139816,0.000000000,1.000000000
0.0,1.0,0.0,0.98524332,0.000000000,1.000000000
0.0,1.0,0.0,0.998492897,0.000000000,1.000000000
0.0002,1.0,0.0,0.99900502,0.016951639,1.000000000
0.0078,1.0,0.0695,1.0,0.049610691,1.000000000
0.1472,0.996403456,0.2418,0.996959686,0.201405978,1.000000000
0.2069,0.998555899,0.1787,0.995776892,0.174110256,1.000000000
0.1823,0.999556422,0.1451,0.995835662,0.165714462,1.000000000
0.1913,1.0,0.1183,0.995333791,0.172896898,1.000000000
0.1432,1.0,0.1075,0.997137904,0.120768155,1.000000000
0.0465,1.0,0.0789,0.986411989,0.061139897,1.000000000
0.0,1.0,0.0027,0.996843338,0.014148997,1.000000000
0.0,1.0,0.0,0.996181488,0.000000000,1.000000000
0.0,1.0,0.0,0.995234966,0.000000000,0.989953960
0.0,0.973407686,0.0,0.969222188,0.000000000,1.000000000
0.0,1.0,0.0,0.953812897,0.000000000,1.000000000
0.0,0.997388422,0.0,0.946872234,0.000000000,1.000000000
0.0,1.0,0.0,0.975602567,0.000000000,1.000000000
0.0,1.0,0.0,0.992794633,0.000000000,1.000000000
0.0,1.0,0.0,0.999309361,0.000000000,1.000000000
0.0,1.0,0.0,0.999822974,0.000000000,1.000000000
0.0,1.0,0.0,1.0,0.000000000,1.000000000
0.0,1.0,0.0,1.0,0.000000000,1.000000000
0.0,1.0,0.0,1.0,0.000000000,1.000000000
0.0,0.996692479,0.0,1.0,0.000000000,1.000000000
0.0,0.986106217,0.0,0.999444067,0.000000000,1.000000000
0.0,0.830490291,0.0,0.999242902,0.000000000,0.951858870
0.2081,0.984547555,0.1748,0.996062815,0.219360935,1.000000000
0.4198,0.995860219,0.3271,0.988558292,0.398120198,1.000000000
0.5566,0.998548567,0.4408,0.995445371,0.504953829,1.000000000
0.6148,1.0,0.5595,0.981532753,0.624262880,1.000000000
0.6451,1.0,0.6512,0.980942726,0.672684939,1.000000000
0.6373,0.987661898,0.64,0.972637057,0.657110311,1.000000000
0.5305,0.929287195,0.5406,0.969033718,0.567532830,0.984009632
0.3574,0.636888027,0.3785,0.97735548,0.411243638,0.816695847
0.1069,0.740845442,0.1241,0.982593417,0.141226879,0.898771119
0.0,0.817976415,0.0,0.960534692,0.000000000,0.942828076
0.0,0.960086107,0.0,0.946016669,0.000000000,0.973780604
0.0,0.71339941,0.0,0.973111868,0.000000000,0.871726991
0.0,0.355768859,0.0,0.94277513,0.000000000,0.654439802
0.0,0.474314272,0.0,0.835744262,0.000000000,0.698597232
0.0,0.432657957,0.0,0.884602547,0.000000000,0.674449916
0.0,0.329274833,0.0,0.872873545,0.000000000,0.598578268
0.0,0.20771575,0.0,0.868697345,0.000000000,0.566037355
0.0,0.460252374,0.0,0.857408762,0.000000000,0.696404631
0.0,0.473238468,0.0,0.830588877,0.000000000,0.661722543
0.0,0.408804983,0.0,0.732969284,0.000000000,0.588601716
0.0,0.201744765,0.0,0.698637903,0.000000000,0.472625376
0.0,0.037803769,0.0,0.689508498,0.000000000,0.391701965
0.0,0.00342655,0.0,0.678823829,0.000000000,0.373512240
0.0,0.0,0.0,0.617492914,0.000000000,0.332105099
0.0379,0.010366648,0.0372,0.658018827,0.066286288,0.351101485
0.2093,0.112903237,0.2143,0.538890302,0.203543972,0.338893477
0.3024,0.130460471,0.3707,0.232721016,0.332288279,0.187014964
0.3479,0.232340381,0.3723,0.061302353,0.363710574,0.164763271
0.3523,0.177164316,0.3829,0.034706105,0.374571585,0.080100505
0.3162,0.128224477,0.2855,0.038077604,0.305627698,0.075202380
0.2668,0.311851412,0.2404,0.07653401,0.242497327,0.191432960
0.1084,0.422870398,0.1241,0.168098509,0.120804102,0.275653936
0.0,0.781858802,0.0025,0.218223825,0.021235248,0.551590760
0.0,0.893890321,0.0,0.32896167,0.000000000,0.655800141
0.0,0.873706818,0.0,0.237492323,0.000000000,0.575476205
0.0,0.58424437,0.0,0.291197926,0.000000000,0.474461688
0.0,0.594130218,0.0,0.379755437,0.000000000,0.487423390
0.0,0.521914363,0.0,0.446409285,0.000000000,0.511590056
0.0,0.791925788,0.0,0.663506389,0.000000000,0.749671467
0.0,0.934484065,0.0,0.718593001,0.000000000,0.848209716
0.0,0.993899047,0.0,0.762875617,0.000000000,0.911652980
0.0,0.998444855,0.0,0.879915595,0.000000000,0.996993926
0.0,0.999046147,0.0,0.905784726,0.000000000,0.992779391
0.0,1.0,0.0,0.916011691,0.000000000,1.000000000
0.0,1.0,0.0,0.947410762,0.000000000,1.000000000
0.0,1.0,0.0,0.987992644,0.000000000,1.000000000
0.0,1.0,0.0,0.996401191,0.000000000,1.000000000
0.0,0.827690244,0.0,0.710954785,0.000000000,0.815734907
0.1722,1.0,0.1464,1.0,0.195481452,1.000000000
0.3829,0.998596668,0.3312,1.0,0.357122101,1.000000000
0.5272,1.0,0.4611,0.994700253,0.539328166,1.000000000
0.5885,1.0,0.5119,0.990396976,0.586680792,1.000000000
0.569,1.0,0.511,0.990471005,0.561006480,1.000000000
0.5622,1.0,0.5802,0.990343332,0.620653969,1.000000000
0.4957,1.0,0.5587,1.0,0.559929812,1.000000000
0.3612,1.0,0.3929,1.0,0.419357793,1.000000000
0.1212,1.0,0.1511,1.0,0.124354114,1.000000000
0.0,1.0,0.0,1.0,0.000000000,0.995959416
0.0,1.0,0.0,0.990399361,0.000000000,1.000000000
0.0,1.0,0.0,0.990399361,0.000000000,1.000000000
0.0,1.0,0.0,0.974262834,0.000000000,1.000000000
0.0,1.0,0.0,0.974262834,0.000000000,0.990763293
0.0,1.0,0.0,0.974262834,0.000000000,1.000000000
0.0,1.0,0.0,0.974262834,0.000000000,1.000000000
0.0,0.99656862,0.0,0.974262834,0.000000000,0.998850034
0.0,1.0,0.0,0.957473397,0.000000000,1.000000000
0.0,1.0,0.0,0.999168217,0.000000000,1.000000000
0.0,0.999269187,0.0,0.993605018,0.000000000,1.000000000
0.0,0.975154102,0.0,0.963378251,0.000000000,1.000000000
0.0,0.970688224,0.0,0.948146999,0.000000000,0.987428403
0.0,0.969700456,0.0,0.937919974,0.000000000,1.000000000
0.0,0.031813394,0.0,0.579427719,0.000000000,0.315077323
0.118,0.725517869,0.0819,0.897894621,0.103049582,0.836642205
0.2745,0.668382466,0.268,0.879468083,0.270692849,0.791401997
0.3837,0.53322202,0.3915,0.859784842,0.409598447,0.733415649
0.4294,0.941174865,0.4355,0.856304765,0.462854021,0.919101940
0.4076,0.904115558,0.47,0.8440364,0.459305720,0.933112734
0.4265,0.719636738,0.4632,0.849222064,0.457411087,0.811389243
0.3834,0.29992196,0.3739,0.82728827,0.401506951,0.569442282
0.2594,0.255118966,0.2229,0.724734783,0.262276009,0.503919860
0.078,0.505675673,0.0795,0.785910606,0.083461387,0.656081784
0.0,0.899923265,0.0,0.833322525,0.000000000,0.873286665
0.0,0.988318086,0.0,0.7449314,0.000000000,0.901316382
0.0,0.305529714,0.0,0.566415668,0.000000000,0.482606334
0.0,0.445487559,0.0,0.595831871,0.000000000,0.539620203
0.0,0.304045409,0.0,0.735717297,0.000000000,0.544297818
0.0,0.617810786,0.0,0.773955822,0.000000000,0.756964610
0.0,0.652051687,0.0,0.908408403,0.000000000,0.793052073
