Time_Index,Demand_MW_Region1Beijing,Demand_MW_Region2Tianjin,Demand_MW_Region3Hebei,Demand_MW_Region4Shanxi,Demand_MW_Region5Innermongolia,Demand_MW_Region6Liaoning,Demand_MW_Region7Jilin,Demand_MW_Region8Heilongjiang,Demand_MW_Region9Shanghai,Demand_MW_Region10Jiangsu,Demand_MW_Region11Zhejiang,Demand_MW_Region12Anhui,Demand_MW_Region13Fujian,Demand_MW_Region14Jiangxi,Demand_MW_Region15Shandong,Demand_MW_Region16Henan,Demand_MW_Region17Hubei,Demand_MW_Region18Hunan,Demand_MW_Region19Guangdong,Demand_MW_Region20Guangxi,Demand_MW_Region21Hainan,Demand_MW_Region22Chongqing,Demand_MW_Region23Sichuan,Demand_MW_Region24Guizhou,Demand_MW_Region25Yunnan,Demand_MW_Region26Tibet,Demand_MW_Region27Shaanxi,Demand_MW_Region28Gansu,Demand_MW_Region29Qinghai,Demand_MW_Region30Ningxia,Demand_MW_Region31Xinjiang
1,21122.311429034722,14636.221485241724,65644.24865642417,46273.748353755516,63260.49437353244,42329.067085644274,13389.027975751644,16211.95011024814,27822.680354708216,128036.89762828335,87406.112764714,44747.02767366456,39640.98079097,31422.132786147897,129314.39098210091,57737.12768967899,40508.40511949297,39388.13665486515,124435.47696000991,46757.11060986367,7043.8572596647045,26890.572126106763,74028.93786993755,36050.000673884446,38053.462146138234,2619.778686244326,64541.60077241432,44207.36064857536,26514.572056856927,38935.78735426795,100127.14174732256
2,18589.64954464934,14644.499953668255,57085.57121186407,44322.90679101468,62200.64756913221,41612.582043672526,13086.227782499316,16336.647774259158,25841.25176822698,126904.42829003611,82409.87063143955,41671.91387812686,37080.976949118725,30872.73304488567,128184.05212133755,58289.69047800286,38691.91716549699,38627.52739816665,118879.50049562524,45592.73446960207,6664.961991902157,26107.108463512883,72356.5957617253,35009.79241643299,37121.44946214935,2561.6017765478387,63653.61472783043,43846.99543495195,26419.758138523728,38856.885188021624,99901.42908327135
3,18458.139762308594,14254.491247759068,57470.19632449447,46009.666653084205,61812.67071200212,41619.11797311477,13005.148068387069,16083.885258577768,22701.82056159348,122871.2883517441,79182.3719025523,40621.09498583199,35483.914810889604,30401.78842538652,126971.09077056168,56636.49144636715,36889.37756508398,38307.65832653605,113395.8473843202,44753.28778266867,6402.242108176307,25993.29572604303,70918.31001395003,34275.1586040917,35717.407076645126,2519.6104679312402,63007.87036047095,43772.563079117164,26250.765030774342,38782.64444760792,99390.37507254648
4,19181.51562731179,14223.6171638862,63589.10640065685,45986.102276544356,62091.096953176806,41927.48125065639,12968.918512090297,16051.15740481559,21784.02135252005,120052.06316441795,77389.95926276426,39999.63383540037,34831.675100806475,29760.759680018393,125158.94273686713,55541.88281384439,34390.12542956582,38083.28180480987,110681.60886398655,44388.598103868164,6375.8194658328175,25918.685937188322,70224.38300976079,33769.06736393954,34777.207038567656,2492.40773478258,62587.343745591235,43695.15573291844,26374.358323810604,38667.075119521425,98366.62281769654
5,19806.388141297477,14126.234195608513,64952.35170450031,46000.40230863257,63652.463340114125,42878.34062061921,13266.163155851395,16494.50730799936,21713.770979562767,118805.35122724628,77282.34296709155,40291.614906531846,34751.12581231011,29682.61944880368,129072.94199724877,55541.88281384439,37248.74831816757,38219.30808855748,107986.02174526562,44224.257449996454,6502.395172985281,27260.3387121542,71090.25703568722,33920.846913253525,35247.73358603365,2495.4225423465427,62634.035941581074,44091.75757926895,26369.958020210044,38722.919053310274,96898.79291398695
6,20924.889143574743,15240.169229814832,68750.45250676459,47053.204631848545,68208.10281998673,45846.445841757435,13779.866718710471,17682.893768927526,21875.432469034546,119299.02218969946,79759.40849124358,42427.68884262308,36307.40398779377,31166.763946793704,133507.55072804217,56088.43050627926,40508.40511949297,38774.35427103138,110681.60886398655,45282.06583531781,6836.908699315824,30030.57330572645,75269.08628424117,33718.483333803655,36186.241755740026,2591.476259554699,64110.559421572485,44847.113873378396,26596.577239557933,38991.72839813358,98366.62281769654
7,23064.234610686344,16813.43736435787,74092.01362641699,49014.50557915578,73651.05203847232,46013.142359291436,15036.434945780491,19915.567405931808,23749.021565378167,127458.51485146944,88813.40335599333,47540.08191799965,40687.12065291578,35584.82824310907,141776.19422258067,59956.283848876956,43442.75385379462,39195.483962682156,118879.50049562524,48233.15506856093,7271.590637144601,32516.284598813487,78033.750263245,34477.72201935168,37121.44946214935,2824.144937021967,67602.78997855872,46096.53013610141,27354.158114547037,39500.57074432034,98878.77432038743
8,26028.453470624187,19157.781486230702,78397.7293599452,49473.376260218334,72963.5302889342,46663.091557633205,15889.661771840372,20802.47346861919,28191.45711166707,139756.70204832018,106282.69272110141,53072.504907267954,45756.90761482506,40705.243249061816,143111.90154134933,65606.28180943153,48656.5158403153,42041.95346023346,159215.03270873378,51104.03091416125,8064.5441623404795,37465.68245005077,73373.23575056395,37651.8960282124,39445.706027207576,2959.4639713679776,69583.11472369867,46461.546845261975,27256.94506635264,38312.75565799327,100921.91264910967
9,28748.186958905062,22426.344711902286,84438.74962267876,49638.51612229348,74132.53267648116,48317.21259498658,15949.014745640554,20712.01028943774,34047.811793950306,147185.3762354195,120282.05480034901,55354.1062285403,49771.413774835266,46805.47045715098,145123.9530410822,69064.50545514167,53964.13438950795,45168.22134437729,202679.7237333174,53195.17378379882,8876.667890644208,39566.06538907932,78965.49755005536,39257.922667799234,45405.36690351305,3310.1259453616117,74559.81579054573,47864.843136146344,27425.977038758727,39160.58895879648,101940.25603434192
10,30701.585859516465,23731.14002677121,86843.46104829192,52058.54924072689,76754.80060395575,49870.77766547109,16287.255555795105,20988.987633156077,40820.76098972378,155194.52949503774,128696.60152777749,56049.737670357805,52354.599084072695,49066.79236130698,144808.95771049135,75533.11868814303,55881.22828332639,46100.38836908943,218898.71745115324,53821.33815003511,9447.247217114043,41891.907115823866,81788.82312391381,44485.021963573556,46765.15172968499,3399.051856391931,75789.21594984476,48234.75301925238,27273.35375382574,39297.70986488917,102901.66624217854
11,32058.80956578138,24260.031833237426,90693.00586248189,52581.52348186947,78032.35354574831,47611.55569645906,16409.75697100943,21029.99299768519,43817.015530366356,164926.1677609836,132138.36300076108,57639.002529445344,55279.10996281394,51039.79938475172,147031.22689318997,77925.57387444285,57422.76383132539,50201.98440694333,228797.14495766239,54761.24593031358,9655.973616923018,40476.814868717905,88650.79710382251,46055.478446102075,47217.212716962465,3412.6377249649145,75975.94972235386,48116.026473018705,27433.06832267336,39498.188105644615,104476.94751497752
12,30088.19425008654,21380.699709200977,86361.71734895658,52607.81211759614,78060.54656070567,45369.87290507873,16473.99876141094,20889.687486937546,41737.37192785809,161537.77003777213,115003.16443747276,57197.164604841164,53262.99369715956,50179.73684864022,145567.54750272795,81700.39981815027,55113.06848923068,45622.03925052746,186819.05235599677,53759.692697443745,9371.054282763364,40331.89093649393,92650.50097901766,46958.03095863646,45405.36690351305,3323.6479229287343,74747.5654042174,48412.18756268053,27587.81708332633,39383.59360965671,104087.6442389051
13,28814.390470076756,21154.643328212805,81504.18286884617,49033.202721516245,72709.5815875958,46308.9013009093,15635.388405984851,20262.60682455519,38391.20678030622,143739.73212872943,113846.29374529702,53831.70417018031,48588.090863270256,45549.764498664554,143553.4676415167,79733.71010022829,52058.19936906485,44694.163869642034,177479.9844643139,51729.26429177953,8750.76377829079,40645.111679529895,84639.69015206156,46390.58855077638,44950.87937042171,3167.78101550707,72565.21937143766,47173.506964799526,27596.481855682057,39625.93629790212,102480.64490370933
14,28979.903442102277,22570.024149512145,85418.21292677619,50629.287083274794,71675.37310590417,47569.97748933867,15883.917423243476,20663.384453287123,39263.225307474546,154631.78420854398,120399.5633302135,54022.30732233512,47697.24670109903,46133.70287843858,146068.7565354892,73161.94665060095,52438.48080377562,44849.87942429759,209125.008602563,52012.20027633933,8687.637729398917,41515.793416812085,85965.56249736746,44819.432465725266,45859.23632361966,3163.228621822813,72500.86906220668,46634.60138183209,27493.581452374936,39826.339554882914,101685.86916454829
15,29093.187619908374,21974.43892324443,86760.07316289486,50880.97534238699,73725.99102819373,50011.2676585427,16116.564517758043,20859.02394731249,38730.742444667456,156716.013925723,119695.39152083735,54461.712933885035,49125.17235768968,46766.80582278929,147851.97870329485,75533.11868814303,53964.13438950795,43393.076299938526,222184.4557476946,52977.062361113625,8895.99706097218,41567.02801037037,89628.94540586443,44022.24299768936,46312.49540267836,3186.11653929499,72824.04307428941,46507.035765135995,27145.32816183486,39836.62743128596,100921.91264910967
16,29858.46882164936,22370.12098037693,88392.14762264524,50981.85863801948,76613.68420094726,52129.49414502527,16252.288279581531,21419.408930156827,38756.03649051019,157344.00734871833,119764.04540444081,55697.160574985915,50566.40543073684,47315.17879457027,154591.03546244453,76129.24852424893,55881.22828332639,45271.21605223729,225483.9609650869,53237.577446161195,9275.5892974113,42512.46338561607,90489.91105100857,44562.18017342064,46765.15172968499,3209.186256859869,73148.88532196276,46522.17956653694,26340.24663890798,39659.17930297003,103565.22897406817
17,31818.333842355318,23681.506410288363,96158.2877307438,53025.53509417623,82332.18397056112,56521.11599362101,16911.777026459735,23710.99002847309,40547.302595565205,159780.75194638217,117901.03511656013,58319.35587594619,53822.2156168821,51096.64314624931,157647.43905697198,74938.31899733662,59747.872940588386,49471.46271328082,235464.20403893196,55809.1438934858,10182.174954114977,44588.42840904627,93461.35640071542,43379.98255620435,47668.68560614832,3382.1974844157057,75557.15968702662,48165.35549984119,27152.067630823436,40791.05493871252,105891.90292646986
18,33287.87580346198,23134.83180104662,101829.2059494181,55905.736139076376,85346.70691522685,52073.91508444584,18309.223527833154,23015.984547695894,41912.040562651426,160052.80884691325,113140.14209003924,61593.97667181121,60887.76569197086,51921.18006739812,165858.19118768635,81700.39981815027,66817.72744280871,54243.33901268303,218898.71745115324,57358.6475530271,11004.512193155573,42976.43289552758,102442.81755061852,46313.24242285002,49468.83535429309,3616.7354051584684,78747.81401584843,50350.8511801022,27864.18978513154,41554.48272347804,107252.61195538552
19,32654.437992268715,21748.75975874622,91756.1006480743,54449.903647773484,85320.62301179962,50878.466421643694,17472.195172524735,22845.739109570757,40855.49179612637,161221.83432106412,109458.33045927789,64112.119013418196,62452.35798766689,51026.370632063736,156661.76125863413,92113.2761770435,64512.67604399802,51405.3356089275,249097.5368728095,58209.65697144407,11484.070918192016,39131.514865554396,113202.59967192818,47758.31190989604,51491.31811072349,3697.337001049545,79825.87732433606,50898.79058026673,28450.615515640977,40833.20577187592,108863.18384688594
20,31888.719100362443,20919.059408662717,89697.06585396429,53154.582936190745,81358.02284710633,48139.17282094407,17056.558309089436,22153.229845292422,40062.16261088759,158098.90165054685,105354.48723702601,59027.58236358505,56734.60340153798,48900.842356686415,145403.22221426238,87299.32218588641,62629.911784807045,48074.67750555512,232123.92105836605,57013.60001966215,11086.780274463095,38125.5871460177,97795.83299585419,48845.15540692073,49917.470790510815,3570.410952699409,78124.0498218242,50048.803761310584,27833.30829882766,40634.39248516003,112428.06105972425
21,30610.642857457417,20683.47927300519,86647.14694097331,52681.36738402987,81973.38708886421,46145.57729528833,16569.71909711871,21227.14769205085,38883.01683850147,153471.7967753515,101193.68341980762,55154.50057393341,54140.60921230697,45837.73708990518,142407.38657934207,83384.95092608151,58971.14942081862,44692.484370241385,222184.4557476946,56202.176957983575,10451.935850158115,35088.99406347685,93057.53507481712,46880.62792558542,49468.83535429309,3448.398568638788,76466.1156883983,49307.27124810527,27855.269906902187,40469.08079347675,109512.53903040444
22,28599.179231330883,18710.676678727326,80159.03770612561,51092.3707650577,77675.85335288024,46807.96068668277,15937.09983075809,20147.01167552226,37770.11690070911,152134.86144241513,99970.33210677281,50973.81039131034,52759.5858799735,42079.985917015554,131207.84671476582,78526.97946245257,53964.13438950795,44042.004374932505,186819.05235599677,54509.50598573757,9783.48434171015,32201.90987422514,82554.77974717286,46313.24242285002,49019.64565968514,3221.036245811083,73315.3958994798,48240.203215428686,27471.945775959088,40151.94725161532,104242.05001910748
23,25567.20632193034,16821.846320887173,73768.3162461052,48503.570929696165,71293.94188960138,44901.875910971066,15014.21797643591,18291.92157124267,34638.70631099548,149934.13742659971,98866.96746625741,48176.10809466307,49429.08047542807,36638.61919678636,128616.89993259241,70228.36337198694,52058.19936906485,43438.69576402681,159215.03270873378,51529.288202944954,8924.97067066285,30786.876650727023,75327.8399309576,44845.16261297225,44040.0179231258,2950.796609625056,69457.32664676794,46442.30325864762,26983.61666473781,40168.63031011915,101685.86916454829
24,22570.42391715787,15870.682716074429,68638.56389633469,46790.91835247577,65927.51592674757,43157.91564837824,14162.230999398684,17026.649398436886,31378.396515347264,135789.4735535373,92965.7073582291,46818.8863964903,44274.03747208916,33620.45432963558,127681.72587218908,64464.79562522345,41971.35329523533,40735.15763346804,135758.76959158058,48230.08993788133,7815.859979545125,28169.811500226275,76268.37665565648,41635.96163442286,39908.293729157616,2727.2833983539194,66162.8763624074,45130.00307044448,26652.38784234188,38930.90802224032,99972.93324061041
25,19373.499334711687,14179.318870600815,60267.106911416675,44240.60766123727,61111.04831676174,38096.148688436515,12892.066847888827,15731.498537165911,25238.052481513023,119249.24903440854,81222.90773986162,44510.57940567281,34935.77162813098,30514.854254951635,124926.30726961083,54760.08045704337,38650.16118702042,35857.64236950337,113688.8183428834,44087.88842306131,6650.927319420177,25745.68373683945,66377.70974394698,34892.81904852815,37188.204702780116,2466.2151100544684,62180.76759442524,42551.90449765008,24767.86043986154,36836.44821474265,95330.10192928687
26,17050.52803031442,14187.338907992187,52506.386231118675,42375.480688452364,60085.18670284156,37451.31234851035,12600.505702447008,15852.50070566737,23440.691550918098,118194.50527974078,76580.1052973214,41451.71485323869,32679.62892425453,29981.317809592452,123834.32470861297,55284.151950672465,36917.00106854316,35165.20913894436,108612.6743491592,42989.98299895027,6293.168098206071,24995.57668884307,64878.211814549206,33886.00080105079,36277.38406983322,2411.448356472151,61325.262723077816,42205.03406862178,24679.292617910753,36761.80029419291,95115.20304277883
27,16929.906540131095,13809.505202143113,52825.867041449696,43988.12898108811,59711.4852673195,37457.19468320353,12522.435427574484,15607.228969777998,20592.902317638564,114438.17473908451,73580.92339579243,40406.44860477231,31272.131001049343,29523.97118312461,122662.52332392288,53716.195323691485,35197.149450182966,34874.01103338032,103602.60762496523,42198.457787321386,6045.103609160716,24886.60962297399,63588.57945399289,33174.948257311866,34905.26671969587,2371.9184525359965,60703.13869839214,42133.389020137816,24521.432340209125,36691.562464794704,94628.63336662926
28,17593.390831917557,13779.594922327207,58357.38431382845,43965.59995816756,59979.48615528046,37734.721547840345,12487.550605278706,15575.471027020785,19760.363384984412,111812.44346415493,71915.30800725361,39788.27132413681,30697.309260931004,28901.45141747819,120911.8677290117,52678.02700489179,32812.54562290716,34669.74615173155,101122.7797043744,41854.58714051952,6020.154910268149,24815.176407699968,62966.37296835495,32685.10221751782,33986.444896248875,2346.310262089124,60297.994304789114,42058.88038730968,24636.883625889353,36582.22440183127,93653.92855530577
29,18166.527312489485,13685.25198271214,59602.379961425584,43979.27168634318,61501.63453188435,38590.494718238915,12773.762406798956,16005.681970550588,19696.63902137392,110651.2980051204,71815.30460728252,40078.709534833884,30626.32081686207,28825.56739702696,124693.05148235853,52678.02700489179,35540.03477217007,34793.57993138493,98659.99238877498,41699.62819808777,6139.66980070977,26099.707204104623,63742.75496736119,32832.009741803035,34446.272638020666,2349.148350667823,60342.9785715655,42440.63047693062,24632.773202940127,36635.0573433204,92256.4216266789
30,19192.422536896895,14764.413026228152,63117.71909137442,44985.81678336375,65914.99564194573,41261.78859765814,13268.398812397034,17158.849834042918,19843.282734471028,111111.08649291667,74117.13977841503,42203.49621881592,31997.875653389383,30266.858901893225,128977.1786295087,53196.39355357435,38650.16118702042,35298.875413730326,101122.7797043744,42697.04949843622,6455.523042615655,28751.9967644937,67489.68316748427,32636.141901920513,35363.44106270273,2439.57168680667,61765.49307784187,43167.70054890695,24844.463332645515,36889.373030329036,93653.92855530577
31,21154.641876530004,16288.568052929202,68169.34492211892,46860.94358424653,71196.4448419235,41411.81541740755,14478.326942479262,19325.35675120271,21542.82207933177,118710.5628192073,82530.64503926935,47288.874840924625,35857.739313560916,34557.356590532014,136965.2385047979,56864.81227670658,41449.90240677812,35682.25780134392,108612.6743491592,45479.669962889675,6865.956966670146,31131.876839666147,69968.60652391925,33371.00951840468,36277.38406983322,2658.602023613011,65129.98317494721,44370.32926750055,25552.13673364938,37370.77962329785,94141.54314314615
32,23873.439594473217,18559.72819354145,72291.15425123723,47299.652755004354,70542.82949551113,41996.76951643977,15299.88451169918,20185.978782043407,25572.571191695984,130164.67967829203,98764.13756630385,52792.063892172446,40325.764977166225,39529.92540675176,138255.62066303627,62223.48450863687,46424.49324972428,38273.58843861806,145464.69683156858,48186.65617966815,7614.676889482273,35870.54997641348,65789.77742706388,36443.29460160449,38548.79182220083,2785.9890616610724,67037.87066557887,44721.67700508022,25461.327830324473,36247.00913117806,96086.79576629853
33,26367.993995057142,21726.25585727279,77998.53327003997,47457.536827663534,71657.90292856071,43485.477993292945,15357.034478615276,20098.19653738546,30884.891390091525,137083.4963205442,111773.16929890683,55061.60897845652,43863.76700454764,45454.015456393245,140199.39630926502,65503.394900012165,51488.635168923196,41119.638169864964,185175.63363949742,50158.42202043019,8381.497637292514,37881.507371476975,70804.05348207054,37997.76882836406,44372.94227074784,3116.0962815287176,71832.53160861529,46072.423325954354,25619.224412379466,37049.128970070924,97056.35084416335
34,28159.66212894333,22990.31904797047,80222.62958771721,49771.240375111825,74177.65801708898,44883.6861277314,15682.7207900558,20366.96547930187,37028.65773748538,144542.95159712978,119592.4616904408,55753.56462641395,46140.33963811932,47650.04424917044,139895.08985768585,71638.47288637293,53317.78612631497,41968.251855088485,199993.9015124449,50748.84055470338,8920.248138675506,40108.32445955872,73335.57549017356,43057.08162910611,45701.80838740282,3199.8096221287738,73016.96218782396,46428.48100023606,25476.655555790443,37178.856593413526,97971.70038385365
35,29404.51512046934,23502.700305625967,83757.86528775157,50271.23657257669,75439.80661618718,42850.38697947657,15800.67531496711,20406.75562346831,39746.57090690842,153606.67132624792,122790.74915272924,57334.43163333457,48717.724005131815,49566.082927199146,142041.94977517182,73907.56807233019,54788.60674317042,45702.20771997881,209037.46813958432,51635.09183936125,9117.331081102964,38753.48093739088,79488.33318486236,44577.12747776409,46143.59043783634,3212.5991277972616,73196.86552414439,46314.20046906319,25625.848540800645,37368.525451694884,99471.51074179033
36,27597.055996696196,20713.253018138235,79857.91698519551,50296.37015825989,75463.28905703817,40832.87308624697,15862.532640068273,20270.608156811133,37860.11878533684,150450.83194394788,106867.7134749312,56894.92842943566,46940.91182674329,48730.85372368826,140627.93807942516,77487.75608410238,52584.86416180887,41532.778814780424,170684.742206728,50690.71425476335,8848.305501291075,38614.727261662425,83074.64943535192,45450.70864039832,44372.94227074784,3128.825641290654,72013.41362818015,46599.271059533174,25770.40285225154,37260.109659849084,99100.85878527048
37,26428.71621686271,20494.253496164794,75261.71684109914,46878.81922581401,70300.69612374352,41677.9983831935,15055.049021312292,19662.111433352977,34824.80045766058,133874.33958702566,105792.68109418133,53547.25146179236,42820.89929098727,44234.566586672336,138682.20290102542,75622.47300721843,49670.13119339476,40688.07209857308,162152.22705133876,48776.19687265089,8262.616877843593,38914.61237203514,75891.79241774112,44901.48076556318,43928.788849160235,2982.0951849131193,69910.89448005123,45406.975981726435,25778.496811753866,37489.3857190321,97570.84996097871
38,26580.525618224678,21865.45001766952,78905.46120056587,48404.776049172695,69274.79885544075,42812.96660454948,15294.35337633649,20051.01175917741,35615.81157064281,144018.82961311511,111882.3651454894,53736.847445705105,42035.794392347714,44801.64440643549,141112.1393594026,69389.56344544645,50032.967960348324,40829.830332000965,191064.2824281647,49042.980896630135,8203.01221130014,39748.22411292278,77080.62981331286,43380.75777116954,44816.49163396838,2977.8096389049842,69848.89800684586,44888.2510779265,25682.37522160144,37678.983636512734,96814.15151834922
39,26684.430484447937,21288.45732550616,80142.52308696392,48645.40582135365,71256.62751865445,45010.12708270132,15518.365298626959,20240.853350913287,35132.79446856272,145960.01089126783,111228.00722821272,54173.931189162344,43294.23158651431,45416.46721960108,142834.850642914,71638.47288637293,51488.635168923196,39503.60548684592,202995.87260174932,49952.76191992967,8399.748561786988,39797.27735120835,80365.38540184191,42609.15756768551,45259.44453404081,2999.3559352406064,70160.25080716966,44765.462477584864,25357.063959578318,37688.7168113658,96086.79576629853
40,27386.350579822334,21671.78727614364,81696.6276120528,48741.85658362018,74100.28620749769,46916.53033561382,15649.051395739021,20784.630964211814,35155.738787668946,146544.90278944676,111291.8044602086,55402.850587603985,44564.39666563753,45949.00654228604,149345.22794127214,72203.86501955029,53317.78612631497,41213.40110749148,206010.4216551681,50198.40498581403,8758.16587243149,40702.46003198385,81137.36632359034,43131.763110492415,45701.80838740282,3021.0733750922727,70473.21082157422,44780.03918113582,24605.019130802455,37520.83632830176,98603.47216684488
41,29183.949474353307,22942.234856601743,88885.32001463149,50695.739541018454,79671.88104134715,50868.98878665849,16284.06187040396,23008.299582163618,36780.602653816306,148814.40454044726,109560.58557923317,58011.18991712927,47433.75657697519,49621.28538940012,152297.91721034775,71074.34231341741,57007.0560152495,45037.1652006019,215128.73798713207,52623.168473620695,9614.17914602414,42690.03912443776,83801.69925363139,41987.51326954826,46584.797762318995,3183.943202932181,72793.39418866622,46361.68224602333,25363.359449733307,38591.68351220974,100818.67636790361
42,30531.821382287395,22412.62592640649,94142.58378870544,53449.392507248725,82628.20079683792,46866.50919643978,17629.63928981653,22333.891036009925,38018.56132629939,149067.7891638169,105136.48338750897,61268.50725272515,53660.65709570937,50422.014739884384,160230.05017564315,77487.75608410238,63752.59475649479,49381.321799701625,199993.9015124449,54084.21565044455,10390.643660748281,41146.67565557484,91854.8854594395,44826.617398145994,48344.01580856604,3404.7332135745614,75867.33925541783,48465.33652671584,26028.568833321133,39313.948810284615,102114.19452770465
43,29950.828764364684,21069.823244360454,84697.34208882561,52057.525274539774,82576.78425249943,45790.605730026065,16823.67895201173,22168.690930987916,37060.162175718455,150156.58007078897,101715.12718092563,63773.34345030013,55039.53920313746,49553.04191455084,151345.6868625201,87363.72272842452,61553.28308659322,46797.698411091005,227584.65118668444,54886.643512148796,10843.450994575915,37465.458196551124,101502.59505931528,46225.301092500915,50320.51146788704,3480.61018544429,76905.96865467189,48992.756953636344,26576.36234929627,38631.56165744678,103647.60474896753
44,29248.50721718159,20266.023859201792,82832.14920342284,50819.117377290735,78722.22429057176,43325.242245818175,16423.4692999325,21496.704624350932,36340.53044516939,147247.98588706093,97901.59436409516,58715.674057285956,50000.45680757269,47488.88586316687,140469.18891529026,82797.98628775653,59756.886958919604,43765.578659595674,212076.9328727959,53758.865838336234,10468.322553053162,36502.35868316556,87688.1879376855,47277.257618627256,48782.4501979237,3361.1241617033456,75266.39140289849,48174.60003556101,25999.72173968108,38443.46798224052,107041.69052965296
45,28076.248711060194,20037.79788800866,79982.3104295165,50366.69360944941,79304.89836939977,41531.00682323452,15954.700119954161,20598.067511607434,35270.92311376075,142938.45643272807,94035.13040774333,54863.058062315285,47714.35826027547,44514.22429517144,137575.01232585643,79085.44820865897,56265.963169251394,40686.54313848555,202995.87260174932,52993.764467858564,9868.89187614695,33595.05106717511,83439.61470223631,45375.79019447404,48344.01580856604,3246.263777975492,73669.10196781086,47460.83607813661,26020.236573662125,38287.069563619254,104265.84965991626
46,26231.323293996593,18126.580769490683,73948.78828637545,48847.513113035704,75113.29140279294,42127.151692580635,15345.561810141515,19549.942020941235,34261.40761494493,141693.27994521987,92898.32031873336,50704.4591113133,46497.25629183696,40864.973935639806,126755.51151257135,74477.96392859328,51488.635168923196,40094.36790448853,170684.742206728,51397.72296768951,9237.728830765223,30830.88687946187,74022.36700546544,44826.617398145994,47905.03976351375,3032.2287532007026,70633.63069648726,46433.72710006617,25662.164847742097,37987.03522283029,99247.86706402774
47,23450.38119206398,16296.714504943364,67953.37947552153,46372.45799206,68887.13176717641,40411.67592078158,14456.934601342426,17749.828705558055,31420.893911850748,139643.59980551602,91873.00891241053,47921.54018457434,43562.06715428766,35580.720522748124,124252.48449933014,66607.24186499382,49670.13119339476,39545.13592131913,145464.69683156858,48587.636814580095,8427.105926527665,29476.099867922858,67542.3643570347,43405.661997388655,43038.63851729751,2777.8297546910085,66916.68372437858,44703.15404311659,25206.00559880101,38002.818764461226,96814.15151834922
48,20701.716013056706,15375.24361408882,63160.13695972508,44735.05463866025,63676.92898938998,38842.11216602086,13636.57086161561,16522.053687731637,28463.455279787526,126469.73683357997,86389.21046694515,46571.49019671394,39018.90496444429,32649.70175119218,123349.04412325735,61140.85574290057,40045.999473763775,37083.92522056063,124034.19403865602,45476.779811260494,7379.865142979051,26970.458434653297,68385.69232460961,40299.47428749482,39000.861231471456,2567.4182180875446,63742.73939960804,43439.99624628332,24896.59727687259,36831.83196645872,95183.28147274836
49,18605.391758183316,14260.60688309931,65507.006954240656,46513.74812446715,62770.39809121673,39242.18184693103,12677.538183193636,14849.756751151644,25246.56294804207,121842.8813847479,82628.83136915935,40449.11365057969,39103.07867559004,28258.59055973373,127539.58403438292,53163.40864898907,34977.99101903869,34391.03368954711,117546.0815248357,44230.30738726945,7022.06533230497,25192.835721362353,69130.72005332957,35037.34150627031,38406.6575429894,2523.880934401825,63073.72913708087,43177.88831169828,25399.280474931613,37626.015789575344,97137.85435738014
50,16374.520070284801,14268.672898221039,57047.44849814976,44552.788480861695,61718.743244362675,38577.94712021777,12390.828720879632,14963.976815080287,23448.595933437624,120765.19729673983,77905.66458308896,37669.361924692945,36577.812407190184,27764.503718219352,126424.75878543123,53672.199482467564,33409.499266434774,33726.92157881418,112297.71282494701,43128.85535299198,6644.342271452309,24458.836040997725,67569.0305648308,34026.35312145257,37465.99432968659,2467.833607207224,62205.93858674905,42825.91504939597,25308.454747120202,37549.76783480809,96918.88032591772
51,16258.680900471229,13888.673125631829,57403.06999283003,46248.29675849181,61333.78237955462,38584.00641113461,12314.057563675235,14732.452424235713,20599.84640359918,116927.16778952653,74854.56850092726,36719.47329498119,35002.421354928294,27340.973231943688,125228.4450190141,52149.96068719279,31853.05156703205,33447.63372838645,107117.66328101726,42334.7732441104,6382.435177141558,24352.20887127332,66225.91080319331,33312.35547141364,36048.92024405374,2427.3794025125694,61574.8804036363,42753.21602597865,25146.57005470078,37478.02449889915,96423.08378967157
52,16895.859809702684,13858.591374448239,63436.94113854777,46224.610164816586,61610.04254308208,38869.88201967853,12279.753237465431,14702.474496592804,19767.026732376726,114244.32771405437,73160.12223083999,36157.702960500996,34359.03211001501,26764.48248334742,123441.16825367617,51142.06285143124,29695.010081750257,33251.72345759997,104553.69912719699,41989.79177746458,6356.094279825168,24282.30957180855,65577.89835232795,32820.48053984423,35099.99368526461,2401.1724332300055,61163.91783864838,42677.611291842986,25264.964600459123,37366.342838944336,95429.8955722289
53,17446.272957462792,13763.707580217762,64791.81795238129,46238.9843643225,63159.44208487943,39751.39911599062,12561.202370879419,15108.572354848831,19703.280880417875,113057.92771924377,73058.3878273018,36421.639497607954,34279.57582254461,26694.20931585849,127301.4488751041,51142.06285143124,32163.35919175298,33370.49232823785,102007.35373635413,41834.33226462982,6482.278393492118,25539.2570921631,66386.4807338953,32967.99653994338,35574.887451934555,2404.076882896507,61209.54811257148,43064.97733167663,25260.749388345368,37420.308223421416,94005.88760675865
54,18431.494172442315,14849.055300061022,68605.75080526268,47297.24706896778,67679.90488688182,42503.05259781835,13047.607847422083,16197.105797842209,19849.97404290942,113527.71645698648,75400.06649268848,38352.5453454135,35814.736323692036,28028.931945465312,131675.19373509366,51645.315082391615,34977.99101903869,33855.12078700389,104553.69912719699,42834.97557704453,6815.757018887294,28134.592910910662,70288.81248745896,32771.317435669385,36522.10643917901,2496.614526176458,62652.49097309816,43802.743378418556,25477.836245371916,37680.07501741688,95429.8955722289
55,20315.916748798776,16381.948090119458,74059.89258060967,49268.72034495807,73080.90544404075,42657.59262207837,14237.402334917271,18242.181201402975,21550.086485584263,121292.47891971072,83959.20487824388,42973.897405721356,40135.02310559908,32002.19088577482,139830.3522121421,55206.77156758557,37511.72749600853,34222.822502374125,112297.71282494701,45626.58485766739,7249.094159843481,30463.368809162428,72870.54899582043,33509.22879802862,37465.99432968659,2720.766299826456,66065.29762182529,45023.06404572837,26203.550734937508,38171.80027721,95926.75683491076
56,22926.92138867588,18666.12846785177,78498.08580273046,49729.9709684752,72398.80879271183,43260.14369132329,15045.288888436253,19054.565843747994,25581.19446052182,132995.7190921147,100473.690186316,47974.93586324771,45136.016382868824,36607.0887179462,141147.72728953022,60409.19784790452,42013.680100708036,36708.16546856554,150400.06011127113,48342.31556611713,8039.59448575043,35100.28640247868,68518.40328968206,36594.23896917537,39811.823615690024,2851.1319420239533,68000.58377964547,45379.580482557234,26110.426792691058,37023.94242636989,97908.89744078407
57,25322.57336063568,21850.809382994907,84661.57520033582,49895.96733192407,73558.6216442263,44793.636466236574,15101.487859190558,18971.703745317824,30895.306014382404,140065.0177442304,113707.90106623207,50037.3913144234,49096.04832673732,42093.152447863824,143132.16389695473,63593.4739668108,46596.67549138088,39437.8092968135,191458.319696433,50320.45088518142,8849.205706965802,37068.061654219324,73740.64605108413,38155.15166785765,45826.79942707874,3188.957833664827,72864.09957922106,46750.19771975659,26272.34871498973,37843.25523164829,98896.83826995634
58,27043.206631666886,23122.11926765454,87074.97403815648,52328.55200311045,76160.4486158654,46233.90640848789,15421.754632373399,19225.408336796747,37041.144087314504,147686.71374499594,121662.54108620659,50666.20794676371,51644.1815052118,44126.807204789526,142821.49179672508,69549.66788325645,48252.03794771142,40251.71394612626,206779.34553555294,50912.77667333104,9418.019804133424,39247.06135199361,76377.16273606924,43235.41962041569,47199.205174297684,3274.628586160903,74065.53945243002,47111.49338147034,26126.145275888175,37975.763490201825,99829.5456569524
59,28238.704522292697,23637.437933972356,90917.32994757191,52854.23866117254,77428.36606541906,44139.44023088064,15537.746351241076,19262.96826540554,39759.97375808305,156947.56642794152,124916.18913630997,52102.82526523506,54529.008689030816,45901.174273583216,145013.26090317377,71752.60172900066,49583.115199318374,43832.94777687976,216129.74459434964,51801.89085286788,9626.100456821885,37921.310960937335,82785.10557393265,44761.761342205136,47655.46199162049,3287.717140109635,74248.02633293852,46995.53166202586,26279.141715785252,38169.497788766195,101357.79703993115
60,26502.90633200655,20831.999143081794,86659.23712157289,52880.66364346222,77456.3055473887,42061.23417062191,15598.574348034197,19134.451788900235,37872.8855102632,153723.08856631606,108717.53451390017,51703.42549822063,52540.24979906466,45127.701790695144,143569.67013805118,75228.40009747398,47588.751247091874,39834.052130946184,176475.77760872667,50854.4626055544,9342.062591608079,37785.536801894086,86520.1640098395,45638.96078791609,45826.79942707874,3201.9848353563298,73047.57919758496,47284.795944355305,26427.38122598908,38058.75816826726,100980.11638040125
61,25380.888108302144,20611.744128087725,81697.41620847031,49287.51446044128,72146.85731813393,42931.78307721741,14804.527549342745,18560.06097000408,34836.54364976674,136786.06289635255,107623.89391696577,48661.21468142835,47928.782331136754,40963.86944260806,141583.23300789087,73417.50417411579,44950.948442111025,39023.894652227515,167653.7691061634,48933.76067724862,8723.691110352065,38078.982351762796,79039.39856036816,45087.458067869324,45368.093541817565,3051.8234808834177,70914.86632855797,46074.96093668904,26435.68152903914,38292.948624760254,99421.09387510907
62,25526.678671799054,21990.801523658054,85645.44093785602,50891.876947367666,71120.41008087633,44100.89415186152,15039.849793170586,18927.163647812733,35627.8214978152,147151.19227843292,113818.98703255055,48833.51056261835,47050.02634008905,41489.01761439042,144064.00020500782,67366.33121492677,45279.3119155379,39159.854850930766,197546.76006086858,49201.40650490504,8660.760357619838,38894.69359323707,80277.54289374806,43560.43639567643,46284.88146230398,3047.4377288785186,70851.97954041282,45548.60503734249,26337.109460858042,38486.6104619496,98650.04609875062
63,25626.46398720677,21410.50101469473,86988.78618302403,51144.87059293823,73155.14960029932,46364.15104262158,15260.134075887683,19106.36472340442,35144.64151863188,149134.59361752242,113153.3025414843,49230.7116381827,48458.57598185971,42058.38052200488,145822.74810456918,69549.66788325645,46596.67549138088,37887.873752462554,209883.16826448945,50114.126432189965,8868.475077689642,38942.69349047658,83698.5334628739,42785.640303730404,46742.34749156578,3069.487827552696,71167.80359587945,45424.01008597451,26003.50486849361,38496.55226167385,97908.89744078407
64,26300.554822928094,21796.028541259726,88664.14161267882,51246.27712190886,76020.97706677802,48327.9039599101,15388.645508980519,19619.66390244497,35167.593574739985,149732.20672410188,113218.20406829604,50347.495582105745,49880.25246717166,42551.543967944344,152469.31303302344,70098.57454614218,48252.03794771142,39527.73724895034,212999.99570591,50360.563009223544,9246.89295097263,39828.43879861027,84502.53223284897,43310.410424795446,47199.205174297684,3091.713071474922,71485.25794620266,45438.8012283524,25232.287767114183,38325.07335931864,100473.2977793284
65,28026.883715762753,23073.759416475597,96463.24672582609,53300.55314906076,81695.61743126974,52399.262840484065,16013.089179206368,21718.69712510596,36793.00535755238,152051.06939945373,111457.01874558667,52717.83125034463,53091.883444037616,45952.295074102025,155483.76826980506,69001.98599654062,51590.78855259368,43195.106073479736,222427.6805965532,52793.159312724834,10150.673859077919,41773.33775997509,87277.36816235073,42161.42121902512,48111.125252385464,3258.391173315511,73838.76085242032,47043.71194647212,26009.96085287554,39418.87352200147,102730.5090766992
66,29321.31609752827,22541.114313828773,102164.9431769771,56195.69241735909,84687.19963464017,48276.378052246495,17336.275702695377,21082.08880469579,38031.381479276206,152309.96505590386,106956.33779076656,55677.927498535195,60061.558637731425,46693.8186178635,163581.82992719384,75228.40009747398,57695.43045481398,47361.58289905513,206779.34553555294,54258.92617182483,10970.466992990065,40263.115591209,95664.55963488895,45012.284624105494,49927.98319391999,3484.343766053605,76956.85003052717,49178.31322109151,26692.128767594233,40156.62015140511,104050.59425207687
67,28763.358287309813,21190.613535548542,91947.58479143961,54732.30922016922,84661.07262770136,47168.10855697424,16543.726837008013,20926.148074126104,37072.65914908788,153422.43681069626,103475.75979972692,57954.2044058379,61604.9204419318,45889.09751143216,154511.61864719004,84816.4073855157,55705.076431045585,44883.631948370814,235306.2011912965,55063.946150071795,11448.542083631964,36660.946480155515,105712.40723429565,46416.76152206577,51969.237740339944,3561.994917358863,78010.39491163335,49713.49256396062,27253.887470506186,39459.60643179779,105613.08265530592
68,28088.881916273287,20382.20608317149,89913.95383601272,53430.27030042663,80728.92300094363,44628.58040263787,16150.176818583477,20291.826228048376,36352.784753152446,150450.5816502324,99596.21683812974,53358.03318504687,55964.75203620847,43977.564845403074,143407.6001721482,80383.79680216887,54079.35675250761,41975.52852512106,219272.33306109265,53932.52536850548,11052.480557491548,35718.52801218809,91325.04865997852,47473.075143627204,50380.782665733976,3439.715033492369,76347.27212498338,48883.29968664652,26662.546259891173,39267.48107943018,109071.53075898298
69,26963.10033332644,20152.67172504041,86828.7171466877,52954.600405834935,81339.40965268698,42780.36962140985,15689.208127651424,19443.557228100824,35282.81674187759,146047.32133303877,95662.82652824873,49856.957613499726,53405.95664715417,41222.8493025583,140452.88161521673,76779.50737496788,50920.10728981276,39022.42822793395,209883.16826448945,53164.95245882293,10419.600182580138,32873.65024899589,86900.2661825643,45563.73203751565,49927.98319391999,3322.1689478216817,74727.04443915997,48159.03550156666,26683.584089276832,39107.73035280736,106243.0513944716
70,25191.32128835049,18230.49787140454,80289.74022102512,51357.36242242219,77074.79499470419,43394.448109010234,15090.206100078129,18454.178591075037,34272.9608266263,144775.06266223776,94506.33888507784,46077.81917400272,52043.672895856,37843.423961104105,129407.05257131509,72306.36621848117,46596.67549138088,38454.473474728315,176475.77760872667,51563.75519852523,9753.216695413497,30168.842134372444,77092.43887563165,45012.284624105494,49474.624319334696,3103.1292881744002,71647.98156847227,47116.816657013704,26316.3838533554,38801.264952611105,101129.91238903084
71,22520.63612356054,16390.141244580973,73804.9501285302,48755.135722174884,70741.75426182209,41627.36627768131,14216.36597008998,16754.960630701058,31431.48928033828,142680.80264667538,93463.27990514983,43548.833808027775,48758.36026572334,32949.88744406337,126851.66587116514,64665.13541791663,44950.948442111025,37927.70555613755,150400.06011127113,48744.5915056747,8897.359050300161,28843.147040468193,70343.67862521716,43585.443772631974,44448.77788162721,2842.781851548991,67877.6565048638,45360.785028104394,25848.595497828253,38817.38680516211,98650.04609875062
72,19880.948187789465,15463.387692550925,68615.77404806457,47033.600436281304,65416.65900958541,40010.58588372599,13409.653380308653,15596.00172308082,28473.053377090673,129220.41244325046,87884.55994028407,42321.97210184271,43673.267815600906,30235.587755908935,125929.32683559654,59358.13592455437,36241.210047324035,35567.16050817734,128242.45776187885,45623.68536985958,7791.679669432454,26391.310311243,71221.98355415277,40466.39055360808,40278.70485199293,2627.450405623356,64658.132005865795,44079.04483537739,25531.29926753741,37621.30059472791,96988.24973265735
73,15513.020868474321,12626.000338789829,69185.96490836675,47762.34148710253,65462.18512339932,40867.20044676548,12407.315084414682,15649.551643062758,18691.085823504407,113899.62802361381,89823.21922193647,41329.41807283805,44308.368081939974,31223.064707701604,125566.68960255492,55387.33289183501,43395.464456833826,33353.266881493146,133967.21157953114,47465.293479091626,9229.257100306917,30043.317668213505,65479.08372797503,33850.29771626688,38198.58115070953,2622.6266245872994,64584.875382858074,45661.82846545059,25708.768067553297,38779.18038554924,103324.11158201605
74,14621.720298601456,12046.437426589873,67509.80913793092,47250.66115990562,65834.43783920124,40217.27813735214,12268.363468174655,15328.712258625603,16941.14960097805,111898.3741657216,84657.12263725775,38694.854857559316,39294.79215124262,29836.41880697378,123853.66308091368,55387.33289183501,41501.52971445644,32363.55057641621,122958.09180240908,46473.86761499935,8808.209700356338,28700.54900646551,63366.05257695204,33732.41734503238,37236.23706168168,2550.2918451580495,63480.09168144802,45030.47235382893,25783.21546071698,38554.584978552244,102473.84140360868
75,14097.197094932077,12064.605617379328,66231.78632865357,46829.16289224989,64920.70774090655,40007.736192818156,12074.974806252922,15267.145549215891,15754.218418845065,107067.05258094487,80445.35120894515,36432.93445753192,37018.54661212931,28714.978719217408,122593.549475276,53377.27273640466,39621.73436190562,31815.686787759718,117554.66847766415,45802.295573068885,8490.306840483012,27308.227920810186,58970.132368998806,32955.034876552345,34328.357798389276,2474.4814694726774,62309.26038754926,45167.9283546372,25714.119192050934,38574.26516142549,101666.96762845635
76,13834.98138386312,11757.320176731564,65397.9699178753,46582.65275267387,66189.19956406804,40325.79049435237,12046.358575419183,14998.041236764258,15170.960041443797,103863.53873352101,77276.32236247155,34703.00801625534,35615.634768634445,27997.73651385138,121693.84007065848,51388.43701974577,38376.61185775101,31500.249019540635,112220.43669609989,45436.35870610746,8376.771599868569,26285.698569282282,57349.773337997496,33072.749509858724,33840.51049817137,2435.671265614583,61704.55415555806,44893.82528037993,25701.18754555921,38419.73566225022,101038.47822110457
77,13782.54198542376,11485.24114208261,66299.11419292493,46562.04015385299,72461.7998233204,42266.4777860513,12450.596105775547,15829.255959811315,14925.685675672683,101424.66057837282,75332.06761446488,33586.24448689235,34882.653669176776,27071.31404976359,122430.98277390342,50894.58533751811,36829.53833474201,31453.045714358854,109579.70672687802,45133.72814244247,8443.907890962371,25379.318138060564,57482.34545455126,32225.774428479464,35786.31719680795,2418.189776968327,61430.96842139581,45071.22299162906,25602.783039476828,38560.2697481009,100409.17523333654
78,14726.63932616147,11908.679273182484,72373.34126156115,46364.95891598923,75048.33750245656,44197.343451623,13186.429265228557,17265.847650684045,14666.559205180169,100658.88290165193,76191.11058075496,33673.48311596221,36518.50157497134,28282.214780094466,128468.08268709086,52380.18017305203,35906.38082598352,31900.044729170884,106956.8111984648,45478.41179713763,8541.785191883971,23915.780533899197,58403.445223268354,32766.744350184617,36270.496741716874,2557.171895496434,63585.68414740497,46009.35993076459,25954.634613589267,39187.29091499092,101128.31206609102
79,16982.405256573285,12599.904533162608,76211.5753609849,50865.014895240434,79015.16821365297,43106.26537123598,13987.152544030878,18696.928215566924,16302.687439297308,105362.85162164587,81076.83960702794,35621.35594884186,37606.66743859366,28467.423212457008,132421.433811008,56400.216170826825,36521.39051923387,31337.881503138156,106956.8111984648,47425.60579504446,9021.898979349036,24607.71527718253,57385.96778665653,33496.731363913124,36753.798477112556,2746.7594544235117,66453.95508418937,47265.40987733256,26821.585545456135,39552.30135944808,101936.0729426635
80,20363.913474732606,14637.57859068175,78646.33915655139,48899.460331326125,81044.93374527633,43862.693064089646,14373.018332812217,19193.840130937926,20322.60551721367,109554.91920713936,93762.42282284434,37254.60414483297,39700.42174439657,31196.233925922734,141584.0961600237,56908.60310071691,38376.61185775101,31931.373466803132,156760.89562305433,48180.5798565132,10047.203401222952,28113.80310461688,54242.38293386102,36805.18295319747,41066.28967044955,2875.359393353967,68356.47412168793,47605.14114063821,26877.72159866393,38546.667841231436,103458.23162316614
81,23875.373976970994,17994.64909235316,85792.47069535553,52783.3378776241,89628.93210492157,46639.654819958625,14889.093785065847,19276.19202734235,25023.756657150705,112528.7317419397,104842.8130952377,39617.59184223801,44710.506283419294,36513.87088140517,149360.3516537991,58441.48488920756,42762.608143722355,33783.31389638551,208370.28840107616,50843.977169377584,10788.90492748476,30368.287569055374,63108.86839558376,36284.04803136086,47189.90733385881,3117.887514981984,71858.0018194737,48234.15357788081,26170.57112762791,39011.93139166048,105243.07245909597
82,25942.721450100293,19411.64005387174,89838.49732697771,54228.08629797442,91966.30087065606,49413.260489517146,15162.797317955085,19832.631606657298,28066.501956957287,129378.0897274625,111190.76413328663,42235.73023560662,50682.83893218261,39282.04059932627,152404.4374793633,66275.54834492992,45303.12165855742,36416.57995827303,221097.37369337206,51803.43119401038,11264.496265316373,32156.497400746277,68500.03372315977,40417.66213239891,47656.318370189,3263.06704368017,73904.11033906296,48453.249489630376,26406.290321047552,39371.47133346584,106355.40479450264
83,26692.7024045503,21510.090817167147,101571.4666021826,55516.8705971132,85301.96345131169,45994.44309735533,15465.223835385077,20421.934354644778,30394.071705352533,137785.82024811942,111820.9112291879,45286.33438635235,58625.218063010325,41628.71181162092,160721.4779077589,70565.77756646472,47224.11102679902,40644.88450878536,230780.907329617,52642.99376977587,11383.777516182965,31953.087269128537,75126.33948393722,41705.851636721665,48122.10916475847,3372.182238627101,75419.05680948825,49222.99141618162,26638.08073055366,39545.3805536828,108130.13280456506
84,26023.052835466977,19544.638814074246,94994.38404005245,56697.154061448215,83753.957178681,44901.11606396892,15323.511379465761,20054.48240564506,31011.006607113082,136982.15587382886,107099.21509184416,47025.060618167925,56184.63660640588,38691.39171223438,150407.85250142563,74527.34925565509,48511.99559814328,37424.10463026969,192765.4222669617,51448.24460677862,11135.308014231365,33167.809695031334,81970.36271095937,42757.27230546871,44848.26847086622,3348.2306849664496,75088.14367769432,49700.81349882143,27117.555517151526,39366.775722864935,109627.20113705829
85,25437.28585086281,20159.361415530613,88212.17128151735,54561.518535049385,81627.12793402269,46936.62335413721,14699.190630679395,19101.76615686711,31369.871485778458,132025.10503586382,108748.32816340111,46670.65223829263,50325.44462703503,36271.06607030963,146003.8559175012,72194.11615259746,49805.53933844797,37919.6144562114,186620.41732793927,50646.95137318841,10904.684959374847,33196.04622816009,81494.78024331028,41729.72992727317,45317.901722305694,3246.4394908609156,73671.5618739203,48137.82801795851,26929.10541700986,39393.798261085096,110449.55430622949
86,25704.22688455963,20506.458331255108,89214.01389741575,53824.835078508855,81122.04552528072,48549.95908623735,14995.122031688568,19248.10362290978,31945.853391385135,138775.48739149031,116628.43626524437,47513.58782735133,50948.31837947161,36221.17952575407,150198.30947994918,71650.16775122452,50454.402313836035,38527.255131911006,224312.1929118005,50745.9736255063,10996.121222395594,33103.008983155356,82904.9758329971,40107.909792241284,45786.873734288114,3240.9560386579983,73594.7718014652,47962.65781333238,26880.943209495053,39401.65608673597,108315.13897857281
87,25784.31261387889,20712.940682455912,94147.74700010773,54473.60866178295,86284.40306574189,48724.035569052154,15148.39641123183,19565.530708349066,32466.582988695103,141664.94863894102,119816.30864762358,47023.850256612626,53343.39746950145,35478.28755418701,154218.07758486862,70025.34352403457,49481.62833616588,38476.99923606003,240714.5911119537,51561.78596147859,11168.837962495752,32969.18602640114,82480.23412295485,39155.73651114855,47189.90733385881,3336.267784158281,74922.52551491186,48254.270428114,26816.219451470068,39761.7160372938,107199.22647381901
88,26155.492976200465,20727.06804777106,94875.9462233023,54505.47637622445,86922.30510966238,53467.763345098145,15594.179063506448,19986.910184163447,31687.487387535297,143555.51895161183,115255.9305232591,46301.71381285503,53902.04747878137,33705.733899337865,154311.2545066192,72194.11615259746,47867.339574872545,38303.38316499574,227540.06445946544,52040.732337600115,11507.491424286332,32322.01990442395,81408.68135934298,40179.378308866195,47656.318370189,3444.1231937917,76407.61690834194,48361.02568869899,26747.32795175875,39589.976951525634,107735.16425298055
89,25971.185410877257,20370.574809424717,96639.19096902676,55378.95350070667,90586.19799496724,48510.43259162805,16013.353894646454,20789.604097143823,30233.123479872556,139525.2353532502,108062.39442142165,45148.762270317966,54402.542207878476,31710.544582210518,153728.92774602867,72194.11615259746,46261.97324685194,38465.84974431532,217895.68916423654,53361.20481681015,11421.879848909537,31148.261644869242,83299.30843931175,38418.7619958628,48122.10916475847,3617.445190168379,78757.34746646805,48978.45041654805,26872.204523202545,40102.66292857296,108002.92532115773
90,25067.685959551174,18964.212746431534,95066.2472556098,55755.17335160417,89744.82805572313,45618.69664462081,16964.98962084385,21328.6450123634,28265.907010575265,132995.14659970778,96497.9064002948,42894.68819666931,52468.578337000254,28556.52937321728,151258.27604046036,72739.22832208028,45622.370883671065,36318.13962497672,186620.41732793927,53050.25291167878,11211.910060086175,30635.315110627685,85081.13412321692,40989.88905349992,48587.2873449692,3496.110379374133,77117.06940874635,49608.42310909927,27373.447370414113,40729.851074040234,108315.13897857281
91,24726.56235933434,18346.280379921558,91500.91004315467,55666.510558037844,88440.54015094567,46664.79045057793,16032.350951792007,20200.357702152778,26886.851819828094,122492.15332959789,88831.17374264197,41063.68968949757,50406.37523608742,27757.773558985533,147532.47239479414,71650.16775122454,46582.322960911675,35853.48535470593,195858.88900242574,52080.921464475796,11383.777516182965,32210.21445257807,79676.72470629291,43331.43638781486,51365.89724961392,3278.7859407959486,74123.5335111498,49128.85746205882,27259.04967652125,40006.71028772923,108582.601874329
92,24806.148127168744,18926.21471686394,90121.52144030799,56365.59298577918,85920.1416948076,46591.60273706161,15878.399360769232,20418.585724697703,27603.198708637938,123857.77567813885,92741.82371775807,45793.81750589123,51384.704485504226,29564.438346531355,146160.21699749958,70025.34352403457,54107.81371497117,42426.6763939276,217895.68916423654,54109.04275373521,11991.982441790471,35748.10316172239,86189.13172294864,44025.83156034103,52287.51860324666,3300.1198197027065,74420.6937752229,48987.533914258514,26927.26637237795,39990.02066261096,108760.8344097273
93,24328.65786651605,19071.56158744907,87756.65147523282,54738.60995793113,83670.6964640078,48656.60119177204,15944.747419657328,19894.888872454696,28059.43212483499,136305.6603484776,97088.19370626754,50039.75771734746,51833.47589411395,28895.774913426172,142544.6673090669,78448.76491165615,55698.93602685515,41344.24909249963,214707.22307481914,53068.1619715577,11707.796190169933,36307.87191542371,98966.45535261703,45321.80807759611,51365.89724961392,3461.0440526552247,76638.97796789395,50201.085349575565,27721.674691656433,40164.484546891465,108983.53975751408
94,22457.14025035492,18215.00837614827,84527.04643239862,53156.08572477897,78115.34505098444,45999.30931614334,15184.121914943837,19078.539098342575,26906.69058677118,137034.80084269436,100103.46907938966,48230.237217222246,51329.49610417994,27519.547362361358,133861.22043861102,82774.67186593564,53447.43290155907,43743.481282369765,186620.41732793927,52198.674814126905,11393.306157627114,34535.11406038156,93821.27080775531,43930.01331017587,48587.2873449692,3287.4504288900685,74244.3104985014,49530.100577958874,27297.58728046867,40016.44023862558,108538.034241969
95,19630.043055853417,16412.115039922068,78625.53892038266,50717.861647195925,70836.43970482364,43799.13377254836,14177.23853538023,17533.17006883243,24826.041565603784,136047.55391701535,100040.11854399712,45757.08929928289,50503.173402759036,25787.760290589897,128615.58547460544,75219.85763887815,50454.402313836035,42610.641829209926,174500.93697745228,50339.808621028445,10996.121222395594,32739.887221274057,84095.57642928608,41419.37672410841,42962.94320968666,3041.572745454627,70767.82801275565,48010.773870962745,26445.646444354905,39666.097460056546,107869.06205474562
96,16779.13730678955,13593.12297043112,70387.73186629213,48284.61751412465,66504.18720554111,41470.70014998818,13345.81000149871,16348.309775369959,22566.194146093185,128085.08507899499,95322.04742077805,42510.529832993314,46981.22885201342,24512.868241159493,125885.7025679822,65214.98582584175,45941.98865342779,35661.421704947905,145237.83015361705,48647.311320133136,10156.079330857898,31140.726732333223,72066.95656218844,38727.712727851984,39635.96493604529,2773.3709090710063,66850.4006441963,46405.47565325244,26143.28590892994,38657.47651434319,107199.22647381901
97,16870.908870513926,12812.37224260884,68734.57757020877,46149.68716324927,65134.81251161764,39785.93966096412,11896.308462597292,15458.132894676719,21851.62047236298,118701.22751229406,89637.24625274427,40544.65858691371,47605.59991660587,28690.09885257313,124140.66030931254,60347.64623730435,42621.134279163874,36841.54711549387,129983.77864966306,48680.29501758127,9497.99473797088,29993.23335529121,64979.027795979186,32975.81180938047,38701.71569772835,2563.1561679235597,63677.440073980964,45004.84237695514,25129.875286407943,37971.55170562027,101415.7521319313
98,15901.590849346252,12224.254424624674,67074.56739558271,45655.28328160326,65514.9829057379,39153.21293870392,11763.079695783414,15141.217882950212,19805.78201511292,116615.60797500929,84481.84572560292,37960.12023457435,42218.93594679048,27415.944366527994,122447.08819877096,60347.64623730435,40760.99410135486,35748.32047553623,119302.00830179312,47663.49094844953,9064.6872739244,28652.70318286653,62882.13361116584,32860.9767503086,37726.696044773154,2492.461645755864,62588.17888822791,44382.570268233976,25202.64632314863,37751.63380057838,100581.18614013876
99,15331.155004219569,12242.69079537736,65811.58071517614,45248.01653992946,64606.057342928216,38949.215036461246,11577.655922812612,15080.40423169361,18418.148896112012,111580.61521365675,80278.79448840421,35741.148987307795,39773.30233088769,26385.480916633758,121201.28538622774,58157.571488399175,38914.741016124884,35143.15787918919,114059.25245793418,46974.72821824256,8737.527714119497,27262.703193892765,58519.784520146684,32103.677118873144,34780.51550243195,2418.3703396550036,61433.79809687367,44518.048540962845,25135.10591787634,37770.90411712757,99789.2150355273
100,15045.98698933914,11930.869526196986,64987.88769310904,45009.82960290352,65907.30820476795,39258.854285331094,11550.21827762353,14814.591490262645,17736.265520226418,108242.05272104696,77116.32690425384,34044.07024261263,38265.9920229076,25726.424864134442,120311.7937548943,55990.62197148644,37691.83594740807,34794.729779442874,108883.63078912588,46599.424215343315,8620.686552776793,26241.878470348336,56911.7999772916,32218.350721677372,34286.24249678165,2380.4401926548003,60837.588154193974,44247.889283951925,25122.465457519353,37619.59290297503,99172.3336031335
101,14988.957457838102,11654.77434341592,65883.50564551966,44989.912970728714,72270.33990639875,41148.19504379365,11937.806915500454,15635.639143635444,17449.516938413693,105700.3602169328,75176.0976056965,32948.51172445153,37478.465727588264,24875.15826610034,121040.5649139705,55452.542503551515,36172.367745160926,34742.58967580503,106321.42130707589,46289.0470104275,8689.777719336082,25337.009038732092,57043.359656445115,31393.256327385672,36257.67848693675,2363.3551127474816,60567.84637503998,44422.73458255491,25026.27675804635,37757.20017714192,98554.65361686322
102,16015.693664507493,12084.462828430349,71903.79431425677,44799.48601112048,74909.55644411924,43027.97403584699,12643.334113149866,17054.65904780909,17146.573955806176,104902.30010202678,76033.36198096647,33034.093873829836,39236.046164395535,25987.824879037817,127009.10300276265,57071.18248684606,35265.682665646375,35236.33846878802,103776.51596966761,46642.55376806906,8790.5050128784,23875.91125417221,57957.425096379906,31920.25087503221,36748.235427253174,2499.185684662176,62692.28775092024,45347.373531381476,25370.20557460958,38371.16278342627,99260.50824907729
103,18468.911626879166,12785.891237801685,75698.45320814241,49147.6014760131,78820.17163087748,41965.763603100946,13411.078871222493,18468.235235773205,19059.36027296525,109804.57125893481,80908.97543198454,34944.980662524635,40405.18849549457,26158.008308581222,130917.55691288025,61451.240120758695,35869.718387975954,34615.38091605204,103776.51596966761,48639.59142077677,9284.598760339264,24566.692493818322,56947.71801327459,32631.37946213575,37237.90299594386,2684.4741723446255,65520.25869009628,46585.35132952519,26217.635087373586,38728.57139358767,100053.35007066236
104,22146.410514887193,14853.643323458979,78102.82619894545,47248.41216906848,80963.70043002166,42702.177798757955,13781.052424507392,18959.06913312379,23759.018976482435,114173.36136691843,93568.2939959991,36547.216880258165,42654.75069154281,28665.44471343805,139976.16121150748,62005.15656689973,37691.83594740807,35270.94374951356,152099.7064680514,49413.891068984114,10339.75801074664,28066.93542749553,53828.140342068604,35854.36077542145,41607.196385533185,2810.157990076807,67396.04681048458,46920.19451188185,26272.50710661916,37743.881548309284,101547.3950238076
105,25965.2366892311,18260.26741327097,85175.04243309199,51001.15393509811,89538.60645207966,45405.666945359146,14275.872837160212,19040.413735690247,29255.10258891434,117272.53916404923,104625.74306124565,38865.33636762954,48037.66345583179,33551.68926832492,147664.10372864114,63675.31837223693,41999.57038445386,37316.57096899907,202174.5255824242,52145.46518210709,11103.056412450642,30317.661508567664,62626.913514634914,35346.68881182976,47811.47158925891,3047.1865647957047,70848.37707854479,47540.15666720085,25581.279775182484,38199.45535843655,103299.27048675729
106,28213.543522475342,19698.174523697064,89177.30796463201,52397.12166935941,91893.36605168547,48105.88880068567,14538.303639666628,19590.04717958007,32812.355287515114,134832.20560353034,110960.55109113862,41433.761771184516,54454.43055770564,36095.291685043056,150673.61863757012,72210.97563072575,44494.75205860149,40225.2394371092,214523.17879378906,53129.47900676627,11592.496025526214,32102.8902693339,67976.90715731641,39373.51545397561,48284.02598218559,3189.0740149383832,72865.73720920454,47756.10020921615,25811.69120204209,38551.50739653441,104391.0584410762
107,29029.171919060576,21827.60043773949,100818.27239700881,53642.39127663408,85105.35694356095,44777.52617761857,14828.274444320063,20172.141823654234,35533.5011452334,143594.375864417,111589.39350961377,44426.44130898557,62987.846245436616,38251.589591270495,158896.20453091728,76885.42413402772,46381.464111058296,44895.76487228905,223918.77849224946,53990.532439249255,11715.250509528161,31899.819236639774,74552.60861341757,40628.42597279662,48755.951963805775,3295.714923072389,74359.39826396291,48514.76702654659,26038.262310706978,38721.79472292704,106133.00785844143
108,28300.906486365766,19833.136473467093,94281.64087144635,54782.82348634321,83555.50554252979,43713.126294473266,14692.398545534672,19809.184392693995,36254.75551518946,142756.83188476137,106877.47332839687,46132.15275454315,60365.64756341482,35552.55908923707,148699.70837275888,81201.7815818553,47646.36821885806,41338.1369474272,187033.66057882446,52765.2004658499,11459.54606913457,33112.51663525483,81344.36485350985,41652.684323364534,45438.98971133954,3272.306492790662,74033.13455292233,48985.71416633764,26506.940605929874,38546.909578350824,107602.42587334671
109,27663.866060751712,20456.932971524104,87571.53273693206,52719.29585412602,81462.04440784798,45694.77831224683,14093.791017908326,18868.121369265074,36674.30198795754,137590.80957619575,108523.17202161037,45784.47385093358,54070.44055672284,33328.581956553135,144345.72686971223,78659.59154415368,48916.83051581858,41885.47009663518,181071.37359548456,51943.39598203383,11222.20772893283,33140.706096106915,80872.41435229282,40651.68739348355,45914.808760945074,3172.8235070824076,72636.45611412407,47445.21704724114,26322.733898637343,38573.369335804244,108409.59047309625
110,27954.173015888446,20809.15337142867,88572.27182773102,52007.485880009364,80960.68235427486,47265.42854980896,14377.53421345239,19012.66889683343,37347.67849048466,144625.76382226314,116386.96488654778,46611.40385050221,54739.66580560169,33282.742449505684,148492.54507864307,78066.92885426561,49554.11545674377,42556.66139740397,217642.40733307076,52044.95297458175,11316.306434342383,33047.82395070018,82271.840446902,39071.76523121039,46389.95786154454,3167.4643971718874,72560.7449633624,47272.56720571535,26275.656175380253,38581.063511648856,106314.59703446989
111,28041.268820930505,21018.6836006483,93448.82109620217,52634.35418201598,86138.62103360445,47434.899332391346,14524.495847460552,19326.21334737145,37956.459897653345,147637.03438453827,119568.23699232262,46130.9653752304,57312.97603715278,32600.11746375965,152466.66168882456,76296.59053789006,48598.699243448056,42501.149445264375,233557.09027552084,52881.64821616087,11494.052342902696,32914.22408617952,81850.3424385058,38144.19031915443,47811.47158925891,3260.6148616963796,73869.84337099739,47559.98407456254,26212.389823489666,38933.62472861631,105219.29503525347
112,28444.93939678705,21033.019499457754,94168.4109479492,52665.145910526204,86779.49802938913,52053.11797723473,14951.918533404529,19742.438686268953,37045.624564222766,149607.30435562026,115017.30082592597,45422.5407970348,57913.198297336436,30971.361925019482,152558.78042372406,78659.59154415368,47013.21516298919,42309.37558740364,220774.30009857888,53372.8545098177,11842.566720942461,32268.136835415007,80786.9729952061,39141.38743584423,48284.02598218559,3366.0245513007194,75334.06882082505,47665.203331806566,26145.04957632223,38765.4623406987,105745.33423498514
113,28244.498994812642,20671.264078175678,95934.76503754174,53509.13083220332,90408.32160006223,47226.94784370865,15353.829265667822,20535.31438415512,35345.337676717034,145407.1184669621,107838.65845957735,44291.4814006253,58450.93761984323,29138.032004530876,151983.06700160308,78659.59154415368,45436.49430770547,42488.833874292395,211416.69439186394,54727.128025030564,11754.462306513358,31096.335313016167,82663.16158225921,37426.25474505474,48755.951963805775,3535.4163129357244,77650.78501665425,48273.74450263389,26267.114260959435,39267.47094151617,106008.1498518345
114,27261.914297923708,19244.142759035993,94369.83387560844,53872.64794386362,89522.13519618708,44411.721191397635,16266.271003936625,21067.76197710745,33045.478370522505,138601.74461052593,96298.11393761591,42080.20749435753,56373.05675273626,26239.885747087563,149540.47386568168,79253.52222552158,44808.30473656903,40116.503636502675,181071.37359548456,54408.21647158697,11538.378614434734,30584.243896542128,84431.37967649923,39930.959510174296,49227.25726198617,3416.832879916528,76033.55331796208,48894.65309703031,26757.07045821993,39881.597048823955,106314.59703446989
115,26890.931417050062,18617.089116707248,90816.17998876113,53786.97877315913,88232.05213252237,45430.13753968002,15372.043911636554,19953.27540379118,31433.234388380268,127655.98284335891,88647.25473727958,40283.97583158422,54157.3936620241,25505.928863485326,145856.9832343698,78066.92885426561,45751.12783796326,39603.25309791468,190035.14497684778,53414.0723852253,11715.250509528161,32156.51777108125,79068.24308799618,42212.01549633833,52042.4657677726,3204.4364716897708,73082.077425216,48421.98747938453,26645.248694803417,39173.516643698,106577.1199860364
116,26977.483497905727,19205.58384202012,89462.74037997657,54462.45728482922,85664.54950951588,45358.88622023427,15224.432957723164,20168.834152743417,32270.710631796053,129079.17492837987,92549.80797311553,44924.28838208162,55208.525826231074,27166.028275038836,144500.3121962755,76296.59053789006,53142.336941495894,46863.90700120592,211416.69439186394,55494.10888043999,12341.165154688055,35688.508572173305,85530.91563106372,42888.47171904273,52976.22630376013,3225.2865853860735,73375.0625056348,48282.69730624314,26320.936264377917,39157.17460250927,106752.06063014203
117,26458.19749021395,19353.076172153666,87131.20707364932,52890.40793763842,83392.879135262,47369.24912791903,15288.048411111526,19651.542940628402,32804.08999518279,142051.81773625934,96887.17909319245,49089.60704082843,55690.692808611886,26551.61005009898,140925.82339575177,85474.38674989852,54705.067944797804,45668.2731052416,208323.03538745345,54426.58396190446,12048.703963807837,36247.34415219071,98210.66036817168,44150.968081721505,52042.4657677726,3382.561714218233,75562.17919369087,49478.788065159984,27097.45663040623,39328.005041339005,106970.65268966982
118,24422.86192149946,18483.87941195149,83922.47946603206,51361.31627223179,77790.98904785041,44782.263646418985,14558.749963620918,18845.178414373226,31456.427754992204,142811.6961765515,99896.21154027674,47314.445562525085,55149.20908252916,25287.02872685863,132340.9922460956,90187.70817019815,52493.73968194081,48318.43106662431,181071.37359548456,53534.839947799206,11725.056606087493,34477.54160854689,93104.76898238287,42795.12882995402,49227.25726198617,3212.90448459414,73201.15746259021,48817.457476815376,26682.918534855293,39183.04395525749,106533.37550193362
119,21348.302843618767,16654.37363675498,78070.63701171918,49005.416730649515,70508.9398563872,42640.300153347685,13593.335997129692,17318.711690320142,29023.95522899431,141782.83046408818,99832.99216793173,44888.257567546076,54261.395118063054,23695.732589023843,127154.93063824046,81956.30881299547,49554.11545674377,47067.11262048324,169312.2585653756,51628.391087052085,11316.306434342383,32685.307538206427,83453.34856881727,40349.3518303585,43528.83179295935,2972.602302444411,69773.52051443451,47319.990965609104,25850.161130584434,38839.99753707991,105876.75899215846
120,18247.851197310174,13793.770534098781,69925.13511558114,46654.328990041686,66198.84741427677,40373.47202225486,12796.150607997131,16148.344110742375,26381.983082330873,133484.69252016567,95124.68949549022,41703.343497117115,50477.363106294884,22524.265941949434,124456.0503247754,71055.43250610073,45122.21938302613,39391.10230540385,140919.2722880378,49892.569776680604,10451.804191227404,31088.81296170662,71516.58983318038,37727.2240683334,40158.032056420016,2710.4821879262877,65911.13408066242,45737.789908752085,25554.608946722667,37852.3824815075,105219.29503525347
121,21045.671464163068,16134.499617965981,73110.52419069117,46674.693704618156,64805.728308324346,40531.59380992309,12216.279799882368,16787.86818213391,26734.6590122742,133629.08095579615,104829.50697220225,49484.99294944101,53392.17342951799,33035.59367693226,130776.47211623969,74517.00048015075,61787.15055311992,43920.35362703873,132729.38052858642,49484.49860803629,9931.097247322827,31900.744680234024,67432.63465461846,29636.881490250627,39354.07884901675,2599.6784647109803,64235.66244931218,45408.97054145985,25529.33846842214,38467.717457461986,102588.6935278701
122,19836.492470052002,15393.888392354873,71341.48766706174,46174.66540192194,65192.25688067335,39887.008745001374,12079.467620044516,16443.691593793395,24231.65043137957,131281.1741326593,98800.33809322274,46330.54877354771,47350.74768576643,31568.45164654316,128992.37184370025,74517.00048015075,59090.536228794444,42617.07229439227,121821.98288289517,48450.896828806646,9478.03123895444,30474.959395263195,65256.561785109305,29533.673931440168,38362.624087645745,2527.9766194811314,63136.852356351745,44781.11064102925,25603.266269753323,38244.925934466744,101744.47521896863
123,19124.900375040437,15417.10514029452,69993.79608609393,45762.7655258413,64288.12252065573,39679.18758551051,11889.056561077505,16377.646647231873,22533.932025664628,125612.98123002962,93884.92840145127,43622.28138758334,44607.84150678573,30381.91088192037,127679.97591821579,71812.70609103746,56414.05379195713,41895.63257987382,116468.48614163208,47750.75566590113,9135.953411639492,28996.558109595946,60729.49047505186,28853.05385878804,35366.782190808604,2452.829589696849,61972.35179280444,44917.80546252924,25534.65224573453,38264.448051921325,100943.34443577217
124,18769.16658503992,15024.431554700985,69114.6581306427,45521.86893447759,65615.91364484697,39994.62998475376,11860.88093401357,16088.968234730219,21699.672636824514,121854.56148197154,90186.46675162227,41550.98685353608,42917.314057982345,29623.03207594031,126742.9374230695,69136.96663373907,54641.228622686176,41480.256827425605,111183.54162711107,47369.25160142594,9013.784367773249,27910.810918444393,59060.788466319565,28956.11630941142,34864.17762957349,2414.3589777404845,61370.91523093261,44645.220267354896,25521.810853281426,38111.15968806171,100319.32835463565
125,18698.02490601494,14676.747493018083,70067.06859393492,45501.725727372046,72050.04419376695,41919.38010610558,12258.894423866033,16980.643825177474,21348.84622709841,118993.22600537054,87917.39569819772,40213.851274241795,42034.062074735586,28642.82989581167,127510.6642977823,68472.54854172596,52438.4808037756,41418.09842287368,108567.2114906133,47053.746932461334,9086.026047513098,26948.39355033338,59197.31583646573,28214.565959620268,36868.84450295728,2397.0304532991086,61098.80878547745,44821.63561722049,25424.09314327705,38250.565045624695,99694.50448380984
126,19978.830406878686,15217.85015269994,76479.81617673635,45309.132438898065,74731.60122755096,43834.38925777044,12983.397968811141,18521.73027212443,20978.2065598748,118094.80193733533,88919.95440633786,40318.30478812465,44005.2805797587,29924.02457944708,133798.2444749685,70471.23786820036,51124.07450136945,42006.7170691741,105968.55100815036,47413.09365889605,9191.34644147261,25394.37278751763,60145.89637009676,28688.200241769016,37367.67036018609,2534.7964689149558,63241.8738797377,45754.57750905238,25773.489034303835,38872.55016361759,100408.52279967495
127,23039.10532522011,16101.152338176254,80527.95104722484,49706.71279081406,78591.57283316087,42752.27124905676,13771.792520700594,20056.90472499235,23318.43071017378,123613.58218100114,94621.91620931556,42650.553290428266,45316.5349325067,30119.984539635123,137915.62078439476,75879.71321330166,51999.7350567781,41266.44752462841,105968.55100815036,49443.122583534234,9707.97054905516,26129.08637090523,59098.06276666087,29327.32426946987,37865.59185437944,2722.725123912655,66094.63596399118,47003.67192640502,26634.38924224016,39234.62895194684,101210.53437027265
128,27626.613562082763,18705.053052607327,83094.70374697697,47785.917989428795,80829.4696162609,43502.4870616926,14151.71713846713,20589.961001852433,29068.29137023364,128531.7908571343,109426.81237856917,44606.09196558865,47839.53674578708,33007.20534243727,147458.44349469573,76563.6867343358,54641.228622686176,42047.971475837956,155312.45535257127,50230.21374331629,10811.24438909169,29851.937949570773,55860.689901686186,32223.96608011877,42308.534847174946,2850.199804702668,67986.86800704603,47341.521886555674,26690.133504231137,38237.072385255524,102721.85895834731
129,32390.420993018193,22994.98266399001,90634.67820242356,51581.35157194385,89389.74592031623,46256.64405517657,14659.846583047824,20678.303007611994,35792.54879851699,132020.72091648274,122358.34455227805,47435.37035851508,53876.75531608872,38633.53624324167,155557.3371023026,78625.99497351465,60886.079697302586,44486.64948757421,206444.9873513934,53006.913747902625,11609.348711653993,32245.805833266582,64991.7045825681,31767.697894581335,48617.39044095303,3090.6057889065273,71469.4628083605,47967.05109098891,25987.9184593194,38698.599076207174,104493.99603951535
130,35195.07884081142,24805.72553693642,94902.88534666333,52993.20006807113,91757.30141564758,49007.47252295694,14929.335905857977,21275.21686955017,40144.71746435415,151788.6890948672,129766.81402561264,50570.148586173076,61073.49566932948,41562.40087860439,158727.72254725118,89165.78592953758,64503.30313270316,47954.19517187278,219054.47684411207,54007.18358437442,12121.106459288201,34144.571672160935,70543.71388384918,35386.79254083086,49097.910296582486,3234.5149869354154,73504.50793959075,48184.93373250247,26221.99249415843,39055.25129934687,105598.4112559733
131,36212.537200827595,27487.291522222597,107294.8808357314,54252.63607017471,84870.29817999748,45616.73089312817,15227.105965753502,21907.384300172267,43473.93996850529,161652.78893342378,130502.23644706997,54222.73146612415,70644.16826128589,44045.298614251675,167389.83834497145,94937.77378794177,67238.43826242506,53522.1244473214,228648.53650775974,54882.46171006695,12249.458469559862,33928.585716622634,77367.7137023652,36514.63844625259,49577.791148290315,3342.6754165661155,75011.26303551906,48950.413119595745,26452.16516530574,39227.76373205023,107360.50749016253
132,35304.060061105156,24975.681848365053,100343.67610800637,55406.04202698569,83320.14654339089,44532.38240010255,15087.575454852442,21513.20464418131,44356.36832965483,160709.91551410843,124991.71163580361,56304.562262066254,67703.2351138743,40937.46425491396,156648.29893162975,100267.59243153037,69072.14874117433,49280.92697416623,190984.3071536652,53636.887123672954,11982.094069580897,35218.40831191739,84415.92652942301,37435.186620370485,46204.917577457156,3318.9334406156654,74682.13916390123,49425.58920438761,26928.29354617439,39050.593402504026,108846.92031288994
133,34509.38186031802,25761.222899546698,93188.50226252488,53319.039360119285,81256.56062902822,46551.17384606197,14472.867365297527,20491.189754281808,44869.668105451405,154894.2148026794,126916.33326181755,55880.21812665056,60642.83077352753,38376.63637907881,152061.5798082653,97128.50767725297,70913.91683444487,49933.425779106634,184896.0808684047,52801.506343404755,11733.933252262395,35248.39056767031,83926.1551862205,36535.544556833855,46688.75711941159,3218.0329263249523,73273.21687304524,47871.25894556025,26741.158698705887,39077.39890367506,109663.42031421643
134,34871.52623845805,26204.770729729225,94249.46746606464,52599.13171696962,80758.74725059498,48151.26066036914,14764.242314003437,20648.171509802,45693.51964564764,162813.8841285141,136112.92913490496,56889.49102780514,61393.40193772135,38323.853872578846,156430.06193587868,96396.69046977995,71837.77822988,50733.581081725875,222239.59175650307,52904.74106814416,11832.322798693021,35149.60129840834,85378.42358365197,35115.595711972004,47171.91541957781,3212.597454698702,73196.84200749904,47697.05876722906,26693.3326304244,39085.19361759018,107544.19686716709
135,34980.17419055656,26468.630172717752,99452.51476000011,53233.13137737452,85945.64978652733,48323.90760501367,14915.156729726283,20988.687595459687,46438.341447502215,166203.85174872592,139833.38241001422,56303.11305867016,64279.50412762367,37537.83630677301,160616.61087772524,94210.6847281038,70452.72721211179,50667.40295514348,238490.4349786679,53755.258603058894,12018.173807450625,35007.50474226513,84941.00981844336,34281.94139890027,48617.39044095303,3307.075215996534,74517.41650496754,47987.056541719336,26629.060599916116,39442.36167292556,106436.22696351835
136,35483.734394955165,26486.683234983237,100220.39218719087,53264.27339772598,86588.5207295726,53028.67928649944,15354.075671743083,21440.717356821213,45323.967706369556,168421.9026567775,134511.12615461615,55438.47671743493,64952.684826283505,35662.3842055668,160713.65372521742,97128.50767725297,68154.2772708868,50438.781295275076,225437.63839714,54254.57967631734,12382.580219107838,34320.32759855259,83837.48756510873,35178.1683952391,49097.910296582486,3413.9868835201964,75994.47795146325,48093.22063207584,26560.649915704947,39272.00194479177,106968.35016046235
137,35233.69434788512,26031.12804224055,102089.82534466551,54117.859632693246,90184.77870713465,48112.05876235017,15766.796472934566,22301.797591518505,43243.72884179664,163693.50184822868,126115.80421587412,54058.0121085952,65555.78763808402,33551.37222752362,160107.16613197143,97128.50767725297,65868.53123166686,50652.72104641381,215882.37525903256,55631.22593234864,12290.458299507709,33074.001777686695,85784.52099766716,33636.69961834237,49577.791148290315,3585.792300737017,78331.50342505709,48707.226295464476,26684.65493417911,39780.57017943163,107234.20541671703
138,34007.965794956894,24233.96761461298,100426.70701618757,54485.5121756696,89261.46780751401,45244.07011795242,16703.779875040218,22880.04724594196,40429.935036203125,156032.28491682,112619.2986559331,51359.13937234131,63225.3354262266,30214.26339882288,157534.00668255953,97861.89059486728,64957.85524276716,47824.56666307034,184896.0808684047,55307.04592652151,12064.521328726456,32529.34234279467,87619.50697364935,35887.79319932883,50057.04085420551,3465.5191777219484,76700.09441460024,49333.7104376759,27182.39944950226,40402.720934879144,107544.19686716709
139,33545.18196454092,23444.324872346144,96654.23928328628,54398.86841818505,87984.42434396481,46281.57326880715,15785.501032614522,21669.690612895098,38457.413448539715,143709.985341981,103671.72572822904,49166.82812183819,60740.35323488951,29369.139040497554,153653.61883351856,96396.69046977995,66324.65023534629,47212.69916783765,194049.19085649692,54296.47847535909,12249.458469559862,34201.609778750404,82053.85844916149,37937.8833176664,52919.70302604421,3250.0963426410995,73722.74468205056,48856.80044368312,27068.800173188287,39685.388201871065,107809.756073268
140,33653.15164609207,24185.41073380422,95203.76002330323,55082.031286109326,85379.247456913,46208.986582083,15633.919832429345,21903.792097697453,39482.03502417611,145312.15790860596,108235.70720632949,54830.35673072578,61919.253005231636,31280.68245849722,152224.42833507754,94210.6847281038,77039.56332654523,55868.42923249554,215882.37525903256,56410.877392106464,12903.914423799999,37958.22832747035,88760.56138502901,38545.84569389304,53869.20319927581,3271.243548668334,74018.29818901629,48716.25949220252,26739.33248934636,39668.83262289447,107986.7200236056
141,33005.36658615859,24371.146435135066,92712.30233387195,53492.09804324419,83090.67288066159,48257.02700739835,15699.246331034528,21342.00260216572,40134.605181266445,159916.238863078,113308.20212424663,59914.15251651126,62460.028527236595,30573.20246928155,148458.86889801032,105543.3859580351,79305.02850967734,54443.06391451349,212723.3699778519,55325.71684970962,12598.117188928101,38552.60476382149,101919.0930432101,39680.509346720486,52919.70302604421,3430.759683727256,76224.5880327663,49923.090738974744,27528.196382462553,39841.89526476337,108207.840247349
142,30466.380451667927,23276.57514655034,89299.41695286753,51945.61117591883,77454.10247770784,45621.55714990989,14950.332168277519,20466.273206788166,38485.78968491544,160771.67953325852,116827.2235252588,57747.55754939234,61852.72617072989,29117.083583784617,139415.14439494818,111363.37391843481,76099.30265065652,57602.428380575504,184896.0808684047,54419.24113076053,12259.711717875329,36670.24621946499,96620.40329541788,38461.95413853507,50057.04085420551,3258.685015879929,73842.86862353333,49255.82162706949,27107.068811045636,39695.040004674396,107765.50565477964
143,26631.01148922111,20972.695765586923,83067.85914180169,49562.910528063345,70175.35120500304,43439.449727120285,13958.95176027521,18808.49717895743,35509.74845165642,159613.42378085552,116753.28935267912,54786.38091084232,60856.99631443226,27284.764605055585,133951.86717729113,101199.27924204934,71837.77822988,56110.67917465141,172888.5821656826,52481.297534447855,11832.322798693021,34764.029546928046,86604.54542986871,36263.821655623055,44262.56169015932,3014.9587787604028,70385.18361382313,47744.9083763432,26261.073938670997,39347.51107587122,107101.29493336196
144,22763.342756045953,17370.36523748475,74379.03932716562,47185.07642103301,65887.45407148523,41130.137496988165,13140.324721758141,17537.452558985187,32277.392089330533,150271.71291290398,111246.99516737729,50899.17465944669,56613.006242064796,25935.863844633244,131108.72098184226,87738.92650847723,65412.93209253924,46959.78530946677,143895.86077307764,50716.80027357764,10928.39980402334,33066.00101945973,74217.05491049938,33907.19461685135,40834.94314084009,2749.1037265368896,66488.93792743346,46148.49969259063,25960.823672766594,38346.991075818885,106436.22696351835
145,23062.182058106315,18254.97202081439,79669.43829490418,47510.82600995519,67070.09090081796,41619.829961073876,12058.095684347349,16236.652989956134,36211.43999695737,154569.66453713024,131971.99830536376,71898.03756874516,60624.12067761672,40779.38588482061,139762.3286071277,79104.82986062185,68419.23218141818,54937.80433937785,136747.79986701353,49440.95019269707,9626.022685843964,41214.49201110214,74926.3443678136,32248.141349417827,41069.358259611035,2653.9790995223025,65060.09446969578,46005.97801829115,26110.352372563455,39204.34794418562,104326.9186043034
146,21737.144453556,17417.02615810058,77750.92046080386,47001.840180507665,67482.70504595632,40957.938377848666,11923.055035124098,15903.77714345056,32821.17625739284,151853.82478562626,124381.75498493659,67314.86331026627,53764.38637896449,38968.33470196101,137855.64000692533,79104.82986062185,65433.16987059606,53307.59399407641,125510.1776888426,48408.2580259894,9186.87446625377,39372.43419000724,72508.44706889603,32135.84033198646,40034.69013920705,2580.779586113107,63947.181708678145,45369.86342610046,26185.96267266087,38977.29011586037,103468.39617099942
147,20957.370499837732,17443.29416108104,76294.18220477973,46582.561513788656,66547.28193079215,40744.53741067018,11735.109538950685,15839.90072582411,30521.658311341922,145297.38759976378,118193.64575644761,63379.95095287309,50649.95472127184,37503.659836971114,136453.06729922013,76234.03868323375,62469.400354828795,52405.18063430623,119994.6023275512,47708.73301640493,8855.304968538343,37462.39859089817,67478.28762618202,31395.25187583066,36908.27204611956,2504.062927054721,62767.735373331576,45508.35542180433,26115.787084404008,38997.18606851581,102653.6913225822
148,20567.55174574468,16999.013551948225,75344.46635268112,46337.34949137877,67971.80454843621,41068.44914926563,11707.298747722198,15560.700820354958,29391.674428360177,140949.9979784939,113537.5771677333,60370.51307385751,48730.44604645887,36566.89411780432,135451.64341955035,73393.56049493996,60506.28446766497,51885.60759058476,114549.65463095329,47327.564691361695,8736.888850109803,36059.656448533075,65624.14471757518,31507.394999816675,36383.76105788193,2464.7887623978327,62158.579679424205,45232.18645457674,26102.653438880076,38840.96233730035,102019.10214256872
149,20489.593560547903,16605.635203168393,76382.94467283243,46316.84543806604,74787.86455115875,43044.8770475588,12100.158507233291,16423.099010800233,28916.488659979448,137640.27182021324,110680.99747117229,58427.75389810432,47727.55795665703,35356.9251570673,136272.12201182154,72688.23580679698,58067.09908510577,51807.85670778635,111854.11436347816,47012.33767961807,8806.911329068687,34816.251527207445,65775.84421446708,30700.507793899204,38475.802961086825,2447.09828939617,61882.98088629127,45410.92119820177,26002.71180332183,38983.03721214121,101383.69148597468
150,21893.12063224251,17217.85213872686,83345.66309401093,46120.80202582044,77647.93547818485,45011.302440055464,12815.280722155128,17913.585211617043,28414.466320214473,136601.0586054323,111943.13901846364,58579.517134142574,49965.777172217284,36938.441533267054,142991.73168355584,74809.97954441715,56611.60762482667,52544.13074363687,109176.77870378506,47371.368165999156,8908.99637327763,32808.51857438261,66829.83939183886,31215.873261203444,38996.37054744261,2587.741884760788,64053.5511298425,46356.128800492006,26360.059481700537,39616.932919856714,102109.80786546635
151,25246.61863941351,18217.242083478497,87724.15776968558,50597.16080573905,81595.69227046293,43900.13055444723,13593.466642863406,19398.353533588335,31584.24254062843,142984.66915499335,119121.45469631338,61968.101843240125,51454.64037095902,37180.33598543375,147392.01937632787,80551.44148226806,57581.259442660616,51618.16407811318,109176.77870378506,49399.610580816145,9409.75024324745,33757.73927178341,65665.56126725838,31911.30951997064,39515.99435336734,2779.5958887599622,66942.92696289402,47621.64549515098,27240.55263723743,39985.94526940843,102925.40842502244
152,30273.683246581946,21163.359769953753,90495.50449402368,48641.956810465424,84072.14102301335,44670.48897416393,13968.471756442412,19913.907366725183,39372.287796303135,148673.59449786076,137759.63957948695,64809.35501422602,54319.38170987582,40744.34311070491,157590.54440070054,81277.52557934585,60506.28446766497,52595.73384639606,160014.5836349597,50186.009067666244,10479.132482531497,38567.51528752953,62068.42294735594,35063.169967203175,44152.586616095556,2909.7331896328933,68859.4448407454,47963.9372858442,27297.565564741733,38969.28617655167,104462.34034083744
153,35493.93931914636,26017.09226128257,98663.60512422981,52505.38193998848,92975.20535405546,47498.59255904793,14470.021619670606,19999.348738815617,48480.12957863466,152709.26356786944,154039.40842898662,68920.08742142066,61174.33897521858,47689.528390659565,166245.92568927372,83466.80509045366,67421.44258367534,55646.15590340406,212695.1674259965,52960.26546084956,11252.719743166363,41660.297282344385,72214.15659563277,34566.70069646383,50736.41879224863,3155.160640041869,72386.7369730867,48597.69053956926,26579.36903620105,39439.65078806277,106264.50386066487
154,38567.32806830765,28065.811543888558,103283.99492479545,53942.5223458029,95463.13498565332,50323.278250363386,14736.021424323586,20576.663448225758,54375.035304839934,175575.00647396856,163366.08131927793,73474.68851052487,69345.87475726142,51304.94097678969,169634.15329014,94655.5051853374,71426.92993603292,59983.537791526454,225686.41276074076,53959.65501829428,11748.756743479826,44113.427147571485,78383.15418814486,38504.66818294071,51237.882495094185,3302.0757331897976,74447.90087238347,48818.4377597003,26818.770285805484,39803.13265741197,107387.6318821896
155,39682.27514781479,31099.80163917841,116760.35179409925,55224.519934159805,88132.30907046753,46841.49831500695,15029.935769195474,21188.07420575643,58884.38554155854,186984.8776794049,164291.9195623599,78781.62149107494,80212.890893,54369.84865983845,178891.45664878932,100782.86021243976,74455.64778129285,66948.18592955457,235570.93527995882,54834.162862859856,11873.16589303093,43834.3818924129,85965.49711433826,39731.886849329974,51738.679342514464,3412.495357590217,75973.99440276696,49593.981169650855,27054.18138185189,39978.94858524493,109179.58442662148
156,38686.75142562883,28258.104319205617,109181.18876662417,56398.58805080757,86515.61377270674,45728.036058626996,14892.211987578488,20806.837099258482,60079.613116247536,185894.24959843536,157354.6078067399,81806.36777994168,76873.60959798317,50533.51449720972,167411.849216808,106440.82274813455,76486.18425814794,61643.081172806444,196766.41078547642,53589.684433867675,11614.014691961138,45500.78133174803,93796.96957811815,40733.54310144503,48218.796344455615,3388.2574724789633,75640.64639383834,50075.40455915034,27541.145813556042,39798.385565029464,110691.18248130327
157,37815.93039360004,29146.88489809349,101433.40107810647,54274.198735790145,84409.34159102991,47801.03020491521,14285.463527063783,19818.379187995717,60774.86507450805,179167.18912938,159777.55311386727,81189.8271123222,68856.87648396251,47372.409261610264,162509.96942929953,103108.47222670782,78525.64323416058,62459.259748732686,190493.86173652954,52755.03882340432,11373.477156404382,45539.51721244896,93252.77051915754,39754.63496502873,48723.72442484415,3285.249404483764,74213.64130276634,48500.638981598066,27349.75202500832,39825.70437321945,111521.51695822751
158,38212.77397230015,29648.72588613745,102599.16181210597,53541.3946387054,83895.68506384328,49444.077883886945,14573.065568689548,19970.206582783587,61890.751781741565,188327.92436892114,171355.33469496403,82656.22604741884,69709.11219403887,47307.2541376679,167178.6168148261,102331.59882448797,79548.66965230531,63460.134555654695,228967.95792322478,52858.18269729553,11468.844262616789,45411.88540981886,94866.42780272312,38209.5766203068,49227.9415709692,3279.700399755705,74136.28620470903,48324.14853313549,27300.837498806683,39833.64835057636,109366.38616884293
159,38331.83212902385,29947.2629875806,108224.75469612652,54186.751794051575,89317.32918041357,49621.36024078368,14722.025849130314,20299.542116059107,62899.5946465,192249.12291417806,176039.088988,81804.26219451046,72986.13570160486,46336.98812877744,171652.8301000728,100011.0060583354,78014.95064569204,63377.35560080838,245710.7999960557,53707.95174143224,11648.986092057623,45228.302316801026,94380.4047580786,37302.47031314243,50736.41879224863,3376.1515598732994,75473.80960344977,48617.95900889535,27235.102722077278,40197.65592995509,108239.64323081562
160,38883.641422960296,29967.688668844326,109054.69257356206,54218.45169378484,89990.63431464668,54452.45073052344,15155.261391145512,20736.72986954473,61390.20274280363,194814.7574477062,169338.79234628877,80548.00949161634,73750.49844041094,44021.91591631742,171756.54091380478,103108.47222670782,75469.7907090667,63091.3840413749,232262.82632566572,54206.83339139457,12002.198259668306,44340.496806815514,93154.24936915767,38277.66248606408,51237.882495094185,3485.296338719795,76969.82838152947,48725.51887534979,27165.135101372518,40024.03392951229,108780.78252741802
161,38609.643556122624,29452.262253748435,111117.69487834853,55087.329106257486,93690.82970346954,49403.823450830314,15562.63802242856,21569.53727639397,58572.57021608101,189345.38415300942,158769.75081710887,78542.29643816417,74435.29127230178,41416.0668160419,171108.38060689546,103108.47222670782,72938.69828021788,63358.99072524367,222418.2749077137,55582.26814150746,11912.90624430984,42730.293468235315,95317.65434674335,36600.37727576173,51738.679342514464,3660.690331733792,79336.84838712338,49347.59708404147,27291.962309697232,40542.34089810818,109051.14233731532
162,37266.470681378065,27418.910485793695,109301.3936549871,55461.56779140047,92671.87221553196,46458.83193951938,16487.488770963653,22128.80060146747,54761.35551129348,180483.60255154996,141778.72548149244,74621.03381248897,71789.18029666289,37296.71451996822,168358.41533632608,103887.00773601113,71930.27255789869,59821.39188273284,190493.86173652954,55258.37342755833,11693.909858296454,42026.61516375868,97356.56016513161,39049.81123575175,52238.817535141396,3537.9050107607395,77684.50107268902,49982.317830442684,27801.03483042367,41176.40541512234,109366.38616884293
163,36759.344787639035,26525.489152139875,105170.00321893992,55373.37189422439,91360.14876134731,47524.19109921964,15581.100383642379,20958.18498597271,52089.62339450891,166230.31503370087,130514.44395086194,71435.76758819952,68967.60832135794,36253.48664079511,164211.3999527124,102331.59882448798,73443.77598222757,59056.03700831251,199924.08470470505,54248.69531775185,11873.16589303093,44187.118110335,91172.40763851172,41280.531628413264,55226.251157016566,3317.9825435690227,74668.93857231221,49499.13773543696,27684.85018515781,40445.33625075874,109636.4449124216
164,36877.65968469181,27363.972029592995,103619.39086417526,56068.77296872999,88586.81793752345,47449.6555264745,15431.481952686117,21184.599950155854,53477.44819110391,168083.5589113246,136260.13305396252,79664.45609401578,70306.18956563674,38613.11024679161,162684.00753377826,100011.0060583354,85308.80163930476,69883.06287301083,222418.2749077137,56361.233475578556,12507.517536712538,49040.5197069726,98624.41861686404,41942.060630718515,56217.13606456626,3339.5714606491247,74968.28535805158,49356.74904334841,27347.884253544435,40428.463643764735,109816.4072748212
165,36167.80649648887,27574.11799701337,100936.10966873524,54450.3575989954,86175.07905535217,49552.68396041097,15495.962562479632,20641.256328834188,54361.33846538918,184976.19843155416,142646.00006837893,87050.835653,70920.2129027614,37739.79161452617,158659.710602406,112041.43397248321,87817.43631457398,68100.14369124851,219163.62985287103,55277.02791955806,12211.114123591322,49808.43039787131,113245.24248716688,43176.69774570862,55226.251157016566,3502.419479829076,77202.89180855989,50579.44691887271,28154.701643220753,40604.84031689257,110041.27407827633
166,33385.545043042795,26335.69296239677,97216.70479058918,52876.16690488687,80245.74709164517,46846.45415236054,14756.74581386081,19794.28075387813,52128.05831078699,185965.69245841916,147076.16767847817,83902.93328790675,70230.65169961493,35942.347484823214,148994.5776058084,118219.74435040726,84267.61568205012,72052.036892,190493.86173652954,54371.34993691455,11883.104170587809,47376.49810393709,107357.71555343916,41850.77751997365,52238.817535141396,3326.750612227474,74790.60424341986,49903.404988642906,27723.98976648731,40455.172878986246,109591.44473112395
167,29182.686634719925,23729.02683486548,90445.85455181877,50450.78246357734,72661.7499469089,44605.75914492495,13778.202426258134,18190.936374059787,48097.08344414841,184625.93017152327,146983.0904449757,79600.56247775667,69100.05065655791,33680.51912392267,143155.9100426757,107429.87123578966,79548.66965230531,70186.08137865398,178122.8326323168,52435.11181150713,11468.844262616789,44913.742058295866,96228.80713369655,39458.97097862039,46191.78130214847,3077.93355731051,71288.54160717466,48372.627237647794,26858.74117219231,40100.98900882197,108915.97986763375
168,24944.433623082037,19653.260956944752,81045.79134726353,48030.3517424974,68224.66796905163,42234.44399763864,12970.175488275927,16961.625409419095,43718.93602100719,173820.3098324911,140051.10471042318,73952.73907833023,64281.21392870951,32015.42585611198,140117.40681333913,93140.79752117064,72434.1962437494,58739.67953578652,148252.34844255488,50672.16738155855,10592.688986290994,42719.956807153154,82464.70930093116,36894.70517085753,42614.767221362854,2806.5254729334088,67342.28959126864,46755.23001553128,26551.657608220732,39081.309734881586,108239.64323081562
169,24524.900569555215,18952.699746046463,82594.29957973868,46137.13927322826,70560.73513511973,42241.77534197039,12062.593423703775,15978.58018376154,34336.74306438171,173498.2676341398,116923.0398653034,67552.95185417023,59946.60784675335,43038.47598583598,145499.04930363834,95540.6905270891,70940.77461681693,53303.978608022684,139050.35639544768,52086.82136878146,9306.924683094085,48249.42380968988,82893.60437285295,31666.717711580284,41382.19101491091,2683.7469078641857,65509.30780698654,46331.35041663755,26441.381418572273,39607.642945889274,105276.98912703358
170,23115.822477090165,18082.726550724747,80649.76190102009,45642.8698177488,70992.6426350259,41569.992790588294,11927.50240353815,15650.995218564765,31121.996151370317,170449.84611191624,110198.32300310837,63246.757130478814,53163.53541060241,41127.09647014702,143514.0982698918,95540.6905270891,67844.66309042457,51722.249989315605,127623.51537547022,50998.86387187667,8882.334014878505,46092.94379125315,80218.60102387387,31556.441445447923,40339.64163965796,2609.7263672335366,64388.710838628496,45690.73697148477,26517.95031184195,39378.24937441147,104410.64841568687
171,22286.591373394698,18109.998549435495,79196.66115474404,45235.71381004956,70008.48325190695,41353.40286886724,11739.486802608804,15588.134082003737,28941.526197893727,163090.5075443802,104715.85284804321,59549.64725073827,50083.90949335345,39581.28177391857,142053.9551999807,92073.42598799602,64771.66594428968,50846.673999280894,122015.06887425143,50261.90323347446,8561.755885867145,43856.882818132726,74653.5617804029,30829.20556144979,37189.40905256019,2532.1492316160497,63201.12090882857,45830.208437134366,26446.88503210554,39398.34999666812,103588.52432138796
172,21872.048371340832,17648.736983091618,78252.0300197668,44997.59163496834,71498.4159124913,41682.15497826253,11711.665637794513,15313.37190782921,27870.042538031088,158210.73653446275,100590.72251581798,56722.08172845442,48185.85254009298,38592.621252580975,141011.42661667778,88642.77266360493,62736.20080886241,50342.55282551235,116478.43926483314,49860.33638695183,8447.265204570549,42214.70559308158,72602.25939786182,30939.32678090492,36660.90276893475,2492.434556404082,62587.759244050445,45552.086294187306,26433.58487721834,39240.51919243014,102948.15614893378
173,21789.145689551373,17240.323224773132,79331.64396991441,44977.68041803522,78641.95627016896,43688.11760082458,12104.67193626566,16162.062746075564,27419.457539530315,154495.70126848947,98059.88274656184,54896.7312529506,47194.17235798803,37315.6226188259,141865.5827855051,87790.9004344413,60207.12097332807,50267.11421919598,113737.51154800548,49528.23975476107,8514.966472172187,40759.06297591827,72770.08979430006,30146.98749232341,38768.880134988765,2474.54566186629,62310.257553993906,45732.08512032307,26332.37617395439,39384.05559105334,102306.95901898526
174,23281.69144230203,17875.93985271725,86427.95461700513,44787.305234651125,81636.15464531089,45683.928245276526,12820.060895905319,17628.858475914327,26943.425321685958,153329.22599012923,99178.100462021,55039.322830189696,49407.37806044696,38984.75159419907,148861.00729418776,90353.48557836899,58697.988404190495,50981.49179450238,111015.09496775629,49906.48403884526,8613.667446471807,38408.62861628988,73936.16108712941,30653.061085669106,39293.41297912456,2616.7667570658086,64495.81469713201,46683.977603094914,26694.254333552937,40024.47218188333,103039.68789865873
175,26847.88500450929,18913.527723599713,90809.27089768772,49134.23846672691,85797.5479267682,44556.15157722963,13598.53708445802,19090.02720949526,29949.09954124437,160494.5735692708,105537.86238837246,58223.12182454434,50879.60227277085,39240.04647774854,153441.91033395144,97287.86922022465,59703.37605430839,50083.062963493554,111015.09496775629,52043.26943518991,9097.82156751192,39519.87248908791,72648.07995821208,31335.95885190505,39816.99485388248,2810.772651869886,67405.14048831427,47958.44453030681,27585.910448713505,40397.280560292675,103862.71586103961
176,32193.79110033774,21972.249690668024,93558.84892206755,47235.56554071611,88375.03711843623,45338.02183784589,13973.682077111007,19597.38659365641,37333.951094796204,166880.16478241832,122050.70800786334,60892.66671277028,53712.32831822811,43001.49191754922,164059.04665483205,98164.81410636856,62736.20080886241,51031.56024406381,162708.9057706844,52871.75265304062,10131.7543020661,45150.63269234124,68668.44151087693,34430.99226692727,44488.904881343755,2942.36961089582,69334.891138096,48303.157143372904,27643.646190476786,39370.16309860475,105413.64410424736
177,37745.14182702485,27011.49787197974,101794.61070627962,50987.286953329436,97733.87778116652,48208.387151404895,14475.419021335898,19681.46992140888,45970.27219048406,171410.04193837862,136474.07119573903,64754.97113412642,60490.67710743334,50331.425495577314,173069.69896292238,100808.96714502094,69906.21218880264,53991.264113329074,216276.52410449076,55794.475550147945,10879.697518646879,48771.323908882376,79893.01730205728,33943.474177787495,51122.887302043615,3190.5498476047815,72886.53777965352,48941.39254974435,26916.34431137255,39845.36634936754,107232.21932740342
178,41013.460206216434,29138.52175253647,106436.99350153854,52382.87513031359,100344.75244812171,51075.28349614786,14741.518045452834,20249.608526162046,51559.99365216775,197075.9240133367,144737.21004462513,69034.31947924675,68570.89081703516,54147.124147993025,176597.00063042794,114322.37884250107,74059.31894598842,58199.65420389525,229486.51575023308,56847.34822256957,11359.291131981538,51643.180305794034,86717.99255108932,37810.44137445344,51628.17074492145,3339.112783547006,74961.93317248642,49163.700981168695,27158.78070834458,40212.58735554225,108365.5753019894
179,42199.122785600004,32288.47472112732,120276.63769914627,53627.80615444631,92667.67869875768,47541.47362818194,15035.542022073478,20851.301240815836,55835.891006112375,209883.04819258553,145557.47360958392,74020.53329329737,79316.46118526622,57381.821112000005,186234.28165760002,121722.83380113573,77199.65804638642,64957.17682108071,239537.47364814978,57768.656039428904,11479.576178313562,51316.50461185115,95106.60059070925,39015.533682188296,52132.78225281518,3450.770906855317,76498.56375439723,49944.72933960175,27397.176364286297,40390.211901261595,110173.84656179571
180,41140.45798797899,29338.164196784666,112398.42031014134,54767.92828582504,90968.99153512297,46411.37236323792,14897.76686869024,20476.123691663877,56969.24063647806,208658.86178286537,139411.2335785467,76862.48207705274,76014.49846737589,53332.96230381971,174283.479289192,128556.36910598539,79305.02850967734,59809.84350720942,200079.55940045416,56457.57837252369,11229.015714391446,53267.34299081384,103770.82924815774,39999.130393579544,48586.08766715724,3426.2611625124932,76162.91411383421,50429.55754494494,27890.31456833053,40207.79142983564,111699.21023682918
181,40214.4051465534,30260.915074330413,104602.9605379182,52704.9617173848,88747.99086105336,48515.34427025013,14290.792087494245,19503.376783593867,57628.49881173441,201108.0054026934,141557.88691694054,76283.20142567177,68087.35740822792,49996.73865015039,169180.39567580973,124531.64557827698,81419.65030452484,60601.749297305134,193701.39330482262,55578.26604844817,10996.451881960847,53312.690727335204,103168.7630206622,39037.87165666252,49094.861876370545,3322.0977258008256,74726.05613637285,48843.65460492646,27696.49427468126,40235.39126651796,112537.10629345963
182,40636.418522597574,30781.937048826556,105857.70028460029,51993.3452811623,88207.33169428198,50182.9448105739,14578.501406343166,19652.79096416485,58686.61511858264,211390.56439688493,151815.43726656897,77660.98001339575,68930.0688460832,49927.974072746794,174040.67356970123,123593.35873244227,82480.3796381166,61572.85853508807,232823.315499954,55686.92974754208,11088.657614663804,53163.27335892426,104954.00784457383,37520.670217978215,49602.91973600502,3316.486481807482,74648.1669330081,48665.91594649257,27646.959606372264,40243.416963544485,110362.34944530699
183,40763.0279409209,31091.88460942843,111477.3353750967,52620.04314052902,93901.85543607366,50362.87638403616,14727.517249829167,19976.891887493064,59643.2293333848,215791.95296616753,155965.09626208385,76860.50374056307,72170.46954661135,48903.95741782586,178698.53657093283,120790.60906847064,80890.13650172505,61492.54138933782,249848.07318939338,56582.174847689974,11262.82782946562,52948.35433342891,104416.30375239131,36629.91874637793,51122.887302043615,3414.019466438786,75994.92538365819,48961.80436566928,27580.39143911177,40611.16908772613,109225.34563437712
184,41349.83573009932,31113.090985623294,112304.95450325699,52650.826496908325,94608.81857069918,55266.1602108846,15160.914391204564,20407.130778399314,58211.97992753307,218671.77513750002,150028.84416763994,75680.171408486,72926.29004913941,46460.63519363009,178806.50432555523,124531.64557827698,78251.17649484958,61215.074496187575,236173.66282606137,57107.75453991829,11604.331184318435,51909.00865132442,103059.7656673367,37587.52851742942,51628.17074492145,3524.388445151363,77501.27355940368,49070.124937867244,27509.536763556018,40435.761038321,109771.41290643663
185,41058.459553138564,30577.96433216387,114567.84934854157,53494.58194292422,98505.36310690366,50142.088835927025,15568.442976324719,21226.70116252977,55540.21862425303,212532.62231915144,140665.0057782647,73795.67160967605,73603.42988870798,43710.427668639735,178131.73946300943,124531.64557827698,75626.80244380512,61474.72267695913,226163.3490619587,58556.79675804553,11517.999156141832,50023.95852667396,105453.21536548171,35940.48422111027,52132.78225281518,3701.749708657165,79884.636869827,49696.60272868798,27637.97189693592,40959.39982904234,110044.23479313395
186,39630.09596127038,28466.89533177328,112665.76060060336,53858.00021593535,97444.37832164789,47153.08888275192,16493.638699532366,21777.075299924443,51926.31373418294,202585.62682938643,125611.49171331988,70111.38655382155,70986.89087416058,39362.87213230783,175268.89840652843,125471.93987244011,74581.21190436215,58042.33044191305,193701.39330482262,58215.56856477639,11306.262394551428,49200.16885751507,107708.92734087577,38345.75567299696,52636.73008882248,3577.587191494973,78220.88077313475,50335.81247022493,28153.49847804734,41599.986965711694,110362.34944530699
187,39090.80561619986,27539.32632404506,108284.3685756869,53772.35433828873,96062.660410657,48234.368223024554,15586.912224105943,20625.065985682362,49392.89945298904,186586.881539724,115631.69254855734,67118.6186957781,68196.85174741666,38261.85167671879,170951.66355664658,123593.35873244227,76150.49442747497,57299.73687917021,203290.40216557623,57151.85674005451,11479.576178313562,51729.44963291234,100867.18566445669,40536.25689297357,55646.919534767265,3355.198009379007,75184.49704731021,49849.21513526217,28035.84083495537,40861.39729519638,110634.86752397491
188,39216.62463362001,28409.857059477064,106820.85974783203,54447.64919042398,93158.37873282886,48158.71882892974,15437.237984610507,20847.882206626524,50708.875383884464,188667.07368631475,120722.19238702317,74850.01467337861,69520.47350101727,40752.19334564751,169361.57739334853,120790.60906847064,88452.79721756766,67804.77183679632,226163.3490619587,59377.449032123914,12092.899371393501,57411.28189938094,109111.60296565689,41185.85873969836,56645.35219248765,3377.0290740879514,75485.91070014726,49705.81941425614,27694.602823467794,40844.351119748295,110816.46874370877
189,38461.749018823655,28628.035067025863,104191.33991694791,52876.027276299996,90628.61760547782,50293.17384057217,15501.742646044006,20313.174737913974,51547.00590970139,207628.38605834096,126379.86972076692,81790.00579966766,70127.63473961249,39830.49474310112,165172.0981290459,135320.63703615882,91053.88585040001,66074.87587412908,222853.90236331572,58235.22136652737,11806.321588256958,58310.267828,125287.1257372,42398.23574378692,55646.919534767265,3541.703644435797,77735.94619405532,50937.164690778074,28511.649105768658,41022.542179147546,111043.38333429654
190,35503.0226792106,27342.27588797519,100333.76103380477,51347.351363961905,84407.31669156555,47546.50352302574,14762.250165307101,19479.66138103588,49429.34456108337,208739.05353639688,130304.85889071997,78832.34375350337,69445.7798183481,37933.47608199131,155110.24758310092,142782.63450000001,87373.23908788936,69909.24153848563,193701.39330482262,57281.07531723564,11489.185006769536,55463.22723133574,118773.55120614915,41096.22143414107,52636.73008882248,3364.0644232683576,75307.00277010546,50256.34152572407,28075.47663089294,40871.335112786976,110589.45754100442
191,31033.59804660921,24635.97974044015,93409.30800395645,48992.09238074886,76437.44311312164,45272.32471925615,13783.341775367264,17901.801291831634,45607.05667895608,207235.22394270485,130222.39538919619,74789.98240366872,68327.8139558875,35546.34730399429,149031.924560709,129750.91532575266,82480.3796381166,68098.77870759985,181122.061077232,55241.21789191419,11088.657614663804,52580.1015542314,106461.25518488286,38747.53839702977,46543.63248340181,3112.4565632526333,71780.75982399365,48714.73751149903,27199.258348688592,40513.50775428499,109907.8414438295
192,26526.533908569345,20404.43302366972,83992.4702392326,46641.64389020343,71769.32383478328,42865.57385529622,12975.013438668788,16692.029559231367,41455.56965775461,195106.3471986918,124080.87404531676,69483.47954095129,63562.83077142183,33789.01145731781,145868.70214176064,112492.95557673906,75103.7073414232,56992.787736393366,150748.61831376358,53383.928109903034,10241.546462572775,50011.85749334819,91233.55803876906,36229.50547872796,42939.371637191594,2838.004286161416,67807.26055226506,47085.90141913329,26888.28155578713,39483.3390429203,109225.34563437712
193,16798.146871216013,14737.565129552982,74038.68224469958,45245.898149912995,68415.16216587872,41513.26238692437,11947.53139374104,15999.19522801934,26988.092370443355,141990.62005515123,110124.28530363338,50166.89400055979,53542.32775848944,37003.51017762029,128656.89222730443,68655.34739286786,60966.0864374576,44693.893046861944,136353.69920890275,50033.456121946576,8772.452172803361,36362.144574306316,76874.02898186637,31812.01359545672,41694.70234281606,2643.0619142345245,64894.864646946975,45886.31308320563,26053.55750299157,39056.34839370023,103977.98611643274
194,15833.009390511035,14061.076460454866,72288.49012948635,44761.17660467814,68812.83271294937,40853.065577090616,11813.728972673809,15671.18762335911,24461.356317659473,139495.79824492565,103790.5923106045,46968.981721085394,47483.91176747286,35360.14921415659,126901.70803574132,68655.34739286786,58305.30631548107,43367.65790344972,125148.46332360321,48988.38805571678,8372.244643810933,34736.95960813371,74393.2792722621,31701.23135053287,40644.279810495376,2570.163508189365,63784.77829403304,45251.85307189034,26129.003336632504,38830.14772684528,103122.33510282131
195,15265.03375976173,14082.283088671347,70976.80157228358,44361.88571786377,67858.09185518583,40640.2110230862,11627.506805042556,15608.245385405015,22747.544253275155,133472.9309238308,98626.91278071381,44223.394528304314,44733.29173812267,34031.09263084663,125610.58297010628,66163.77809269702,55664.39055659242,42633.511960221316,119648.78358828793,48280.47985943748,8070.0764840634465,33051.80016038006,69232.36256072001,30970.658702001256,37470.25719815101,2493.7624243296495,62608.327338735005,45389.98483971968,26058.980393323694,38849.96857068745,102310.3551215184
196,14981.095636824744,13723.607413604486,70123.6486872711,44128.36340047092,69218.29368717663,40963.2933856786,11599.951019287899,15333.128722013296,21905.376435215836,129479.33651580807,94741.64748018811,42123.55764564267,43038.010034184575,33181.064630887515,124688.7316712295,63698.51753752261,53915.12373427225,42210.82047618117,114219.52797209419,47894.743570151026,7962.160705210046,31814.20847618776,67330.02184337421,31081.285188849753,36937.75972419823,2454.649814574476,62000.71868665338,45114.53420830322,26045.875315919944,38694.334596557805,101677.88839258772
197,14924.312066152672,13406.026042946205,71090.94954970227,44108.83681283267,75881.2684273947,42934.660640360315,11989.20853000655,16182.914513565283,21551.2243382195,126438.95940925021,92357.96911253345,40767.996396207505,42152.27408933181,32083.13003031027,125444.01549393534,63086.36387289125,51741.64732816789,42147.56731777996,111531.75612352173,47575.738842307896,8025.974064863894,30717.194602973712,67485.66471663858,30285.310422846378,39061.65617983408,2437.0321116152113,61725.81981779985,45292.80404970437,25946.1510719953,38835.8731273778,101044.60293459242
198,15946.620095317085,13900.27971536601,77471.64206568488,43922.13914814533,78642.3460060451,44896.05100066151,12697.773575167976,17651.602655529536,21177.07116235183,125484.31847645057,93411.16553019993,40873.88927496978,44129.03623442175,33518.20944734885,131629.68874338467,64927.83238551698,50444.70763230768,42746.55290534012,108862.13641791698,47939.07199057418,8119.006898580203,28945.840102776347,68567.05813701253,30793.706025398154,39590.150207552266,2577.0971673106906,63890.87757417241,46235.55309744923,26302.721452752914,39467.37582807455,101768.29074053696
199,18389.257652979937,14707.10507690609,81424.28809426958,48185.10172842602,82756.04097133162,43787.724270653925,13468.824076110533,19114.656541468477,23539.47965639003,131348.42397759852,99401.12471743567,43238.27606022345,45443.97821598878,33737.70622564617,135680.33203975888,69910.86647560491,51308.73189354982,41993.245495050855,108862.13641791698,49991.62109148944,8575.35730601447,29783.305240585454,67372.51500205607,31479.737120305705,40117.68608433217,2768.161976809336,66772.91540594006,47497.77809003732,27181.299372018235,39834.995126479625,102581.1634371774
200,22050.89597452049,17085.558532449653,83908.72736245637,46323.10587901863,84986.63789440205,44556.11018764557,13840.39065549293,19622.67050419911,29343.846584714418,136574.37849655366,114953.79358638196,45220.7619732961,47974.07544456941,36971.71211052077,145068.48797573012,70541.03730094069,53915.12373427225,42788.533897906884,159553.4292121523,50787.44386659444,9549.91396921043,34026.80703620338,63681.870305732824,34588.9714266157,44824.87758845596,2897.7639558228234,68684.56600052306,47839.179554588634,27238.188285808155,38822.174003047934,104112.95492054941
201,25853.25205649718,21004.06350911161,91328.36103990857,50002.35447561403,93987.69725001945,47376.972413332136,14337.34165781612,19706.862313525227,36131.847154081435,140281.62050489933,128538.47770483597,48089.027699453334,54028.272430340025,43273.82354785665,153036.11751316048,72441.1203380956,60076.989542872645,45270.162692561506,212082.19006518272,53594.947261621615,10254.904749607109,36755.46340304582,74091.33881911958,34099.21646618689,51508.95872565068,3142.181836506361,72202.90004790365,48471.28436945349,26521.55396820907,39290.762950513614,105909.09091259268
202,28091.862239639304,22658.031196662734,95513.36013045748,51370.9837731762,96456.14655014616,50194.4254969666,14600.902430596008,20275.733912220716,40525.27255410009,161286.52481766485,136321.13765916624,51267.003034780915,61245.25211172782,46554.47512032088,156155.11844589104,82151.830711183,63646.145178826955,48798.779908742996,225035.995248487,54606.31361635904,10706.95654744777,38919.77645086663,80420.69738741982,37983.92640530813,52018.05798387879,3288.4925920791566,74258.82931376631,48691.45740981691,26760.434475597827,39652.872646721466,107028.46251286016
203,28903.972938791943,25107.425618126097,107940.34329261274,52591.866194775794,89352.73861813781,46721.56065909568,14892.121786815429,20878.20291123766,43886.05469171925,171767.84851116445,137093.70514420394,54969.91834799473,70842.84022010813,49335.59455560344,164676.84166271833,87469.78270888476,66344.93421900764,54464.77334865449,234892.0310437232,55491.30166167035,10820.333936003186,38673.58431271975,88200.14071642114,39194.54801840389,52526.480232783106,3398.458003596281,75781.04710179838,49464.98357427448,26995.33350875419,39828.02485535869,108814.42168120234
204,28178.848418617526,22813.2725904565,100881.50122432732,53709.96433972855,87726.4479499366,45610.949422810714,14755.660835798957,20502.54132021894,44776.84810374921,170765.9769089315,131304.85213882293,57080.43668178205,67893.63631286538,45854.47714416084,154109.39740998377,92380.34738753179,68154.2772708868,50148.878539029756,196199.339344034,54231.909262677036,10584.162508706162,40143.79186290196,96235.1896198603,40182.65775052753,48953.00160772428,3374.319821411397,75448.54567990408,49945.15474610281,27481.23870230675,39648.14347499256,110320.9640352372
205,27544.55546413009,23530.80103434056,93855.85669879668,51686.84854380654,85523.72357884656,47678.63566761054,14154.475833633682,19528.53940573842,45295.01374620483,164586.37180976785,133326.68346443342,56650.24510263182,60813.37606091408,42986.06735279187,149597.01824588547,89488.18918320398,69971.57086295089,50812.86936316689,189944.86748324387,53387.26116498209,10364.954213099429,40177.96721301621,95676.84429308072,39216.98848584168,49465.617993966516,3271.735478744194,74025.1646812989,48374.485249728044,27290.261230823693,39675.35915249567,111148.52137009038
206,27833.610363753523,23935.946231908878,94973.27207700504,50988.978556583264,84996.91023263543,49317.47632301866,14439.440766005899,19678.14635562368,46126.67505357889,173001.59662583176,142987.7853526514,57673.4257404787,61566.05804964012,42926.945121311095,153894.69752407933,88813.93814943451,70883.15544301513,51627.117258796854,228308.08315382013,53491.641126703515,10451.864810072904,40065.36201438208,97332.44804407476,37692.82569656653,49977.51262087874,3266.2092999354463,73948.00603806149,48198.45386591244,27241.45310280836,39683.273140702404,109000.59864510655
207,27920.33053610419,24176.960568774997,100044.61558344577,51603.57035751285,90428.64704869388,49494.30474844256,14587.03518502323,20002.6654234179,46878.55745382732,176603.68384305947,146896.15304187086,57078.9675084261,64460.27679876511,42046.518715764374,158013.39232674026,86799.8878974044,69516.50980045628,51559.77358172565,245002.6731517661,54351.593899008476,10616.032881836862,39903.3928951724,96833.79099714289,36797.98720453173,51508.95872565068,3362.2637066700113,75282.13259645179,48491.50011899899,27175.86131143653,40045.90656234236,107877.62421880962
208,28322.260134140117,24193.450586267056,100791.72289755604,51633.759065122205,91100.76126975125,54313.02523103738,15016.298260604055,20433.459394542515,45753.61991686162,178960.52429646594,141305.07774964502,56202.41651600514,65135.350677447226,39945.80541866741,158108.8623372796,89488.18918320398,67248.60301831037,51327.125363518615,231593.455902166,54856.45420299031,10937.924586057918,39120.11228845612,95575.76211958996,37759.990760861554,52018.05798387879,3470.959516730705,76774.3520115034,48598.78021432387,27106.045883311766,39872.939998843874,108416.95361741472
209,28122.684205117323,23777.33763066752,102800.45726957863,52461.21550423486,94915.16519065225,49277.32496143742,15419.93953354973,21254.0871617162,43653.66126005195,173936.25444537535,132485.72091871907,54802.929164881454,65740.14958985931,37581.239067037284,157512.20448545984,89488.18918320398,64993.23132122339,51544.83309048875,221777.2760133824,56248.372318442285,10856.550382016483,37699.48464671032,97795.40406728764,36105.38935808771,52526.480232783106,3645.632023761467,79135.36061641993,49219.24035180681,27232.597218884857,40389.29031716018,108686.40918014025
210,27144.337266109385,22135.77641231252,101098.43804344353,52817.61354766581,93992.60950708241,46339.87410085826,16336.310048588142,21805.17137391541,40813.19386894459,165795.65410084723,118307.5274709607,52066.866079675376,63403.14346821338,33843.30895098553,154980.74991561627,90163.88276529088,64094.65693223222,48666.868340875444,189944.86748324387,55920.59601367174,10656.97311266884,37078.653211149,99887.31054286101,38521.69687770798,53034.23379786281,3523.3517821614687,77487.20968467006,49852.31014282816,27740.562412256815,41020.961189886955,109000.59864510655
211,26774.954385349825,21414.50140417541,97186.54000911707,52733.62211000835,92636.25989682085,47402.50540844205,15438.232607844291,20651.67577473903,38821.973603665996,152702.31435307564,108908.02629686063,49844.34487546716,60911.17278381675,32896.67641577296,151163.25405251904,88813.93814943457,65443.28914643706,48044.22443816456,199347.91299714596,54898.817807399464,10820.333936003186,38984.79148104352,93542.40309314066,40722.24873866943,56067.15568686888,3304.333969540585,74479.30565545727,49370.38683481392,27624.630490189775,40292.651870116446,109269.75414846178
212,26861.13317852461,22091.423614869076,95851.7089431861,53395.872145059926,89949.5112195373,47328.16068403007,15289.986073090664,20874.77946592169,39856.30816223765,154404.73926345634,113702.52751060874,55585.91666232164,62093.38796337653,35037.815970116906,149757.2273800242,86799.8878974044,76015.81614986747,56852.402009716825,221777.2760133824,57036.6728610261,11398.435571180067,43266.78264295244,101188.12654003457,41374.831142941985,57073.12833964596,3325.8340802664943,74777.89220534469,49228.36850619397,27288.39752210991,40275.84295856393,109449.1146075782
213,26344.08678272435,22261.07820968516,93470.32855815248,51854.609592227804,87569.07259939646,49425.80431368498,15353.8754408617,20339.382135030788,40515.06441080859,169922.63772709292,119031.2264015618,60739.766932979735,62635.684303516726,34245.36031645372,146052.6988296619,97241.13667053182,78251.17649484958,55401.93269848216,218532.01069085914,55939.4740632098,11128.315205757963,43944.28412847583,116189.013710332,42592.770876644805,56067.15568686888,3488.0122215263614,77006.8235391668,50447.886054547635,28093.45993399959,40451.55379563767,109673.22932006563
214,24317.529347206997,21261.275548529586,90012.59807532287,50355.46344395307,81697.57389453048,46726.503807027744,14621.43679199882,19504.793406339682,38850.618834865025,170831.60567262198,122727.98820029304,58543.31638142262,62026.67403605664,32614.34649160047,137155.55188957855,102603.31298827007,75088.05021266521,58616.94090951123,189944.86748324387,55022.94233336656,10829.390954399363,41798.6729768659,110148.44253401653,41284.78255599907,53034.23379786281,3313.065970608985,74600.66233842967,49773.60255913827,27663.684935654957,40302.45136428533,109224.90447506208
215,21256.230436112975,19156.86740253571,83790.29640068459,48045.70150921252,74055.44087246261,44491.54609913364,13651.865961780828,17924.897613387195,35846.365978504764,169600.87467237993,122650.31972554748,55541.33485755235,61028.14389764265,30561.947051132993,131780.82158201042,93238.74589022745,70883.15544301513,57098.91853591022,177609.49109678046,53063.500111652895,10451.864810072904,39625.86707745724,98730.24195831436,38925.32309485383,46895.12214685815,3065.2724286095813,71107.49371307329,48246.80647374605,26800.318417877323,39949.60456657147,108551.69877573045
216,18169.150627815205,15866.428775175575,75296.59917769604,45740.6571418097,69528.19824473368,42126.30270425541,12851.248064788804,16713.565072659883,32583.368233121484,159674.6272640396,116865.91102858857,51600.5630730374,56772.218490177416,29051.0293571749,128983.75611805446,80837.21084454223,64543.686452294554,47786.85617942773,147825.09222238543,51279.42835661022,9653.401051118717,37690.364962192936,84608.35112495103,36395.73672722308,43263.64253055523,2794.9807857094575,67171.26379329893,46633.61622085242,26493.902817735365,38933.77466348142,107877.62421880962
217,17255.07240800585,13279.46703020586,63589.29983509419,45358.78115699514,75625.84509407061,42091.701264711075,13443.061695426786,16153.877271857384,21750.998289596406,110201.71071262071,83176.55294530121,35880.65774480393,38571.80119934789,27939.063808970925,128083.29688218568,59203.568888496186,36195.31278251594,37638.62982765434,127197.61051456863,45355.91666186541,6713.145337425434,22365.824078979087,64075.40423579175,34170.75202374809,43071.20334372018,2654.122831392699,65062.268089671285,44572.66070844163,26957.43227444559,39403.8917284493,101192.69141361171
218,15186.11019490286,13286.978097774874,55429.35431963163,43446.513431461965,74357.88345714891,41379.23400701581,13139.039500040364,16278.128256274613,20201.972485969352,109226.9912316259,78422.07771260776,33414.86031958297,36080.84468699167,27450.563727444805,126963.71903179251,59770.165988365414,34572.2335853318,36911.804628807906,121518.30628710921,44226.433969459096,6352.039354384288,21714.190102294913,62627.9162711191,33184.76872960136,42016.29518117641,2595.183248024046,64167.11852100279,44209.317677726685,26861.03472457525,39324.04096319776,100964.5767230005
219,15078.678258569817,12933.122578654958,55756.52046872809,45099.92112307824,73894.58207661402,41385.7332853725,13057.632574830215,16026.271161386176,17747.652415608645,105755.65656969493,75350.75683569355,32572.255235259196,34526.85782618192,27031.82220330237,125762.30527097186,58074.978044796524,32961.617604589956,36606.14321390239,115912.93079702333,43412.143405349714,6101.654274524357,21619.528090186737,61383.01470496136,32488.430605869773,40427.11533580478,2552.6414518392903,63516.16483154155,44134.270262688144,26689.219005760962,39248.90766563567,100448.08409272571
220,15669.612776828864,12905.110473256651,61567.54587133894,45076.82268310746,74226.9791859047,41692.367375205606,13021.25680794276,15993.660542093001,17030.142500235906,103329.14167998378,73645.07859286306,32073.933089642072,33892.21004679658,26461.84997569726,123967.40918221176,56952.5679046557,30728.47086626232,36391.73284670806,113138.44346762622,43058.382566337816,6076.472185831789,21557.47253390222,60782.389401087916,32008.721370214756,39362.94023214954,2525.0821028357905,63092.24576184531,44056.22327395508,26814.87661846752,39131.94890865422,99413.43710089954
221,16180.078712852051,12816.754751265762,62879.23093341041,45090.83996178281,76100.0250353789,42637.89467596669,13319.701033464764,16435.42232126311,16975.222710964837,102256.09327919355,73542.6698226791,32308.059766337414,33813.83329928334,26392.37140399067,127844.1465310619,56952.5679046557,33282.724712469884,36521.71723732983,110383.0215508899,42898.96679183977,6197.105112788961,22673.371808906064,61531.84265308495,32152.588811128364,39895.510554573724,2528.136433199564,63139.31463117659,44456.10237269274,26810.402818700182,39188.46422451734,97929.98660084835
222,17093.795748393528,13827.42977934249,66596.71083222407,46122.825307237385,81552.0062476389,45589.35585600181,13835.477735192615,17619.551862177217,17101.605170748197,102680.99723734343,75899.87076894732,34020.88275823403,35328.13620496002,27712.002000464905,132236.53706322747,57512.99713372696,36195.31278251594,37052.10987769369,113138.44346762622,43925.07529903944,6515.913094951072,24977.47226786156,65148.80895083021,31960.774232411048,40957.77069957523,2625.4493723500796,64627.749459972394,45217.700425989104,27040.80715049775,39460.5053218923,99413.43710089954
223,18841.45300952108,15254.858459852987,71970.35167842,48045.345604746355,88069.85742914575,45755.11760084989,15097.117058943979,19844.22783730744,18566.32505792038,109703.89506234895,84515.74509871576,38120.28412031493,39589.72502404998,31640.3343363688,140426.461722661,61479.08846840238,38817.2296399614,37454.534209475845,121518.30628710921,46787.72775080296,6930.186541533832,27044.924802214387,67541.75105060794,32680.434603166406,42016.29518117641,2861.1682337402776,68148.15239405478,46477.44102902279,27811.04153656065,39975.46521042774,99931.03890261281
224,21262.959350493595,17381.88560994486,76369.21646938489,48495.143071823324,87252.88942856377,46401.42212342507,15953.78722825642,20727.956913136597,22039.297709623253,120288.97868169475,101139.69994390012,42556.48884937785,44522.771858813365,36193.16346968569,141749.45288983302,67272.58836807522,43475.861479922336,40174.571785074346,162749.17903885373,49572.57061002234,7685.910580824935,31161.511132862946,63507.864303894574,35689.142256688894,44647.02893024104,2998.261241048704,70144.45273261056,46845.47399212277,27712.20478531032,38773.36965167643,101995.92024053673
225,23484.742625890987,20347.458222740846,82438.84921390658,48657.01763635821,88643.73528148793,48046.26745911558,16013.379731166098,20637.817782175698,26617.633048046428,126682.85903110578,114461.636412113,44386.003799861275,48429.000474447006,41617.19494380507,143742.34933102038,70818.64599222734,48218.35659795076,43161.97991418777,207178.66952779042,51601.04714516833,8459.904774502598,32908.47267360286,68348.22059840654,37211.44841532954,51392.5325187763,3353.520239132996,75161.30163530701,48260.36618494628,27884.060017919073,39631.396003748174,103025.10080173722
226,25080.497881418403,21531.301086996507,84790.38057486938,51029.19962975393,91772.28441499,49591.12070877061,16352.985570145132,20913.802965147785,31912.536504314718,133576.35931828019,122469.00533914335,44943.79981398778,50942.513213558625,43627.85467218257,143430.3528073685,77451.55283184993,49931.329817101745,44052.7427824118,223757.681367979,52208.44692760172,9003.69517284816,34842.95612943884,70791.93696986203,42166.06451798072,52931.61898945898,3443.611929704887,76400.6195604364,48633.3327559084,27728.887539243515,39770.165441957346,103996.74230458775
227,26189.230389418044,22011.165464123907,88520.7871469095,51541.833142245414,93312.67996307592,47344.567624623465,16475.981360839247,20954.66144433053,34254.92503618324,141952.40719829957,125744.22083984091,46218.160848437554,53788.14543479353,45382.158541328936,145631.46562488246,79904.77298848856,51308.73189354982,47972.15781653949,233875.8273938448,53120.188016734704,9202.621784507228,33665.974691265146,76731.28676021862,43654.654754469775,53443.28887726093,3457.3759030333185,76588.8597438682,48513.62513290809,27891.26974415784,39973.05392654764,105588.78766757503
228,24579.410835583643,19398.742848853337,84428.50790150222,51567.601974839774,93344.62535238084,45115.45536485846,16540.4824100085,20814.85852205593,32629.117462490114,139036.00393807114,109438.19022657957,45863.87060446843,51826.40699538269,44617.431899771436,144181.7207010184,83775.47416021166,49244.95907670272,43595.6405447583,190965.93382219775,52148.64883542178,8931.079527311162,33545.436416446915,80193.21192084783,44510.15815301941,51392.5325187763,3367.2194838726055,75350.56585485293,48812.23349972459,28048.603199357913,39857.08172155539,105195.34143916555
229,23538.8250771781,19193.64153487506,79538.56898202118,48063.67304997739,86950.79529408424,46049.21803523362,15698.487698604968,20190.02412577462,30013.178542399994,123717.18365082206,108337.3002163162,43165.25708112116,47277.59364270896,40500.68101592418,142186.81520868477,81758.83331130943,46515.354122178294,42708.97869798556,181419.5636930653,50179.06730324379,8339.911910699411,33805.95300210295,73259.49171949239,43972.29592155509,50878.11612008471,3209.3092299192576,73150.61449092843,47563.31727388655,28057.412695262738,40102.33796774139,103571.24047123095
230,23674.034631603998,20477.81880498419,83398.04442618843,49628.1981608383,85701.86109789531,47303.22257277779,15948.019697355143,20589.366128668455,30694.898392936415,133092.00289903057,114573.45873376365,43318.09329892367,46410.776948539395,41019.89120970853,144678.15814201502,75020.15638577775,46855.14546755805,42857.777819189076,213767.02241944376,50453.524402259434,8279.749655110385,34530.12928490976,74407.09438589554,42483.04255208768,51906.24929991525,3204.6971563581155,73085.74505755938,47019.95853563382,27952.793595726955,40305.150567066776,102768.0067554529
231,23766.57785052645,19937.443382005327,84704.80893129073,49874.909807744014,88153.72277594492,49730.822885695234,16181.605679137032,20784.30482231867,30278.61808886442,134885.90516162696,113903.36162118714,43670.43317888513,47800.18920460571,41582.81619256198,146444.40374384876,77451.55283184993,48218.35659795076,41465.68166572077,227116.35423448458,51389.471977642446,8478.326432534568,34572.742878287725,77577.9184917991,41727.409733253015,52419.27526024845,3227.8851243513286,73411.52616559052,46891.33880200493,27598.72359701245,40315.56212916549,101995.92024053673
232,24391.745346654483,20296.446341712734,86361.05672860164,49973.79834588464,91631.20695170501,51837.17113805867,16317.877177488743,21342.68244970459,30298.392270965076,135426.42083181522,113968.69336062533,44661.08387182608,49202.549955179325,42070.40331957133,153119.30358316778,78062.8235207569,49931.329817101745,43260.3998957502,230489.09961052824,51642.18007556505,8840.096661293499,35359.09436168587,78323.12331754797,42239.20055143414,52931.61898945898,3251.2572757564167,73738.98896713303,46906.60774165155,26780.195182404437,40135.980635873544,104667.36664869553
233,25992.78285411748,21486.26842782704,93963.3634490847,51977.06534776768,98489.69116329716,56204.16638850114,16980.027404359535,23626.054873686364,31698.754331361266,137523.73362372533,112195.83367214246,46763.70603524551,52370.54582049391,45432.70130653306,156146.60971682024,76841.6460720474,53386.277311963575,47274.083778415676,240690.8772896996,54136.683092410996,9704.117757962735,37085.746672778805,80895.04407482722,41118.6296536303,53954.29312017645,3426.536604332647,76166.69126298683,48563.36178181406,27605.575632128675,41281.46421361808,107018.80098684561
234,27193.269506853932,20990.26968546062,99525.46179759447,54800.3164033129,102114.17010501765,51781.9037443845,18383.113540862025,22933.538972552054,32765.668547008223,137757.89374791647,107665.31906210264,49389.47927938881,59245.52689872299,46165.84026338278,164279.19414765816,83775.47416021166,59703.37605430839,51834.00716830198,223757.681367979,55639.75199322082,10487.845933953548,35744.99393972483,88668.90616669177,43898.98176599439,55991.811166595726,3664.1492139546976,79383.08510570042,50766.91693658615,28329.592022237775,42054.070286783644,108393.99063536525
235,26675.806475649697,19732.684317148298,89501.24844990649,53373.26997367365,102070.7066001506,50593.15871747053,17542.70721400909,22763.9033707358,31939.688083566904,138764.07719584796,104161.66937040414,51408.66598762857,60767.91967971508,45370.21833406236,155170.3157319368,94452.82281798575,57643.7527214811,49122.05964715959,254626.8335152408,56465.25878259972,10944.88918459338,32547.041889720407,97981.98573732185,45268.72129930612,58280.979120009455,3745.807461280877,80469.84532167017,51319.38414145894,28925.8125412905,41324.121803950635,110021.7021786282
236,26050.28142511668,18979.895870007495,87540.68573876377,52103.56153692378,97321.08676821624,47869.22606656442,17125.392976696752,22073.87474440138,31319.485373719228,136076.16043820762,100256.41008981243,47331.60145824651,55204.38192655579,43480.299832422075,144018.9598161088,89516.60121940999,55961.453923092595,45939.339719741416,237276.44899360335,55305.04467355203,10566.251495862225,31710.376819679597,84646.73021237587,46298.90878699615,56499.60380912389,3617.21746831949,78754.28890711456,50462.373599953105,28298.194737235935,41122.91829026156,113624.51669456148
237,25006.205439949466,18766.15363827166,84519.04962497322,51639.70283875955,98051.21531241304,45886.80989049367,16636.589041554613,21151.109910720766,30397.661978152115,132093.5985178647,96296.94652312247,44225.948874445705,52680.351839942115,40756.73252766156,141051.6450252064,85502.8104783712,52692.25466010473,42707.373797078704,227116.35423448458,54517.93793656637,9961.213271788907,29184.736741623517,80545.51839688997,44436.79005873836,55991.811166595726,3493.60555562308,77082.97995640636,49714.71355804004,28320.52315954792,40955.61914355969,110677.96777811402
238,23363.01640585664,16976.22670704601,78130.22153908657,50082.12532530284,92894.86983115185,46545.47887974564,16001.416731600271,20074.843050209896,29527.627735052403,130942.89459164595,95132.79287252772,40873.63875736403,51336.576878688866,37415.51916979931,129958.72660735654,80521.45342591919,48218.35659795076,42085.786237142616,190965.93382219775,52875.99209021731,9324.145829646266,26783.448409966324,71454.90717684559,43898.98176599439,55483.39118099593,3263.262612845505,73906.84281185528,48638.82798886051,27930.796548954288,40634.6728728893,105351.39040047444
239,20886.16096005994,15262.487919485164,71766.46002563542,47544.51362603579,85236.87653249565,44650.082725558226,15074.810429207635,18226.398065554622,27079.577960101127,129048.72536510552,94082.81976953843,38630.285314763576,48095.9004424806,32577.3150593669,127392.44606126467,72012.06425034905,46515.354122178294,41509.27484548454,162749.17903885373,49985.08399885985,8505.939719634674,25606.51606378008,65199.662897570604,42507.43141379856,49847.14820279578,2989.4802540093738,70017.64990333759,46826.071389379904,27434.3111101111,40651.55650298011,102768.0067554529
240,18438.053064334734,14399.495668159985,66684.28672950841,45865.72519389444,78809.25030082428,42915.90194992094,14219.38511254131,16965.65822512786,24530.758368149105,116874.37418087198,88467.12015433292,37541.98940400259,43079.89705579921,29893.706617406067,126466.17501049096,66102.11005288691,37502.49499937701,38925.820039975704,138772.2498463717,46784.75447444245,7448.902220109866,23429.81195778971,66013.74010261665,39465.52270970736,45170.61358854304,2763.0368829461986,66696.62276666987,45502.92723016649,27097.549931090933,39398.95373479389,101036.84182517091
241,21917.532941437697,18157.12753321184,72249.46170627719,47426.10318266851,76333.29982676476,46263.421920813234,13652.057583359281,16732.632177777636,23960.883005782085,113338.67682379618,80283.20587753749,41287.86698354278,38376.12168486198,28693.12066385402,134920.93008378506,65011.274562894054,38033.96995503135,39285.11663709511,137529.57699567126,45401.59632459017,7137.68099004246,25220.981387717962,69123.24219803092,37499.63439698154,44670.80788998831,2807.1885479490165,67352.1043528619,46180.042375306766,28593.598237946084,41484.17594774101,106558.46147034912
242,19289.52035545541,18167.3974793965,62998.82722550798,45426.67982624883,75053.14532735113,45480.341827655866,13343.308831618697,16861.334778706903,22254.477370533685,112336.21129457738,75694.11796237706,38450.474290661376,35897.80210274464,28191.43628819391,133741.58438802915,65633.45326457862,36328.4412366787,38526.49676059574,131388.95607620233,44270.976087355295,6753.7388614288875,24486.16167620094,67561.72163715224,36417.597542002826,43576.721906494575,2744.849864337095,66425.45041148242,45803.59644884648,28491.349893813993,41400.10955099814,106318.25093606304
243,19153.059438464454,17683.567836657337,63363.39290725244,47155.4450572678,74585.68873671563,45487.48525136563,13260.636293484675,16600.454244627726,19550.800266536866,108766.06274741178,72729.63485330378,37480.888758293164,34351.698809333495,27761.39320724688,132476.03403157252,63771.97209200562,34636.00884387951,38207.464309334675,125328.26895374163,43455.86542035601,6487.51956557317,24379.415381627845,66218.747160494,35653.42281624712,41928.52213346482,2699.854643450361,65751.58670969681,45725.84266992567,28309.105918025645,41321.00967535442,105774.371143224
244,19903.669257068643,17645.266648135675,69947.4951282873,47131.29385722512,74921.03739991717,45824.50993430818,13223.695001728556,16566.67526460086,18760.391894983753,106270.47547281596,71083.28966729873,36907.46954704215,33720.27067656763,27176.0378061662,130585.31872681256,62539.456634528695,32289.422244087556,37983.674646374035,122328.41646242356,43101.74829539507,6460.7449753153915,24309.437990026745,65570.80480499781,35126.98076014556,40824.82504756432,2670.7059213202124,65312.74800551886,45644.9811465238,28442.39024780498,41197.876212124815,104684.86171251538
245,20552.067229776017,17524.457122510263,71436.41865478439,47145.950002911646,76813.86850670617,46863.74871863911,13526.779064314802,17024.26431499758,18699.892297314447,105166.88202470151,70984.44324857599,37176.879075525416,33642.291543980944,27104.684053758454,134669.0128659361,62539.456634528695,34973.42761870361,38119.34515218042,119349.17802295662,42942.17196722846,6589.006662830944,25567.78978364081,66379.29972238069,35284.86363120849,41377.174290539195,2673.936397738796,65361.47344181325,46059.28070663979,28437.64491331458,41257.37519063093,103122.75084517252
246,21712.678020162584,18906.36163250905,75666.20406856676,48224.97025495785,82318.8984221484,50107.73006774514,14050.574416272397,18250.818393966263,18839.115117919435,105603.8811609444,73259.64752385327,39147.82421144677,35148.91220386787,28459.930607302274,139295.8879567305,63154.86241442082,38033.96995503135,38672.939606483415,122328.41646242356,43969.31390719676,6927.975888041408,28166.02513528904,70281.20936154781,35074.36265748365,42478.88529888677,2776.861464024157,66902.29304209712,46848.34354953881,28682.03350450646,41543.77839228147,104684.86171251538
247,23932.566449801026,20858.0969346593,81803.07185552709,50235.113465924034,88901.55705337462,50289.92050694856,15331.828128225787,20555.199204847137,20452.649420368514,112826.69051488012,81575.81341602092,43865.004686608525,39388.88145619847,32494.286034974775,147923.02575896296,67510.01629350052,40789.07550087545,39092.96782972258,131388.95607620233,46834.84944474308,7368.447761615822,30497.40276326166,72862.66660401967,35864.131661530315,43576.721906494575,3026.1744499958445,70546.5949200097,48153.5129853623,29499.016826950377,42085.92500991138,105229.90949091082
248,27008.38344675207,23766.399138578672,86836.96150161898,50705.411400320954,88078.67211683538,51000.28045721965,16201.816732486841,21470.59018633108,24278.473425399843,123713.08568722395,97621.49386412147,48969.74474093035,44296.90233470499,37169.993015615466,149316.64384276117,73871.84244231092,45684.357508721936,41931.99236127335,175968.91686139573,49622.497024755525,8171.963377298124,35139.50076329925,68510.9916685576,39165.94477164511,46305.157445579825,3171.1737377334703,72613.15412044745,48534.817972799334,29394.18123550294,40820.36616590427,107404.28172485672
249,29830.51058570655,27821.251642602867,93767.57787778889,50874.66373921668,89480.2040107444,52808.14688868009,16262.335705001586,21377.221585232386,29321.96411693588,130288.97215836677,110480.01865617868,51074.96729446346,48183.314169809586,42740.41551207284,151415.92960406526,77765.7584704778,50667.76289921506,45050.083464276184,224007.3116736693,51653.01651550228,8994.904541973558,37109.47443153854,73732.66954106987,40836.552557789946,53301.179649092795,3546.9208505582224,77806.56868680185,50000.73408331562,29576.467123352926,41723.69105580199,108488.03486596498
250,31857.451855641,29439.929998946496,96442.84775123501,53354.96292533143,92635.82483390991,54506.11098960964,16607.221310262466,21663.09465926111,35154.82569659211,137378.7005861789,118208.84637676144,51716.823076456196,50684.07554815634,44805.341616782294,151087.27737400326,85049.33504865578,52467.752095120915,45979.81239793847,241932.998140289,52261.02803327785,9573.083948756255,39290.908527693435,76368.90103460533,46273.842679403046,54897.42564921687,3642.208212185746,79089.50382986579,50387.15059464454,29411.876539662917,41869.786670684654,109511.19792446401
251,33265.77288106018,30096.052618501075,100681.50364336255,53890.960790312995,94195.2123076169,52036.901381146025,16732.129285477527,21705.417000331454,37735.199103776504,145993.1783251841,121370.13151091132,53183.23010983871,53515.271525447664,46606.99298715932,153405.89499072102,87743.20928902201,53915.12373427225,50070.68067528904,252873.01766808008,53173.68737141801,9784.59057092586,37963.676996181566,82776.15072665356,47907.44997011945,55428.09824451655,3656.7659665763267,79284.36903899787,50263.12606896137,29584.114439810157,42083.38642500633,111187.66192696313
252,31220.967025330167,26524.065091575518,96048.25003750257,53917.90409174976,94226.84253046897,49586.8611622009,16797.633116181903,21560.605272692876,35944.2107296103,142993.75767679824,105631.31610663769,52775.54838419692,51563.48522758679,45821.62687929323,151878.75649356074,91993.61549510287,51746.51494833332,45502.714405702296,206477.65310136948,52201.169716172844,9495.876129369486,37827.75114900675,86510.80514208313,48846.295701366165,53301.179649092795,3561.4101434024456,78002.49397252279,50572.502866622344,29750.997159261275,41961.29159767046,110773.35310500227
253,29899.20655403461,26243.62833107437,90463.22277958614,50254.27622308883,87774.2734004611,50613.16932023418,15942.54812547064,20913.384549825718,33062.494424914024,127238.87682575622,104568.72122607534,49670.25424537678,47037.74856722868,41593.76761167778,149777.3544293832,89779.14777999523,48878.250942623796,44577.26589103461,196155.85349843345,50229.60454378383,8867.32339485702,38121.52453892614,79030.84888542091,48256.03543955398,52767.65854131154,3394.3930591671424,75725.11634360199,49278.54815726198,29760.341342491214,42219.49587198881,109063.13374036214
254,30070.950826852128,27999.494768754852,94859.04471632278,51890.10786245202,86509.26610481503,51991.45860928359,16195.959535238038,21327.03402450637,33813.47648853891,136880.5566343848,110587.95117024523,49846.12285614134,46175.32934127656,42126.99094521602,152401.69588455174,82379.42536424902,49235.30308080551,44732.574170287735,231130.82116902666,50504.33805894621,8803.356511011696,38938.14710045581,80268.85928899133,46621.700414071136,53833.97515649916,3389.5150030613704,75657.96386069804,48715.59478722117,29649.37244642995,42433.015734768196,108217.30833776879
255,30188.499974214657,27260.634884655392,96344.86508088539,52148.06391250591,88984.20911114123,54659.65908959429,16433.17701933518,21528.956906745192,33354.90242537734,138725.52353625168,109941.16379397233,50251.56029823929,47557.692937253574,42705.10890106986,154262.2312170783,85049.33504865578,50667.76289921506,43279.581327310414,245564.48820310325,51441.228262606135,9014.491175620049,38986.20062361929,83689.47981029421,45792.454560044636,54366.054186976515,3414.0402425984576,75995.2106832967,48582.33676190076,29273.812371260992,42443.97696359734,107404.28172485672
256,30982.592798997277,27751.502666425633,98238.56235551019,52251.45950413806,92503.07293930276,56974.76812494601,16571.56709628476,22107.339873144596,33376.685649188046,139281.42534998493,110004.22292905214,51391.50188816804,48952.93933842491,43205.85568217457,161293.4657063452,85720.56969438517,52467.752095120915,45152.80878857215,249211.19385272101,51694.190872432184,9399.139556488602,39872.93549450781,84493.39161189321,46354.103556127164,54897.42564921687,3438.760287574999,76334.19838582772,48598.15633086298,28405.603841777607,42254.914667009434,110217.38230729263
257,33016.243628188626,29378.356463364096,106888.72821573386,54346.02962066968,99433.47074564318,61774.57753456919,17244.011605644548,24472.520086685647,34919.32341910312,141438.439566766,108293.03324491052,53810.98886684482,52104.86356918934,46658.899868170134,164482.38236560664,84379.5981296879,56098.20474531223,49342.06966753994,260241.63823877825,54191.20619781164,10317.800876438036,41820.00731477062,87267.92738798205,45124.36770031877,55958.08047380517,3624.1481370187253,78847.34253479389,50314.656323551884,29281.08028673717,43460.872764039064,112693.50209244262
258,34541.11151253895,28700.173189820467,113219.16586456342,57297.95629187867,103099.09086648513,56914.023163939746,18668.91116825397,23755.19299202398,36094.63529941113,141679.26521701325,103920.11534570146,56832.465708328695,58944.96701874519,47411.825760608495,173049.11887304403,91993.61549510287,62736.20080886241,54101.46508252081,241932.998140289,55695.78889627993,11151.091595163287,40308.09791199263,95654.21161980093,48175.57908823519,58071.26910467843,3875.46408543295,82176.93586276978,52597.676201798226,30049.040438346,44274.267707319574,114141.6115470795
259,33883.825772773904,26980.666084271048,101787.69733699248,55805.86921431197,103050.9311490983,55607.46127444691,17815.43925630709,23579.47975106775,35184.735855437335,142714.09035623402,100538.34224305343,59155.94352241124,60459.63651301023,46594.73052159516,163453.9696398096,103718.38240065305,60571.95229331219,51270.88450162302,275309.5798217639,56522.12708483431,11637.038011894698,36701.904424680804,105700.97234566783,49678.757352576125,60445.453569849,3961.8316393488144,83301.94409905892,53170.066508467964,30681.448221455757,43505.78241395533,115855.63293878933
260,33089.27877948567,25951.3720765241,99565.50247499291,54478.29114018379,98252.52813053755,52613.558872635454,17391.637139853075,22864.729044331474,34501.5210267351,139949.660233022,96768.92978573398,54464.46603697348,54924.32327445775,44653.804369481106,151707.30673775496,98297.9311732499,58804.19572389798,47948.9377638073,256549.86386232194,55360.74448018364,11234.455482077698,35758.43307818635,91315.17004887051,50809.30473186333,58597.92045921116,3825.8257426538853,81526.00947444486,52282.15040712273,30015.73751305381,43293.95658668163,119649.487676892
261,31763.084993845612,25659.12051612388,96121.74699398548,53993.29110446473,98987.55919233566,50434.66485741307,16895.233893276956,21908.903746867727,33486.04108236212,135853.7319983181,92947.19857143103,50890.79211803217,52413.09790441269,41856.72978437892,148581.58401523496,93890.39870852415,55368.92698364407,44575.59078437941,245564.48820310325,54572.84501817067,10591.15497044697,32910.37699155208,86890.86619923667,48765.78015666787,58071.26910467843,3695.085016713422,79795.87958258756,51507.52820891661,30039.42114621205,43117.825069380866,116546.69720064692
262,29675.892953606577,23211.738291259793,88846.44848077302,52364.72371389653,93776.41787066724,51158.614720220576,16250.186719700272,20794.07681095718,32527.612028560598,134670.27250780538,91823.54071480829,47033.28941598938,51076.140079611956,38425.33928767804,136896.47825428212,88420.38436457994,50667.76289921506,43926.81212521808,206477.65310136948,52929.24550592765,9913.799730451468,30202.547040578338,77084.09980289977,48175.57908823519,57543.9671084255,3451.4579835490276,76507.95976854156,50392.84399698033,29626.040301460216,42779.93480072375,110937.67660503804
263,26529.77107472989,20868.528759312812,81588.7054223147,49711.45501449224,86036.79085196428,49075.365306356296,15309.174702945827,18879.40644986817,29830.84227716969,132722.1844751587,90810.09156588042,44451.86297743494,47851.90399547238,33456.555248020406,134193.19869665857,79076.24774508964,48878.250942623796,43325.08147328924,175968.91686139573,50035.42587146178,9043.850711947714,28875.370867997,70336.0695644475,46648.465215644144,51698.40191046171,3161.8863430564247,72481.88852457765,48514.715672361934,29099.420962320495,42797.70978310747,108217.30833776879
264,23420.164567146887,19688.55215845656,75796.57929243676,47956.15226221959,79544.76311377798,47169.309373722026,14440.450304740849,17573.49730702215,27023.064572786418,120201.28216351043,85389.73748303644,43199.56105137172,42861.34741388819,30700.517988998286,133217.47934275234,72586.54345532015,39407.554691280995,40628.614470483815,150044.39739788332,46831.87317388325,7919.9667370159605,26420.794924365666,71214.27948732556,43310.21663998688,46848.18730937316,2922.3837735110824,69043.97938253473,47143.85621793535,28742.220255776643,41478.97725825518,106394.34791498217
265,23322.865423380277,20034.687342714926,76907.35421013855,50230.00152362425,76898.68380301296,48500.267179056464,14465.869305264923,17722.977502750102,27654.84709194451,133014.55283077707,90854.42420479578,53152.81471303074,41608.63302105048,34176.41759629527,139063.8991528888,75273.07326676788,44898.63707659994,45322.306789298724,145042.7632728633,48520.32236038546,7317.38776227485,28266.00198524966,78407.05967886072,41669.12999968621,43075.64374228021,2904.390681184594,68781.42119074657,47148.75661107497,29766.825446239327,42560.05058253375,105049.969784204
266,20526.347036133666,20046.01926514924,67138.49056604633,48112.36942864683,75610.31478434314,47679.32501429959,14138.715756170099,17859.297555481804,25685.37097087505,131838.05679399514,85661.07230012627,49500.036812613944,38921.55872917695,33578.860609553994,137848.33970781867,75993.46066590457,42885.28125180509,44447.105040586095,138566.68266658796,47312.037568247026,6923.779048568238,27442.46482366025,76635.81411928726,40466.78402752951,42020.62682464444,2839.8934489299018,67835.10220557918,46764.41401520506,29660.381738573746,42473.80395919056,104813.15978319227
267,20381.136367987987,19512.158630988553,67499.40942118318,49943.34170679521,75138.71222631127,47686.8138239058,14051.115031921836,17582.976425173856,22564.8775867631,127648.12158521409,82306.24356607528,48251.82023191858,37245.22350498574,33066.635672746845,136543.92854615612,73838.15130410707,40887.38547939912,44079.04487252383,132174.90260896715,46440.93532683147,6650.857098106498,27322.830661613312,75112.46717272964,39617.64252249787,40431.28314377832,2793.3402167514832,67146.93806367142,46685.02920286265,29470.660089315872,42392.65266157987,104276.97940844204
268,21179.8746124587,19469.896861582452,74438.50782732194,49917.76265362556,75477.14842534559,48040.13371443679,14011.971635752518,17547.1981867759,21652.614768643274,124719.29415681018,80443.11737072884,47513.61680037135,36560.60868978452,32369.418006395816,134595.155718214,72411.08766081034,38117.268653902334,43820.86404911759,129011.16936513221,46062.49319159027,6623.4083988208995,27244.40464561052,74377.50085285846,39032.66662004577,39366.99832966153,2763.1821865810107,66698.7865168581,46602.47145518694,29609.41322371486,42266.32578383123,103202.89358554003
269,21869.847279485282,19336.594880335713,76018.11902246489,49933.28529138745,77375.34615507055,49129.619891857066,14333.122818357064,18031.87031483811,21582.78816324374,123424.11414305255,80331.25543946195,47860.446893461434,36476.06119075,32284.428448518225,138804.24640252563,72411.08766081034,41285.70422265864,43977.38389207026,125869.17631063008,45891.95524776168,6754.899355604256,28654.68181721013,75294.58325845058,39208.104113899695,39899.62355708743,2766.5245219623584,66748.54598300501,47025.46173668628,29604.473182860816,42327.36784329069,101662.89669416597
270,23104.87538896436,20861.396903379944,80543.44400375204,51076.098747840886,82913.32463740374,52530.44835683353,14888.14209349987,19331.019792129475,21743.47447078138,123936.97741553583,82906.04517436518,50397.78508196454,38109.588065976066,33898.664582066485,143573.19730302476,73123.63305651394,44898.63707659994,44616.05267665223,129011.16936513221,46989.65361239252,7102.402874436646,31566.61155058682,79720.55131508799,38974.19803507382,40961.99321512902,2873.013487086528,68322.06418149882,47831.07667372632,29858.889310363324,42621.1987913756,103202.89358554003
271,25467.1010663576,23014.953763229947,87195.04107121126,53205.08447033712,89530.07958184773,52721.44773846078,16245.772518864855,21771.78875394592,23605.76161608689,132413.68442605922,92317.23466867823,56470.54781064074,42706.69993906963,38703.99117736111,152465.24556093937,78166.2325014897,48151.00552924465,45100.629270115496,138566.68266658796,50052.028490642864,7553.9645934061755,34179.46485901243,82648.71940490433,39851.7795856287,42020.62682464444,3130.9592220402837,72043.70383655261,49163.62452125193,30709.394369198606,43177.40575324329,103740.22541129397
272,28740.136680288753,26223.99248629202,92689.8988941265,53703.187084214645,88694.50407864801,53466.1537275772,17167.621944818813,22741.358490416085,28021.399296647334,145189.98485913797,110475.71553838924,63042.24361594125,48028.135004093056,44273.23253665306,153901.6569801505,85532.25030424121,53929.82616032197,48375.9444992878,185582.02903883674,53031.16513249914,8377.710476865095,39382.020194495315,77712.57888952934,43520.7134814513,44651.63178754667,3280.979276942279,74154.11865056107,49552.92810614578,30600.25725657639,41879.02517352619,105883.81620946992
273,31743.216070901362,30698.141934785705,100197.82437443013,53882.4458609239,90115.30336887439,55361.43084520931,17231.748509004592,22642.463732009044,33842.427004616875,152907.46156644827,125027.37492139239,65752.44669720579,52241.90848395261,50908.170843191125,156065.40476355085,90040.80714232141,59812.67536848686,51973.21220941692,236244.74231820827,55201.165049368065,9221.370990114277,41589.83593177101,83635.57086089726,45377.07219371015,51397.830799522606,3669.7370658580103,79457.74558454861,51049.59459564956,30790.022537594523,42805.77741406581,106952.22723151385
274,33900.122990402306,32484.20169112359,103058.79953776584,56509.383845217686,93302.68709235359,57141.49183370445,17597.193062729035,22945.256622322006,40574.52010214363,161227.9844712921,133773.88902301824,66578.75340533258,54953.31489753746,53367.707318390356,155726.66072621482,98474.07040472535,61937.54063352046,53045.818416790105,255149.70193110168,55850.94208871239,9814.107331440442,44034.64248171093,86625.86983224406,51418.92173616175,52937.075941354844,3768.3238620131365,80767.90661490317,51444.11692837245,30618.67861879058,42955.661957201606,107960.9059126484
275,35398.744292194395,33208.17146647571,107571.49881782268,57077.070662559265,94856.1097410771,54552.89547054392,17729.546917348634,22990.0838730907,43552.70049718931,171337.95695761175,137351.43351032338,68466.56372428982,58022.98919649761,55513.65687606637,158116.4753103947,101593.16312256412,63646.145178826955,57765.35606799362,266687.3703892827,56826.29381368671,10030.939096668262,42547.16947152626,93893.6656272177,53234.16595547009,53448.798579441354,3783.385695398665,80966.90716809324,51317.490752334845,30797.983631970274,43174.80133120771,109613.63710242668
276,33222.82732573845,29266.81823408081,102701.6720197764,57105.60689010905,94890.32121104334,51984.39534053486,17798.955491710258,22836.70125140842,41485.601817267394,167817.82942941843,119540.22386079775,67941.7259739269,55906.799330567424,54578.20616706694,156542.44351392175,106514.48084652802,61086.12898919127,52495.401785157446,217757.44544652352,55786.97198464113,9734.955635879818,42394.83280361364,98129.91471390826,54277.39972172032,51397.830799522606,3684.728067137373,79657.82871080829,51633.3573168452,30971.71373542059,43049.54002593734,109205.19343096447
277,31816.316762878214,28957.38256999973,96645.92737508583,53225.380156825995,88385.85776250086,53060.32569341405,16892.89809743144,22151.17382279964,38159.62156230315,149327.8621028938,118337.71276297592,63944.05944259561,50999.84918596661,49542.39686764775,154376.51444308745,103950.46727062229,57700.178356520344,51427.73379559966,206871.77002264193,53679.97607562257,9090.577707826951,42724.07452085781,89645.33907824621,53621.509818295555,50883.36136739662,3511.927824201769,77332.12157203011,50312.259446003765,30981.441320904192,43314.44071938388,107519.18473582395
278,31999.0731238638,30894.816507727453,101365.88269476309,54957.9244778537,87128.26035403412,54505.255532009825,17161.415594649327,22589.305747047998,39026.37985887041,160643.36149129845,125149.51935136747,64170.46764347295,50064.78635242613,50177.51995281459,157081.44061901633,95382.72496285774,58121.67404546888,51606.90927175397,243757.4063136747,53973.58158287346,9025.000317398093,43639.29088736439,91049.62441714427,51805.45694911432,51911.600541969296,3506.88085979097,77263.54400856716,49737.49705813658,30865.919247343183,43533.4981298942,106685.3332353509
279,32124.159416736944,30079.55392057367,102951.62430706093,55231.13125466451,89620.98051706917,57302.464013558296,17412.773831378123,22803.17973060222,38497.109063883254,162808.61923311008,124417.566833878,64692.41616762769,51563.58969787607,50866.117087669554,158999.10674903926,98474.07040472535,59812.67536848686,49930.625909777336,258979.57885659466,54974.82863975824,9241.450760217336,43693.1460867421,94929.66228608803,50884.00921105553,52424.679392390484,3532.255313964124,77607.94773541845,49601.4436922422,30474.94952366236,43544.7436335774,105883.81620946992
280,32969.168758598695,30621.180481073967,105012.55732470949,55340.639740006765,93132.08416796225,59729.509011556875,17559.413468229515,23415.795139377202,38522.250529809586,163461.02698343608,124488.92922338269,66159.94424645316,53076.360997618496,51462.557304177426,166246.24685790547,99251.25705437789,61937.54063352046,52091.72397828295,262825.5025903671,55245.16775484426,9635.783507628294,44686.93967611968,95841.54602591507,51508.10662982503,52937.075941354844,3557.8313189392034,77954.1292863929,49617.595106756504,29571.117430443268,43350.778085939004,108657.09321729394
281,35133.215448256095,32416.261069363776,114267.8822767766,57559.04380621242,100084.17532542467,64761.39012,18271.94301390756,25920.962005485002,40302.711276392445,165992.50422964417,122552.42018941334,69274.72232712898,56493.77924808663,55575.48323724647,169533.08444815272,97698.61789268213,66223.24565346554,56924.77483901788,274458.5357809784,57913.70803391402,10577.574140979817,46869.088542213074,98988.72467754275,50141.63935447794,53959.855504017214,3749.638435964745,80520.60627896749,51370.10195203988,30482.5156498119,44588.012198402845,111098.1598864524
282,36755.85648865798,31667.949431322293,121047.60845200458,60685.492560000006,103749.29474177344,59665.827020120334,19781.78215134,25161.17885686084,41659.21680782134,166275.13781136152,117603.70229150684,73164.48487599402,63910.04076079857,56472.294358647145,178362.87669017055,106514.48084652802,74059.31894598842,62415.57638409118,255149.70193110168,59521.643513222305,11431.844780999147,45174.64083125878,108501.3555573895,53532.107715680024,55997.5836070752,4009.6564882400835,83920.85877717586,53701.012515154485,31281.98606246777,45422.502197028,112525.76922272414
283,36056.4261789508,29770.63460659323,108719.39595681065,59105.191182699724,103717.17121053133,58296.092614506335,18877.43399293587,24975.065770568388,40609.04140376514,167489.6111668737,113776.63728240614,76155.66351428484,65552.29444272579,55499.05103556579,168473.09261813064,120089.96054987448,71504.45000230077,59150.00274040381,290349.63304,60404.744517,11930.025964477705,41133.05851911337,119897.4785221586,55202.42081384098,58286.987560816175,4099.014618079,85069.74144516,54285.409797348,31940.342241848142,44634.08656117886,114215.52612165145
284,35210.93354770775,28634.905202742284,106374.35836370531,57699.12481394613,98899.86047397227,55157.43446154015,18428.368642128153,24218.011497159736,39820.49777562966,164245.26910310797,109510.89085814724,70115.99007672926,59550.72870112186,53187.211083566974,156365.7291113723,113813.9103551573,69417.63495922888,55317.55162208822,270565.08123368473,59163.58422918708,11517.307536587996,40075.678453561035,103579.545170858,56458.6710807,56505.42860016576,3958.2993607317467,83256.11871434146,53378.867966720165,31247.316681028875,44416.76712027174,117955.67326814757
285,33799.70541037809,28312.433015039198,102668.31397364836,57185.45088970879,99647.70264172721,52873.19050582901,17902.374340988343,23205.614280539667,38648.464901056774,159438.27754617372,105185.93665202557,65515.34486214384,56827.97688911229,49855.61149255907,153144.02593163223,108710.66455089315,65362.342161458626,51425.80126480352,258979.57885659466,58321.56238459966,10857.810523785269,36883.766221386366,98561.02108337621,54187.931844153514,55997.5836070752,3823.0315867340855,81489.27276424193,52587.996594365504,31271.972080055188,44236.067706236325,114896.8073528682
286,31578.684495418634,25611.976260875686,94861.78548541409,55460.60029014571,94423.0363563923,53632.14348234043,17218.875311503973,22024.804680789846,37542.27824988193,158049.36654654556,103914.32216614689,60549.30662000306,55378.403950148546,45768.47730018306,141100.1097792393,102377.22787778737,59812.67536848686,50677.320721892436,217757.44544652352,56565.06074982763,10163.40138014738,33849.01013504248,87437.1256519184,53532.107715680024,55489.11120623744,3570.968687245452,78131.57815701043,51449.92976065262,30841.62975845757,43889.41439574249,109367.19069026607
287,28230.83611382154,23026.464303372642,87032.48044818224,52650.466590137934,86664.29222337282,51448.16856267339,16221.768702047095,19996.811752108264,34429.75710035251,155763.08558933667,102767.42801960357,57226.052327440695,51882.58284816599,39850.1514312555,138313.8215765862,91558.15249274588,57700.178356520344,49983.11834842939,185582.02903883674,53472.45888373315,9271.549487259052,32361.59916747293,79782.7796924901,51835.19766563317,49852.2871631201,3271.370295539088,74020.06739374994,49532.40412171666,30293.40264082315,43907.65036480955,106685.3332353509
288,24921.844436254167,21724.470789991574,80799.32778985576,50791.38785492159,80140.51539318202,49449.95446279078,15301.25884263615,18613.61046534159,31189.114296656488,141068.52351490044,96633.35372847355,55613.87477737877,46471.659902926425,36567.43145880074,137308.14115510613,84044.0714388375,46520.13708408658,46872.26835713848,158241.26335301396,50048.84777381262,8119.369268522002,29610.673363712718,80778.94039971496,48125.77713108188,45175.27042447902,3023.574673967645,70509.20045074366,48132.78828248759,29921.54559112685,42554.7170672252,104888.179497496
