Time_Index,Demand_MW_Region1Beijing,Demand_MW_Region2Tianjin,Demand_MW_Region3Hebei,Demand_MW_Region4Shanxi,Demand_MW_Region5Innermongolia,Demand_MW_Region6Liaoning,Demand_MW_Region7Jilin,Demand_MW_Region8Heilongjiang,Demand_MW_Region9Shanghai,Demand_MW_Region10Jiangsu,Demand_MW_Region11Zhejiang,Demand_MW_Region12Anhui,Demand_MW_Region13Fujian,Demand_MW_Region14Jiangxi,Demand_MW_Region15Shandong,Demand_MW_Region16Henan,Demand_MW_Region17Hubei,Demand_MW_Region18Hunan,Demand_MW_Region19Guangdong,Demand_MW_Region20Guangxi,Demand_MW_Region21Hainan,Demand_MW_Region22Chongqing,Demand_MW_Region23Sichuan,Demand_MW_Region24Guizhou,Demand_MW_Region25Yunnan,Demand_MW_Region26Tibet,Demand_MW_Region27Shaanxi,Demand_MW_Region28Gansu,Demand_MW_Region29Qinghai,Demand_MW_Region30Ningxia,Demand_MW_Region31Xinjiang
1,21154.573886302784,14928.552889835888,66188.22361791546,46133.17145921598,64832.94660695411,42845.69188313058,13630.919352592487,16870.693782449387,28205.57270834194,129299.91959541365,89120.3251188837,45300.395188878036,40903.55011773993,30717.09656095352,128874.59286925418,56725.94809925108,39871.47059209697,38225.44174200195,124663.76057720931,45997.099593539344,7156.319710687332,25927.984907047896,69631.51079796515,34888.8579983749,37844.42205854842,2527.606815698888,58842.79442025725,40237.1878377665,23585.202417405068,34654.89168967294,89943.69782416345
2,18956.763321244474,14935.801476808567,58784.21805632204,44846.84066089284,63994.330853227395,42291.24024971132,13406.112355309973,16964.831673591518,26403.421220007876,128332.64863310485,84681.79309482299,42574.16310192844,38642.22014339809,30245.043041073863,128033.63155185913,57221.562074850626,38257.20209534402,37567.501669091725,119775.65807358152,45237.93779128856,6845.572360358511,25269.777995079403,68283.83032822941,34038.948308874234,37111.851205621504,2484.097110848481,58298.71491649263,40051.531461582126,23530.908620425973,34615.16118190455,89683.34901553951
3,18841.529227014642,14593.67530126281,59120.3820568668,45960.14915070229,63686.5220929,42296.30825035492,13345.676507756718,16773.807319905663,23517.278311698054,124876.88310063936,81795.7426471264,41636.72573738871,37219.82349276186,29839.583522524685,127129.0993080455,55737.516691404824,36647.8810295096,37290.38653156112,114923.25734770352,44686.53165031135,6628.062913192313,25173.948575885537,67121.16169051226,33436.31343808419,36000.84976469859,2452.5531203688693,57901.48823462971,40013.10210014829,23433.964556640112,34577.745873763975,89160.05660381148
4,19473.96941659099,14566.535563768743,64424.3727430209,45944.693576443715,63907.461547800856,42535.20130758808,13318.638198748346,16749.013481048813,22665.724914082188,122450.83602445944,80186.27252842959,41080.859127608404,36636.20817496626,29286.45494919024,125773.63322606952,54752.845305210205,34403.49851405163,37095.849039254615,112510.74195735074,44445.88419350757,6606.090895512006,25111.098055024027,66558.99437395704,33019.97271813399,35251.71678463035,2432.054740062643,57642.081960483,39973.10659008237,23504.886484566516,34519.440097897066,88405.62330083793
5,20017.580172073358,14480.876737884606,65595.33755709804,45954.07310964694,65142.27799373639,43269.24115172499,13539.870314874954,17083.722793029643,22600.38987430464,121375.19108241772,80089.4844643961,41342.158802278565,36564.0220071377,29218.93076122063,128695.1146599604,54752.845305210205,36969.340768043665,37213.80062395079,110107.51553939549,44337.22124940227,6711.184753296617,26237.763019404476,67260.33692789156,33144.938235453075,35627.15196183646,2434.3290127170126,57670.912812765506,40177.70231090911,23502.36348223012,34547.62331018305,89160.05660381148
6,20984.648208395112,15455.86742906474,68838.48296542818,46641.893235388285,68706.2590655477,45536.25153929746,13919.048210054325,17969.01754357213,22750.706590700145,121801.33117013589,82312.85575368308,43246.5151281981,37954.40818123332,30497.805674941363,131978.11046743722,55244.70862014312,39871.47059209697,37694.61921735148,112510.74195735074,45034.27506244561,6987.012895549679,28541.71261082128,70628.05621857362,32978.30541977952,36372.843987399785,2506.4675002591594,58579.000449834035,40565.16795698193,23632.105659141456,34683.03913100304,89422.13803311293
7,22814.446484344357,16815.97540776926,73354.38462342296,47909.331862225576,72893.6511936492,45662.522319537784,14830.718762956956,19589.59868546084,24484.440942719764,128806.07431581893,90364.4042987378,47755.77537887329,41821.34769573149,34262.38312994423,138026.58328982396,58713.94207066475,42464.1667586533,38058.92661240911,119775.65807358152,46950.2903990708,7341.502148718812,30585.472572593473,72841.18104852882,33602.68187125139,37111.851205621504,2678.7545962095364,60699.83074381772,41199.888887183326,24062.997219798075,34938.26857294778,90461.84136932042
8,25310.869848733848,18809.982282849607,76958.78709050747,48203.33269633178,72368.74595582366,46153.82104326495,15437.887902283868,20219.349032007147,28539.449604027224,139234.74228481087,105604.55736337233,52566.01703567466,46221.49437710704,38554.91527432614,138995.11742022057,63747.20944547437,47028.921221898105,40510.32964768427,154694.90399533932,48776.31260027619,7977.662812444484,34596.07229992159,69103.63435407093,36190.195471070336,38931.714956495816,2777.467080121896,61886.41525773718,41383.90525707085,24007.945314923978,34340.20906522725,90976.63231986888
9,27566.170089757943,21533.76964036675,81966.10808186464,48308.909236680796,73260.57997632737,47396.93520208959,15479.788523704165,20155.45688536799,33783.421582056064,145464.79779335545,117577.47737560561,54530.729279166204,49654.394989933855,43583.98070276993,140449.74922685395,66809.2344605275,51626.224141838036,43181.84302825415,191105.55151911647,50084.47665410785,8616.535866881193,36276.7183022675,73584.47643516827,37486.15170897384,43498.44618961508,3028.6595169025627,64820.391379607514,42085.566216193576,24103.62358365567,34767.89720916418,91460.59444274368
10,29167.326974938605,22605.000083085306,83944.13034257575,49842.51879180943,75249.48972746954,48555.32051905388,15717.765630997303,20350.840376144137,39730.12166602495,152127.41110786464,124684.42292662294,55127.66238607128,51841.52635758815,45427.40667117862,140222.36064252077,72501.67007174289,53275.51809259969,43974.43380954724,204432.9110175142,50472.76673001842,9058.48246841453,38124.26644029989,75829.0955774282,41648.27517624853,44522.112803293436,3091.380336708864,65535.11931321277,42269.02826812702,24017.242487197364,34836.688141973325,92249.34255117217
11,30271.31660230732,23036.822400026147,87093.56017479517,50170.68988835125,76212.80771453859,46867.86999299563,15803.620553425157,20379.705934842914,42326.4264877918,160151.835866289,127573.46855385577,56487.89683175285,54298.468920360545,47027.33412321227,141823.90278729604,74596.16514923601,54597.64206837063,47441.541679860435,212505.8525787241,51052.74128770685,9218.825998832288,37001.820700754106,81238.77059936679,42883.334336097214,44861.02864744673,3100.929684467353,65643.34412377364,42210.21105832673,24107.632905429004,34937.07680926552,92054.90102930432
12,28666.136396868525,20668.93263159764,83548.53551903328,50187.156578728456,76234.02519998913,45174.65055438735,15848.574333460178,20280.874384712297,40526.46601110725,157366.4032419676,113085.5530717065,56110.22085713087,52606.81355693534,46330.847579574234,140769.7581561041,77889.6150111648,52615.34759852469,43567.93109992894,177943.7378700913,50434.608268560194,8999.777710852963,36886.58153789529,84363.80824367693,43590.11743649617,43498.44618961508,3038.22118072361,64929.791873622824,42356.812206637966,24195.034070004825,34879.72126008312,91248.90048775681
13,27620.681702719798,20481.18649874812,79540.68241966079,47921.329642967896,72174.57604032184,45886.29004217751,15257.895509761127,19836.911462237575,37610.00606291123,142581.3148163199,112097.54590534889,53220.95220550692,48646.921317347624,42555.66161540128,139314.79490009666,76175.40877397866,49980.759687869235,42778.08159386271,170129.29573342548,49169.31849809065,8518.27173880084,37135.57780944924,78084.26550627734,43146.00961405193,43154.8608296263,2927.458028897093,63652.4852102252,41741.02665702064,24199.922704512974,35000.93073729692,90848.24548063433
14,27756.886950824293,21652.153294699317,82772.78872081469,48939.81189130569,71382.20242138502,46836.63904294038,15433.830375881982,20121.081967284397,38372.556403965005,151661.0467718883,117677.16773144677,53385.192431595984,47886.065424788285,43034.28327319434,141131.03199076618,70420.12421361193,50309.54114944954,42910.75826510783,196417.03680080693,49346.63352958305,8468.899145775202,37826.42358085616,79129.33239619237,41911.835075660776,43840.838392535574,2924.2046520133567,63614.63098517991,41470.927672700614,24141.831238300816,35100.92079267373,90461.84136932042
15,27850.04834727937,21160.72135271486,83875.67821502396,49099.40421094905,72950.79708945291,48659.64899439306,15597.842446465855,20259.25074310551,37907.135000883834,153387.0048906914,117079.57893060028,53763.539913105684,49104.63430250231,43552.368239260206,142413.84133955688,72501.67007174289,51626.224141838036,41667.49635050151,207117.6213129155,49948.859346043704,8631.5972580561,37867.0166664468,82004.86529787166,41283.0276514809,44182.05491921477,2940.550830405965,63804.62732342562,41406.79351078145,23944.65004815091,35106.04796299671,91793.47778705221
16,28478.06214976274,21487.41530692673,85213.63879351653,49163.29686513611,75142.85852814034,50224.37055027456,15693.226567774343,20653.071188419173,37929.25880549527,153906.35010438637,117137.8617894891,54825.2294868952,50329.250906096866,44000.42493024845,147226.77250573656,73024.08812659554,53275.51809259969,43269.50349442117,209808.61906426525,50110.82042894353,8926.091320817099,38614.92241552936,82678.18099893437,41709.11373976341,44522.112803293436,2956.9999188566703,63995.324680853344,41414.41112133082,23485.323934183136,35017.53231884083,92953.4178170017
17,30076.198190236595,22564.406428988626,91530.57066690939,50448.43217445612,79428.8992076207,53421.46247678518,16153.652098261084,22235.21439127194,39492.17671700133,155918.4933780207,115554.70821012599,57068.72751303267,53076.97372400806,47073.316030270376,149391.941068561,71980.06130266363,56585.19377888935,46826.37320908847,217918.82489651343,51695.37564834225,9620.06639136991,40249.633800785545,84994.94006162789,40775.119000889616,45198.81863884674,3079.5215546309064,65400.50455324791,42234.656348035554,23948.47446906263,35579.23170132208,93626.65210569568
18,31265.374953859908,22116.49660079124,96094.50038965573,52231.09969277847,81660.63963118006,50183.509575615564,17113.454734217637,21759.982613708078,40678.00470597699,156142.84854394157,111493.81708969471,59852.385086395494,58957.68201584052,47739.600410768726,155156.43944991444,77889.6150111648,62582.90291275917,50827.442835972266,204432.9110175142,52638.15829649061,10239.061004355846,38981.159494388674,91934.42527438307,43085.40866764413,46539.03008503835,3243.373205276611,67239.67683810994,43306.99030252471,24350.694001660628,35954.26868196734,94418.72947065954
19,30753.71518681085,20974.017681005764,87959.7263266611,51334.076641650376,81641.4073432532,49302.10639034414,16541.068323895783,21642.976139745122,39760.329909758875,157106.2298927158,108337.88292884231,61980.05492033484,60245.85451285295,47016.47045954386,148694.8588897215,86908.22151413554,60634.665972298644,48452.746812546015,228929.1291432811,53152.25990895806,10595.804507530209,35929.982073356536,100133.34922956144,44215.02164431583,48032.51777659569,3299.1203961938545,67855.52000035293,43572.64750497028,24679.171912741007,35600.01758976922,96154.02149631847
20,30133.329216745984,20285.22507572789,86280.71886254063,50529.00538230749,78703.71429421732,47263.623904671724,16254.07061723385,21164.540235632994,39069.62006958612,154530.21684744378,104803.61013098294,57672.43187578767,55514.03689152502,45292.48257546453,140651.2428925072,82750.48139055846,59038.22791699709,45647.35912712195,215209.27112314093,52428.97429257057,10300.474504117015,35125.3950187191,88355.45639758332,45061.05536055924,46871.420073252135,3211.2060697021166,66882.08360399414,43160.01110529115,24333.32820073258,35501.89463463143,94736.63885877753
21,29093.109090858172,20088.954245270565,83782.96259598467,50233.21515836215,79162.03388842255,45762.76304832895,15915.46684973412,20518.277749504938,38040.300840780124,150698.89907896784,101201.66428216881,54359.26713688,53344.336360366855,42791.78962089661,138484.55475375208,79355.05826376802,55922.10237784233,42776.6503087565,207117.6213129155,51935.34693373099,9824.17214272008,32679.41999677755,84680.72392450854,43529.58814826496,46539.03008503835,3126.024471546021,65927.01229402554,42797.52871748221,24345.678729826126,35420.1472218807,92132.05835474461
22,27443.413024841033,18432.490475772807,78424.53511524781,49233.23795142792,75944.36098029207,46263.1064117323,15471.380531297607,19754.663962439477,37065.7628086699,149588.58468275523,100138.9364925568,50749.2280699534,52182.95296401784,39695.84403525173,130279.13227846817,75121.78764796571,51626.224141838036,42221.859402573275,177943.7378700913,50897.73815232626,9316.443108566933,30328.149791686177,76436.10466801967,43085.40866764413,46205.58944072263,2965.4387235920976,64092.96586516608,42271.726786251515,24129.60715879769,35262.91592671489,90848.24548063433
23,24925.168185779,16823.195193210606,73082.15430900306,47580.858697532014,71089.30269902007,44818.67941547636,14814.785098079916,18416.36982999119,34306.922671796056,147757.60150820875,99178.96778240739,48312.28613260502,49363.30297463377,35151.63079811298,128355.88811418477,67836.7325334821,49980.759687869235,41706.49746753342,154694.90399533932,49043.79518315355,8654.161574385236,29165.802857837174,70675.20964390061,41932.10097561171,42464.038376200464,2771.175562756324,61811.37855148931,41374.2196995334,23852.78242182131,35271.20061829797,89980.07832104484
24,22394.2957482713,16003.231635614165,68743.33614893927,46471.03427416929,66929.16761350163,43484.32931021971,14198.778009783367,17482.232518963658,31406.130494036915,135886.73607397635,94020.15707210041,47123.58623568631,44942.33014926019,32596.056475232057,127659.30092290454,62733.45952542076,41166.33173242812,39387.24251912217,134543.51348507788,46948.32138474645,7779.537232909342,26997.377624358174,71429.32738127053,39389.87359734442,39291.170581157196,2607.4371975781132,59829.85241901462,40709.54641125852,23663.997297136535,34652.435759352564,87593.83557651016
25,19641.24893515108,14527.580760173121,61554.85395000149,44792.15215172396,63128.74798397648,39536.21873498392,13261.21501191478,16506.113986668784,25851.92557256388,121758.37903973414,83622.16974881501,45091.64602375091,36729.46015531284,29936.996957787782,125599.26430567914,54048.53466296928,38220.007463542905,35159.246418406256,115183.22875682234,44246.94901407452,6833.99613870209,24965.27188346124,63427.86837399866,33943.12722393472,37164.44987596644,2412.269514818419,57390.734615366644,39378.76850392314,22573.505241584062,33585.54587477205,87482.17586052998
26,17600.66212623568,14534.634654373043,54754.95990928999,43543.21298250005,62310.557100290716,39024.59387625539,13042.50533797196,16598.217535087944,24200.15673139729,120847.52507453888,79457.46682771991,42377.976711799645,34698.89241848992,29476.931835405278,124779.67589478489,54520.756107250396,36672.6014341729,34554.08200178223,110666.86067795753,43516.67267373015,6537.244976357065,24331.504370413983,62200.25606938233,33116.25599986315,36445.041538799174,2370.745202588567,56860.08132607512,39197.072917031735,22521.5403998582,33547.04133107783,87228.95211265102
27,17493.6714800166,14201.697786205852,55037.74504700903,44624.159331732415,62011.71165251451,39029.27041602373,12983.708660499242,16411.3212641445,21554.851407200083,117593.32034733568,76749.46727633823,41444.859160947846,33421.64726607132,29081.76947527706,123898.13220308906,53106.75632344338,35129.93791476864,34299.1952310166,106183.47929879224,42986.24706817105,6329.532243813111,24239.233123219663,61141.17243798344,32529.95672661783,35354.002090517286,2340.640596865444,56472.656981165186,39159.46340680062,22428.75479245567,33510.780546908405,86719.98083509956
28,18080.869088761938,14175.287006060951,59894.49909517566,44609.153026900436,62226.072747326645,39249.71097258664,12957.403697492444,16387.06322617549,20774.356882807104,115308.77476993664,75239.2911937019,40891.55404517283,32897.58821742393,28542.688303190374,122577.11508949714,52168.56053594845,32978.51698100323,34120.26226600894,103954.43285578646,42754.75604274432,6308.549854811894,24178.716259030247,60629.08998924715,32124.901736671392,34618.32920733498,2321.0775787533134,56219.65205874787,39120.32116011994,22496.63449445934,33454.273912068,85986.19438332616
29,18585.591813485207,14091.928925740875,60977.838845935315,44618.259911709414,63439.43549296224,39927.05234723756,13172.635449922835,16714.539388519348,20714.473802145163,114295.86784025641,75148.4743356006,41151.64962242383,32832.768440964624,28476.878977565724,125424.34750831572,52168.56053594845,35438.082897222215,34228.75254480717,101733.9689697934,42650.22763138722,6408.910242180941,25263.5478515418,61267.948211426396,32246.47981908282,34987.01872790329,2323.2480740053616,56247.77145396665,39320.552040066475,22494.219717369153,33481.5874751172,86719.98083509956
30,19483.479151736996,15040.731941750559,64018.59512491515,45286.08617967932,66919.37295014861,42018.9550477944,13541.529100135975,17580.70270418899,20852.24716362771,114697.15290282073,77234.67780399436,43047.230466551584,34081.26969415521,29723.27524179196,128623.90646681465,52637.208347353524,38220.007463542905,34671.00301040087,103954.43285578646,43320.759138772264,6672.314971889666,27481.951177589493,64335.629113966854,32084.363911982808,35719.31248216072,2392.0948081026945,57133.45027156803,39699.7515020528,22618.39654904228,33612.82477064957,86974.88978639428
31,21182.37999616855,16364.308221983232,68344.07070938942,46516.6823433629,71014.37741720265,42135.47246105115,14428.47288648988,19166.262693458008,22441.308016760206,121293.3377548824,84789.49718192239,47535.71155384987,37553.59912306624,33392.246480468144,134518.65825420056,55942.697117261436,40705.31501214694,35006.088045162025,110666.86067795753,45163.87171889126,7010.837883848355,29449.825784624853,66351.58121382754,32691.81541781675,36445.041538799174,2556.5202665151332,59201.94497453793,40320.931309045576,23030.80483500461,33860.17859901494,87986.13918241866
32,23500.217878937212,18304.75724794296,71837.55570030314,46802.13703198454,70511.47214414261,42588.82244682047,15019.174092838231,19782.403981853084,26157.941718625032,131113.7437645787,99089.4300521039,52323.78709210566,41504.72345691772,37575.76432996823,135462.57723407407,60738.39882504797,45080.998854845195,37260.85553666137,142930.5391711994,46920.41532597232,7618.345610620646,33311.510869965416,62947.0217398045,35209.18939768178,38232.20676610323,2650.7283981734363,60359.24821970147,40501.02187750054,22978.11440474069,33280.57341045285,88486.84166137756
33,25594.181751503893,20955.385282814983,76625.89200212505,46904.64462704867,71368.79495949476,43735.91638172312,15059.938265482366,19719.89256004209,30964.324297076193,136980.42537135415,110323.69730052775,54279.44572715003,44587.3064090827,42477.11026717568,136880.2397902161,63655.89902928279,49487.8830079243,39718.07755888115,176572.1999352978,48178.80484842962,8228.44356091498,34929.75403613654,67028.65458774238,36470.01620553714,42716.884950584456,2890.4586654901154,63220.82280393153,41187.713616220935,23069.688513900197,33695.06438352867,88957.55901642711
34,27080.79741840829,21997.84310737382,78477.36436955989,48393.6745454749,73294.94121586572,44804.826072709475,15291.460843387395,19911.053766063113,36414.79500947041,143254.43543943122,116992.18966150131,54873.62810114899,46551.24729420049,44273.72009644935,136658.63025285187,69079.65682899699,51068.863748578995,40447.091883333575,188886.02947742536,48552.32081668211,8650.484706432955,36708.702216996644,69073.29509422385,40519.317170848495,43722.15876596711,2950.317469724795,63917.91344287659,41367.26169252962,22987.01277089973,33761.73263487739,89724.72116786658
35,28105.811451284335,22418.06693145756,81404.50431535942,48712.306220322884,74254.08977268802,43247.71705729948,15374.98716737892,19939.295533017987,38794.44812660617,150810.8280061805,119702.99960895455,56227.59443804851,48757.465915896704,45833.0153628222,138219.46944279512,71075.29363350203,52336.22578642947,43636.09100057837,196345.03336339755,49110.22783495646,8803.606298541865,35627.933188371695,74001.0088735959,41720.89763512687,44054.98511703993,2959.431070915109,64023.46759683699,41309.69928786776,23073.525854130046,33859.02360957848,89535.60099800337
36,26615.460278519102,20113.77728624661,78174.29172832024,48728.294249705665,74271.89980373967,41685.28472982664,15418.721689403621,19842.599756722633,37144.68746554915,148187.8583839025,106108.89606255636,55851.6588355373,47238.439129991835,45154.21697780371,137192.11574024014,74213.29564118567,50436.037298085415,40073.19616660952,164411.3266761327,48515.61425227874,8594.424035205528,35516.972886492935,76847.62923405613,42408.52199639676,42716.884950584456,2899.5840207483766,63327.52362908239,41453.172850310395,23157.177908997168,33803.43788028267,88751.65856707071
37,25644.79379246461,19931.07390384183,74336.61972647328,46528.33136734054,70324.89867210294,42341.95598924911,14844.063540423509,19408.230980979344,34471.594942459626,134265.12427626393,105181.84263374553,52975.704249195536,43682.64253496258,41474.90664649482,135774.13015846052,72579.99838773251,47910.57314757146,39346.70323018581,157191.163638639,47298.46768310984,8134.605289425904,35756.72385979835,71127.54639178755,41976.45258561035,42379.47298351401,2793.8751055576126,62081.73697901371,40850.524456883606,23161.856843472302,33920.90719728054,88361.96843157047
38,25771.2553888396,21070.589221983904,77381.82259845918,47517.20792597268,69532.75992047465,43218.89843824077,15015.226616615968,19686.260492298654,35170.513374859525,142815.27224607352,110417.23739755216,53139.187638397554,42999.42980381204,41941.37310060286,137544.20785425743,67096.35805241406,48225.73658972361,39468.73744524518,181479.7530317771,47469.03602822734,8087.456458219975,36421.91834269182,72079.505704115,40775.732763393644,43053.125198715956,2790.770183610058,62044.816880214035,40586.187758713546,23106.25723513213,34017.811860032074,87986.13918241866
39,25857.75234163831,20592.356852243058,78410.81448406135,47672.16114591403,71060.6298424134,44901.096041521014,15174.790273057703,19821.443407270075,34743.92960729169,144440.56221913392,109856.51601241679,53515.791653419525,44093.6472228788,42446.30064224771,138794.41479470546,69079.65682899699,49487.8830079243,38325.20188290181,191366.57072428984,48048.34766377307,8242.826580860137,36461.0041961429,74698.85031265032,40163.970395038516,43388.210894647615,2806.370469056104,62230.124691197205,40523.42183367946,22917.534215052983,34022.78082128673,89281.33222091301
40,26440.840211693358,20910.275999443485,79700.1371925571,47734.196540342855,73236.02257052602,46344.95587838437,15267.587340421605,20206.753296978968,34764.20726504788,144929.61613022222,109911.20319082355,54572.588845779945,45193.29521474719,42882.97836562609,143485.0260328672,69577.41722423727,51068.863748578995,39798.706474876955,193852.9212735004,48204.14626500357,8524.056510368986,37181.140004459216,75312.17866315912,40578.50658603665,43722.15876596711,2822.0689686683604,62416.116222357705,40530.876930282786,22477.911087901175,33936.996503908,90409.52774925444
41,27924.651134659205,21958.339774894655,85617.20159558684,48981.97497156352,77443.78499258746,49295.09905887399,15715.524988559639,21754.70600042311,36196.705656131104,146824.3992372807,108425.72008497376,56805.74858815702,47660.620800614706,45877.82950106536,145595.16715947728,68582.6675219736,54241.45376227591,43070.267327468544,201346.35552669063,49728.410503885454,9186.774659396167,38755.15411817524,77422.5319672711,39669.829602411824,44386.70584419404,2938.9998160803043,63786.62056257458,41333.62306227111,22921.19458582144,34481.3635314286,91064.33738976985
42,29028.75831109095,21522.460540622513,89898.65740307349,50712.823126826865,79648.86925544814,46307.251073984204,16649.295396496334,21289.74409715411,37283.580836077206,147035.66867516737,104615.36003353578,59576.57876361266,52941.21967939514,46527.19274516041,151213.1616739104,74213.29564118567,59990.7397669437,46750.39727595351,188886.02947742536,50635.32107286911,9777.889501387623,37533.778602495506,83743.76138788577,41917.49434645253,45702.83695165623,3095.374747240642,65580.40771276668,42383.079866334585,23306.16074242597,34844.82799788805,91834.73768476748
43,28553.700911744385,20410.66793108706,82179.21989257596,49841.87513606812,79610.67462233632,45493.92894998503,16092.433525273205,21175.266161550786,36442.482490833114,147942.8598922301,101654.12687193269,61694.44406274279,54097.93786806085,45822.42759566307,144915.80122028347,82806.23207540155,58123.198156378894,44566.18386071093,211519.3391336805,51129.861555549796,10118.565131007657,34595.89221626731,91212.22305815408,43016.48695270984,47169.49030330172,3148.5781364510194,66181.05375341103,42643.06954351288,23620.548455377953,34501.508029822675,93522.53934103076
44,27977.695205394095,19740.375889117106,80639.85320178112,49060.2060419902,76731.48717306738,43612.9022726516,15813.2199082367,20707.16937368749,35809.40974435767,145517.09525324998,98337.8961529921,57406.67101531999,49848.98866231953,44142.22256917134,137076.6125243979,78844.73352458677,56592.88403747093,41985.82605617036,198842.86011902575,50434.096342662204,9836.536911956106,33821.17969445166,80483.65164402353,43839.58726936468,46029.254700542304,3064.675431174773,65231.638783595576,42239.23632025753,23289.539854831455,34406.41285420766,92143.94673078002
45,27011.888824716025,19549.376777456637,78277.68488738057,48773.01397829984,77168.7588134909,42227.97042771839,15483.799914727286,20074.872777062945,34865.98326730437,141909.24273071592,94958.16737850907,54108.77370112883,47900.69984683177,41705.03788198235,134964.99044165295,75609.57129789847,53605.82738781133,39345.38675342449,191366.57072428984,49959.251085645294,9381.687404075648,31466.024380151634,77136.31011802788,42349.63347298046,45702.83695165623,2983.3807570271847,64300.135706129724,41884.48712421953,23301.36060278584,34327.187920952376,89610.64673079374
46,25480.206301866372,17937.40464825825,73233.95392220403,47802.10454839317,74006.31543917894,42689.66643001591,15051.758318683642,19327.760869655405,33972.766705660324,140863.6884756913,93961.00311209541,50515.37008822326,46857.8322947866,38687.717758805666,126968.1075552139,71576.10722576706,49487.8830079243,38835.09755093888,164411.3266761327,48961.122437250706,8896.826693656622,29202.057467488383,69626.22425314393,41917.49434645253,45375.387424402004,2830.122702056932,62511.347921525485,41369.902640524204,23094.55751265981,34174.80831105404,88361.96843157047
47,23142.107977148877,16371.334088243972,68160.16331776143,46197.75738101301,69232.72652487153,41356.80939910461,14412.971382123482,18018.38759889746,31444.141223648006,139139.49913296476,93060.25834566214,48089.657845290625,44325.919498980315,34258.91057692209,125093.74235462485,64634.9001226634,47910.57314757146,38361.07458500354,142930.5391711994,47177.720423713545,8264.374591136362,28082.868786590938,64378.58152474682,40795.44931646555,41701.062928689644,2644.723969221649,60286.06318936579,40491.54295144744,22829.607289187268,34182.837361951475,87517.56071909216
48,20792.285388645345,15573.394268404403,64055.12776011683,45120.19382185232,65161.5711134359,40125.52673539184,13813.671933901715,17104.437222353885,28785.409055492968,127961.01319427583,88219.71333705913,46906.43560723195,40356.09426938844,31768.23830333425,124414.85882295544,59772.49698418789,39461.23588358312,36227.85512376966,124311.6381195666,45161.9776238899,7429.14368836734,25994.957762774902,65065.51305956848,38322.13398649065,38585.203847805125,2488.4571541963105,58353.435048185616,39841.04978936938,22648.920181814377,33583.16572708095,88528.83280080292
49,18970.549547629296,14599.05023796577,66070.69652832713,46290.121706448765,64445.55631539225,40440.47337208949,13100.423022264307,15828.969272109161,25859.71622962949,123992.90975672945,84877.04235473566,41483.00667358643,40430.246271216965,27984.503110834507,127553.30970919995,52607.39899960443,34932.82828860153,33875.927709606185,118598.34481759187,44341.22393306032,7138.538158977184,24498.406417901795,65671.35514924923,34061.50834903709,38121.04089330729,2455.7665229364525,57942.06217941206,39705.045052786685,22942.073860155022,33990.7610371565,88415.98120272488
50,16999.64366009743,14606.138834305237,58750.88006722125,44999.41466581596,63611.93640278939,39917.14685938981,12884.365199120783,15917.294376307307,24207.44961646689,123065.33964287992,80649.84199279237,38986.50960363498,38195.0826362768,27554.44348038281,126720.97032419822,53067.029257674825,33518.5096449359,33292.85190115399,113948.06903941224,43609.391626839046,6828.562933190316,23876.49073512566,64400.321363805255,33231.75330270673,37383.11540990401,2413.4934621380603,57406.31113719406,39521.844009750086,22889.26056313947,33951.79192977814,88160.05448494137
51,16896.306476095884,14271.564059283592,59061.73785826573,46116.510756546726,63305.974978397724,39921.93035887529,12826.28143028782,15738.065314141326,21561.347111163894,119751.4131907353,77901.20495898127,38128.068517478205,36789.14484566834,27185.053647732424,125825.71177192354,51690.731985677594,32108.52562329898,33047.268542573496,109331.75799748441,43077.83586808054,6611.593939167435,23785.94501525506,63303.77722519023,32643.40923355455,36263.993249802756,2382.8460230907644,57015.16497687678,39483.92288232858,22794.95999991693,33915.09365325411,87645.65032813959
52,17463.452759294654,14245.023349407355,64293.436235845074,46101.0026006831,63525.58710380679,40147.41273283638,12800.295414476719,15714.802434827441,20780.617379332918,117424.9412399126,76368.36648188774,37619.04385694276,36212.28266724593,26681.131402006704,124484.14256805409,50777.5519995732,30142.14144277735,32874.86666241569,107036.62161768944,42845.851615478736,6589.67651610899,23726.559852498984,62773.58207251116,32236.94156100167,35509.38458056413,2362.9302530359473,56759.729547366245,39444.4563188232,22863.948006888255,33857.9052565243,86904.03126701512
53,17950.940468899596,14161.255183019364,65457.640460451934,46110.4140441151,64753.12764237081,40840.24595517859,13012.917485842587,16028.84425686233,20720.7162524893,116393.44526801883,76276.18678438956,37858.3242451812,36140.93178121566,26619.61416698604,127375.67159522873,50777.5519995732,32390.168052864505,32979.39702686171,104750.32226275484,42741.10049029094,6694.509243600077,24791.104447582435,63435.03714382732,32358.943662982303,35887.563951910284,2365.139885726418,56788.11907325632,39646.346230856485,22861.49380255597,33885.548362226386,87645.65032813959
54,18818.167206605198,15114.725903666304,68715.4284171039,46800.574211422456,68295.9028578246,42979.99371471873,13377.33830728899,16859.474199163495,20858.531132929853,116802.09478308036,78393.69677820265,39602.20364949159,37515.22949544759,27784.720345897473,130625.00857998215,51233.70391115816,34932.82828860153,33405.50527229184,107036.62161768944,43413.06066801246,6969.652026258701,26968.022309083655,66611.22400300748,32196.262355312323,36638.706515438775,2435.228034571788,57682.30621799984,40028.68758621551,22987.698129862503,34018.36905742176,87903.28023759698
55,20459.05484833347,16444.81361254829,73327.3787716902,48072.32480727341,72458.43892969789,43099.17606191739,14253.527916443601,18379.988377697282,22448.070860571268,123519.3339542218,86061.88723832722,43731.47608280632,41337.42381445011,31214.400924315894,136611.46960387277,54451.05601314579,37204.38257656353,33728.359644056676,113948.06903941224,45260.10028249304,7323.2604678877215,28899.096487953677,68698.48169757784,32805.83242824914,37383.11540990401,2602.6183422498,59770.672040471385,40655.014237849435,23406.84000684747,34268.707250611835,88925.32394776602
56,22697.74438093964,18394.808816970766,77042.4354457159,48367.32586534299,71936.7464023697,43562.89486493784,14837.066881460949,18970.853164476328,26165.82459577863,133519.96574431277,100576.41145526759,48136.36672269295,45686.65544459994,35125.06933366389,137570.07386517778,59118.88641405885,41203.72801018205,35900.827723577706,147168.34692469225,47020.386475445936,7957.840441510749,32688.56576031899,65173.5006430835,35331.9860813032,39216.2812159506,2698.525194487357,60939.09298927287,40836.596963916,23353.28927425628,33682.10902964594,89431.37104287221
57,24720.204639277923,21058.47680698757,82149.74945752656,48473.26158897781,72823.14857696765,44736.22461709919,14877.33678925681,18910.90620325933,30973.65561095415,139494.31370112151,111979.26526703918,49935.51595237669,49079.833220164306,39706.74901317417,139009.79209988524,61958.59517365202,45231.590316439215,38268.3607076633,181807.46345753802,48281.4571900063,8595.1260662751,34276.546814677786,69399.50361649651,36597.21018864983,43816.39237149035,2942.578175049616,63828.15746286279,41528.978352647166,23446.35855851369,34101.60090482374,89907.11294579663
58,26156.056109844034,22106.063077746217,84134.12468484887,50012.088656608255,74800.07666771885,45829.58193043407,15106.052160136163,19094.225236350325,36425.76886049891,145883.46548122214,118747.82808076126,50482.14650502813,51241.65681658155,41386.18377502278,138784.73481065512,67237.73534694283,46676.59601910841,38970.765880417195,194486.39091793695,48655.768991382465,9035.97454801139,36022.227604157575,71516.46444611077,40660.633624203496,44847.541341892764,3003.516327540257,64531.94474520271,41710.014091696925,23362.33292837515,34169.07351964469,90682.46396666345
59,27146.068484407995,22528.354223138238,87276.4571561626,50341.37622819628,75757.83538519636,44236.859417003376,15188.565728975866,19121.308416660366,38806.13910260543,153578.53426420598,121499.31768473543,51727.756269635734,53670.16956428175,42843.78165279418,140369.8571893702,69180.16102578035,47834.956348837564,42043.36596621505,202166.54995160954,49214.86471622578,9195.919667389286,34961.66960059439,76618.47480803635,41866.4047585496,45188.934446915446,3012.7942612740653,64638.51291152884,41651.97474823149,23450.25855286714,34267.538326036934,90491.32508358006
60,25706.609066136876,20212.728459385275,83792.88984661232,50357.89894010948,75778.89958523515,42638.69183910737,15231.76997072033,19028.57947555659,37155.881274731415,150907.4274522171,107701.21478991487,51381.90641754563,51998.08871182671,42209.25456432356,139326.52014653565,72234.49218774757,46098.196924009666,38610.51742344104,169286.02734535522,48618.984218007354,8977.415656163545,34852.78432250216,79565.7820636512,42556.42730031118,43816.39237149035,2951.8680747956764,63935.88331594554,41796.63707458384,23535.27643559188,34211.2819457293,89699.01466656597
61,24769.08840598351,20029.126254558032,79700.79048667035,48084.36340581763,71743.75987537506,43310.38218862964,14664.079541293839,18612.030189058427,34481.98319667101,136729.18093324843,106760.24957245358,48736.11160146584,48084.01724386932,38769.90920989735,137886.4738606296,70644.74473514479,43789.9397735349,37910.541607607156,161851.7906530695,47399.24433118021,8497.10609842589,35088.05180969563,73643.3760070141,42122.85099056892,43470.295619419194,2844.253061835173,62678.12894105672,41188.99538031358,23540.031765309905,34330.16854945344,89305.16488680965
62,24891.23165602961,21174.247500216094,82959.73260129424,49106.31064551898,70955.92930106509,44207.38167143353,14833.167268315727,18878.653853172673,35181.1122529878,145436.24268939527,112074.20906963195,48886.51157847522,47331.96537980044,39205.952676598165,139684.09003130908,65307.318718152856,44077.997027789694,38028.121552246805,186860.52266267347,47570.1760983477,8447.8561831664,35740.806759248815,74629.00676664912,40917.94349988701,44161.287245268286,2841.092153268243,62640.854167094345,40922.468495174944,23483.524355074565,34428.24238297859,88925.32394776602
63,24974.774954839406,20693.662431956935,84063.40234032013,49266.44591621538,72515.15601045587,45928.05374273232,14990.796218339381,19008.29104148514,34754.39993144309,147091.36026362338,111505.07324239498,49232.97635069108,48536.43393283812,39677.94879497407,140953.7474131187,67237.73534694283,45231.590316439215,36926.32524005317,197040.4787769514,48150.72204628616,8610.150033897557,35779.16168394202,77340.99937266123,40304.04752972837,44504.99784935378,2856.9737363630475,62827.9421487743,40859.18251707204,23291.719962295047,34433.271295572114,90234.34218169731
64,25537.951836616256,21013.145605254078,85436.25326080232,49330.555940410915,74694.50032903519,47404.936893270846,15082.468122957507,19377.794027431297,34774.68370001206,147589.38937621488,111560.58108166579,50205.19912029729,49746.88023220898,40086.14635485441,145717.33413708687,67722.22359221893,46676.59601910841,38346.046653973804,199600.54818076413,48306.85260035943,8903.912357214678,36485.83052338312,77976.02156340974,40720.02947026995,44847.541341892764,2872.9553045797365,63015.7204188308,40866.69938359056,22844.918894148603,34346.45197622479,91374.58033473391
65,26971.094338214512,22066.365405783406,91777.01365546761,50620.06342485232,78955.25080247548,50422.55442351967,15524.97453529862,20862.24371663647,36207.613784420464,149518.94586879454,110052.80613548594,52259.641321130184,52462.808553673,42885.67300859196,147860.3043697591,66753.99762979375,49576.32183115386,41498.19495718517,207316.15842211325,49834.36451825277,9596.163084235975,38030.40963493184,80161.0194969292,39808.18335602944,45529.19346991196,2991.994598824791,64399.390591903284,41676.09674535343,23295.440097720475,34897.386881911654,92036.37956752244
66,28037.49902386087,21628.341832287275,96363.47862529181,52408.795778929205,81173.95374416898,47366.369721519644,16447.42299410516,20416.35635117355,37294.81650173997,149734.09255974775,106185.26607470824,54808.72472782726,58275.46989489131,43492.68471888681,153565.7023926333,72234.49218774757,54831.13034930218,45043.99951207371,194486.39091793695,50743.2073994596,10213.61966019113,36831.87456943475,86705.83509459857,42063.687126789664,46879.20101572434,3151.1892156000035,66210.4098668723,42734.24892403679,23686.691784331004,35265.23660723654,92815.00329665418
67,27578.663643176737,20511.079679093513,88115.57846363325,51508.72095431158,81154.65535358623,46534.44565920621,15897.313062893103,20306.574743796846,36453.46468567616,150657.9327060809,103179.59529105586,56757.099384438756,59548.73666865811,42833.88442083671,147170.36900646772,80598.30886458991,53124.209949930024,42939.51027255538,217790.7651045903,51238.80157657524,10569.476750613496,33948.92840984902,94438.46132562301,43166.5126144533,48383.60515949561,3205.351945480309,66816.82605004334,42996.39277052594,24006.212658651508,34917.77442700857,94520.8209451774
68,27022.32708697742,19837.490087242484,86457.84848767192,50700.91075183519,78234.34159363032,44610.39698457711,15621.484905860112,19857.68109884532,35820.201158337935,148187.65001716648,99813.59969401405,52812.47252722942,54871.67193491016,41263.26252923557,139209.21995736513,76742.43865092707,51725.513196811225,40453.3359839684,204738.43582471737,50541.55392906696,10274.880563734432,33188.70347398318,83330.41305530978,43992.48360183082,47214.020564920305,3119.936342648416,65858.29046788368,42589.213548515254,23669.799519406526,34821.531912381346,93127.51291282494
69,26089.500571791836,19645.551341723178,83932.02797005117,50404.11421622063,78689.83893333282,43193.78960053252,15296.059123751344,19251.323757140744,34876.49037317268,144513.58556451663,96383.15316050513,49778.502637965794,52727.077479000814,38985.031263872275,137064.74572817195,73593.5379240319,48995.363624485275,37909.273182480305,197040.4787769514,50065.69694131757,9799.761687063059,30877.590967925247,79864.6737865185,42497.333395416244,46879.20101572434,3037.1757978426676,64917.83884975106,42231.52504411916,23681.8132704722,34741.35111721113,90567.17187219132
70,24610.121165375585,18025.64899976659,78533.10999403708,49400.73497415871,75491.11931913487,43666.04530642255,14869.256024163506,18534.861273316146,33983.00463452293,143448.84311794778,95371.0249900779,46472.67552363656,51579.132701725124,36164.50105195815,128943.44911739203,69667.62105845289,45231.590316439215,37417.60962608094,169286.02734535522,49065.44162657509,9293.294224561336,28655.961586037785,72088.95108484992,42063.687126789664,46543.32313079364,2881.154259430682,63111.86696707788,41712.676921518454,23471.633605532978,34587.13302213233,89305.16488680965
71,22351.863034096477,16451.87404306312,73112.97252379991,47742.73413986378,70664.64173500895,42302.70376815666,14238.214367534341,17279.203564585427,31453.617133684507,141693.0111558087,94456.76323483993,44241.09060636003,48792.10949368357,32024.541104289943,127039.92296012882,62911.4924438866,43789.9397735349,36960.88858218755,147168.34692469225,47278.23980120702,8632.65828390017,27557.702400600872,66655.69566972366,40937.72881703359,42774.42368996235,2692.4124962508745,60865.20490251581,40827.03949931544,23202.35741067007,34595.258944855974,88451.7437675985
72,20082.28099323314,15650.00870092391,68723.95345905762,46629.133968766335,66529.17478015156,41043.259760393456,13646.18141416914,16402.74697169961,28794.083738151145,130309.37572025153,89543.57878926385,43152.560461067245,44422.292703363164,29696.31071810365,126350.4775095506,58178.73912138133,36067.30266842882,34905.532008343245,127997.4062341156,45258.20215183142,7760.207151361782,25508.8365574955,67366.92443939469,38455.78747421187,39578.36423431054,2533.3279451143844,58914.01085217932,40171.15661399193,23018.720136858912,33988.3521725901,91672.62623022468
73,16228.595543925096,13150.270227566973,69208.60809139788,47102.21098519613,66564.85001388295,41712.01981802555,12896.825674297328,16443.62808901745,19766.758598923752,117125.41940683828,91255.50079595415,42268.958667857994,44972.01567385653,30546.171163695413,126079.0559744049,54613.68280340827,42422.524154599436,32964.23917014188,132987.3921722015,46455.68308432568,8890.275150800846,28552.24590608309,62692.6668341017,33086.86355587513,37958.143206311564,2529.731088078998,58869.24603373346,40979.91321763073,23121.531028619156,34575.999321399424,91245.47651493497
74,15424.480028866315,12630.352135382807,67782.15997125611,46770.30493607769,66856.34208165266,41204.93271205221,12791.66312117652,16198.114364400035,18104.309055076905,115383.6701639508,86682.46692726569,39910.16752878413,40599.04623219276,29351.814504381186,124794.20627000589,54613.68280340827,40750.9844506372,32091.86266608298,123366.66672952412,45813.025425645545,8563.14076930255,27439.181257752338,60958.114111107236,32989.78418742363,37202.28379999048,2475.612675626415,58192.10399303437,40658.7938238932,23164.584345684056,34462.61503500266,90838.70046937675
75,14948.045974485682,12646.70350691973,66690.94442506225,46495.96804199227,66140.1667014742,41041.029374598176,12644.75794791434,16150.841887244957,16966.384355265887,111158.73166442847,82926.92331407047,37868.55909248452,38586.79045367669,28380.934666671772,123846.1767538634,52800.645284325954,39084.42518448261,31607.69966789382,118605.93177219742,45375.05171577486,8314.102137083299,26277.842793894135,57322.31188312275,32348.227262487668,34892.57457905383,2418.5188310153026,57470.22784549579,40728.872415254744,23124.627093773754,34472.56179028524,90520.8814716946
76,14708.9365025402,12369.672838092518,65977.29606434763,46335.13114529225,67133.78613701201,41289.73130095994,12622.965639594304,15943.600237012704,16403.899946358528,108341.05576488379,80084.0691207684,36296.170345165134,37337.491069964184,27757.56769472335,123167.77604816439,51000.91593468769,37976.24137889441,31328.52435872011,113879.40016922653,45135.482883920835,8224.718103234389,25420.03980490376,55972.36531370826,32445.52661673487,34501.09885625493,2389.1371816373085,57095.64752763227,40589.03535394334,23117.144680406447,34394.400073399454,90201.7886522185
77,14661.041599156166,12123.526250212592,66748.50979215215,46321.669114408774,71984.97136348156,42797.34635253804,12929.516197646019,16580.539247421693,16166.67905980246,106186.90439407829,78332.33110621216,35275.784448015234,36681.88105824055,26949.502141181365,123723.69185115275,50553.093828287114,36594.32432011285,31286.721212746997,111529.24020611087,44936.86288990301,8277.601811851075,24656.033711759635,56083.0184969434,31744.211977079893,36055.59061350862,2375.868021559113,56925.78000201973,40679.57923513196,23060.16254018681,34465.4884569786,90566.36183276998
78,15519.48787728,12506.255802129552,71906.90333827451,46192.852378406606,73956.99607715625,44281.12888800248,13480.660308051498,17660.24856203947,15915.610173268658,105508.88062667166,79107.04040807756,35355.64921341793,38142.31621882821,28005.04283985654,128245.12436109754,51899.100790350785,35766.98609591448,31682.30835877623,109187.9733930973,45163.04717013846,8354.552266897841,23414.796958614756,56850.813578025474,32192.477941596237,36439.587147179736,2480.7749361437527,58256.99042803214,41155.85000430659,23263.548735592754,34781.30126508682,90974.52227714764
79,17540.250753718286,13126.933758502273,75132.55067380832,49089.29195878029,76951.4213602603,43444.617633399,14070.953526867246,18711.60307876836,17493.300834886108,109661.43825589206,83491.63130215132,37132.108456321854,39108.41659556042,28165.997198622885,131176.64296668937,55525.112486618935,36318.391963092115,31184.703151241498,109187.9733930973,46430.04516508578,8729.543642481854,24002.83008904635,56002.5791882116,32795.52635534663,36821.806687733835,2621.8225996406964,60006.21772554754,41786.95407453052,23760.536066074626,34964.13583161626,91739.86426784973
80,20500.559900933702,14929.74120455746,77165.97697485272,47835.47378073169,78470.22235004864,44025.08392492245,14352.102656796727,19071.45127660907,21301.825976225566,113337.94789742757,94719.10506453137,38612.02687716829,40955.7940504561,30523.1233563436,137887.1007047754,55982.041553105184,37976.24137889441,31710.010922808076,152604.79516945285,46916.510624749375,9517.545584695961,26950.69139074161,53367.92255488147,35503.460144459845,40187.159390132205,2716.238020614111,61152.76085630023,41956.39462370416,23792.51747027875,34458.61293431705,92631.07386968087
81,23501.853223740636,17825.26762523801,83080.65631226343,50297.03016842461,84800.1080151824,46136.133447682194,14724.927386090105,19130.84017711051,25655.66241593074,115932.80490376278,104361.68912663718,40738.592277917865,45319.489921175234,35046.525733659255,143495.86107925314,57357.64062322699,41864.8015019573,33342.41168211292,195796.14404841835,48612.36843708128,10077.677419868482,28820.639547918,60746.429586208826,35079.551706519465,44840.57701051991,2891.7432657552977,63235.85282362987,42268.73146275025,23387.8829255435,34693.20020856136,93183.16349831164
82,25239.25296599356,19023.759610152316,86396.23144488441,51196.68286013945,86499.15410498381,48215.082034895575,14921.22203191536,19530.32153206892,28426.372114330356,130443.7552239659,109824.5892050047,43075.89160019248,50427.95701429947,37368.80238670073,145671.09645299922,64340.87026294901,44098.876081697745,35646.80519443676,206229.93834703125,49215.8304734805,10432.834983233208,30290.95165982948,65158.555039256025,38416.77856707188,45189.57457769295,2995.3138310064646,64437.60170088194,42377.107225961496,23523.190840307467,34873.649716125,94058.85210122021
83,25864.636363397207,20776.269020801574,95887.91995409691,51992.290527654965,81627.6483739017,45648.3632400055,15136.994833570063,19950.064935538972,30524.17725454242,137573.3496734861,110364.59580521863,45775.99626864785,57086.135753627445,39321.83051634238,151558.861235336,68134.33760499596,45779.883448151166,39309.51543784397,214118.4892686589,49740.7734514685,10521.443094788976,30124.250755646568,70513.47091415939,39445.559664994995,45537.38708078732,3072.468453442721,65320.32706216541,42756.18070782847,23655.824111414317,34960.67601984389,94792.68956380621
84,25306.3593716883,19135.601284406926,90588.91115592883,52715.36893466971,80483.77483681077,44818.10074246423,15036.031797924483,19688.73501547446,31077.298774204606,136894.83175660513,106308.36978511077,47304.44210178597,55055.2766604604,36875.01815503505,144245.64277353414,71619.45238883926,46903.068645751315,36523.60337812905,182893.9471530357,48992.87764331757,10336.658545983004,31117.732630293205,75973.03704105027,40281.537556462856,43077.18706064487,3055.5815896666472,65128.013871784235,42990.19649467027,23928.886436243643,34871.29766182442,95193.93902483837
85,24816.350117113157,19651.149683563053,85066.27971549664,51403.13824207203,78904.23964872943,46360.098858918085,14588.153691980378,19004.96853148432,31398.504836548444,132695.9008251165,107727.6914077854,46993.492252170676,50124.87015697997,34841.82791236274,141084.26910767882,69568.83737906427,48028.21655510457,36953.86799571432,177778.04417026756,48487.96869290003,10164.417823941274,31140.769325815392,75595.85292345923,39464.581732246705,43432.38069347433,2983.505614358638,64301.57535327102,42221.016285954305,23821.770590548236,34884.83171608749,94149.7771571972
86,25039.848577742625,19941.263200620284,85885.98408820343,50946.41332556535,78527.74905354725,47571.03395322564,14801.084638803826,19110.5917614457,31913.229913013838,138408.0651345738,114471.37837304769,47732.57292458462,50652.89088965638,34799.75013875447,144095.76228945662,69089.95620454167,48591.51416398168,37480.65903267677,208853.51710016123,48550.51069577251,10232.792030508099,31064.85548303461,76713.35806875658,38168.6364841106,43786.29739946819,2979.6084827592163,64256.62689312228,42134.138592757845,23794.352138646078,34888.76649744828,93600.30895962655
87,25106.83695512342,20113.516911182636,89902.84422533751,51348.74815912513,82351.13383053611,47701.11713455178,14910.918238875209,19338.951710748424,32377.729995868543,140839.882637208,117182.22706052335,47303.38067068069,52674.457047222466,34172.300748507725,146961.82591838064,67657.60586174915,47746.74775410976,37437.12467411668,222168.1879164642,49064.205011410064,10361.641532418262,30955.613688400514,76377.06428413907,37403.94679666452,44840.57701051991,3047.136982945561,65031.6585376918,42278.691175643864,23757.477686456506,35068.70119143811,93864.51011099522
88,25416.932069311977,20125.29347179573,90492.9914864188,51368.46828364331,82819.88359228114,51205.16187578582,15228.6496799396,19640.535839222943,31682.4647303405,142426.85698439903,113301.24883631905,46669.47221676334,53144.03237980204,32668.63892220673,147028.03338623187,69568.83737906427,46341.22818248765,37286.68107793121,211483.04989113964,49364.49624700286,10613.150909123751,30426.501037535698,75527.53396776716,38225.91653031064,45189.57457769295,3123.027390902006,65893.18951198307,42331.51476892427,23718.19389492408,34982.965797949146,93996.29414181651
89,25263.034247211745,19827.771293881517,91919.14397510816,51907.45531170729,85497.16425302201,47541.48136170905,15525.161113099262,20210.26432720481,30379.681470635078,139039.81189747076,107137.68508427951,45654.744204690134,53564.11310179548,30964.500938812227,146614.09025075808,69568.83737906427,44938.807219742164,37427.465540438534,203612.36196198405,50187.58469508229,10549.708789478482,29463.304408726446,77025.35207262452,36810.070240276866,45537.38708078732,3243.8653417705946,67245.13494421712,42636.03330808791,23789.37538041881,35238.432932537115,94149.7771571972
90,24506.35192036322,18646.706425902405,90647.10248911825,52138.70433578068,84884.59098849815,45363.5579484277,16190.586875873005,20589.47849750959,28606.79729695119,133519.47996525813,97112.98837341103,43661.19801100058,51937.656694725665,28243.388853351495,144853.38384237522,70048.42939315489,44378.72475964005,35560.99599426203,177778.04417026756,49994.3888925731,10393.712645733587,29040.898195796097,78432.47759462062,38874.40233049976,45884.0315010826,3159.4140482841276,66302.80702163003,42945.02441235856,24073.91245445192,35549.033548345054,94281.10796222436
91,24219.6650184834,18123.88543449686,87751.94615732142,52084.25484912535,83932.36991355653,46155.103107912,15538.548497831054,19792.63638609993,27356.178722879766,124551.12911891736,90380.09702782064,42031.939735370324,50193.530890752256,27548.579051088123,142184.28639953403,69089.95620454167,45219.03963137743,35155.61716683337,185461.6502524913,49389.65131215432,10521.443094788976,30334.95147366068,74150.99930007196,40736.67999838618,47940.26753249633,3006.4642139720736,64565.82131784685,42709.96180428617,24009.137899894962,35190.7289629025,94368.54640021191
92,24286.60010393767,18614.627338612656,86627.3059422305,52512.770888517225,82083.10706695954,46099.86217753213,15429.932309637725,19947.689250589523,28006.63908428838,125723.74848349656,93823.60477083884,46222.86999461973,51022.25297546762,29116.764377605854,141196.92308645998,67657.60586174915,51750.03180981519,40840.234523680054,203612.36196198405,50650.65939193544,10970.45311448124,33212.60039784211,79305.32147542678,41285.86224028978,48617.04005585344,3021.5782795859086,64739.26732047313,42640.50085394438,23820.723954947356,35182.426448637125,94477.71507847568
93,23884.551590911302,18737.284495523138,84693.11124951714,51512.61390100893,80422.11394368776,47650.73813364955,15476.777398947841,19574.82534028201,28419.97271060535,136323.20225711694,97628.37871978819,49937.57471213398,51401.61389099787,28537.76616683048,138584.0925242618,75053.4487073394,53118.93470730597,39911.19208400728,201000.83717987352,50005.52630352222,10761.224204976797,33664.41411020478,89259.30920767298,42307.192134524696,47940.26753249633,3134.8841554756905,66026.9079028752,43234.16088124707,24270.495091898865,35269.142000546504,94259.23394199615
94,22297.728095040537,18012.50015006609,82038.8865014352,50529.94327782243,76275.2603924778,45652.04807176566,14936.474792838118,18988.18340298748,27374.217395275355,136939.29768571045,100254.67577987994,48359.60441838474,50975.549732727086,27340.884836466717,132238.7321355568,78824.45680130494,51180.714494555665,41966.950589645334,177778.04417026756,49463.31718258759,10528.51353338009,32230.354054197105,85274.82642759361,41210.16334188448,45884.0315010826,3012.605284454338,64636.343810491795,42906.70180651351,24030.96957017677,35195.56858426954,93930.4284040784
95,19864.4164269887,16470.80744141642,77148.64597584166,48996.00690144264,70737.51362539058,43976.40172459399,14209.714848094258,17858.39822933253,25474.426250687786,136104.99018828387,100199.60611792997,46190.54968358359,50275.63206595518,25824.314793789916,128354.9099139679,72227.00079223429,48591.51416398168,40997.87121198881,167625.93914361426,48293.71363661871,10232.792030508099,30768.298896266937,77654.70549700425,39217.212070215544,41643.236976533364,2836.8635168567657,62590.95812453104,42158.016038374895,23545.740065310063,35020.98649145624,93600.30895962655
96,17359.788453678768,14010.448476702193,70228.129158991,47439.73298121182,67379.83874692702,42181.17757432844,13598.918762282756,16973.625578420295,23391.675232457037,129341.04827565006,96085.08085685468,43320.11822826641,47273.00015127042,24699.933944548728,126317.83676858795,63399.8744329482,44658.7020353515,34987.88699562439,142735.31204518722,47215.95109537314,9600.265841615988,29457.10608221362,68049.96528074596,37059.2489120691,39079.66386431785,2641.44101757297,60246.01623501061,41355.678998873314,23372.192607093904,34514.59411103226,90711.76680099973
97,17441.301696206883,13316.737939368324,68824.98480415005,46051.93081263877,66308.18686760953,40867.31868441194,12508.464558395295,16297.317721764734,22728.57306315043,121285.2758218417,91091.49162318831,41568.416253773335,47807.672548399816,28359.34323360526,125009.78114231699,59063.86944082088,41740.01207673248,36016.952900267446,129518.10530661367,47237.07536778445,9097.530378761488,28510.847552513478,62282.920032082875,32365.404824108504,38351.71452343921,2485.2625126325606,58313.345503709344,40645.716717798954,22785.22271818875,34166.93047329321,90289.09422189022
98,16577.097442746952,12790.238265693251,67410.88984768656,45727.42556987847,66606.21635461863,40370.50049025652,12406.46875711812,16053.988503086026,20817.025161554582,119481.66616643198,86526.6766508436,39248.71841841373,43158.97072797518,27250.491644209007,123735.82823153134,59063.86944082088,40095.364832832995,35063.78837261623,120148.35896707176,46583.60810084849,8762.76965165959,27399.396754245838,60559.7040007155,32270.442270323518,37588.01794287878,2432.09541422222,57642.597695053104,40327.216094307354,22827.649814251996,34054.88763704509,89886.58176749358
99,16065.061138785306,12806.796627303958,66331.4684986556,45459.20581115533,65893.0117451139,40209.91632400431,12263.987327997393,16007.136641956564,19508.595934244335,115106.67366830516,82777.88269762407,37240.94647460543,41019.83455848288,26349.117969301005,122795.83894137139,57103.096868426175,38455.61789928468,34534.788573414895,115511.81890512747,46138.267600640684,8507.925287039923,26239.742133420474,56947.664652999454,31642.8744877745,35254.36036136706,2376.0051869317726,56927.538202390635,40396.72318568004,22788.273750320233,34064.716712208356,89572.093964665
100,15808.083852775926,12526.259060082986,65625.81144743545,45301.95523875065,66913.35882919934,40453.58184119559,12242.851249775436,15801.738964465088,18861.82990425751,112188.9244693393,79940.13783099786,35694.61763137743,39691.76209038214,25770.37840082151,122123.19174322418,55156.71687939504,37365.26303826976,34229.75972352912,110908.58992312034,45894.66918135754,8416.457480979556,25383.18288657033,55606.541065883386,31738.05223056707,34858.82559871974,2347.140019364143,56556.49503526818,40258.02651371474,22780.900170481054,33987.47972704746,89256.34569150548
101,15756.609930872417,12276.996531728619,66393.0230659352,45288.79338282335,71838.36275515184,41930.66650492204,12540.170674538089,16433.01068660739,18589.06427982739,109958.26570633738,78191.54813188744,34691.143047451595,38994.81337037719,25020.162988705084,122674.39283152582,54672.40406496043,36005.57886407073,34184.08532067621,108619.7393740693,45692.7083661449,8470.574045148946,24620.28453796151,55716.47104191973,31052.029749675967,36429.43519833053,2334.104109629761,56388.23156362076,40347.83199782543,22724.74684939447,34057.727063549006,89617.09762690909
102,16679.204895188264,12664.571011669404,71510.54932159653,45162.84898892331,73851.58707560164,43384.401279687954,13074.718224894954,17503.113078379884,18300.375696774732,109256.1610730294,78964.86508555873,34769.684178269505,40547.33453024445,26000.136577222984,127157.4791312257,56128.09017497687,35191.551218197164,34616.30653873458,106339.54997652012,45922.6971034345,8549.318413638426,23380.84747364459,56479.24796705204,31490.52127928077,36817.41322342253,2437.1669305603177,57706.87140938536,40820.21871719288,22925.1747429623,34369.8034884965,90020.97996965768
103,18850.97230963025,13293.10605670835,74702.76859792146,47994.704062569006,76805.04418551998,42564.83003441817,13647.235989582823,18545.112964572072,20114.464602356573,113556.20200331349,83341.57576288744,36516.70136521161,41574.35121534602,26149.568068349607,130064.13556569377,60049.56681646618,35734.08582720111,34072.61968977676,106339.54997652012,47211.006214496796,8933.051804706958,23968.028005526685,55636.55746851189,32080.4202283488,37203.59583053631,2575.7352045698517,59439.580805834674,41446.17605198625,23414.93327145815,34550.47493821104,90778.3000884162
104,22032.494999679184,15118.735028494182,76712.88804973429,46768.8433910759,78409.60732712803,43133.541428034165,13919.918897467305,18901.759343343663,24493.65209051119,117363.28750357048,94548.87092049344,37972.09243417001,43538.21285493646,28337.945439558694,136717.68199907764,60543.72867007725,37365.26303826976,34646.57454943556,148623.74250829863,47705.65410376023,9739.424103225761,26911.615156430325,53019.120426952875,34729.307548040626,40603.8423971704,2668.4909553551392,60575.29716408689,41614.23479153619,23446.44949833471,34050.932885235874,91660.16854682706
105,25258.064469335608,18050.915574859588,82572.64561688287,49175.512251972286,84734.24726874202,45201.840541373094,14281.516784469339,18960.619819594926,29499.85931106344,120050.30411640689,104174.12482472867,40063.413312544275,48177.05637044787,32537.51336296718,142278.87454984913,62031.41819603461,41191.26230946466,36430.146770192216,190688.34413005953,49430.03652536317,10312.61405518517,28778.852046156113,60349.40300377168,34314.64242938629,45305.509261259176,2840.9111025301477,62638.71855625638,41924.02448320734,23047.700461782868,34282.744756080734,92206.47149139234
106,27125.294014216877,19264.579127725603,85855.97600329398,50055.10458209193,86446.2883177306,47238.68878830078,14471.900424778702,19356.546711788887,32685.727014242868,135076.62906735193,109627.20669252325,42361.9755246258,53607.631770570144,34693.53613695285,144435.66178071336,69583.67511305162,43389.39412262265,38947.94286336661,200849.94852459832,50043.64889315987,10676.051256751023,30247.03232924869,64732.69168234767,37579.1010913343,45658.12543093971,2942.661064984203,63829.119354794544,42031.516428033225,23181.040289911656,34461.0593644759,93072.9816330113
107,27797.410124350557,21039.2733472383,95283.77389242225,50832.97187307631,81482.63495401549,44723.948063165386,14681.175676714729,19772.55536699165,35097.863387687445,142459.44002066276,110166.24276454968,45017.33014712938,60685.63403862398,36506.74522219565,150273.4925065937,73686.2524950826,45043.35670912831,42949.84509575951,208532.70816290268,50577.42149897858,10766.72505176969,30080.57312734706,70052.60889208615,38585.449627617956,46009.544249132596,3018.459434115506,64703.50916688613,42407.49851655961,23311.74437772793,34547.05605949177,93799.12743588992
108,27197.415046767248,19377.836592475385,90011.40600816913,51539.92715342233,80336.7830872464,43910.49903272379,14583.252933167256,19513.550680529588,35733.86361046183,141756.82368754112,106117.30680661126,46520.444361805865,58526.721544636915,34235.10236356417,143022.2973553435,77455.35126324609,46148.47161321529,39905.93854839031,178122.7311882026,49816.94595946822,10577.632698859035,31072.614536888213,75476.4923805781,39403.19902945143,43523.83549540796,3001.8694140551215,64513.01198421128,42639.605874350986,23580.83494441582,34458.73513734337,94196.17123222195
109,26670.789115407588,19899.911257696393,84541.3758603662,50256.95644351822,78781.24463162839,45421.270477281134,14148.861746051487,18835.868141326213,36103.19859372542,137408.7624488999,107534.07755001623,46214.64802354201,53285.43413252034,32347.470043226393,139887.73525838525,75237.64223881127,47255.51765209233,40376.04860875706,173140.28848865232,49303.54435688173,10401.376601645523,31095.61783114067,75101.77346336473,38604.05691888184,43882.71197502862,2931.0604176607862,63694.377499916736,41876.69842985802,23475.27712483216,34472.109070132115,93162.95366515795
110,26910.988833856758,20193.697287372135,85361.07363692117,49810.415531415725,78407.35501770006,46607.68318568269,14355.380719711395,18940.55156813208,36695.04912143492,143323.80145000474,114265.6444073298,46941.47958041646,53846.748583480934,32308.40465536261,142873.68800569992,74719.73951338102,47809.75268326686,40951.62409431981,203405.08509565063,49367.13832660071,10471.344787198179,31019.81405704294,76211.97481728348,37336.369744031574,44240.29828792012,2927.2317913231964,63649.853486733155,41790.52923550159,23448.257481002987,34475.99729907185,92619.24467532906
111,26982.983018250314,20368.13153723521,89335.77286465015,50203.779144950415,82243.89732901708,46735.13208050801,14461.906909062924,19166.8796405359,37229.14903559975,145841.9880063395,116971.62101534885,46519.40052227445,55995.78218688306,31725.87493259093,145715.4445863051,73170.67434696938,46978.577243974905,40904.05815676824,216372.41161240678,49889.473065705235,10603.198103100374,30910.73065381712,75877.87898195964,36588.35410763804,45305.509261259176,2993.573249843542,64417.56653065755,41933.90297335234,23411.919376717822,34653.803184655575,92880.67662308764
112,27316.250455130088,20380.057175932965,89919.60017052377,50223.05955219529,82715.01337966385,50168.217166034505,14770.070527771244,19465.780365788465,36429.706511589546,147485.32574118834,113097.61788878274,45895.99811753856,56494.9660326679,30329.861611942066,145781.09054948355,75237.64223881127,45595.67028445985,40739.682455876355,205966.02037956187,50194.81524961489,10860.57081162846,30382.38517176524,75033.90102677968,37392.40079939218,45658.12543093971,3068.129627338105,65270.96209371953,41986.29578338807,23373.206977518414,34569.08212710325,93011.079369944
113,27150.85238735681,20078.7687000408,91349.86299852458,50750.02830389809,85367.76760652072,46578.72905733488,15057.653135034689,20030.439584150543,34931.71662339026,143977.98549285004,106945.13161682329,44898.087648021945,56941.53444415744,28747.724403009404,145370.65806035188,75237.64223881127,44215.81208204989,40893.50452132871,198300.65773583198,51031.74818171074,10795.649692655683,29420.58509700389,76521.92969039196,36007.427023673896,46009.544249132596,3186.8434427362013,66610.14114566206,42288.33093442492,23443.35311093845,34821.526828543174,93162.95366515795
114,26337.62583826745,18882.752871917204,90082.90060903157,50976.12096142675,84722.23564673783,44444.910302234726,15703.040983184543,20406.279622893555,32893.186771749744,138261.59203686693,96938.45181672112,42937.58138971595,55212.52376588704,26221.41918474987,143624.884180093,75756.31372645062,43664.74047293407,38854.18714508198,173140.28848865232,50835.30279380631,10636.016876728609,28998.791337532017,77919.85851982742,38026.74637313816,46359.78287318884,3103.876666214265,65676.71159747103,42594.80217622102,23723.751523803116,35128.452726667674,93292.90793667072
115,26029.515827484156,18353.31355156367,87193.99552564416,50922.88558372819,83779.86147593489,45220.4260510974,15070.637386483551,19616.52756857664,31455.17782897536,128974.71894327112,90217.66117662554,41335.32554238175,53358.424187067256,25576.351442581275,140978.4233179111,74719.73951338102,44491.53599237921,38411.2674690384,180623.44975256675,50220.39342712836,10766.72505176969,30290.968347052916,73666.36311590532,39848.41709494152,48437.339112991314,2953.6154422761247,63956.12819775039,42361.65653416176,23659.919130947095,34774.387244849444,93379.42989554041
116,26101.452737632015,18850.267699264543,86089.27564768195,51341.84661730644,81894.88442742248,45166.30379290642,14965.291949180182,19770.200820159374,32203.101965093636,130188.98535774613,93654.9800669015,45456.79763437073,54239.40035560335,27032.26896790032,139999.43382023912,73170.67434696938,50917.4547191291,44622.31922548361,198300.65773583198,51502.6118716593,11226.202652319625,33164.444922480965,78786.99766662114,40385.62442350577,49121.128793430245,2968.463827094789,64127.93635496016,42292.76204686629,23474.245712801472,34766.18295767841,93487.45433088021
117,25669.360546214426,18974.477558582937,84180.26159766711,50363.99102566587,80216.26711865532,46685.7732939075,15010.726395932319,19400.65453874477,32678.368735727126,141164.89204823994,97452.9158765334,49109.93688416509,54642.68142174143,26494.721760984357,137408.7626400181,81169.16618662818,52264.334109542346,43607.24110948833,195757.26067979945,50846.62753785216,11012.09607765862,33615.60354298593,88675.92811471297,41384.684229523795,48437.339112991314,3079.7779691934693,65403.417785844846,42881.580699758044,23917.47481882254,34851.872577391216,93271.26318726687
118,23963.959283658958,18240.5182540224,81540.34350240855,49403.231889224895,76031.0896756823,44727.558274190866,14486.6938804893,18819.23236176268,31475.919382602035,141802.86887998114,100074.49281778838,47558.11899998014,54189.75229552794,25383.52624401489,131117.21717014912,85247.45423257476,50357.29682923487,45853.37689590005,173140.28848865232,50295.298369702854,10773.96032050803,32183.62275336712,84717.48712164446,40311.57613882963,46359.78287318884,2959.648562685218,64025.98474860601,42556.79209619,23681.43325425776,34779.16960862807,92945.90399876093
119,21348.81475013959,16679.309440146877,76686.03927840556,47903.49906568007,70485.36767169603,43085.845080464314,13781.818801856029,17699.49967061215,29291.467054801793,140938.9299036423,100019.52212992354,45425.01298234848,53445.70215406803,23975.52881783693,127266.33359425156,78112.40564476936,47809.75268326686,44794.55414796626,163253.0248432138,49106.021898381274,10471.344787198179,30723.687452367478,77147.16978595669,38362.08114987852,42075.01741261085,2786.996050735542,61999.9135785179,41814.21195745713,23203.26153093461,34606.652997565376,92619.24467532906
120,18657.024693444888,14187.805082982282,69835.99763429238,46381.9267785,67141.32653788618,41326.97562799178,13189.41557142344,16822.599455806427,26896.640485068394,133934.75809643496,95912.39170947165,42602.154475231284,50253.74286094535,22931.643407189396,125246.53683969365,68566.0023981829,43940.21335207768,38228.00433818902,139011.72791254448,48010.131212693144,9824.072782541509,29414.395757542858,67605.20424154714,36251.1723569984,39484.863736618965,2595.008762488318,59677.11490514319,41018.41808042793,23032.238362843524,34106.25174832532,91303.26448486015
121,21088.634930343214,16231.338723643696,72528.39332282942,46395.21788874274,66049.88336089793,41450.41098421822,12752.161046075153,17303.842599668078,27217.748165844823,134057.1966686675,104350.19314479668,49454.588859229945,52715.48477889494,32097.665922644297,129959.60046597727,71610.36954579869,58322.09678062872,42118.00478952737,131910.72020568608,47750.62887797363,9429.137112308972,30081.33203470746,64289.11043525553,29582.095978862264,38860.410066017765,2512.599159183998,58655.622558897514,40851.538320707994,23017.582789456985,34418.68407981924,90877.83581510888
122,20043.707875934764,15589.605396742072,71035.38080603376,46068.29367127278,66353.24515276849,40946.50421971507,12648.178108933842,17045.485330588548,24928.645843053724,132063.65827210285,99120.95256978371,46694.80840416055,47589.55923194174,30842.64574883227,128635.20480841128,71610.36954579869,56024.07933989662,41003.380011246285,122367.8845931083,47090.05722521113,9082.174292263979,28908.658355282507,62510.38802327945,29495.299864439094,38086.583845850866,2458.8472492416668,57980.937716913155,40531.42487514931,23060.442550286636,34305.81567370811,90472.69872674362
123,19424.594298667904,15609.787845119115,69894.22446332418,45798.07450937369,65642.99624319383,40783.62884880778,12502.920781646366,16995.739891226898,23361.78561373736,127227.95809521689,94826.50787349197,44306.13101510742,45230.8248662666,29822.453184768267,127657.99621341004,69233.08458574137,53732.908959343375,40384.77087631703,117645.69276220011,46639.87505825469,8818.04080149731,27685.12560584816,58782.001550676876,28921.70066252896,35721.972727466746,2402.1400574612967,57261.681098270055,40601.28393622793,23020.66493552808,34315.71717285231,90156.16026595153
124,19113.87780144563,15267.849729418194,69148.03133541094,45639.65173662334,66685.27293247273,41030.770970077225,12481.372919228044,16777.656821219403,22587.275270413396,124002.95592125006,91575.71880799906,42466.43963220398,43766.41590750461,29167.42428751025,126958.71524253745,66873.24951887842,52209.38803624355,40028.072001872904,112957.42737373755,46393.6282780744,8723.238976298826,26781.383861081034,57397.67913363187,29008.693460476137,35321.191608217305,2372.9573874650773,56888.460049541034,40461.88493266048,23013.216161096407,34237.91107922008,89838.3531157704
125,19051.639628724148,14964.031741315352,69956.35253126646,45626.391767653724,71669.5631111925,42528.930583697795,12784.484877454372,17447.915983129456,22260.6350518035,121537.39809927925,89572.6154491479,41272.59037232909,42997.92023133684,28318.315636799412,127531.74138943185,66286.05772217126,50309.54114944953,39974.66063408054,110626.2944124134,46189.471778968036,8779.328099649432,25976.462208332454,57511.150055770835,28381.666454830243,36912.63370807955,2359.7780892334736,56719.20893561249,40552.14517338964,22956.490197387408,34308.67602207573,90201.45738033441
126,20167.16808697342,15436.433668363965,75357.05062247464,45499.50854052844,73716.35836391356,44003.407153629494,13329.44676443198,18584.108065095836,21914.92689273649,120761.35848299792,90458.49152867851,41366.031972543686,44709.81920506407,29427.469138633314,132192.33753670624,68050.96444548393,49172.124153559176,40480.09748718484,108303.98260184431,46421.96091498933,8860.942715528363,24668.752299001695,58298.49673046167,28782.449284063525,37305.7578575218,2463.9745497268764,58045.588693388076,41026.923962564804,23158.962022682827,34623.05193264877,90607.97328958397
127,22793.096527093396,16202.534590538582,78730.92375203056,48352.47324478087,76633.33715599623,43172.142318037564,13913.118621433698,19690.462026365316,24087.320858930143,125514.2143327152,95472.24853693329,43444.485387337605,45842.26677143185,29596.598657642073,135214.08435894313,72805.45131065002,49930.191878000645,39844.313405954614,108303.98260184431,47724.276305251646,9258.663262568629,25288.276938222894,57428.66239232402,29321.619037199504,37697.06277463659,2604.0670055524497,59788.46843188497,41656.051017378,23653.715030626732,34805.054631276565,91370.23161109154
128,26639.940742146267,18427.734362409952,80856.85631418438,47117.47458236747,78309.41581577198,43748.968049591684,14191.114081197862,20069.134940974047,29331.452194955564,129722.2041829595,108310.8067105622,45175.986691244005,48007.73337650198,32073.447475865374,142131.0809992299,73404.5843049416,52209.38803624355,40515.49271407157,151369.29981736702,48224.30192287489,10094.427986592184,28394.00791645279,54726.91528516469,31742.711538719715,41142.410069976264,2697.8430232761157,60930.851011175866,41824.96077203972,23685.55265496399,34301.8317819376,92257.85040563859
129,30540.042820125844,22001.673855972826,87045.99301825135,49542.083588266,84625.67267417992,45846.77752293237,14559.75680848414,20131.63064939563,35326.44743801104,132692.17652360952,119337.05170970512,47664.06354221941,53122.78859041241,36826.60156390814,147912.4715065043,75208.2926926889,57555.34479751701,42601.19117791186,194210.96957431646,49967.43153910469,10688.5108226375,30364.099221660017,62293.31303690757,31363.706134468386,45906.439647340594,2872.1597059670758,63006.38389843492,42136.3191753994,23282.73723926382,34535.35172177528,92807.71558846462
130,32797.748287815535,23480.96888398954,90514.81035906833,50428.23270490562,86347.63802206737,47912.68739090326,14753.849603041688,20552.010048046664,39141.563529721236,149300.8455108914,125583.84969268933,50398.69861880919,59110.852840056985,39266.830808674276,150154.65771187114,84364.81958218227,60626.73002155348,45545.48655473108,204560.29140044758,50587.71499699161,11065.195380160776,31913.152384712157,66817.79149394557,34347.433048486186,46263.7329031954,2975.0288671963467,64203.77189477999,42244.355437466336,23417.436845716926,34714.98021307236,93679.8759203498
131,33610.41763579742,25644.085943058853,100457.07813518676,51211.89848866123,81309.15892285472,45362.06650528659,14967.202065543164,20993.71146251406,42030.12675679555,157461.101842331,126201.34444687172,53557.81515405727,66915.46454644855,41319.05673600328,156223.64000902194,89338.87707619446,62937.763517767875,50225.28658828396,212384.97625556306,51127.29068848458,11159.174252462246,31737.52398526133,72309.06815257226,35267.23921653251,46619.812925942344,3051.660980535991,65083.29404094338,42622.24142245154,23549.47383299772,34801.610561091875,94410.75664986136
132,32884.95130469728,23619.014723872,94902.74511225484,51924.12365903888,80162.35043890019,44537.011235894046,14867.371539585221,20718.71060632221,42791.74491244478,156684.4966417931,121563.07097354294,55346.093423825165,64534.92366986599,38747.966391234266,148685.33047719044,93908.61756556822,64481.90821689706,46665.760858942835,181413.22945093934,50358.54738727035,10963.189446888407,32784.21075869452,77907.65993985524,36014.6650999151,44101.13383493608,3034.8884785396476,64891.67871259974,42855.52412446824,23821.308542414714,34712.63886024094,94810.38942107729
133,32248.197110272056,24255.354551900284,89124.4006958065,50631.589240166264,78628.06959791266,46069.3382711886,14424.517314813233,19999.17428806917,43234.028136093424,151878.5637150943,123186.05790768783,54982.282782323404,58755.57922435828,36611.50677353789,145426.65396376836,91219.81704693727,66028.7512341273,47215.50469288014,176338.74505105324,49839.5641691183,10780.508781002804,32808.481160723975,77520.87098008102,35284.24634742014,44464.77043722104,2963.3006185454897,64068.23915670212,42088.7534725877,23714.674261003813,34726.111336731636,93770.43462664585
134,32538.62750709543,24613.44078755744,89985.32178283525,50181.71965711834,78256.61243014058,47272.67864054106,14635.059799775046,20110.322979600387,43942.77648427445,158416.484672942,130897.42907101796,55847.00554673424,59374.51676761201,36567.29179442287,148530.83687254033,90591.90008335271,66803.1676158943,47888.57915103306,207162.62954084494,49903.84952174195,10853.027320387471,32728.50183026327,78666.83294542697,34125.57572731221,44827.09976005919,2959.429879230121,64023.453804574834,42002.14793504101,23687.379075151483,34730.02821546944,93223.18031277003
135,32625.67714927403,24826.053020930474,94186.54202761794,50578.015539558,82101.8846251611,47401.945968079446,14743.661388394785,20350.629108966186,44582.367756403495,161199.8483429628,133997.27052339155,55344.85155176187,61744.1646122083,35907.97312552719,151485.11410158823,88713.77848266058,65641.7905103259,47832.95583411441,220369.50417754674,50431.86299596445,10989.686715035592,32613.409703806225,78321.97557454534,33441.88675540725,45906.439647340594,3026.5010606646715,64795.67303070563,42146.247688199706,23650.670400667994,34909.144235511754,93486.31696099957
136,33028.637629686855,24840.58879403648,94803.72240819472,50597.43966965037,82574.70751876401,50884.014092924175,15057.82881285874,20667.98998951095,43625.025417704026,163016.23741757128,129559.3919982163,54603.18005213458,62294.593382772226,34327.93762115588,151553.35934663157,91219.81704693727,63709.49510554325,47640.735893226636,209770.87351492996,50740.52480855842,11256.440708332839,32055.960969763277,77450.81230959993,34176.788312678655,46263.7329031954,3101.8775210797953,65654.07769962,42198.9058047182,23611.563218588995,34823.79892428804,93617.57001565452
137,32828.65143999705,24473.35807071656,96303.30903889354,51128.33662933009,85205.06788675624,47243.31139653428,15351.014255784452,21267.522649044255,41831.16394568348,159139.55743090846,122511.38872854272,53415.95050538016,62787.005354402514,32537.24341650556,151126.67559582109,91219.81704693727,61781.459639799854,47820.61447727556,201963.90703268832,51586.556734225,11189.153202076424,31041.18133732289,78986.77175139419,32910.91731912364,46619.812925942344,3221.8971291641033,67001.11722086518,42502.47040003458,23682.424691102366,35078.10372445957,93770.43462664585
138,31845.36257153271,23015.57328036467,94969.42590974436,51356.1146600008,84532.07702668828,45079.04745135723,16008.97588955372,21666.574627050264,39389.999162643755,152821.20034616312,111048.19989200174,51083.50583468213,60880.498903986336,29677.921173166756,149311.7770022135,91848.66607519027,61011.46341505453,45435.84919027408,176338.74505105324,51387.97562522155,11023.701739280066,30596.15359462004,80429.72916010131,34756.58244002858,46974.697100506826,3138.0177595322784,66062.20879791198,42810.49354956723,23965.682562309954,35387.29115736985,93901.23628161628
139,31472.820450023177,22370.25691374391,91931.29840967777,51302.48244731979,83598.61493569869,45865.628209525545,15364.251473251526,20828.04736299537,37667.96561676653,142556.37500517213,103349.1734639265,49177.277228486055,58836.06224945396,28947.820736247384,146560.52831466924,90591.90008335271,62166.72058685948,44917.90162573031,183960.1443094919,50766.38106770047,11159.174252462246,31959.50856326552,76039.2247390218,36421.59600704964,49079.80995966195,2986.103737168096,64331.526231110875,42576.16730562332,23901.199216880992,35030.616800222204,93988.32241799108
140,31559.80084073879,22975.9781600565,90758.43514550905,51724.566561856474,81684.63066305111,45810.733738402196,15256.85364071258,20991.211498503133,38563.61404693695,143898.50949289472,107286.80675666365,54080.65643253749,59807.47715688371,30595.6570050097,145542.77528114457,88713.77848266058,71145.46868106215,52181.067622874376,201963.90703268832,52062.53957473297,11635.3999,34991.26701240307,81324.79966004314,36912.60543024397,49772.66939791544,3001.115446804796,64504.34283655148,42506.92395072379,23713.632330797547,35022.352061062775,94097.05124048542
141,31037.34932652416,23127.373517432483,88737.50794573854,50739.42169523908,79992.17074569514,47351.88293345576,15303.173265261046,20598.84198125728,39132.75189992734,156030.23176383087,111637.5460872484,58426.85279809415,60252.15801605113,29987.25043779435,142849.5252934741,98411.33067268282,73027.42381838006,50994.04147244966,199373.5252738135,51399.42348997315,11413.489099477862,35467.277142888786,91532.26169516364,37825.74967271097,49079.80995966195,3113.6539888786333,65787.31085604361,43098.72426094005,24161.381416629087,35108.67307114356,93879.45039485411
142,28975.31374786089,22232.77439443908,85955.79617277063,49771.50072673224,75777.23870506766,45365.72822657301,14768.931272639808,19981.51108017174,37692.80388451045,156735.39061368507,114640.70319104823,56580.631018119515,59752.732355145876,28729.57736036705,136308.86321002585,103355.93922693725,70362.77646221986,53620.658945392956,176338.74505105324,50842.10036416728,11166.67324813886,33956.41747726483,87446.31566013941,36844.92503272492,46974.697100506826,2992.203218888877,64401.792813226166,42772.29099425887,23922.932737793675,35035.434402089595,93551.96966012313
143,25813.288956473527,20329.867752307342,80834.6738171381,48260.58837418947,70228.25748941582,43700.59117357288,14050.323446864462,18792.623523816634,35076.89512626303,155780.4747224031,114577.73131745406,54042.84173956967,58932.299947206426,27135.978008184233,132305.50214186354,94705.24514039572,66803.1676158943,52382.47808949926,166268.8319277433,49639.8942797891,10853.027320387471,32416.06346086207,79632.15140815411,35063.07962751917,42633.09868948907,2817.651615526765,62363.82937957971,42025.95058146062,23439.884695415676,34861.64662974846,93223.18031277003
144,22558.590493966683,17293.054131982328,73595.62393789052,46727.673759069374,66897.82557924677,41916.62628378965,13446.378705011939,17861.56581532334,32209.06060384173,148038.73005391433,109872.79296362944,50684.44323756785,55412.66235428426,25954.487841205253,130205.73061321823,83130.97019374279,61396.373603588174,44703.59483958349,141579.72047668818,48532.08925554305,10182.162126563557,31034.651065816222,69782.83033685634,33133.701427154774,40008.58932312083,2623.5525629832123,60027.396765589,41226.12696687031,23267.11746030283,34357.55825329327,92174.44644037118
145,22812.70274936492,18046.4215945659,78017.58598493975,46939.21663817237,67821.2241718833,42296.86031888512,12631.905585861277,16889.358405779392,35695.70631861616,151609.55020261832,127434.0510858393,68492.98894053993,58740.13602531735,38616.566463464966,136561.9091874829,75626.49445088462,63932.5669785362,51406.436619663706,135401.47584077372,47722.89249276942,9195.860015396403,37587.570529520475,70352.87840921918,31762.769353744075,40189.52651671506,2553.0824191669853,59159.34079467837,41154.14071190087,23353.246451900803,34789.86160827616,91744.9584877177
146,21682.349344996812,17332.92590787429,76419.2752077697,46608.45912982555,68142.51043434099,41782.66338993198,12528.903228867528,16637.189646783267,32693.579774211168,149354.99418380324,121048.02255543043,64670.78322520298,53028.388041843886,37106.65698681324,135170.2305514427,75626.49445088462,61413.48481144499,50045.9997161174,125606.10800687694,47062.704539033446,8857.48106452551,36122.27788281719,68406.38637151198,31669.5749781598,39389.23363915938,2498.4644528396466,58478.861946194964,40831.656068143515,23396.731233368933,34675.77600815715,91335.95573120924
147,21012.62112157524,17355.365275225566,75201.69985780984,46335.071561939054,67413.48137786474,41616.46197843629,12385.015707582294,16588.63577502949,30638.663906550137,143886.14695328573,115803.581042484,61362.54312524714,50400.08294195756,35879.267616799385,134143.37704520472,73115.88420015876,58901.908378160624,49290.96653147346,120758.95273313411,46612.78386446544,8599.882243176571,34593.43522846001,64326.33738041965,31053.692345476098,36943.747318182024,2440.843588864745,57753.428550983605,40902.032601018735,23356.373544674065,34685.78428692057,91016.39697758506
148,20676.50249114381,16975.1896470624,74406.01940416581,46174.79123157441,68522.76973762397,41868.65093227386,12363.67104586873,16375.776514990923,29622.904131437055,140238.88935617186,111833.66774039282,58814.63069791143,48768.31228111351,35091.20511383059,133408.57065846268,70623.70248512128,57231.82775973483,48855.60359884997,115946.62169786102,46366.68011895739,8507.425817594287,33464.18149286369,62811.44526220309,31147.097903304304,36529.25855205445,2411.1907246427018,57377.00238329038,40761.60101768702,23348.81614533033,34607.13911781799,90695.55742920729
149,20609.17613556656,16637.396961279188,75275.98925582125,46161.375785233075,73759.12101328891,43397.404119711005,12663.924596966941,17029.980755757257,29194.51992991157,137450.51154672517,109387.44729681533,57161.18849892685,47911.98817174981,34069.646078232756,134010.70812544212,70003.57920637079,55149.21936525638,48790.41323413756,113553.7999252849,46162.642206002325,8562.127294577283,32458.406570446125,62935.618795390496,30473.848983649306,38175.1316749467,2397.799080181994,57206.29778768705,40852.52984926481,23291.262951198903,34678.6672030567,91062.12630026751
150,21815.90284929433,17162.62562434604,81064.17927269968,46033.00481174038,75923.32673699332,44901.990637456656,13203.747383028187,18138.957283924876,28741.128383968353,136572.86364651864,110469.2927076617,57290.60206069562,49819.53353532009,35404.06397718461,138908.07550377783,71867.46720699857,53902.38510712252,49407.31585533699,111170.03273772646,46394.99629860358,8641.722762740883,30824.381907162926,63797.2282420823,30904.17591433651,38581.701585082235,2503.674364925594,58544.06812734404,41330.82549980672,23496.687407751993,34996.43340226547,91472.52103385881
151,24656.509893962142,18014.39641546445,84666.48078548306,48919.42143845174,78880.82299811799,44053.75073333559,13781.915096259763,19218.810412957184,31590.193506956475,141948.0195908466,116592.16941221505,60169.19209726691,51081.40420518092,35607.54298800978,142083.335458766,76888.5999955303,54733.377445230944,48631.320073037314,111170.03273772646,47696.55522717797,9029.603693123654,31598.497429861032,62845.35087104932,31483.091097480068,38986.390040911436,2646.02400502591,60301.915234163935,41964.61273044134,23998.655361251676,35180.39885204589,92242.05254213446
152,28817.84674155709,20488.430991357265,86932.47593477383,47669.94202223498,80719.28478202154,44642.35569083942,14057.289002560912,19588.41286030669,38467.80038781966,146706.96923552334,132270.81291885945,62567.26480183568,53494.353710883384,38587.429352313826,149351.7347432672,77521.33417014104,57231.82775973483,49450.516916182176,155374.9881760752,48196.29040039306,9844.691576180752,35479.20597213047,59888.774175002756,34082.65682009872,42549.57623092107,2741.310951737911,61454.1082785445,42134.7736618704,24030.95727124771,34671.749153352444,93138.1406666835
153,33036.795463985414,24462.02922329819,93551.7080336902,50122.98034320275,87229.46184605756,46783.00405023225,14422.45535430079,19649.411590055628,46330.15506439607,150065.80547758695,145736.23187171193,66013.16990726793,59193.98903250334,44305.928983855665,155426.83594857188,79426.19994924792,63092.05497327349,51996.18180284834,199350.37776934617,49938.40750399982,10424.07678744158,37940.897023531805,68168.83680800878,33675.71265874996,47476.54670551541,2918.436243020082,63547.46526720535,42448.43841160644,23622.267628920017,34907.78741591023,93693.25245956171
154,35479.076052565084,26106.747640729016,97259.05512203134,51019.51984129108,89022.66949755786,48891.101389731244,14614.717814513486,20059.721513376317,51333.627899522384,168849.07782102915,153364.9170642914,69800.55009539214,65866.4062554079,47241.75849381771,157782.93144179328,89096.25240659168,66458.90137269539,55589.793001536,209973.57387519893,50558.33066462306,10791.44215923405,39876.48767334147,73120.06541574771,36879.38794437623,47846.06022212591,3022.962842915226,64755.136099922296,42557.27493805951,23758.93154950834,35089.35305446388,94573.73462251983
155,36358.183890994034,28511.75705313805,107934.2648012764,51812.37435668182,83706.87045688854,46288.39486007984,14826.058320102466,20490.84271979684,55121.93926195134,178077.77141370057,154119.011097836,74175.82322781128,74562.97720000001,49710.78284941226,164160.23489880815,94349.27000523309,68992.25171402677,61301.6458069983,218005.32349888058,51097.59293868934,10883.095991795355,39657.03446416414,79129.28091834534,37866.998531086596,48214.31901023314,3100.829660865846,65642.21133860211,42937.9600637223,23892.894022151097,35176.917640363965,95311.58914543048
156,35573.408213444265,26260.23057077631,101954.83442594351,52532.95059468301,82521.12602872528,45446.491326285155,14727.16921621401,20222.429042582193,56120.791108376136,177199.48387625822,148454.68062620866,76652.53017410634,71910.37340643168,46617.514902090865,156238.95830191206,99175.29528556037,70684.94007488864,56957.12534084993,186213.97083115365,50329.29616898321,10691.959855398632,40964.902509147796,85255.93354437967,38669.521650471484,45609.49523346062,3083.786918566188,65448.95047090638,43172.97077663786,24168.692876499237,35086.986452045494,95715.03506463271
157,34884.597192256115,26967.729626124346,95777.22666802452,51225.26079688432,80968.64725521849,47010.10966047687,14288.491196433097,19520.12799615544,56700.839537247484,171764.30137634664,150436.6970810367,76148.66432829456,65470.529776231444,44047.14934896582,152814.7319692539,96335.69874679753,72380.58632670857,57628.106117303425,181005.2002641808,49810.61440693324,10513.798713928913,40995.2291398638,84832.66253514045,37885.2593593977,45985.5690537099,3011.045627497608,64618.439444239666,42400.52037211414,24060.503555457643,35100.6042182432,94665.1574064727
158,35198.77126440427,27365.8591511072,96711.15834643054,50770.116349276635,80588.70278715453,48238.02316748537,14497.048223139476,19628.614309342334,57630.353350672434,179158.24426275052,159853.94143060962,77346.2770899335,66160.20332536774,43993.954494119025,156076.61599297434,95672.56631132285,73229.50003059724,58449.616054591665,212644.7777341204,49874.86241882765,10584.523142766831,40895.292450852554,86086.71197312057,36641.17619200669,46360.290882513254,3007.112522426263,64573.26948791626,42313.273315451406,24032.81032598213,35104.56333733412,94112.6813944899
159,35292.93751167527,27602.246923239814,101195.90370450023,51171.058927523765,84572.83898904809,48369.930233467625,14604.625676793197,19863.16431305321,58469.168600000005,182306.03882021192,163639.51520000002,76650.81022189447,68800.66916396345,43200.73098498991,159180.97871201413,93689.11400247831,71956.40074768953,58381.72593182726,226201.1461192308,50402.56919164206,10717.801580444057,40751.48121883647,85709.32755268144,35907.08841337759,47476.54670551541,3075.264361738714,65352.12031881489,42458.44046855803,23995.566331685382,35285.610978047116,94378.32879522168
160,35728.84138548042,27618.408171189858,101854.51737843531,51190.71081174599,85063.68999740035,51923.10487276073,14915.830438844376,20172.92335210024,57213.62715107603,184360.25103289133,158219.91010252625,75623.61943953685,69414.00433465924,41299.79693526065,159252.69100508577,96335.69874679753,69838.22235205927,58147.11505085933,215322.043712907,50711.05171522702,10977.956073022942,40054.93149214032,84755.9959100698,36696.16396360225,47846.06022212591,3151.8552955537953,66217.89672920176,42511.48864314116,23955.888852538937,35199.34528702005,94510.83421794328
161,35512.505642818986,27210.111568651773,103488.39469936107,51727.83270785847,87746.3729691163,48208.05622172512,15206.25108369078,20758.09522386833,54861.002242822906,179975.9902571712,149612.78076569343,73979.34532683119,69962.69218824488,39145.420291916125,158804.3305344392,96335.69874679753,67724.71369316665,58366.662892129476,207308.48134370218,51556.59221558806,10912.333261417907,38786.93242340677,86436.82750220805,35336.97804152921,48214.31901023314,3273.808672094314,67576.50425265318,42817.301853227014,24027.783692526536,35456.39255773413,94665.1574064727
162,34448.829556285724,25589.30878899476,102050.14594974382,51958.28150869628,87010.08248968943,45999.59633897009,15858.008006055765,21147.588588724055,51659.44785118945,172830.35914267506,135613.7593189829,70748.98570359626,67838.29840337682,35705.381763368205,156897.23005062688,96999.8155199306,66880.64535665061,55455.976923227674,181005.2002641808,51358.12645422011,10750.97507210579,38230.85626138255,88015.88508190021,37318.6981867631,48581.34104936737,3188.5778293014787,66629.53274429165,43127.606643682455,24315.17229176649,35768.91432576633,94797.20712242111
163,34045.83084595255,24871.829386205412,98765.12681485336,51904.02044119023,86059.50012036029,46802.239682372296,15219.363471517394,20329.146822736642,49401.024290581474,161221.5414773134,126211.59054881918,68108.92139704684,65560.2108986128,34827.00100773165,154006.2102869968,95672.56631132288,68147.0359802879,54823.80455936373,188828.28474097908,50736.89295552678,10883.095991795355,39934.411176490954,83211.26698094793,39106.44987068482,50758.45366680923,3034.216152348242,64883.9875550988,42891.544658940235,24249.748590606385,35408.39352562153,94885.12420247585
164,34139.922180217356,25545.28591162557,97527.18666597638,52331.05362679307,84039.32249290888,46746.224223846046,15112.97842228093,20488.402638182648,50575.65501804969,162739.40408410766,131020.28852111413,74899.94130725862,66642.6451025052,36809.505871073605,152936.752572129,93689.11400247831,77989.5218578992,63688.74211649898,207308.48134370218,52032.29857715272,11347.539804451537,43722.6887169917,88995.37889700754,39633.65453767598,51475.01051010397,3049.46973221792,65058.28826166745,42821.78839300656,24059.446430862277,35400.03965796876,94994.89047515053
165,33574.75847312575,25713.61117999591,95378.3373701566,51334.357621937,82270.71956117952,48318.84487309754,15158.861243392947,20105.431667076216,51322.071566963416,176459.55490320647,136333.47790204384,80919.2812,67138.1468372404,36077.534496696964,150106.67800344227,103930.53408643467,80052.51735203825,62239.93691139428,204649.5502682313,51369.5676693758,11131.119082894504,44317.47834704382,100165.61178033179,40614.112108393856,50758.45366680923,3163.821507031341,66352.27405506001,43417.97238609844,24513.72500762172,35487.29156997193,94775.21336279107
166,31344.144454246063,24718.972770525037,92385.39422542905,50355.08747089852,77873.27319532151,46292.13135653673,14629.657260914164,19502.887880437956,49433.59934070859,177257.04148881693,140000.9792669277,78362.32438619394,66581.64372664294,34564.433322897305,143233.7321166957,109152.45116020378,77131.53619779971,65445.81158,181005.2002641808,50812.56826975456,10890.409462124278,42429.61167357583,95694.27810278481,39560.985012916695,48581.34104936737,3040.413909555331,64954.85756715368,43089.12110797576,24271.799049804635,35413.26308140878,94444.60792810022
167,27923.61335347515,22603.27202003881,86891.97257177484,48826.45918840254,72137.98642978215,44592.990921732286,13917.826052410956,18342.478108573883,46002.870603646064,176177.09671631496,139924.07705223377,74847.56919362916,65667.44723496548,32647.18066508684,139026.98918523977,100016.60013078374,73229.50003059724,63934.57034219077,170668.80685840998,49611.06049766743,10584.523142766831,40504.890881120016,87143.07955970918,37647.78911665498,44091.249869987114,2863.0499125356273,62899.39266816431,42337.25227684027,23781.70675449512,35237.60114921703,94112.6813944899
168,24402.832192948186,19226.86420614268,79160.64193342054,47275.57065977252,68719.11668938008,42772.59609414696,13319.57663173676,17433.722307968736,42241.74465527677,167421.71128278226,134178.33440942867,70196.29705161831,61745.56371563113,31225.73482946033,136820.54342993448,87793.20503342646,67302.58314297044,54562.23594341735,145326.34703059893,48503.89895200176,9930.255171251902,38778.772643761695,76364.76760219326,35576.18489976294,41376.97617617293,2665.8235157924046,60542.89541820185,41531.5040741376,23606.420067908224,34728.07658940099,92647.94529567582
169,24049.922252203785,18636.98776362545,80443.1793044702,46043.709735737764,70525.26331802976,42778.26090150866,12635.330803889912,16693.98126907294,34039.51894287358,167159.5028125164,114722.30491064844,64870.144453286804,58180.44346122341,40488.620139133505,140720.359780925,89856.90646111655,66051.27852682685,50042.977597561156,137395.91788110725,49393.343607896,8950.294516646587,43108.66965092214,76704.35784596295,31279.709922269692,40430.65153248131,2575.1956493099065,59432.91926583943,41318.3415485052,23543.296982755066,34991.79244232077,92216.25106935536
170,22858.265490125315,17900.1430483122,78832.04315411563,45719.26242285159,70857.68183894668,42258.211653983526,12532.300517180583,16444.729613788855,31176.683215096367,164673.70648461746,108973.29272755318,61250.10916618121,52523.118621628106,38905.51327999652,139286.30309902737,89856.90646111655,63448.714517370376,48718.62372353633,127456.26584877653,48710.047002401814,8620.951609788746,41428.14559047381,74582.1359101929,31187.93287971404,39625.557139470126,2520.1046157402952,58749.2935877848,40994.57022381172,23587.13564674738,34877.04465502079,91805.14727134889
171,22152.215361810577,17923.316740257582,77624.2612194984,45451.09054605705,70099.54048327645,42090.118625575305,12388.373979918802,16396.737416209497,29217.110067028992,158643.94264197568,104251.99246904513,58116.8539748127,49919.85675316945,37618.62253551983,138228.1808473698,86873.88216390679,60853.90498012819,47983.616373696015,122537.7127546337,48244.37769120904,8370.23168643696,39674.7368969494,70133.73884502333,30581.41680795851,37165.39863947478,2461.984675270037,58020.505473664736,41065.22755189675,23546.44952405185,34887.11102484823,91483.94694883133
172,21797.867741618204,17530.699927390993,76837.31610885504,45293.868045635994,71246.36218232458,42345.177861235024,12367.023530470402,16186.340525181562,28248.47888775635,154622.60120439532,100678.08423627177,55703.70994690239,48303.634062878096,36792.35634329413,137470.9988503775,83912.75404500833,59128.478248444946,47559.80062382646,117654.49685441244,47989.65954169806,8280.244209731965,38379.61125956194,68482.0818018271,30673.4018210238,36748.42306598896,2432.0749761702723,57642.33854797659,40924.23566082758,23538.830622006128,34808.00937549952,91161.45925213523
173,21726.89002210174,17181.853031700626,77736.595581634,45280.708539330706,76671.1914151358,43891.33051212106,12667.358497145175,16832.976891058217,27839.97059231889,151548.23123457714,98475.87811306125,54137.72434819528,47455.46925086873,35721.27417494157,138091.47202254584,83175.94401754861,56976.852658748445,47496.33931089756,115226.42920058855,47778.47966099082,8333.484942917728,37226.1017812191,68617.46575966894,30010.39190908087,38404.170930315195,2418.5673415191486,57470.84454022537,41015.52728919712,23480.809055517147,34879.95263128625,91529.91118241134
174,22999.062108139107,17724.269716104678,83602.94745686896,45154.786628712674,78910.96332815845,45413.04144101189,13207.327659438144,17929.12471054772,27407.615227813203,150580.56668807,99449.80774985589,54260.29275375056,49344.838984828595,37120.381976735334,143137.96927466494,85390.55426680691,55688.69858089889,48096.879750628235,112807.54950436871,48018.9668765613,8410.95490016608,35352.061282762006,69556.86157142367,30434.17427559072,38813.18013706574,2525.359652881397,58814.801310619594,41495.73129074829,23687.905272229957,35199.56324121329,91942.41410806758
175,25993.72606023155,18603.914565822004,87188.36244356193,47986.13616658772,81992.84288573045,44555.14731714564,13785.652146361657,18996.48603217414,30124.491183643695,156507.02972415698,104961.91791385697,56986.623643708896,50594.68619545762,37333.72524181774,146409.91916114805,91356.49864362791,56547.22982674244,47341.465796598735,112807.54950436871,49366.08445529439,8788.477889696609,36239.88376954483,68519.04841943725,31004.285111854864,39220.296601352595,2668.9422380400724,60580.777465491075,42132.04726798529,24193.9582798668,35384.59648186704,92715.89868904788
176,30380.74800802227,21158.91151500028,89425.08590635021,46760.49433271277,83884.4635125008,45150.4514662051,14061.100721972367,19361.812895682742,36682.99510042112,161754.0847774225,119076.59217578567,59257.85351936682,52984.644438502924,40458.07051928403,153899.6486796643,92108.29252162756,59128.478248444946,48138.934984607244,157663.63685224706,49883.311929033654,9581.799732144922,40690.61522687106,65295.55107262684,33564.31571944425,42804.86083187951,2765.054501696972,61738.29875064187,42302.88712422761,24226.523065311638,34872.99442713809,93616.59000588735
177,34828.50634140344,25262.54509344589,96066.77657334463,49166.73356103064,90649.99640786216,47315.46355755427,14426.3660907895,19422.10598837462,44180.55709177292,165457.4226971094,131198.81449937963,62521.49211098622,58629.97202909919,46453.791541408704,160159.74296512385,94371.59121578229,65182.91213410263,50617.08089922998,202286.77688693858,51686.40860253638,10145.71308779536,43513.89496595786,74323.1402992512,33163.56050884576,47761.39164062888,2943.7139433461075,63841.3363306829,42617.80336441952,23814.50747497757,35110.40272685672,94174.55340036064
178,37403.24108102316,26961.086649711975,99774.59220269261,50046.16886850086,92510.40067291204,49447.5541504487,14618.680684137653,19827.669421268936,48951.8818788836,186167.21612322077,138066.52639642142,66108.5439202805,65238.812580976235,49531.94417661443,162587.58398944009,105861.2286165737,68661.33510059983,54115.37832141469,213066.4509690073,52328.031020703864,10503.268364545429,45733.7973625899,79721.36734400863,36318.51316752261,48133.1221266899,3049.1458883809873,65054.59195754463,42727.07413754589,23952.283577151018,35293.02222705662,95059.55858800051
179,38330.026276,29444.799598320464,110688.31131834828,50823.897296538446,87007.04846287328,46815.22498615431,14830.078495990138,20253.80339106033,52564.42550617276,196342.4579236108,138745.3983691042,70252.39286763783,73852.52014764384,52120.66188,169159.082896,112102.69087694958,71278.64012852855,59675.73497673244,221216.5069775155,52886.16916796235,10592.47468060827,45482.10948372496,86273.09666492797,37291.10382309215,48503.590356255736,3127.687140832003,65945.76941718132,43109.27815814938,24087.33624678598,35381.09506418412,95801.20345938051
180,37502.6892332194,27119.5922833207,104500.41168743833,51530.7263729746,85775.43093236239,45963.739349843585,14731.162577719702,19988.494739770715,53516.93324040885,195374.0881349722,133646.0937331479,72598.09773261452,71225.19111030194,48877.438507819956,160996.59527941933,117836.81494738352,73027.42381838006,55446.444742745545,188956.87277972497,52090.97959841391,10406.44262806937,46982.08542534423,92952.86536880047,38081.42188700858,45883.138423874545,3110.4967847773387,65751.61482734454,43345.22653991197,24365.3795736012,35290.64188816508,96206.72187468439
181,36776.52137454698,27850.2441285191,98312.7464787687,50247.984695831576,84157.11890886613,47545.153964217905,14292.365607725618,19294.317955039416,54070.06893987116,189381.44187247555,135430.40094249448,72120.88319272542,64846.70812441818,46182.46678894241,157468.09773299564,114462.89999305973,74779.26342306119,56099.629016397615,183671.37785703363,51554.14234572715,10233.039087247073,47016.86662260557,92491.38132304954,37309.086934267114,46261.468573413964,3037.1254533707656,64917.26315719013,42569.69413682226,24256.309799474027,35304.338695978906,95151.4510095289
182,37107.73429972448,28261.40237651646,99313.27068621351,49801.52349910936,83761.77306086554,48787.04293591173,14500.97918593826,19401.549291883624,54956.45574441638,197533.75031916398,143908.26041948827,73255.14983882055,65529.81026968613,46126.693154243774,160829.3094801997,113674.98790406981,75656.3099449006,56899.34994807888,215777.00123269612,51620.639239814336,10301.874896683184,46902.250603216686,93858.64672884924,36083.92422374349,46638.43861996729,3033.1582821615757,64871.88431538172,42482.09897327532,24228.391200349222,35308.320794989355,94596.136935921
183,37207.00754018753,28505.525899488614,103772.75597711356,50194.81689034372,87898.6283038931,48920.45129863178,14608.585809872851,19633.38600672712,55756.352160926435,201004.40089808838,147316.217276649,72596.46875496054,68145.11700590985,45295.01576063232,164028.20323697952,111318.31528715142,74341.02042499332,56833.2604831013,229533.05275163963,52166.81740698611,10431.59427778865,46737.315471583075,93447.19192720659,35361.000711713685,47761.39164062888,3101.900410802748,65654.33689059864,42627.84532856126,24190.844111538318,35490.419290733116,94863.14896367273
184,37666.55213644278,28522.216021611264,104426.61495769623,50214.09385569793,88408.13247939236,52514.06629989556,14919.874956988031,19939.561734160765,54559.06455012149,203269.30500000002,142437.22627550058,71623.60984686895,68752.6081463128,43301.928241527,164102.0992431338,114462.89999305973,72152.64605194099,56604.872214385374,218493.70291030422,52486.09778771265,10684.801625933498,45938.452133501654,92407.79321155742,36138.07572185832,48133.1221266899,3179.154728194323,66524.11702691519,42681.105159966675,24150.843733989277,35403.65288765568,94996.33506491643
185,37438.48368490759,28100.55798012321,106210.72084485072,50740.96853424126,91200.89961595075,48756.73492216108,15210.374351158682,20517.964301729116,52315.59528199294,198435.3690738637,134688.67156997384,70066.30740085346,69296.06794745526,41043.11174028463,163640.08573500172,114462.89999305973,69969.09616969946,56818.59696219391,210362.1020516168,53361.23486107955,10620.931200558156,44484.20137449659,94240.37079526692,34799.560780060085,48503.590356255736,3302.1643898989646,67889.00734128652,42988.13853366358,24223.323659760707,35662.19213814101,95151.4510095289
186,36317.120404821646,26426.714696931063,104711.44144415946,50967.02083026733,90443.01312434045,46523.139512413196,15862.308001377229,20902.951983386974,49262.584637297776,190556.84069102444,122086.07443697976,67006.8133031841,67191.91598504546,37436.307044736765,161674.91207993793,115251.98163959077,69097.05558966754,53985.111462839726,183671.37785703363,53155.822174764755,10463.88190722417,43846.44524310126,95961.98617747724,36751.142224350224,48872.814416728426,3216.1953299503475,66937.6566256179,43299.681408679025,24513.051049710524,35976.52787663352,95284.17906304002
187,35892.26554401298,25685.755899068066,101243.23680942616,50913.79495601687,89453.17378649233,47334.91811952621,15223.490294489005,20093.978002081363,47108.946020760435,177757.35552277745,113621.78672673863,64506.39164571338,64935.534739800845,36515.344152136226,158695.85779099073,113674.98790406981,70405.41412677604,53369.70628164226,191609.69511448455,52512.84355257954,10592.47468060827,45800.22903473893,90723.60568101786,38511.70514829844,51062.989052056655,3060.4966670611757,65184.03927778049,43062.67756062208,24447.09492539625,35613.914505190696,95372.54777191787
188,35991.459808652995,26381.25117816366,100080.07632534644,51332.68119770658,87361.85863607918,47278.26512255937,15117.076398299389,20251.391536460313,48229.07695588312,179430.89890015946,117950.80954520994,70938.20969563116,66007.6552056594,38593.95687426366,157593.83398873074,111318.31528715142,80574.07787395078,61999.518047389174,210362.1020516168,53853.592439296015,11044.516023424198,50144.952642538876,97029.90899457765,39030.89190023089,51783.8450199023,3075.8823640609667,65359.146026475115,42992.64297428063,24255.244071916717,35605.51214917423,95482.87791241567
189,35395.64512747943,26555.084863168086,97984.12847856569,50355.00017043009,85528.01389743268,48868.784511601196,15162.971660817411,19872.85079709975,48940.86172991831,194558.26776556543,122733.99996420124,76639.1647042459,66498.43566027521,37826.50099602305,154677.5807385971,123486.83285754774,82705.440596,60589.13967476043,207664.00534751176,53167.66386838304,10833.874583232902,50827.10872,109208.593928,39996.438325405354,51062.989052056655,3191.22458363822,66659.11577185744,43591.20568088085,24713.21960296672,35693.27049755135,95262.07232177125
190,33044.05643945229,25527.897075860583,94894.78191829525,49394.41254633627,80967.1505090188,46819.0040094455,14633.624181460085,19277.27727404077,47140.00967379393,195437.549189276,126035.6623241227,74217.45468051762,65947.23506809142,36240.04771266313,147595.34658053477,129691.34250000001,79687.65875321876,63709.984548887674,183671.37785703363,52591.16774047018,10599.5928526197,48661.94029796539,104333.58687489378,38959.32755930886,48872.814416728426,3066.7481054304767,65255.2370235337,43261.042319598324,24469.32483294165,35618.81232534625,94929.76857153926
191,29438.01694739448,23342.960367400992,89303.69497699934,47894.9474513895,75009.62290532122,45100.52485330081,13921.599955595237,18130.291193780977,43868.45777366535,194246.83903285686,125966.43122578412,70888.6077344813,65041.74929813057,34229.850492092635,143260.50400003427,118836.42561731368,75656.3099449006,62238.82614186302,173182.73103285735,51347.60342292071,10301.874896683184,46454.50439180395,95010.38350509388,37075.22822297411,44355.784046960594,2887.8478905214824,63190.26676263467,42506.173608281795,23975.244128522383,35442.13079839793,94596.136935921
192,25726.29045413383,19856.06016489548,81598.08752537757,46373.64679153452,71454.29191867741,43259.41125075211,13323.188315951982,17232.04793616425,40281.8382283538,184593.45061474384,120793.83541022775,66483.358373766,61157.23458982636,32739.495813835965,140986.8697020736,104312.99070372227,69532.97630366858,53115.07528115342,147466.98083304556,50201.68774601997,9665.078443924749,44474.84303501926,83259.0022388459,35035.12969578144,41625.22553110598,2688.913239995028,60822.87204650237,41697.21055218434,23798.530945285165,34929.64880458895,92000.07410258593
193,17376.67826601141,15017.249083031016,73309.54515895725,45457.808508916554,68866.92404824795,42214.203926328235,12547.596125414855,16709.619723973097,27448.21830043853,141113.48890052768,108909.74416441345,50048.16436357011,52841.751756350925,35458.81496139968,128385.64857395536,66447.65865165167,57623.470553819854,42777.850796553845,135059.69479202942,48099.556468717194,8535.21859803422,33708.171440999635,71914.22384059035,31400.555028993833,40671.143783810396,2544.958433846787,59058.556620161624,41093.62421585098,23320.55320442004,34715.53166425809,91571.39863995809
194,16515.676058145367,14423.516835861172,71835.30757256164,45137.48975299832,69175.17888682174,41701.01183941041,12445.281239767677,16460.134576707256,25139.732679763358,139015.0177599466,103452.01345941545,47255.25982207572,47703.54831556461,34072.3737097749,127077.29278603756,66447.65865165167,55352.98050566077,41645.76363578441,125289.05247216653,47434.15782873534,8221.149189645988,32394.111100028174,69924.533194397,31308.423417724785,39861.26047556366,2490.5142635368948,58379.23703914296,40771.61378052884,23363.977109610223,34601.6898126301,91163.16962031016
195,16005.536948723615,14442.189655124195,70726.90664708665,44872.73033433356,68434.41790147305,41535.135218194875,12302.35407075882,16412.097421379047,23559.60483970493,133924.78358979733,98969.924264311,44837.91248714658,45339.16418189006,32945.35034797276,126111.91924832716,64241.76276610439,53089.255498410275,41017.46299790686,120454.13241079927,46980.68605109517,7982.056571105911,31023.059723911418,65753.9354440207,30699.56414970552,37386.468299536304,2433.076750890393,57655.039496206526,40841.88682585456,23323.675919437166,34611.67670830185,90844.21539656476
196,15749.511813763133,14125.828205098944,70004.32032588717,44717.50847322695,69489.05199978552,41786.83134516515,12281.151870283607,16201.503436426148,22778.536220436068,130530.02881504962,95577.09292604949,42976.14032740069,43871.24759166539,32221.729243615242,125421.1073294,62052.05873313159,51583.98446227821,40655.175864256504,115653.94868439363,46732.63987480731,7896.242324062521,30010.355843782363,64205.42323887552,30791.904534951314,36967.012444615066,2403.5182429773486,57279.254610178505,40701.66174488716,23316.129100032613,34533.19956777849,90523.98280102767
197,15698.228612796458,13844.735531171826,70823.485744027,44704.51642021621,74588.6999585703,43312.597047889954,12579.401431190629,16848.745553170826,22449.130129547255,127934.69283167676,93486.46455467078,41767.961968995536,43100.91117313081,31283.705070759803,125987.19350737445,61507.20021168953,49706.89537973508,40600.927721836655,113267.1668839065,46526.99154539333,7947.013982493974,29108.386574731492,64332.35256234646,30126.33317011232,38632.60913690798,2390.16921113353,57108.840827852066,40792.45686709376,23258.656477175202,34604.57483037503,90889.85821014183
198,16617.40518252721,14281.802215970836,76186.11640243293,44580.19685229254,76671.48421115978,44814.243307353805,13115.621263800384,17945.920213290057,22100.49463771689,127117.80526055183,94411.04872912627,41862.52509597343,44816.91057977698,32509.00503120241,130591.34477410406,63144.86693854087,48583.10322568015,41114.28305282213,110889.41681281055,46761.17954645602,8020.891218451431,27643.008985469296,65213.08375648678,30551.752764890494,39044.0512390292,2495.7075975253274,58444.33213468743,41270.04919164352,23463.7933509029,34921.6621092689,91299.47657357983
199,18781.125774412456,14990.599473357714,79474.46698611432,47375.51777350479,79743.81134166992,43967.66103100861,13689.93009702223,19014.28140915986,24291.28365726795,132120.83447391485,99643.88037625,43965.92501345582,45952.070645743916,32695.845168846587,133576.49496084027,67556.58164248843,49332.09024103834,40468.5383956001,110889.41681281055,48073.0113301605,8380.90632582398,28337.228334755317,64240.08131682695,31124.06615050767,39453.58934015192,2637.604276774154,60199.18456362204,41902.90444844086,23965.058577158004,35105.23450943799,92067.55230953162
200,21950.86030133819,17049.356289578885,81528.99684209566,46165.47209941436,81395.03270859874,44555.11573853972,13963.466068001306,19379.950500659907,29579.820417558312,136550.31788683156,113043.41557586058,45718.20854977865,48122.72409343059,35432.06044831278,140409.7192602607,68112.52046732813,51583.98446227821,41150.232802631916,154982.78989258021,48576.69077890946,9137.437335088309,31817.410400596316,61217.8891460301,33693.98710467507,43059.475510572396,2732.58801754557,61349.41472566988,42072.8151609817,23997.315266274793,34597.67156136329,92961.94524645357
201,25164.47840594782,20355.968300844153,87611.4045488044,48541.09219378348,87960.54081453025,46691.58084958301,14326.195180333463,19440.300074235256,35625.57913127775,139676.61896832468,124551.44910948788,48236.14838224316,53250.03116396514,40682.94727905977,146121.09085015755,69786.19147358516,56865.90330641609,43268.60707365026,198847.1765984691,50332.557945023655,9675.198830184987,34025.031239784126,69681.711679922,33291.6836282418,48045.48908073658,2909.1496908045187,63439.20545998716,42386.018671793536,23589.197766738773,34833.20551864272,93516.00689859544
202,27024.789500574934,21724.613381896936,91009.00391407941,49409.33678207588,89735.39129098924,48795.558551834045,14517.174418139663,19846.243427614234,39473.00025842987,157159.50899609388,131071.1990943254,51003.605739479,59252.43834864646,43378.70831857246,148336.12174566233,78282.58350516937,59900.49715310857,46259.02955353642,209443.55758223002,50957.37399269262,10016.172240866219,35760.85030295389,74742.82318571945,36458.82503776369,48419.43071843857,3013.343683903759,64644.81889810963,42494.69515590071,23725.670365431582,35014.38323487862,94394.82339672926
203,27694.415289212975,23725.93121678869,100970.02837690839,50177.16869997699,84598.67417532208,46197.93822316786,14727.104368220964,20272.77658779409,42386.02280343417,165749.29208769568,131715.6751003022,54200.63936662765,67075.74408269455,45645.83576614205,154331.6020765483,82898.03901213236,62183.847340583925,51012.14615042733,217455.0334253447,51500.89251908601,10101.241554116816,35564.04677737306,80885.40154969902,37435.17317132336,48792.102591408526,3090.9627272893244,65530.38291059147,42874.82049026413,23859.445298055853,35101.760735505384,95131.28207270974
204,27096.643310609812,21852.333516242452,95334.51659713099,50875.00345285813,83409.66941214057,45357.679934633896,14628.875282485442,20007.219402777813,43154.09006860454,164931.80916197816,126874.73363080375,56010.381330672724,64689.501205979446,42805.510335504136,146884.589659418,87138.32653041331,63709.49510554325,47396.854749109305,185743.92864109392,50726.53178927877,9923.83686294075,36736.930250857746,87148.02332587409,38228.54452668709,46156.063515094924,3073.9742155100826,65337.45128316034,43109.485623740205,24134.858049331833,35012.021688801855,95533.9647672785
205,26571.968631209864,22441.075693437826,89666.09741700129,49608.58452482996,81791.1226634207,46918.24265075216,14193.125142976121,19312.392332643292,43600.11838804372,159872.90908379314,128568.63650201968,55642.204075475565,58896.31376238736,40445.32855658691,143665.37925735206,84643.37363214474,65237.80886610668,47955.2112007507,180548.3060775382,50203.756211356784,9758.47502776999,36764.126881366225,86715.35863905618,37453.22575791846,46536.64407282613,3001.4643894253104,64508.35511959258,42338.171095000675,24026.82018732848,35025.61036009224,94486.07323031272
206,26811.27836277567,22772.377398468183,90571.81445453563,49167.804498551835,81402.61372917701,48143.75657301382,14400.290192021292,19419.724120805742,44314.8681631688,166754.9628596751,136616.95376186175,56517.305618940816,59516.73381828701,40396.48354814482,146731.96714009347,84060.72600272339,66002.94870219658,48638.83044837932,212108.01877567722,50268.51131555729,9824.118530318097,36674.50462063003,87997.23926752884,36223.32978999332,46915.85643731755,2997.54379961302,64463.262115052275,42251.05233371888,23999.165726835556,35029.56102036537,93934.64237278973
207,26883.005794650962,22969.086426665068,94662.5053505288,49556.09327391687,85382.55636075298,48275.405866619025,14507.149638640209,19651.778013801704,44959.87526491291,169684.83285633315,139852.24187541395,56009.12455312032,61892.05757143706,39668.12346310592,149650.4648636832,82318.00656389592,64855.48345079583,48582.33570310717,225630.16811129014,50800.38313623028,9947.822088014176,36545.53609205401,87611.47953318575,35497.61335663585,48045.48908073658,3065.478777715679,65240.786091442234,42396.00602088269,23961.97387206147,35210.22184548392,94199.7872312218
208,27215.038410568457,22982.53493692439,95262.46582887913,49575.12494197175,85871.15699739521,51821.63690311053,14816.27731854423,19958.240558096346,43994.42649447235,171596.83016709532,135220.45155243008,55258.55118928586,62443.80475873291,37922.63247578714,149717.88358469776,84643.37363214474,62946.33454317703,48387.104328959496,214778.52678695778,51111.300429540526,10189.286775352146,35920.877001990855,86636.99054721544,36277.69049540532,48419.43071843857,3141.825996867535,66105.08756043077,42448.97618898597,23922.351939181273,35124.14046458884,94332.04198489983
209,27050.25317494917,22642.772743741658,96872.2606896173,50095.2951972114,88628.64319260881,48113.848188565535,15104.759601224847,20537.184957018228,42185.3752465607,167516.0955861617,127864.48785138558,54057.07199667977,62937.39618212356,35944.42338705865,149296.36743746925,84643.37363214474,61041.39454582278,48569.80099914588,206785.19228996587,51963.51455402733,10128.378383844576,34783.74764263708,88355.12493046376,34934.004374545795,48792.102591408526,3263.3913140828527,67461.38055272102,42754.33970570928,23994.146130387504,35380.63854343038,94486.07323031272
210,26240.039789099807,21294.028953786783,95508.57734598593,50318.4710022178,87964.08333604356,45909.704071227585,15752.166485181657,20922.533284372264,39723.53955523408,160865.162741792,115900.41834780853,51696.63230967104,61026.32316444534,32785.683477873004,147503.44923672982,85226.88612953604,60280.621918767625,46147.674544154885,180548.3060775382,51763.48235569668,9978.61235695247,34285.063893203354,89969.22662481999,36893.125500901464,49163.522894637215,3178.4316784043976,66516.02231016805,43064.18819800611,24281.13240155639,35692.492596086646,94617.87313930743
211,25933.071386100215,20696.981675068862,92361.05133814659,50265.92242146085,86984.3158268685,46710.7788915107,15117.784472695725,20112.801478859343,37986.92444659587,150060.03364154778,107864.98522280008,49767.52431791313,58976.98956477339,31979.12961945997,144785.5211585261,84060.72600272342,61422.04054560447,45621.612501396376,188351.64348732497,51137.34562781109,10101.241554116816,35812.79554301915,85057.97936112378,38660.490131609964,51366.725270278526,3024.5611849664892,64773.45084124678,42828.47333858155,24215.80028994284,35332.74206318791,94705.62390095863
212,26004.741755942043,21257.395513115986,91282.69984599263,50679.47838102709,85033.73477136256,46654.87289821885,15012.10947199784,20270.362473836125,38890.15690660563,151472.81329711783,111974.6722449431,54729.75601373841,59950.73125767674,33799.521216828565,143780.09421947226,82318.00656389592,70293.2343979541,52998.56762757295,206785.19228996587,52442.97553816766,10532.31917609974,39210.086376194915,90970.45840186799,39181.68269429331,52091.869080838034,3039.766227484607,64947.45460818439,42758.81964810489,24025.764542648823,35324.40604391068,94815.18252170463
213,25574.25055050914,21397.46663296871,89353.23239350184,49714.238239087754,83294.34290871072,48224.4203371009,15057.686056187375,19891.46712809467,39464.11401491364,164243.10611664646,116515.51585184016,59128.11732008525,60396.477240464956,33127.404560739575,141119.46241390286,91316.41896933751,72152.64605194099,51792.94481119719,204132.97290095076,51775.013873291406,10331.446374149635,39743.48799110852,102388.59289880194,40150.95938298645,51366.725270278526,3153.75413149897,66239.23596034633,43354.12696231006,24479.407154641394,35411.47153868094,94595.92098668922
214,23875.168132806295,20569.78272542487,86538.38864275107,48765.873988624255,78956.70783717469,46201.66741777499,14532.014153799397,19295.33568841114,38011.97303588712,164985.38201085274,119649.89502262465,57259.73638259968,59895.85532823184,31738.0326032301,134658.0148511549,95904.54864194039,69519.91785903055,54460.712454006534,180548.3060775382,51213.61822697384,10108.029616121134,38050.46733054125,97818.02665867285,39109.841873811936,49163.522894637215,3030.7392207230714,64844.20011876394,43025.759254655124,24237.819879723374,35337.601214972616,94265.94097959522
215,21269.713220689995,18809.21180067298,81431.26956701171,47285.48942484551,73201.86638008861,44505.847437910474,13824.933939095972,18147.275143660332,35373.913700012075,163980.20275622155,119584.17161152199,54691.48745236389,59073.45777625941,29977.55741204831,130703.13883300118,87877.52167073134,66002.94870219658,53203.1335117642,170238.00384512084,50002.627276669125,9824.118530318097,36324.39625081548,89077.05088004022,37218.46356379284,44619.62402877121,2853.9396012954517,62792.2369209482,42274.99603443416,23748.413686396812,35162.314591591596,93934.64237278973
216,18587.896772035532,15999.5491270248,74365.87595914064,45783.547151360566,69728.66914985377,42689.01002022137,13230.677430300873,17248.190436874153,32481.795382901102,155830.9602873699,114673.65235916803,51292.77998954398,55545.38975720226,28672.345958025886,128628.79781782677,77137.68782161699,60660.9213616745,45403.94825618129,144959.51357483442,48886.7272022173,9216.853940685085,34776.43003079567,78059.53523230889,35170.483380253005,41872.82342578779,2657.3407848997595,60439.75421250866,41470.432671387534,23573.37239143187,34653.878651570405,90598.94448985973
217,17781.84831361314,13732.455962678436,64424.53916109563,45532.23552196729,74395.15402621144,42662.25465851252,13670.888782863669,16826.78529518776,22635.015228741933,113903.2363093178,85365.15187418049,37367.63828569569,39961.82396393377,27706.488690941682,127958.57927961853,58040.36180506096,36026.152609834375,36709.95760296593,127083.70847371813,45082.731838896456,6885.278958412164,22089.406215275987,61541.32886220865,33350.50220292456,41725.93356634333,2553.1893261250216,59160.66606131914,40424.715917631635,23837.888729917755,34889.885925665745,90483.4540293352
218,15934.440074621016,13739.123782535358,57332.73894823078,44262.66061489231,73432.12828369599,42110.17682428635,13445.422592509141,16920.67817848094,21188.78590361012,113051.14534638649,81113.64179691226,35118.809018683,37752.556795218676,27280.7015243678,127123.59533897354,58547.45979854205,34567.568756426255,36078.10219250806,122100.71910548111,44338.66127236853,6586.300953082672,21528.64532682676,60350.22951596832,32538.06761497392,40918.22661564453,2509.239249191799,58613.64741357892,40238.19427760524,23783.01324196532,34849.88600599436,90221.54285571665
219,15837.578034517324,13424.40924362245,57619.974135873075,45361.46702171875,73079.31014153102,42115.223127066456,13384.809531201458,16730.150994058455,18872.651806372058,110006.88298871703,78349.19794579837,34345.53054710318,36362.90811201155,26914.981426342747,126225.4923207283,57029.027160984006,33113.45518963286,35811.97354921994,117154.12455073702,43798.216431114066,6377.029528611141,21447.003233330648,59322.646282866626,31962.004747373623,39693.27536009775,2477.375994473653,58214.27489383591,40199.58581358629,23685.03054227697,34812.21698528038,89695.11014252024
220,16369.186734315395,13399.443980564058,62680.93535580532,45346.21277352792,73332.49193507599,42353.09340050335,13357.691938780237,16705.42168485117,18189.278902640115,107869.72300996126,76807.54444603575,33887.00425118985,35792.72942274693,26416.065438911548,124879.66060751141,56021.539663131494,31085.527304957363,35625.14868155823,114694.77789589217,43562.352760172515,6355.8896861887615,21393.4575879159,58825.79473810993,31564.021755252947,38867.30758840542,2456.6701451795107,57953.467294363356,40159.403901795755,23756.7123110615,34753.515838930834,88936.14945111902
221,16826.128294452174,13320.648261853128,63813.126794421325,45355.47012786511,74754.34303770997,43083.99056620863,13579.572765489796,17039.259866115564,18136.84743331215,106922.16294649277,76714.83464302728,34102.54655907775,35722.20520362432,26355.15935208029,127780.37676381166,56021.539663131494,33403.91243704226,35738.423963048095,112244.90052911235,43455.84990644447,6457.003185433648,22353.32238866847,59445.65135564016,31683.477163074956,39281.2492582857,2458.967436288937,57982.45389231391,40364.95315453507,23754.16227787138,34781.89016110392,89695.11014252024
222,17639.01430308747,14217.521309726942,67002.84964394088,46034.330630436234,78848.27753017835,45341.295098293725,13959.862509697805,17922.25050553028,18257.47682807499,107297.55942983252,78844.5219789912,35673.42244343447,37080.580390403,27508.690684829173,131040.0377253161,56524.80008827935,36026.152609834375,36200.18004418351,114694.77789589217,44139.047116886126,6722.384523994682,24316.177527884876,62422.090011190965,31524.191694732617,40103.423154123506,2531.8360546402805,58895.44706302113,40754.22460992325,23885.294481956564,34918.22423432071,89958.76433435145
223,19177.083354362843,15468.655499348512,71566.75541962092,47285.25945759941,83661.15929540675,45467.02526965458,14874.206319748542,19538.613844206968,19648.801296695,113468.19678448339,86556.81054452399,39393.04575534471,40858.49100482996,30904.29881062442,137045.51927084604,60074.420172234444,38368.801786807664,36550.0441246898,122100.71910548111,46016.97434237623,7063.447737280642,26057.36351530158,64378.081507175804,32121.037490637926,40918.22661564453,2705.8669093117774,61027.73418553591,41391.9036990738,24320.802513467585,35175.18438280611,91004.70697737901
224,21275.495822073946,17302.899702613675,75264.50034153281,47575.43060340959,83062.49630113837,45956.220573635714,15483.155838222998,20166.72517190639,22902.951948074227,122655.04729282374,101154.8046520726,43360.944259291304,45157.332709045695,34776.11635294389,138007.1692636813,65224.31487270598,42493.318351588634,38904.25894580596,157697.81041971516,47806.697389182766,7675.514247609761,29474.20315252863,61074.784082984166,34594.459750973256,42924.74461323212,2805.5784857780864,62220.72868678539,41576.777689445335,24265.16079543043,34573.06944365172,91522.58721174221
225,23171.228017063324,19808.453336299845,80314.5938330065,47679.63189173886,84080.92726983312,47194.01253083037,15525.179323253797,20102.999314072116,27111.24747921489,128143.24471035019,112623.23381072193,44981.60686376007,48511.19733890255,39312.278947044855,139451.46185237326,68357.29097420513,46647.24430736268,41469.85762739597,194815.25412449738,49088.856694037284,8290.190418692555,30906.033369299814,65035.0166405189,35833.2733392285,47959.86243729827,3059.313301022443,65170.55429054871,42281.708785957155,24361.864138634042,35003.65773367849,92009.45361324024
226,24517.108534988325,20793.85526970015,82255.87096350391,49193.26447441506,86358.50271830628,48347.43839963912,15763.854241835374,20297.874290282925,31883.48338994282,134012.49212500255,119430.72116576498,45474.00831691692,50647.97418219888,40975.029221796656,139225.68949842916,74181.62769307113,48137.475660414224,42231.025390325995,208401.3216502707,49469.42802402699,8715.39859262795,32480.056243409916,67018.84326184595,39811.87613186376,49088.52137283031,3122.6689331803586,65889.14321925804,42466.02587493906,24274.557575421266,35072.91513664265,92802.93503479843
227,25445.086389762477,21191.07936736398,85318.93713566934,49517.160776936864,87473.34044254733,46667.212432867374,15849.960913411374,20326.664722076282,33967.02197952685,141081.3901750953,122198.03399155618,46596.045962240845,53048.3503329337,42418.14646981304,140815.8482173768,76324.65493492388,49332.09024103834,45560.67645840652,216630.97353258156,50037.87337577089,8869.669220651203,31523.78602093331,71799.99170667511,40992.477779335095,49462.19810584643,3132.3149321612905,65997.95266551604,42406.93454363552,24365.916415338044,35173.984537794415,92607.3266605495
228,24095.823999390814,19012.90830085958,81957.66562669245,49533.41297033277,87496.41552777283,44981.24225225532,15895.046509718655,20228.09039573953,32522.550944594142,138627.63930328868,108320.58119025445,46284.50653416239,51395.64210476636,41789.92314452552,139769.196225239,79694.41829681119,47540.973885714935,41840.63886879677,181397.94599089443,49432.028107499464,8658.917237917973,31425.60775179965,74561.94483926312,41668.09666453746,47959.86243729827,3068.9717407197354,65280.545771360405,42554.218936311656,24454.253975438278,35116.240061600474,91796.48927323957
229,23217.048709941733,18840.204655667378,77908.7451850023,47297.10095388549,82840.80059472528,45689.8349652863,15302.635660802098,19785.282952735743,30182.087376488358,125603.11905555568,107374.20468527223,43901.19077203874,47526.91882429198,38384.74625825954,138324.57454304566,77940.49168035873,45160.47312354562,41082.10370061963,173431.81147206825,48191.89079613321,8195.647977774492,31637.740696498717,69011.99481982595,41243.570905871115,47581.037259757446,2957.087528659943,63996.33903516317,41935.563477340955,24459.19498562696,35238.271458234725,91393.42991726934
230,23331.538421449488,19917.351923578834,81107.44074209876,48302.316336644435,81922.3693687426,46636.11519331014,15479.086414089603,20068.713861820368,30794.03519123101,133601.66118765043,112718.72361459568,44036.670149975034,46783.58018613324,38816.45781415379,140127.90220121955,72051.84972076883,45457.54596621434,41209.52027854131,200229.84489229898,48365.6810152213,8148.145338202095,32226.308336113645,69935.63993994806,40063.81487420836,48337.372081667825,2953.8012235741116,63958.28031975071,41664.20567880888,24400.481141106324,35338.93954449041,91004.70697737901
231,23409.846868093315,19465.294208959363,82185.37202472641,48459.829788584815,83722.54239871383,48451.320208694655,15643.57941107684,20206.523032872927,30420.533803563434,135122.09690084468,112146.31481026826,44348.76349433573,47974.09384176861,39283.76484705537,141401.59361007923,74181.62769307113,46647.24430736268,40015.54866972059,211138.14700302316,48955.93529711889,8304.681369898391,32260.891708495183,72477.07719914819,39462.73348064993,48713.58546661339,2970.3128455303936,64149.30302746831,41599.77261537883,24201.18739805337,35344.10148206887,92344.33460557788
232,23937.7348905434,19765.812978098893,83547.99280744494,48522.89016979318,86256.1863866554,50009.34265045531,15739.243223643643,20599.31850196276,30438.288190594525,135579.5998968768,112202.14186312148,45224.53580933754,49170.51598594167,39687.90713365242,146180.31547048315,74716.15085104617,48137.475660414224,41554.04271067553,213881.38186255688,49114.676785891694,8588.021669896092,32898.0717269753,73072.1632817612,39870.03213819162,49088.52137283031,2986.9284191219745,64341.03054130768,41607.42572830689,23736.940172113555,35254.98561482304,93511.23548819344
233,25281.076184438443,20756.51403700596,89753.30704761557,49791.28516044074,91189.71844814607,53192.7467207528,16201.01884253307,22177.34394205102,31692.532204499985,137352.14261385697,110685.69602921992,47075.16475828675,51854.97773155991,42459.62165238328,148330.09446905568,73647.93257306915,51127.95681379718,44969.896929077826,222149.02138245528,50667.73292793831,9255.712905630588,34290.76784135188,75119.7482003968,38977.220066275084,49834.63351307044,3110.6901255453145,65753.80126380423,42431.49376223669,24205.052792911407,35820.493871342216,94188.50988635198
234,26280.659581507705,20344.49138240832,94245.20391730587,51550.731448961626,93764.89970969729,49968.6566157601,17163.635871527953,21703.349025799493,32644.16097895113,137549.78217590047,106795.91458174774,49371.36347529478,57600.29394164437,43060.60295335349,154053.62000434854,79694.41829681119,56547.22982674244,48812.34033001387,208401.3216502707,51591.77417585227,9851.263517741678,33210.088246385596,81252.9648535831,41185.642039389815,51312.30368813952,3276.2001577616606,67602.90884691547,43508.82540016907,24611.58161099757,36198.07397142715,94985.3405434648
235,25850.574985394156,19293.549501435762,86120.74181409884,50665.39312209838,93734.14459392644,49091.02702234748,16589.571074141826,21586.647078570157,31907.725551731957,138398.44668991398,103772.95883527007,51126.44743018162,58858.808726121904,42408.34756274598,147637.9670042113,88921.99759604206,54786.88639584178,46531.791398014924,233373.05544515763,52095.65605835405,10194.49560284381,30610.630643734145,88499.29154762659,42265.44694640903,52958.97088003543,3332.5115792720526,68222.07882391207,43775.72071560798,24943.57875717391,35841.4207085483,96731.04613517995
236,25329.09867134134,18659.943941057776,84516.08694940161,49870.808812524636,90354.820604576,47061.271985180865,16301.731814938374,21109.456374985763,31353.429848800595,136129.17828240365,100387.60612530651,47573.151722084,54235.932172163884,40853.329147552315,139651.5233432909,84667.9172474578,53344.41336541785,43837.62598622219,219386.870295124,51386.748501689144,9910.35102287878,29925.16085697074,78089.82078115571,43074.17646454455,51678.785241084646,3243.7074509487497,67243.38387673449,43361.1611966486,24594.029756962038,35742.63238330685,95305.15772022244
237,24454.723390103412,18479.398609175765,82032.29562573736,49578.87158567083,90876.72153785072,45566.83683321875,15962.135172392973,20464.875883001263,30527.39959370953,132754.08342910183,96937.43183547501,44840.17023200599,52116.18485362996,38597.731163941906,137500.2355696149,81193.81776805586,50528.81583269869,41080.72916017814,211138.14700302316,50902.93386895015,9452.088290168458,27841.306826440283,74842.03946757352,41610.23629660594,51312.30368813952,3157.663709555262,66283.15322503808,42996.98943565471,24606.512606719993,35660.330642729175,92684.94701059503
238,23068.042411930885,16955.65307695557,76735.73699284648,48591.92019554192,87171.37686353149,46065.03805364562,15516.746676408493,19703.249514276427,29745.331332735026,131775.9822559135,95919.48313477045,41862.30141899257,50981.54009282212,35805.22174866472,129353.13551715086,76862.456787892,46647.24430736268,40547.93346923603,181397.94599089443,49885.95151877771,8963.589148604276,25838.136781859557,67555.32661023729,41185.642039389815,50944.663718594966,2995.4526350094798,64439.19918805312,42468.73696968608,24388.126095689968,35502.033164803004,91393.42991726934
239,20951.287520747104,15475.29682529382,71394.54899731462,46961.06502169995,81579.64993362951,44626.79514889836,14858.225933187461,18368.438491155153,27531.357904238226,130163.02758539755,94999.96365784924,39852.103396251376,48226.80716154033,31706.39058426174,127443.56136920996,69408.59750863169,45160.47312354562,40053.00355022592,157697.81041971516,48068.86273573713,8326.391078060253,24847.872645370822,62463.76488542212,40083.18718903134,46819.36063134469,2799.2232904671946,62145.28662859615,41567.04699172526,24108.33552357844,35510.37403473995,90520.05284722641
240,18823.91828009295,14721.029916184321,67077.66338346,45865.6972974745,76796.84346644231,43298.15785791119,14240.41255055922,17436.732411276193,25203.467745866274,119705.71256940707,90058.52455079877,38871.562109732804,43907.61879553362,29401.290200335236,126751.9253736571,64187.07505369383,37196.133660379324,37825.69767888276,137155.24516186677,46015.04446971999,7484.892539937971,23000.47779376583,63130.26496770477,37653.054343089854,43321.0677884537,2633.8276903075343,60153.05619545485,40899.27594955192,23917.527799461644,34887.413341723295,93283.67618471656
241,21836.793539433787,17963.351768358934,71802.37187892529,46884.2454119904,74930.85901660455,45851.9029698573,13825.07501100141,17262.47792588446,24679.552296548576,116637.688670999,82781.83068472332,42231.909702225166,39789.054939653564,28361.96576644745,133018.59379811725,63218.97807970488,37670.661984547696,38136.40978300763,136079.1047491665,45112.69084470986,7232.753731977316,24522.206719008,65665.27901062368,36066.883234781795,42942.76515548851,2666.310485180113,60548.8118251752,41242.04578076141,24758.89420970368,35919.85606060911,93164.76337858339
242,19568.10517889726,17972.073907642945,63916.17907106237,45576.97242550392,73960.64698415493,45258.548973699064,13597.065914913721,17358.801959073953,23102.690434442527,115765.1417296297,78658.97985339635,39690.34275025227,37589.33921016851,27926.105373711733,132150.59111901675,63771.32158579496,36145.497199039724,37480.00213695561,130743.403262736,44368.12581803012,6918.68740338158,23899.686842625953,64394.36282557731,35188.27627284692,42111.50346920019,2620.4131638367817,59988.95793285158,41051.75294029356,24701.898541324077,35878.67531957448,92895.09095307595
243,19449.15486876931,17560.39751235911,64230.131828876205,46708.40620307592,73605.42389076666,45263.97256387928,13535.769233144538,17163.341491867868,20577.348524973735,112647.79637042992,75978.19363330473,38816.4040138314,36205.69846712215,27551.733109655055,131216.97337141918,62117.40771200309,34625.006758246265,37203.532436140384,125446.67273251317,43827.32183283116,6698.854817732535,23809.0531572216,63297.92014298037,34565.293384756835,40850.82960050819,2587.138181336403,59580.2145370115,41012.36386842381,24600.13016227629,35839.89428701759,92353.05838274783
244,20101.9907954131,17527.740586057913,69854.96062899072,46692.69900338417,73860.3089564598,45519.62723530589,13508.345796724585,17137.97187153787,19832.249078595585,110459.33001671454,74483.19366915122,38298.1898045989,35637.98486093026,27041.013822426037,129817.92187374801,61020.027749827175,32504.508721722763,37009.448046616955,122813.24556015177,43591.301422472956,6676.648125004852,23749.610301539255,62767.77404577217,34134.89488524076,40000.774562449136,2565.514942310367,59313.28734848605,40971.36953592186,24674.58144234596,35779.460247996605,91571.60729882795
245,20663.132603188777,17424.668330309065,71115.64028084063,46702.23124065818,75294.10960432465,46305.17001055574,13732.72909187711,17480.4540589431,19775.08166889041,109489.02206708102,74393.28945124772,38541.789981151036,35567.765542818604,26978.666826061926,132833.34441353224,61020.027749827175,34928.722697792204,37127.12490693655,120189.9579427182,43484.727793982966,6782.864451668448,24815.18910601053,63429.16791700036,34264.079873804505,40426.78779686792,2567.9140167972832,59342.95408791969,41181.07470018202,24671.93288555887,35808.67219699657,92353.05838274783
246,21661.38788175135,18597.86313932961,74675.74263974535,47401.24946452063,79419.02246887227,48731.24217216692,14117.307909179799,18386.307800716244,19906.607069976522,109873.4306192057,76458.5281650148,40317.15207372811,36920.267995764174,28159.48827676579,136221.90592928993,61568.191282864085,37670.661984547696,37606.82361213348,122813.24556015177,44168.37901216474,7061.6386129577895,26994.221852035418,66605.06090449763,34091.82068703891,41272.93832025408,2644.0111393893026,60277.36972877003,41578.21666691777,24808.1315399454,35949.03093295051,92624.52547758003
247,23550.195823970742,20234.46504205358,79788.30982132572,48689.32270435433,84269.31014339626,48866.37257405886,15041.964086299853,20044.52331631416,21423.604723292603,116192.20523873356,83937.42736693566,44520.971288468725,40681.84537346847,31635.429327771715,142464.86919728058,65434.52407783418,40120.24760224839,37970.28248851924,130743.403262736,46047.5541840496,7419.914035585413,28927.172077295192,68692.12547883963,34737.279262118456,42111.50346920019,2825.7525746238434,62459.68883255725,42228.788714022994,25260.46594765345,36213.576697490214,93701.46269102505
248,26127.127029873613,22633.83001667091,83938.79529802524,48988.11003723368,83667.61161189085,49392.14262046165,15657.78160223016,20688.898206656995,24971.69074709091,125599.60264181474,98093.65681204702,49005.38451375979,44962.101672587494,35598.84590553162,143464.54683119213,71043.91502676369,44433.03867500695,40415.97589155553,168860.17193349815,47838.46656257978,8062.869297607525,32720.322834414128,65167.47056766141,37412.160477130594,44176.536502281684,2929.8819547311377,63680.6757546746,42417.40059171957,25202.674444968932,35593.68696805839,94234.68934567117
249,28455.159066697877,25911.331245782152,89594.47424508937,49095.40542298118,84691.65514640229,50722.47823381476,15700.279046398002,20623.522307762832,29560.106022740376,131219.5541242474,109215.02823806331,50837.014231603054,48301.46636569995,40242.324537560264,144965.9527569411,74456.42903124462,48776.58160848371,43081.26697464727,208604.9084586281,49121.4779058202,8708.565920389225,34309.84661880193,69393.08253681027,38751.87478684031,49358.4908354376,3194.858700254372,66699.7160611888,43136.584385462505,25303.114038056643,36036.98647990253,94735.9831300336
250,30107.952099252,27200.330213701527,91760.5325388744,50653.983003375564,86984.00103075104,51962.14011860898,15941.645844493163,20823.44314327194,34763.40032318881,137229.7033953729,115816.507333938,51393.51324146758,50429.00517094641,41944.41197623593,144731.2524249336,80800.43868086576,50334.838527771215,43872.01171030366,223152.6418240839,49502.302138378625,9155.232791183329,36057.22334424248,71509.84749796042,43054.532704446385,50520.06426152124,3261.021355953016,67435.16595925081,43324.6281020209,25212.434280847905,36108.288402497084,95552.97790192644
251,31247.54459079051,27719.93691891121,95173.99714492887,50987.49690976265,88110.15532699322,50156.29186674026,16028.72366455253,20852.9790400336,37035.13723451294,144468.30307637504,118500.07570776292,52661.61030870866,52819.00365108635,43421.67033408021,146384.29263451588,83134.67623579237,51583.98446227821,47331.04424147962,231964.81510728438,50071.125241356836,9317.288891932365,34995.63500428129,76611.38580441893,44331.293741118454,50904.63833376976,3271.094728875161,67546.52851016339,43264.34202862381,25307.322879341184,36212.34143234183,95351.57303628254
252,29590.59848882017,24870.68306471217,91441.61825254172,51004.23168711155,88132.9534868891,48344.26993423156,16074.317755819322,20751.852348119755,35460.19248244559,141955.6454949457,105042.58253975668,52309.516743289845,51173.44066204169,42778.584570155384,145296.25166865034,86805.10470114983,49711.10784602904,43466.45579765945,194237.87982142085,49464.87736833689,9095.901029676905,34886.64394370019,79558.42036507546,45061.9414325847,49358.4908354376,3204.9450650890767,66812.2883819118,43414.604300792096,25399.073467241196,36152.89230494713,94516.70798678137
253,28511.428639611364,24644.77035552914,86906.14158249722,48701.51581570847,83444.70705676332,49105.84066187151,15475.22543975361,20297.5793793872,32908.32351114102,128618.4481775773,104124.84529124912,49615.956735874934,47321.4432333948,39292.84838199129,143794.5036356739,84894.68504023645,47221.942807041225,42678.44595244815,185707.87651373906,48223.915943626016,8609.252269263308,35122.1399942108,73636.56226972397,44602.83827201419,48968.618177267876,3088.103730727908,65497.94902112712,42783.44051442497,25404.205379296687,36278.5261408191,94101.70471431219
254,28652.02640810488,26053.780901960647,90479.30192891622,49736.57952731647,82516.46044876736,50122.869638538265,15653.666281361906,20588.349109062547,33575.54630485588,136809.00972133921,109307.6283284146,49769.07192104596,46581.318309688664,39734.77332260117,145669.1423710991,78480.63255357392,47532.57632825459,42810.813602700575,214402.76148884496,48397.82165221468,8559.352345713183,35775.52909784255,74622.1018354265,43326.991726117856,49747.0095962298,3084.6718231845875,65458.997296083515,42506.596249821356,25343.223054829887,36382.166008713924,93701.46269102505
255,28748.192191975973,25462.446637399415,91681.36123862218,49898.77009959575,84329.6750556282,52073.78866290819,15820.014501894833,20729.726545783,33168.30792058165,138365.94623259196,108752.54176578399,50121.79150789639,47766.68495594676,40213.13585411559,146993.20083668298,80800.43868086576,48776.58160848371,41570.447404631595,226083.18853483238,48988.46817812101,8723.788176749058,35813.9212845005,77333.84351859728,42676.95256616267,50134.19429546201,3101.9150061710147,65654.50216027725,42440.86044212413,25136.22935850009,36387.48032975262,95080.7876995078
256,29396.458983755827,25855.5536226116,93209.35987727629,49963.70296209315,86887.930609282,53748.29682934933,15916.757252536781,21132.692590431456,33187.66599561714,138834.4324121447,108806.67937973367,51111.56605677452,48957.93454626781,40626.839294674166,151960.89323841076,81382.65434521013,50334.838527771215,43168.723268339825,229020.59843800063,49147.315156002216,9021.427622384617,36521.276655582624,77968.80695491857,43117.425487195665,50520.06426152124,3119.2667464556844,65850.72836816235,42448.66829003546,24654.045383047338,36295.7337092275,96282.26752564144
257,31046.133751554007,27151.484348098693,100134.06940787233,51269.76099634381,91862.33419443644,57169.708466251774,16383.740977647638,22751.57753179921,34555.20122459754,140649.5282099299,107336.1242467724,53203.09761321932,51630.79041931814,43464.126731978016,154195.68344143388,80219.1249356832,53461.8281322481,46717.30857701589,237873.44824674903,50701.40335657968,9722.814785669694,38067.35633199711,80153.6027249481,42151.89433709523,51287.93488009103,3248.5118173651554,67296.64834039351,43289.397799453545,25140.244097533952,36877.936105031615,96979.6116945141
258,32273.660602659627,26612.519730175623,105148.04191350167,53081.451343514025,94461.03527277714,53704.568898652615,17357.2148200655,22265.309558729303,35592.78710066734,140851.91246566866,103564.05540936411,55798.20025614363,57351.267606121415,44079.3259827573,160145.54098563635,86805.10470114983,59128.478248444946,50709.05919931217,223152.6418240839,51626.058661273,10348.420652671672,36867.656884827236,86697.81277387013,44540.191129533654,52808.697578051244,3421.3549080773932,69189.14338056534,44388.51154024526,25562.479645078856,37266.66259371365,97800.05495034567
259,31745.50017950314,25237.788309421896,96061.23619102473,52169.82425309208,94427.03188386842,52761.32322908507,16776.675470276714,22145.585871012783,34789.83218964045,141720.9507000418,100632.58038380383,57781.74940463179,58604.34138841767,43411.63960554274,153476.1863774545,96856.00919768159,57287.77926844682,48339.89414765094,249891.9557743488,52130.2753903919,10708.974402120522,33981.909931365306,94429.72355584052,45707.945583749686,54503.3856645,3480.161253565461,69822.84156080736,44660.80309673831,25907.303899996496,36899.480714889265,99597.49128967998
260,31105.107212200703,24408.97228449592,94277.40071070226,51351.64598129169,91020.46431177242,50579.813326204865,16485.58983474825,21656.03936271932,34185.469009408254,139397.20441677253,97349.67525575664,53765.90921846925,54001.45115621299,41819.83273496166,145173.9255114437,92222.36109587045,55779.460727207595,45541.040570140096,234915.783163945,51420.89674058901,10410.490087457822,33220.94643389376,83322.70304018522,46582.545699862996,53185.86664095353,3387.422585088,68821.1825171197,44237.86177800127,25544.249654068597,36797.7760996692,98129.34931600255
261,30031.340742279812,24172.801907139834,91501.03352177079,51051.04012630117,91544.72395171033,48973.64656050066,16142.163073603107,20994.768875270933,33284.826501637166,135941.0843319536,94003.91017922305,50677.1663168069,51890.868251102176,39510.87206124979,142937.56687007318,88438.28718584406,52835.33777052428,42677.01800098861,226083.18853483238,50936.76059660162,9929.100515552791,30907.588672671194,79857.28443345721,44999.36836782516,52808.697578051244,3297.566604760142,67838.42101510976,43866.32698553487,25557.214793729017,36713.044762874735,95431.49352144674
262,28328.44317553861,22179.598573728385,85585.40531558021,50034.78272856844,87808.13441473838,49509.095851714366,15691.75129249485,20213.421865296063,32432.11691204155,134939.50207824772,93016.76665358791,47311.65828403417,50761.128958783556,36652.29776401425,134468.29659048398,83720.463134713,48776.58160848371,42123.51927401792,194237.87982142085,49919.10242713211,9415.948614147354,28683.800968836877,72082.28116827567,44540.191129533654,52430.33631625177,3128.1686347591603,65951.20044386142,43327.394011221106,25330.3906573854,36550.074249472105,94101.70471431219
263,25728.986768243754,20243.15252479436,79610.72262239867,48355.50181197627,82168.96687980088,47963.3225529654,15025.803465990457,18844.04884379278,30018.16346603835,133287.8255254483,92125.07368545505,45039.78600966311,48018.30570712798,32456.496900758284,132483.2099371126,75601.53775710314,47221.942807041225,41609.35768305723,168860.17193349815,48100.80612690713,8746.593494249808,27584.474820151005,66649.52845654295,43347.941905891945,48184.72917149292,2923.2451872500055,63603.463524165396,42407.47315322705,25039.79004026415,36558.66134683876,93202.44673456649
264,23116.495531618886,19256.500038713908,74784.99116812808,47227.60882341033,77348.5525405496,46535.349544128585,14401.022115392223,17888.21828226997,27480.00361398712,122579.46382572119,87333.17246443183,43931.60435914102,43717.79071199526,30096.862704364292,131764.22377716505,69914.12811051786,38894.049926100306,39295.504577032974,146863.5374072289,46045.6230289275,7862.627611557238,25533.618495576746,67360.69142089305,40719.876005526174,44584.41744309178,2750.521598601114,61564.48739966353,41726.20073690396,24841.610230410715,35917.31048452154,92534.9722567458
265,23033.990360196953,19546.771486556983,75714.62665861018,48686.0697458514,75358.16529147747,47533.8801121594,14419.446486066909,17998.588747726157,28053.467190712836,133535.94662428752,92164.10757068527,52635.354085829116,42626.91367725379,33068.84204539729,136052.6942148037,72273.66757453926,43744.03033195737,43312.979534743485,142567.4195087221,47134.57602339039,7378.603269965807,27077.529734347605,73139.13952389632,39416.30290201444,41729.32451019303,2737.4184477799436,61407.4092151287,41728.65130354394,25407.766171437903,36443.719632899265,92417.01385644951
266,20640.921719761205,19556.262458267443,67465.44033154027,47328.55650792541,74383.3811687055,46918.760217659124,14181.63475942119,18099.020253987517,26261.034249412474,132536.9866558803,87573.98357399016,49467.69537957633,40270.30850888605,32560.647423067072,135164.8927450594,72905.12180171418,41972.97426010332,42567.47225963107,136977.3093034013,46356.64067532619,7058.203747869933,26390.140517866887,71723.57078525978,38456.102434510576,40921.551919526944,2690.2970885656828,60839.616453713934,41536.113241109895,25349.276781616678,36401.93830231686,92149.50584826033
267,20515.449988214077,19108.29792866353,67773.29301835112,48503.47280067212,74025.61475351918,46924.38276042627,14117.702793638662,17895.22491355116,23390.455579615376,128968.00592384796,84589.36403225137,48378.46983507269,38787.982914482716,32124.145335439807,134209.97955359842,71014.32215353505,40207.346143751056,42253.47504380711,131428.0282075352,45791.59864221275,6833.9382059445015,26290.062399303122,70502.3336938977,37775.26505635728,39696.5011157958,2656.1346939562122,60425.07697365273,41496.259426535304,25244.841294450256,36362.59167812122,91611.8236844673
268,21204.077483544304,19072.76238473528,73645.58843908914,48487.16195226274,74282.41071145081,47189.415566364456,14089.100361202889,17868.773475642538,22543.49439403054,126462.47851217998,82924.92466947404,47732.59829889106,38179.77849944327,31528.66843591916,132779.0162561492,69759.76731892084,37744.9755470626,42033.04597774469,128669.03800753517,45545.000140398784,6811.2837120065715,26224.425333655792,69911.8476721222,37304.896782085736,38870.466220132905,2633.9347837283417,60154.364690416616,41454.78141122324,25321.243766190404,36301.276254956734,90836.64460353847
269,21795.983752551572,18960.604595047305,74970.56646224647,48497.060526179775,75717.85769427932,48003.77426650929,14323.130405469878,18225.8598725662,22478.5116895928,125351.59409696441,82824.83094188457,48036.20714913246,38104.55095719174,31455.974498138272,135863.21936655304,69759.76731892084,40560.028007352135,42166.69608984848,125920.67082113968,45433.65003691149,6919.641906449001,27401.042189266755,70648.51976667286,37446.07878016619,39284.44152983478,2636.397839248165,60184.45211168163,41666.96083904508,25318.525797004542,36330.914237845325,91611.8236844673
270,22848.968130587793,20237.213277928684,78743.7862707992,49222.94295644032,79860.57385090986,50518.841598595434,14724.243142388717,19170.341251992988,22628.01778596679,125791.69506675666,85124.13842760195,50248.913442365265,39553.517397772586,32832.76193095218,139329.07260231284,70386.44288639436,43744.03033195737,42711.50826066523,128669.03800753517,46147.941508191565,7204.03758951744,29807.139839804513,74185.88508096545,37257.82241659276,40106.682241326,2714.5243996634613,61132.118001482886,42068.7885935657,25458.293895458675,36473.31999839464,91881.11195778937
271,24841.32950245215,22018.077106657922,84232.62934799328,50560.51857573931,84728.02913332776,50658.92896481147,15688.65239538619,20899.26680071698,24352.402547259346,133025.92235588137,93450.67656833613,55488.30504082348,43583.38024354511,36885.5608984627,145714.43534177527,74806.54045272809,46588.54492013688,43124.3024110373,136977.3093034013,48111.33857766303,7569.537688499223,31941.51207633389,76510.49421075365,37963.22272912943,40921.551919526944,2901.1127059774694,63345.38293938436,42727.03659236286,25922.482916381807,36741.72396016688,92949.40556760658
272,27559.540326237606,24628.939459991343,88719.29870650217,50870.78870592723,84118.03248245867,51203.98573963505,16330.945309462497,21571.119283334858,28385.543572770275,143796.24652643967,109211.33615490071,61077.41241590232,48168.91553850974,41506.73553245456,146736.91521888447,81219.3498503654,51596.65610171189,45901.969971164224,176911.5031637908,49982.51704377662,8225.458237518269,36129.9260143478,72584.67174861887,40886.511872565825,42928.232980928326,3008.0191175322902,64583.683763342175,42917.87385872801,25863.176835323928,36112.793614104026,93478.35249285998
273,30015.206145379212,28195.343347109545,94785.59375841658,50982.20759702824,85154.48328047038,52583.12181596394,16375.269815585269,21502.95560930956,33601.23613664225,150230.40644284588,121593.1748260532,63360.24734883756,51746.45239446333,46920.833507475334,148272.56760758927,85120.6293434057,56640.47704407032,48929.0430174457,218551.2871400779,51323.031089037344,8884.175427237982,37885.08524729938,77291.23247663198,42350.64129816467,47963.75999420511,3280.062540629353,67645.53482120227,43645.54313856422,25966.248712198245,36562.558309591375,93975.62284417637
274,31758.613148358072,29597.96400483713,97078.94949101876,52600.68340092793,87466.12192883239,53868.25799559339,16627.013522283203,21711.40151816918,39515.86717156859,157111.29529976443,128942.84835326727,64053.83479584542,54025.732792899435,48905.39484291029,148032.51385577174,92373.27496397105,58449.960455066794,49827.122064413335,233792.66317232774,51720.923309717844,9339.849400880355,39814.5463998941,79648.92241818861,47052.87372174598,49092.51065252795,3347.9896913757707,68391.41358390891,43835.80554018708,25873.192453379568,36634.900116082405,94786.0603359547
275,32960.68351721734,30163.372602329884,100676.9637976262,52947.01469334584,88586.14733395822,51996.16613581801,16717.835016233163,21742.19689189195,42098.170778294654,165398.61024616598,131930.56537079063,65634.31596802217,56586.192171897186,50627.81506223043,149723.2592450998,95041.83928135168,59900.49715310857,53755.67763860876,243025.0049603296,52315.24023671026,9505.17338662843,38642.33583294481,85331.10526435007,48448.20359894545,49466.21775315267,3358.3317115649857,68504.35528381997,43774.80816511456,25970.567857241826,36740.470679622995,94586.27196550257
276,31212.895753815683,27062.964910413466,96793.20606256746,52964.39261059777,88610.76639058009,50117.67412738174,16765.389301369356,21636.7579307538,40307.91703307233,162521.92336646182,116947.83500944372,65195.487375665514,54823.263356651936,49878.004498181595,148610.40050411245,99237.97365142836,57725.67018715765,49366.51669950087,203499.23192123955,51681.82121592427,9279.321205716094,38521.98741905693,88613.56404867549,49246.70427708883,47963.75999420511,3290.4178992130683,67759.70344576411,43926.84334767366,26064.723010687325,36680.15453226602,93758.10762471544
277,30074.560683751402,26817.138621463982,91924.58496579224,50573.18028469058,83892.37787734333,50907.18141758877,16140.540641608075,21163.113742559588,37407.18481551494,147252.4569582809,115926.08381363835,61838.39351603734,50696.531467066554,45813.78481864554,147074.39820485254,97053.929560639,54835.19507388795,48471.54377223752,194562.5141039178,50385.241705372,8782.859101796113,38782.02320552146,82017.69463332504,48744.96562885245,47584.90403065672,3170.4605176848336,66426.72642206473,43288.23260327107,26069.98941799994,36807.62064135061,93346.43520918633
278,30222.86669023063,28350.34954603977,95723.08589760172,51648.022880789176,82971.05700838818,51961.51788600646,16326.65306157339,21466.28254643488,38165.62291550403,156629.65228504903,121696.26996924581,62029.22722552902,49903.61891156465,46329.05044505843,148991.79669292492,89721.20904999992,55195.90979081151,48621.878776478,224625.5844889065,50566.9416148407,8731.952938981503,39503.49836003816,83115.40588786145,47350.63516835283,48341.300317672714,3166.937084434137,66387.22235175704,43008.121916123266,26007.408891280134,36912.772017290874,92949.40556760658
279,30324.30473948759,27706.89080345089,96993.21258478033,51816.44665395048,84794.31074424803,53984.00212344138,16500.15297113036,21613.688634521674,37702.71141229844,158412.15494977948,121078.27134266116,62468.83605396671,51173.5289856434,46886.80074788833,150346.05639750435,92373.27496397105,56640.47704407032,47213.14743395697,236862.9397079599,51184.06005883059,8899.704642626077,39545.891183315034,86135.79133823176,46640.22888621934,48717.54427637311,3184.640126697163,66585.49952412762,42941.61050657446,25794.990380551673,36918.1638436291,94317.65997838097
280,31008.11259826174,28134.649080903688,98639.55520711404,51883.87497330523,87342.85673174617,55719.93597296492,16601.054913050124,22033.838056178578,37724.715908828926,158948.5145620092,121138.54477264459,63702.432503018514,52449.74159063479,47369.161309286836,155427.05985715034,93038.87986078636,58449.960455066794,49028.370475915,239940.40667620604,51350.02632718731,9203.346031261743,40326.9561303934,86843.02475079604,47121.607162311375,49092.51065252795,3202.454621378239,66784.5082690246,42949.510477508375,25300.169505428876,36825.07916895665,95509.4966096707
281,32748.230378388376,29544.812511434706,105974.52931058523,53240.12656675405,92325.2271878684,59266.85464,17088.115332522844,23721.755886670002,39279.20539945518,161026.57816505877,119501.3207545017,66309.19371347253,55313.23248643664,50677.317410814474,157712.8247223811,91708.70116584886,62081.0919749233,53058.634565442924,249215.36446533917,52973.76650019813,9918.87676938802,42034.14418608063,89276.4886005356,46066.41012668321,49838.683427106414,3335.146535301503,68250.93175035558,43800.159563288486,25799.110336384427,37415.77254051377,96201.24382589593
282,34043.05608639307,28958.339654824584,111290.52170627103,55121.4426,94919.75885275488,55674.60397842027,18103.44103348,23214.75235530837,40458.638518099804,161258.2834867251,115301.73546846285,69543.57613810145,61441.708963306875,51394.61349028911,163798.3961148407,99237.97365142836,68661.33510059983,57592.21845535476,233792.66317232774,53939.86351056101,10557.098070296131,40709.43072023082,96565.5445377586,48676.50064040625,51316.47368808284,3512.599186715061,70170.26284647982,44912.24149725079,26232.41167732578,37810.16830712,97015.10212374303
283,33485.9393982834,27462.429465936828,101588.52742649346,54174.7804597336,94897.11098542524,54696.7573969379,17497.942974288704,23089.92338070677,39545.91250988674,162253.22641299525,112038.01470556391,72015.75446282011,62784.15522221354,50616.11966070794,156976.91622087796,110728.44300842949,66523.87353844121,54901.46707154843,261806.91999999998,54466.678499999995,10924.922438893072,37522.976098363535,105177.48238359274,49952.700831671114,52963.2746997764,3572.9738414599997,70812.9470264,45187.74575992,26586.272959052727,37437.631361994776,98798.11206284762
284,32810.43704447196,26560.5556033896,99724.73085664175,53325.15850132563,91482.2200348638,52435.223557106525,17194.342904052166,22579.501510017664,38858.927493133015,159592.81995958625,108383.03366850488,67010.64880595633,57852.974904117524,48760.14076264803,148485.2841366506,105431.12956332017,64772.379708964945,51722.70199079649,246116.676541108,53725.50653103893,10620.41914432264,36682.716819676025,92806.28811732211,50908.52235,51682.98502390546,3477.761920971451,69797.08420538608,44759.81425270868,26213.703921439224,37334.44346290638,97341.75354054636
285,31677.801592632542,26303.567461220904,96766.50811189627,53012.99996078663,92014.80928110967,50770.13806367984,16836.151443949766,21890.0329640944,37835.15912251102,155635.98343074086,104658.06830026754,63161.02236340593,55591.85974465221,46067.99112687279,146197.91505762687,101105.07260767111,61353.59710379079,48469.9219931373,236862.9397079599,53219.67210934602,10129.322281217523,34128.29688987692,88946.44409008237,49178.32024573202,51316.47368808284,3385.5095671814497,68800.38689794684,44383.89580568546,26227.00884669485,37248.476384501395,94665.55100101966
286,29881.54308673576,24134.66877311173,90481.52186933164,51957.68643038906,88274.32519400859,51325.229145317695,16366.375434111384,21075.367563090997,36865.87652745061,154489.29374668893,103559.04450082,58966.45223307716,54381.54451187012,42735.01545484993,137535.46414252953,95711.52691136576,56640.47704407032,47841.292314302955,203499.23192123955,52156.40398109805,9605.822596587142,31672.780615855132,80286.50908061018,48676.50064040625,50948.80384151969,3211.5939145691323,66886.40506404285,43838.60408372117,25994.24018709945,37083.129071058545,93346.43520918633
287,27139.572122946785,22027.530366946823,84099.25744597519,50213.86849944771,82630.38327497717,49722.752521575094,15671.796993187838,19647.601401008793,34121.91411745061,152598.3252740768,102566.28937623222,56134.925019592025,51443.095982303086,37842.89065844047,135505.09846409725,86429.74900815352,54835.19507388795,47257.339325714194,176911.5031637908,50256.61428575441,8922.969832693278,30458.899792653596,74235.41382038961,47373.53092639356,46823.16550302546,3001.2053537799225,64505.376643972406,42907.82928864547,25696.02361625606,37091.8414046593,92454.3947621241
288,24383.85169852424,20953.907196240536,78956.1714731346,49042.62907297004,77794.56943590718,48242.397434675644,15020.154868767175,18651.01207801473,31236.765178008107,140338.5554461457,97231.28656281914,54753.752963250554,46835.85708850956,35091.65785715907,134769.7125201405,79927.7464980957,45164.65626215684,44629.40783457823,153866.05891232213,48109.320870977564,8021.178648550401,28194.335116812686,75027.5196038039,44501.40469078432,43324.588364168274,2823.8753914359872,62437.48732487755,42218.51869395304,25492.649983087806,36441.13693153534,95452.31738544605
