Time_Index,Demand_MW_Region1Beijing,Demand_MW_Region2Tianjin,Demand_MW_Region3Hebei,Demand_MW_Region4Shanxi,Demand_MW_Region5Innermongolia,Demand_MW_Region6Liaoning,Demand_MW_Region7Jilin,Demand_MW_Region8Heilongjiang,Demand_MW_Region9Shanghai,Demand_MW_Region10Jiangsu,Demand_MW_Region11Zhejiang,Demand_MW_Region12Anhui,Demand_MW_Region13Fujian,Demand_MW_Region14Jiangxi,Demand_MW_Region15Shandong,Demand_MW_Region16Henan,Demand_MW_Region17Hubei,Demand_MW_Region18Hunan,Demand_MW_Region19Guangdong,Demand_MW_Region20Guangxi,Demand_MW_Region21Hainan,Demand_MW_Region22Chongqing,Demand_MW_Region23Sichuan,Demand_MW_Region24Guizhou,Demand_MW_Region25Yunnan,Demand_MW_Region26Tibet,Demand_MW_Region27Shaanxi,Demand_MW_Region28Gansu,Demand_MW_Region29Qinghai,Demand_MW_Region30Ningxia,Demand_MW_Region31Xinjiang
1,18012.98243604372,12715.745867056861,56366.21877875482,39279.21908187623,55228.09394685082,38463.50512179147,12262.902797955541,15307.840855590524,25106.755117676803,115086.87557204544,79337.73220822896,40322.55628531339,36421.345216709014,24991.576767548937,109727.10244750977,46011.98130541128,32307.077128557317,31234.07133738959,101726.74029039488,37701.071433114535,5819.647488351521,20203.724135161265,54234.35814587149,28711.568839832576,30936.095006111496,1969.5917688797692,39830.33589674027,27245.842950715243,16057.001626731588,23589.88739509746,61060.22195164119
2,16146.799347535702,12721.901697431636,50080.01588998148,38194.219090752245,54517.53215749335,38026.44435827444,12090.32043804476,15380.58043044237,23505.9246569162,114228.77015980477,75397.00657631145,37902.14349915433,34413.95051590388,24575.992174609586,109015.48983684427,46436.847794702204,30915.154223044665,30657.37250240846,97601.21649643825,37000.27309315197,5552.010823314132,19692.204553540996,53187.86061784682,27980.133590340167,30297.920692228643,1935.8655678813955,39419.65243739982,27097.353993759345,16015.207218096673,23557.939163482668,60851.44180544839
3,16048.935870469306,12431.342817428824,50365.48116065344,39133.29430570623,54256.712295688754,38030.44250870073,12043.851708623628,15232.914695357611,20941.70161794023,111162.84390901863,72834.33983127866,37069.77079923384,33151.093883362126,24219.463347391196,108250.05198171939,45165.27465465144,29531.32725970404,30414.696092288446,93511.65218377898,36492.19584712893,5365.111893339326,19617.728594806686,52284.977305971486,27462.015456829715,29331.678657505207,1911.4125424748104,39120.09656413755,27066.633583937142,15940.612779443234,23527.858719938224,60432.13375409544
4,16586.01924330874,12408.29288377028,54868.8762893766,39120.25902166533,54443.92466967066,38218.838958609245,12023.05207124001,15213.730347154797,20185.004917043632,109010.30784577297,71405.10431361597,36576.18031801859,32632.895021528522,23733.73330237194,107102.95963111194,44322.633595241685,27608.106526540327,30244.413924567492,91480.63725892495,36270.707947646486,5346.252466351396,19568.882501634394,51848.40289385951,27104.316891836534,28681.26753774152,1895.5212262252055,38924.601795641014,27034.666887351337,15995.180307524459,23480.994930028563,59828.4018646961
5,17047.62523082176,12335.54151807472,55862.92909158944,39128.16975690809,55490.178906518544,38796.91132875536,12193.056298628957,15472.361299239434,20126.9452245224,108055.88541163308,71319.15244595763,36808.20766019138,32568.798288135844,23674.488612108566,109575.23228794594,44322.633595241685,29807.431870655328,30347.6512679826,89458.9579484468,36170.74641470296,5436.49268745892,20444.453181930912,52393.057894612415,27211.659006966765,29007.11384792184,1897.284385074542,38946.32439471667,27198.252530916816,15993.238732515461,23503.645647849797,60432.13375409544
6,17868.718092194493,13163.542531043582,58615.79818156986,39708.238511909105,58509.33263300791,40574.74533450989,12483.483844267916,16152.863003320283,20260.52296934265,108434.00390825624,73293.52814425332,38499.11065101628,33803.304029190775,24798.45209693583,112353.01984546463,44743.44361316982,32307.077128557317,30768.736433459257,91480.63725892495,36812.52151844047,5673.7398158816995,22234.62028507985,55008.153239101346,27068.529953726822,29654.98602273136,1953.2061841604398,39631.16313568154,27508.467187673014,16093.117054732547,23612.525434119085,60642.08082724444
7,19422.013108816944,14318.343543170311,62448.32686904608,40776.913684494146,62055.52360465767,40673.44552476854,13177.06252824228,17385.930761238324,21801.05840664927,114648.76800434319,80442.18282665375,42502.168491675795,37235.97858673316,28129.174671708864,117469.60665686557,47717.44627071295,34550.35154533294,31088.047819432133,97601.21649643825,38583.06911717699,5979.475840948351,23822.29136056218,56726.476114316385,27605.008563954634,30297.920692228643,2086.7292132457296,41235.35873451279,28017.802820862435,16425.339844891303,23817.94975965758,61476.060404281525
8,21540.60922444448,16010.861536997514,65506.74330902553,41024.76994602348,61611.05668113447,41057.15422374498,13635.476172935818,17860.962756860925,25403.309622066146,123899.25800239762,93968.6327164021,46771.31422323374,41140.772380032715,31964.038390580587,118288.78899024734,52049.79936566722,38521.493048528064,33242.415679001555,127189.98441313107,40279.05512146678,6530.36252673338,26937.060072160908,53824.4602735823,29833.099624513496,31884.791286295367,2163.211008859811,42135.73979774797,28165.735584443108,16382.850452111546,23337.026377682123,61889.63673002281
9,23454.0417459016,18321.967704555835,69754.80810031523,41113.772342090226,62366.2127141579,42025.81556749485,13667.011861287096,17812.868717810263,30060.160439921627,129424.36708258765,104591.42244457839,48514.71521085311,44186.39287503362,36501.90472044617,119519.04472615723,54695.01208905509,42546.61676706811,35601.13280576234,158293.95833387607,41499.064174876556,7086.281642437268,28242.009337649317,57303.5523061382,30951.852677137114,35888.12052896701,2357.7695213949696,44370.55994469555,28730.901725114352,16456.703678056292,23680.79409259222,62278.833325418054
10,24812.205139098543,19230.651739907247,71432.6716990855,42406.41955595945,64050.135091617674,42925.65281054469,13845.882733057078,17959.87056902001,35339.1908759037,135332.22256147847,110895.52221745934,49044.37460718775,46126.43711028774,38176.44822427031,119326.73589715446,59630.62600625843,43996.49467279554,36303.01630228568,169733.25975232277,41861.97517869895,7472.31802237374,29676.36220563643,59046.111718324195,34556.72432975193,36789.44030655417,2406.3356693623023,44916.76703768564,28878.95840106748,16390.02517189243,23736.158863084405,62913.93618373696
11,25748.522750373424,19596.913701650046,74103.92448502999,42682.97876944452,64865.64765807439,41613.942108716095,13910.315468130262,17981.57056249273,37643.446154159436,142446.48571090208,113457.91697063051,50251.25547644334,48305.505346688034,39634.37570539013,120681.16371512311,61452.27688494914,45160.89301415252,39384.05987161278,176675.35054621127,42404.70419370815,7612.661594809325,28804.96911266373,63245.15120891261,35629.722796800044,37088.15428437444,2413.729484881081,44999.53455437204,28831.479276289014,16459.79927736138,23816.989920710523,62757.27924952612
12,24387.100143742147,17588.26178818748,71097.1174061065,42696.85527054391,64883.60904054311,40291.912059545335,13944.031919038282,17907.253956610166,36045.990517934915,139977.12457886167,100606.39752959298,49916.16671798882,46805.20619549995,38999.19219570684,119789.68189512174,64322.52991732297,43415.786799732465,35942.91834018031,147024.14453965155,41826.29498509759,7420.973056666615,28715.50098486546,65670.44059717003,36244.41148699945,35888.12052896701,2365.17367502743,44454.120660495835,28949.842714100232,16527.29848477023,23770.803148710504,62108.54543181002
13,23500.284373360435,17428.97079637814,67697.25524151526,40787.0286481316,61446.637658655985,40848.27256785108,13499.864066487056,17572.74895322763,33457.32127548691,126867.2569347506,99729.8259971841,47352.49438746733,43292.64719063562,35570.32185436355,118559.16319493642,62827.717093309686,41103.12988531142,35243.941779960456,140346.68857127582,40645.14392471156,7000.609363073396,28908.813055623166,60796.70310725456,35858.11684694504,35585.91366921146,2279.39564558094,43479.52856813171,28453.170105402256,16531.07488079351,23868.42583429918,61786.452551000395
14,23615.827171428995,18422.39452917403,70439.09302139249,41645.59324801576,60775.64753738324,41589.611277496515,13632.421683609786,17786.984078106023,34134.206275941884,134918.71749879382,104679.85824935893,47498.23584262112,42617.641582306525,36003.68946895977,120095.21295790358,57823.186607604075,41391.30817214696,35361.28815475703,162849.7343416482,40810.4368943214,6957.586036141711,29445.143445443857,61607.89086113471,34785.57838021785,36189.43556877521,2276.8758844539084,43450.679878374794,28235.73551316375,16486.206564060234,23949.0044879749,61476.060404281525
15,23694.854939801862,18005.493874854725,71374.60910619207,41780.111659817136,62103.911222925875,43006.56540728274,13755.79518458215,17890.986868823842,33721.07404494102,136449.02888522675,104149.73119469476,47833.96461417176,43698.69867916977,36473.238778777435,121180.05224627457,59630.62600625843,42546.61676706811,34262.73563647867,172040.85123764302,41372.39528858462,7099.418265408694,29476.656603518462,63839.730465241955,34239.684048598734,36489.871397183684,2289.53595406453,43595.496027563306,28184.14406910428,16334.014538434833,23953.137427253474,62546.751420431494
16,24227.571735964175,18282.644106062588,72509.46911254861,41833.96483472594,63959.86127274193,44217.571536625306,13827.457019116417,18186.851246272312,33740.71252907199,136909.49230750112,104201.43483386135,48776.027480084915,44785.036248154836,36879.69339739257,125249.69288098514,60084.7145790444,43996.49467279554,35678.71486606181,174354.89822890123,41523.67478566431,7356.5533875054925,30057.253304337424,64362.28831506419,34609.545661769036,36789.44030655417,2302.2753511315022,43740.89668640619,28190.27114433335,15980.126672296878,23881.801607621077,63481.69391633585
17,25583.046037242955,19196.22005551661,77866.7407388748,42917.02679289559,67587.88504621234,46677.75158756315,14172.476971875416,19367.23355310203,35127.99571012258,138693.4564295404,102796.96917057816,50766.57936505773,47222.197894027595,39676.33792797724,127080.2118530753,59177.425612679115,46914.80522911168,38836.147950943836,181335.274960989,43006.98708613718,7964.496821027072,31326.168970680872,66160.21774806589,33799.02812144394,37386.0250240472,2397.1535496083043,44813.83924885526,28851.21083402151,16336.964818569868,24335.033850565556,64025.31272463143
18,26591.518718131836,18816.28904067908,81736.57974016604,44418.95854892418,69476.57590110712,44186.00687515874,14887.097578332865,19014.027254796343,36180.486099359514,138892.36474301456,99194.1802688842,53236.10174115722,52436.933978016656,40284.755706398144,131952.95466931205,64322.52991732297,52231.48594751092,42408.95568660482,169733.25975232277,43892.296997044374,8509.005883918655,30341.550762608436,71544.74958929059,35805.41907483874,38569.299740039714,2524.005747867064,46222.190618450724,29718.797080769098,16647.59235368303,24638.37402849288,64665.80319946954
19,26157.623548698677,17847.098460419835,74838.52597288962,43663.261039495235,69460.3010796928,43504.360406420405,14461.66231198998,18926.8901680269,35366.00291303336,139746.4665375506,96394.01299232942,55123.45799402711,53579.00106924341,39624.462226235446,126490.88904276786,72216.72088108544,50500.63802249618,40285.84050239264,190826.2470489044,44375.91303468652,8823.735288784674,27972.797246000573,77904.91725325023,36788.275407070745,39890.56674484563,2567.156804668775,46694.77757237222,29934.338268898366,16901.769503570413,24351.83092173116,66072.40031072222
20,25631.498248154,17262.705016700776,73414.52681458536,42984.92198302946,66974.11012695923,41922.08705072059,14247.531393033398,18569.858558810847,34752.93616825418,137462.62012303146,93257.89026507446,51302.18245325369,49383.480221658756,38053.69131639944,119689.45189928928,68571.28543130367,49085.04599186064,37787.517411012035,179002.15891913688,43695.68924079218,8563.140014943463,27348.07451367118,68767.89352273512,37525.158892110005,38863.12009232873,2499.1050267612463,45948.00949894738,29599.648462757526,16634.1670775446,24272.55342756066,64923.14639198241
21,24749.255620402186,17096.171939429492,71295.96544593955,42735.668665866004,67362.02170286019,40751.7753645631,13994.176836051605,18085.68018354142,33839.280071411034,134065.60948310135,90061.41862780106,48362.573825869506,47459.320421019336,35784.07364375735,117856.96151292854,65601.89674545769,46329.20480925108,35242.67602002786,172040.85123764302,43232.135836853406,8143.814169279485,25448.651923095258,65916.37803150796,36191.751015009635,38569.299740039714,2433.1591624677512,45216.551472626656,29306.117673556346,16643.714983172133,24206.536738418115,62819.43589812132
22,23349.90497675498,15690.488220042334,66750.33053945133,41892.91528963593,64638.395292006186,41142.43881477245,13660.68476148884,17510.658301065687,32974.20066031193,133081.1039931538,89118.26373338641,45159.02008769596,46429.268225892636,32989.45285266213,110915.54511643754,61909.88583598746,42546.61676706811,34752.28062052812,147024.14453965155,42259.577928205945,7698.175249047584,23622.4093833308,59517.322227544886,35805.41907483874,38274.69054989923,2308.810843193971,43815.364399156635,28881.137018928275,16476.766805390223,24079.639336772092,61786.452551000395
23,21213.324498686485,14324.472748969602,62217.31401114739,40499.97862600837,60527.6069320796,40013.21101181258,13164.995704749848,16494.83105588286,30524.960373838185,131457.535234598,88266.28230904177,42996.13462994604,43928.166481245855,28920.50344213366,109288.18334392022,55584.198900906915,41103.12988531142,34297.16104830245,127189.98441313107,40528.17706238913,7119.10157284547,22719.469188592873,55044.765981595076,34803.1784125216,34978.7724029479,2158.336816663192,42078.742299149024,28157.94627495422,16263.163475359761,24086.32314416108,61089.40511773883
24,19065.385621383928,13628.317481016891,58535.04103498828,39564.1532921017,57004.01396295791,38966.069355029475,12696.990401712499,15779.315317576073,27949.24148064021,120929.75117172956,83687.39418846452,41941.01067969377,40005.737328181785,26650.939230212505,108698.72593684071,51175.61126008935,33426.26936278187,32254.18837000845,110082.27593183728,38581.244797792926,6358.4992050706,21034.718458992305,55630.29802345916,32598.506555081116,32198.816712012063,2031.463698123337,40576.50941806509,27624.198182019652,16117.678928534226,23587.912331246465,59179.81660243844
25,16728.068323588617,12375.208124393519,52432.64321009559,38148.083715727116,53784.068545086164,35844.08976404812,11978.857686022215,15025.562202725632,23015.991311457496,108395.89223854827,74456.14302498449,40137.23786096077,32715.69627245208,24305.084584662392,106955.39065892086,43720.43878588438,30883.127460836866,28552.8974599865,93730.60297638281,36087.72665273494,5542.054588446523,19455.548213892263,49416.58768980452,27897.72233643246,30343.714020951273,1880.182109120408,38735.27751742035,26560.325192519354,15280.311386097383,22732.3396633421,59090.69017385719
26,14995.005055485832,12381.199096756667,46658.01508677543,37094.32879237483,53090.713499275684,35436.793414164174,11810.272844198811,15096.960449992963,21548.469929132716,107587.67582523254,70757.88718749482,37727.94904920054,30912.54169538444,23900.915660971703,106261.7534163995,44124.145577250754,29552.554214128402,28025.703213593213,89929.36220431929,35416.9176287493,5287.1839952575265,18962.97101297695,48463.05309238749,27187.02005432277,29717.759812052147,1847.986909725456,38335.885008890975,26415.57228502515,15240.53860703282,22701.55282487413,58888.64434862411
27,14904.122441428834,12098.421613625216,46898.20685754862,38006.36117878136,52837.45236079771,35440.51928528061,11764.880468041447,14952.017691006993,19197.782438491722,104699.99806145915,68352.89934145017,36899.40185072229,29778.172995380075,23554.180303574612,105515.65055763528,42915.90081025511,28229.72007712086,27803.858466577487,86161.25435143798,34930.582570461054,5109.200006619751,18891.253017015526,47640.37510964187,26683.588287609535,28770.0198994718,1824.64392992133,38044.56484747256,26385.624814638526,15169.552362104127,22672.56587599966,58482.86131413853
28,15402.894223848605,12075.98897544101,51022.82959406245,37993.70127569587,53019.1166074872,35616.08568881995,11744.562611801017,14933.187104776087,18504.09961840547,102672.60730998206,67011.60357766175,36408.07986185182,29312.697695892763,23081.79274918731,104397.53381396415,42115.225946639446,26391.26620519451,27648.193544714402,84289.88549584347,34718.572819290144,5091.240160412029,18844.215772079086,47242.58266852492,26336.02890128733,28132.063201632034,1809.474000306995,37854.4448311476,26354.46241462815,15221.480414428821,22627.405694762016,57898.60313615765
29,15831.572624280732,12005.1859489234,51942.71151582921,38001.38420314066,54047.34008235587,36154.790569199984,11910.629038279898,15187.048867173411,18450.874843943322,101773.67360614441,66930.94026181556,36639.04082963219,29255.12241279287,23024.175447908685,106807.35674675815,42115.225946639446,28493.655247071474,27742.568858413728,82427.11843720132,34622.88894773084,5177.175989420986,19687.362682580264,47738.854635697564,26440.32834029097,28451.67003141905,1811.1571205232942,37875.57020919557,26513.93216925408,15219.63275498364,22649.233005868136,58482.86131413853
30,16594.09474041681,12811.012439152713,54524.39098005674,38564.74854550525,56995.71661937639,37811.55173763909,12194.329422652983,15855.002027921953,18573.328908587573,102129.80884406477,68783.83415335671,38322.17259990812,30364.024750986096,24117.264844503738,109514.97725942073,42515.07829177524,30883.127460836866,28127.507517927617,84289.88549584347,35237.20052127058,5403.106604514596,21411.23706104816,50121.6446755567,26301.256365233116,29087.136401388147,1864.5403483639216,38541.580627855525,26816.34168463718,15314.679881444497,22754.154756552703,58686.03642644291
31,18036.589077876288,13934.886965801794,58196.155174976855,39602.64876097833,60464.15596576196,37903.53031494653,12871.842772165355,17065.331849845,19985.576332591692,107983.2556067734,75492.63765270633,42306.83278823688,33447.44568336861,27356.495992696822,114502.31884638601,45340.966189866704,33027.52849926068,28419.408793397128,89929.36220431929,36931.980943684175,5694.259246313866,22940.11416064642,51687.324734202826,26822.528170025893,29717.759812052147,1992.0020967365363,40101.67195809304,27312.86220243214,15630.832784781847,22952.111426079857,59493.11552348669
32,20004.060078202798,15582.077987616438,61161.12042694957,39843.36743195239,60038.25800479597,38261.10794615323,13319.638200506368,17531.604191310158,23287.850253977434,116695.93558873335,88186.81556250708,46556.35795420602,36954.95060906636,31086.02006093636,115300.80859534886,49457.55436783564,36823.64006701954,30388.842874561564,117192.33210036466,38555.39049156019,6218.869042831598,25939.53805092655,49043.10204634284,28987.46266366188,31274.244154536398,2065.0119996306707,40977.298777968754,27457.07291062853,15590.398638521317,22488.670736940276,59893.35171239175
33,21781.00235109724,17831.29090207077,65224.293977685156,39929.80679952171,60764.29361771515,39163.80217660345,13350.443429008514,17484.397012835198,27556.902047414987,121899.82287375731,98155.99327040477,48291.74644574866,39690.697860650354,35499.236001936464,116499.98801328319,51971.02711270355,40671.35455851187,32545.08461231075,145851.40661932275,39723.19160595087,6748.271226066681,27196.16297718006,52213.13783888011,30074.50399530204,35200.915495807574,2250.738524398664,43150.67684884316,28008.019215031116,15660.679523803465,22819.94168918107,60269.99455285558
34,23042.284324621738,18715.639659458317,66795.15115585687,41185.22926672494,62395.30693086712,40002.35931825717,13525.17112215019,17628.68813005447,32396.321481666695,127464.2042392926,104072.20666936443,48818.971580622325,41433.35446979114,37127.78156669612,116312.53691438086,56660.83181173459,42057.328411456016,33186.717503796695,156391.53221971853,40070.57253193988,7115.89395493754,28577.399485467737,53800.90144374061,33577.193415867725,36084.97631754764,2297.1000110579066,43681.86702970945,28152.350717908517,15597.226311265478,22873.29382041985,60884.611811521594
35,23911.81190172326,19072.09283585897,69278.4023622796,41453.8243222018,63207.40405083884,38779.977842831824,13588.111404437306,17649.98797271673,34508.690014164684,134164.8544904052,106476.93925899586,50020.30574645243,43390.71585100436,38545.661321803585,117632.75182171832,58391.75870232876,43170.40534652571,36003.28022962478,162787.94632057816,40590.07650346247,7249.543242309739,27738.275459611636,57626.93000374502,34619.777102886495,36377.9703594669,2304.1581841657544,43762.35901292012,28106.06618943006,15663.62538645005,22951.186479529624,60733.007934772344
36,22647.503203157306,17117.234211092025,66538.02141844612,41467.301217567685,63222.48300939399,37547.97978120955,13621.04688258302,17577.041775083908,33044.262418027574,131839.05841820978,94416.1638504065,49686.75702232254,42043.062955263165,37927.925631365615,116763.78887458149,61119.06403545377,41502.21551189059,32857.530825682275,135467.4462235725,40036.4192035421,7066.998106286848,27652.120478364548,59836.77501390672,35217.042076395635,35200.915495807574,2257.806566321305,43231.94022368564,28221.45154949608,15727.85960224566,22906.67870501282,60105.19939096574
37,21823.946368521334,16962.20915817015,63281.82230388456,39612.47244099647,59880.24942814164,38066.451406136504,13187.167271688259,17248.705089142222,30671.164480314725,119491.37938574617,93593.52708512351,47134.86707269693,38887.88532910869,34593.242731949555,115564.35313486181,59698.69762839058,39291.49004214145,32218.555335253604,129314.86556997622,38905.81322916228,6666.685451343799,27838.273896803323,55395.98352523985,34841.69718777572,34904.49545553484,2175.9224323250387,42284.14266400958,27737.275448756685,15731.45333091894,23000.7525770276,59793.49579705806
38,21931.247190428658,17929.028216807605,65865.66783438796,40446.312700485054,59209.364064261565,38757.30397326357,13316.654462190663,17458.989689383106,31291.681915415655,127074.7397587246,98238.98768864687,47279.9387147406,38281.55740978282,35014.70619649939,117061.60220829176,54943.408624422984,39566.96673501505,32325.82854247259,150049.08002372785,39064.032804313676,6625.7143054265935,28354.743122374082,56135.11149029656,33799.560462095054,35496.46079318089,2173.5170558073473,42256.08711342009,27525.311609414133,15688.755331193193,23078.40200766252,59493.11552348669
39,22004.637697164326,17523.292492113436,66738.68986813226,40576.95734553284,60503.325177884835,40077.761660590186,13437.170267846452,17561.074654593394,30912.95325077414,128516.0810698923,97741.47894085594,47614.124510530666,39252.62356408654,35471.35748336846,118119.03840501783,56660.83181173459,40671.35455851187,31321.57722121546,158517.73758838358,39601.943270820164,6760.781241795501,28385.08929826674,58168.691332973096,33269.1398301366,35791.14371476727,2185.6024212918146,42396.92182147686,27475.018229471738,15543.924957746294,23082.384704905406,60529.27079913176
40,22499.354382475405,17793.020420681645,67832.53107554466,40629.25969453056,62345.41951693952,41206.29667755033,13507.172202261872,17851.483252962076,30930.95634109824,128949.77381941353,97790.00129517022,48551.85775000056,40228.432934794895,35866.647223473825,122085.87972514755,57092.30533420871,42057.328411456016,32616.006926233156,160649.89103385084,39746.749053023486,7005.651207909373,28944.185583191338,58644.82909308601,33628.517495797816,36084.97631754764,2197.7635131610846,42538.32496922072,27480.991144710868,15207.154935792318,23013.642109619275,61434.05619934879
41,23758.13908418526,18682.130082838707,72851.76035735066,41681.13239504053,65907.6710257098,43498.935226801455,13844.200472079627,19010.099150630573,32202.713583001274,130630.02086555875,96471.9513158157,50533.261258161554,42417.628300831624,38586.47088651516,123870.15970157486,56230.202234327306,44847.01305307132,35502.4017908528,167081.58164177916,41166.58585885724,7584.5961873102815,30166.11129157812,60283.044064618254,32840.974557446505,36670.137310016216,2288.3347138231966,43581.769042212305,28125.301292226395,15546.732530429383,23450.39829757521,61960.14027744332
42,24694.674717208778,18312.373921408394,76482.86288381698,43139.81257513415,67774.05517893193,41176.88161110232,14542.268350892127,18663.406024169944,33167.55788647775,130817.36493937709,93090.83922340917,52991.433957112444,47101.79690717164,39178.17607202127,128619.81680420687,61119.06403545377,49929.35856026547,38768.5149984018,156391.53221971853,42014.010636279185,8103.132568850429,29217.955056060564,65189.25479518038,34790.49316537723,37830.754045360656,2409.428453874908,44951.40050313563,28971.058675760323,15842.334758788325,23742.711348616544,62579.97137202958
43,24291.730448244798,17369.13903229481,69935.58706176649,42405.87711187125,67741.72961312985,40541.656164658016,14126.68742408366,18577.875757049333,32420.900747713848,131621.81049949073,90462.96406950575,54870.11610994517,48127.6656623487,38536.02015543683,123295.72321328057,68620.099265916,48274.79857420266,36827.65082172356,175826.52455544024,42476.93125651329,8402.8496128549,26936.9202359015,70984.43323617104,35745.489850029764,39126.72071895762,2450.6206675458457,45410.994588877686,29181.17674989923,16084.21715301093,23466.584755810076,63941.19790288463
44,23803.13506957673,16800.396107722,68629.73555719815,41747.0723871703,65304.72122862488,39067.137708438786,13917.516410774675,18227.427858928157,31858.88710616419,129470.74358932306,87519.80454344887,51066.40276828488,44359.01338062709,37008.39666125761,116666.09069317611,65156.21805697238,46921.599430228795,34543.787079480215,164931.85805098666,41825.81633050133,8154.684541686947,26335.33197633917,62659.073633160864,36461.485934207776,38118.94816752224,2385.6581015272313,44684.75746548883,28854.90789098368,15829.558874186187,23390.189184480754,62829.013815228864
45,22983.825163101505,16638.32291812115,66625.74152619229,41504.996891989125,65674.868892583,37976.52578948559,13670.030294950931,17752.177798292174,31021.315676163023,126271.2302006,84520.00932904208,48140.30428731072,42630.625062106046,34801.12298575113,114879.88910049592,62334.71434016202,44287.2232480169,32217.398229822997,158517.73758838358,41382.09980218023,7755.360230091135,24506.24801427929,60060.86522545636,35165.87429681965,37830.754045360656,2322.7058511298646,43973.40946894339,28568.76246948571,15838.644939845593,23326.572356816323,60793.159685732106
46,21684.29393562703,15270.284521761308,62346.13050686218,40686.51253563972,62997.622560508345,38340.58454420638,13344.262883562029,17187.75939699215,30228.275710773,125343.96242600633,83634.88602442146,44951.47376080278,41705.374372983286,32083.26747221575,108113.81320991922,58826.577277059165,40671.35455851187,31769.09901818602,135467.4462235725,40451.16063713576,7330.977958208696,22747.63412978194,54230.25317289042,34790.49316537723,37541.78619043908,2204.0023264239653,42610.7453356207,28154.47452075644,15679.772181334929,23204.28797333034,59793.49579705806
47,19700.12144543138,13940.852026616678,58040.05734666099,39333.68868382116,58955.24634732283,37288.25864189487,12860.05545200799,16190.664143408845,27982.995789535315,123814.78559051121,82835.32635690864,42798.528707680234,39458.74442185163,28126.08779870185,106527.55867261149,52815.92960274714,39291.49004214145,31353.047510285534,117192.33210036466,38793.85173856096,6779.525669961322,21878.131241331183,50155.00501873879,33816.66161101038,34308.98005676908,2060.3590714912993,40921.86831582673,27449.479583697008,15476.501018271767,23210.728808645323,59118.93202052999
48,17705.400780933756,13263.340347956353,54555.405683484765,38424.81259066984,55506.52502611482,36312.42871109267,12402.890536509942,15488.342611954487,25621.76976137119,113899.07156041739,78538.17367416859,41748.25400127484,35935.39842630109,25918.8661154068,105952.9909874661,48626.90360095005,31952.990769275362,29485.44630111963,101429.35938622529,36930.23469253647,6055.203475060813,20255.769501047387,50688.522819652775,31674.482489244896,31582.256452513004,1939.2453608350938,39460.936434774165,26929.16083470939,15338.053677414651,22730.436397694175,59926.93602664323
49,16158.507292599787,12435.90776669318,56266.453425611224,39411.58440823504,54899.86310196823,36562.37889735061,11854.95707431328,14498.805715695757,23022.912468730025,110378.54533923362,75570.36926729721,36933.27530427532,36001.22033118814,22593.442360198293,108609.03362464611,42489.638806266936,28060.96945702734,27435.728523702128,96608.44416162034,36174.428021777225,5804.3135426442705,19092.694065812462,51159.04673308487,27999.537995799823,31177.283883572865,1913.9036605888105,39150.68323781398,26820.5669892377,15562.748445054931,23056.72221752602,59836.68441569702
50,14484.451752266606,12441.928124410966,50051.70549979893,38322.928122987076,54193.511550855015,36146.9206288887,11688.115951763803,14567.700929172854,21554.949786869183,109555.54596002503,71816.76952482536,34716.30842477811,34016.98118556235,22217.736311968725,107904.67201994169,42881.980608525606,26851.986484575107,26929.161432093515,92690.49265793365,35502.00736785146,5537.3820622592475,18609.303636641464,50171.88992377457,27286.241931280438,30534.134134155553,1881.1310319819938,38747.00755530578,26674.39577242487,15522.240516917705,23025.496061616665,59632.08784986899
51,14396.663529884716,12157.76363494363,50315.681790491544,39265.16788652955,53934.248666058964,36150.72116371546,11643.19308140742,14427.839480124834,19203.55541910082,106615.05011289178,69375.79135667114,33953.90016215707,32768.691766148455,21895.419173581235,107147.0336253199,41707.74985593348,25650.035407490883,26715.996646906235,88806.69136422208,35014.503881422155,5350.975584456281,18538.92321143572,49320.2038132371,26780.972837610687,29560.358930437644,1857.3693898094357,38452.56321176516,26644.154872517192,15449.942181826871,22996.09547909721,59221.18198120646
52,14878.453018525677,12135.220966035095,54757.71837635686,39252.0886754538,54120.34232614723,36329.805788547754,11623.085378328737,14409.669044463863,18509.664001095425,104550.57665950865,68014.42328080746,33501.79804339995,32256.47039460827,21456.298670027856,106011.6296193926,40929.615264858185,23979.582892158727,26566.422315863863,86877.86526206779,34801.98477326532,5332.165849383549,18492.76323087918,48908.38496785434,26432.144996908544,28904.87697261784,1841.9273835915733,38260.404306153636,26612.687138934656,15502.830057940848,22950.290877832686,58629.54779805048
53,15292.535680406898,12064.070654983752,55746.038561618545,39260.02606873805,55160.465222225044,36879.30591757775,11787.434134194584,14654.63108461802,18456.423221368506,103635.20069334519,67932.55284920621,33714.32250851449,32193.113025251118,21402.73896440928,108458.71095231877,40929.615264858185,25889.85168749723,26657.105073703842,84957.90506063524,34706.07101959848,5422.168300307598,19320.18509726685,49422.155787488344,26536.825087637997,29233.263697345028,1843.640691003425,38281.75623744835,26773.71940061444,15500.948246868356,22972.429657051296,59221.18198120646
54,16029.095272106983,12873.849675079295,58511.35390227169,39842.0495721241,58161.75148762914,38569.26735840769,12068.200127652673,15299.167573450457,18578.914109273093,103997.84994779472,69813.17505051866,35263.097968856644,33413.37858434544,22418.849490191973,111208.19412928491,41318.21112968615,28060.96945702734,27026.982511729217,86877.86526206779,35321.858487005324,5658.790316196723,21011.9084943222,51888.96445848516,26397.24555484232,29886.186915686394,1897.9813608154682,38954.90909977942,27079.091966903627,15597.75219818583,23078.84860450401,59426.92209086351
55,17422.475238071434,14003.236737846688,62425.41000377777,40914.32602653952,61687.00601404893,38663.089118594406,12738.705770700386,16467.066431623723,19991.586211336784,109958.36123236033,76622.37489877654,38929.68190867161,36806.4568008703,25429.963563180754,116272.64526895387,44064.54578302622,30009.411114017414,27307.462773346342,92690.49265793365,37020.710647831904,5963.720770201123,22512.27139368338,53509.85135160952,26920.419795678936,30534.134134155553,2027.7291685475195,40531.73119598669,27580.477462469833,15919.74878454398,23279.630046625185,60244.19021019374
56,19322.957343463397,15658.507131322664,65577.71526733464,41163.01752806887,61245.24525633195,39027.83234191124,13181.869528063564,16916.99249750362,23294.853162171392,118830.40354461495,89506.51948663822,42839.98792950121,40666.20829725218,28896.84255194657,117083.48051026119,48065.24544783656,33458.62689999736,29199.840206210207,120790.5263848657,38648.02046439682,6513.155947703631,25455.75476825699,50772.39175787837,29093.255444480877,32133.376539764227,2102.0485228964917,41416.74843238241,27726.101167439985,15878.56726468205,22809.576220576593,60649.47920676482
57,21039.39788636847,17918.75229816345,69910.58790531944,41252.31984942633,61995.826058385086,39948.615899240605,13212.356129635229,16871.44027790212,27565.188705609835,124129.47435595343,99624.88460829554,44436.848708512516,43676.6971694591,32999.26563295967,118301.20050475633,50507.95993205886,36954.73003793395,31271.716205178975,150329.52978897386,39818.62724056723,7067.610295385941,26688.943111688022,54054.20494728693,30184.264047305627,36167.917171137575,2291.106100828766,43613.43429246302,28282.44572111527,15950.14720245327,23145.574293703594,61030.87699914054
58,22257.73544770433,18807.43873235626,71593.82826214281,42549.32309873441,63669.65797689746,40803.97710779819,13385.276566306362,17010.672930021006,32406.063405574787,129795.63299127208,105629.63335110222,44921.9879978945,45594.36274578695,34513.12378145476,118110.85121447533,55065.73915997683,38214.05100550837,31888.24438230553,161193.2722934242,40166.84275506196,7452.629524214408,28044.418978795038,55697.95406594387,33699.736899744836,37076.26396054854,2338.299092718777,44150.3210748226,28428.191404329686,15885.521138245067,23199.68774123707,61653.25353316023
59,23097.657154378558,19165.64028988203,74259.04262368556,42826.81427704481,64480.49035355252,39557.100008789464,13447.565839984734,17031.226056510946,34519.06715011443,136618.8438369111,108070.35244296517,46027.4254381273,47748.29515076989,35831.1518841394,119451.47803449254,56747.93770198104,39225.41288645517,34594.60545911353,167786.07757659527,40687.594843596395,7592.603311242128,27220.94496856366,59658.89072818467,34746.12560511811,37377.30681953424,2345.4838559832783,44231.67627194095,28381.453373540382,15953.147515612081,23278.691901410453,61499.73572345871
60,21876.395922615917,17201.193202595765,71304.38599657094,42840.737539959715,64498.322548188924,38300.413614286124,13480.160657443408,16960.83715971577,33054.19918477619,134250.50697558734,95829.08914020185,45720.502303596855,46265.30214259741,35256.91912773275,118569.08000515787,59398.465046557954,37709.665361934494,31571.937557506946,139626.74728023363,40132.60737271942,7401.419845209453,27136.396813913256,61946.65622218017,35345.570359699064,36167.917171137575,2298.300909907801,43695.56915378839,28497.96929557056,16018.5690189266,23233.54901648299,60864.00137006555
61,21080.879736232902,17045.40776122908,67833.08530555629,40924.47507615154,61081.82304350909,38829.27502834047,13050.768782408524,16644.011089943793,30680.387630872418,121676.97838725582,94994.14172552814,43372.31744886857,42793.26095608992,32157.075322826204,117351.09972587255,58018.08421588441,35700.96012431988,30957.96280719425,133285.26194195414,38999.2850985081,6982.163750326939,27319.07839288922,57349.27971519267,34968.855610598606,35863.3541984579,2214.9481628311282,42737.60720254739,28009.049169392052,16022.229173088972,23328.965289822852,60548.36265396636
62,21184.52715563317,18016.96900847765,70597.66928955984,41785.9329154157,60414.658545453756,39533.97177159108,13178.916651371903,16846.9236680397,31301.091662270683,129399.0448739679,99709.12102692894,43505.808719817556,42126.04162397436,32548.85797472633,118871.49784661063,53396.66417050212,35951.26324127757,31061.038811836188,154656.08572503636,39157.88479884462,6939.253783759538,27825.915250418042,58114.46978342291,33922.915497795635,36471.58137092214,2212.4996452646787,42709.250778001355,27795.008478580632,15978.741955319088,23407.722750735928,60244.19021019374
63,21255.41884589628,17609.243174759893,71533.84045484694,41920.90463494304,61735.03208417305,40880.89045748218,13298.185928983647,16945.429804256622,30922.249109827597,130866.74954412201,99204.16712713246,43813.318071643145,43194.62858865665,32973.35040932983,119945.28312043927,55065.73915997683,36954.73003793395,30096.080118653095,163384.75923698497,39697.087604276116,7080.712305219056,27855.695457380916,60219.75489254451,33390.55904019043,36774.35950465999,2224.8017648987693,42851.595828751066,27744.222317037704,15831.234577216295,23411.762279678645,61293.42649516546
64,21733.29130628656,17880.29410239348,72698.28543069575,41974.93928731599,63580.27432499101,42032.0404841851,13367.46381418485,17225.657444933597,30940.257613875474,131308.37490305142,99253.41561200249,44676.19657901044,44268.43511453796,33340.80257463863,123973.45598454052,55485.06601564211,38214.05100550837,31339.863592104408,165582.37688308427,39842.241284801865,7337.169912739661,28404.364361697648,60712.68156068895,33751.24829227974,37076.26396054854,2237.1809690899204,42994.51541526132,27750.25375573925,15488.239791110438,23342.038751546606,62209.634417215915
65,22949.21662347991,18773.764793303795,78075.71979496574,43061.65100871695,67187.00656746846,44370.62181974651,13701.006108136777,18343.655332318125,32212.39728692235,133019.35509735526,97915.6411906341,46499.43417969605,46677.48378843303,35869.08750805565,125785.32280828527,54647.23249098061,40748.80904199202,34113.324535214946,172211.5417793928,41265.489272394625,7943.511501541033,29603.500642253417,62408.66099199944,32960.83113349633,37677.49986618583,2329.3765876155317,44049.1496142727,28400.876944575546,15834.094044298094,23785.02729789163,62742.36007779709
66,23853.86488072374,18402.195000416854,81964.6325689041,44568.644059030485,69064.72432976119,42002.03596149131,14391.85367934848,18009.116350302,33177.53172950593,133210.1258536906,94483.93120705965,48761.382780900414,51832.06722327436,36419.12291140489,130608.4146112068,59398.465046557954,45366.720302057445,37251.64685138505,161193.2722934242,42114.95000206899,8486.585860281855,28673.02791887867,67487.86770741927,34917.46471375782,38869.99981569349,2452.6421751536354,45433.46930722024,29254.921177742654,16135.160102672633,24081.51155416404,63370.016270146036
67,23464.640148817034,17454.333601607555,74970.70277128681,43810.399957540845,69048.39304588681,41354.081065411614,13980.571220089738,17926.58454822617,32430.650062872843,134029.28540758346,91816.73025223451,50490.098777754996,52960.960424215,35822.18967971532,125202.00492698906,66688.33418937004,43863.35710503008,35386.721488649266,181224.98351926781,42578.98279686367,8800.485997805421,26434.53535645039,73487.38767731746,35875.94675882687,40201.56789132472,2494.5731818099252,45897.99218202778,29467.098018283727,16381.513384320993,23801.444731236985,64748.427693424404
68,22992.680575445036,16882.801027621597,73564.75809468135,43129.77499588934,66576.8308606486,39850.014346398486,13773.563719962063,17588.422426917252,31868.467417748674,131838.87365333416,88829.52673670929,46990.01756856135,48813.83544738427,34402.14634501313,118469.87130698985,63321.96675292637,42633.81583216259,33192.21686069951,169995.81452608245,41926.303556312494,8540.57735554948,25844.16697067514,64868.470813334796,36594.555945699656,39166.11089669052,2428.445495400636,45163.96673040811,29137.63233126302,16122.148072145086,23723.959021764258,63622.20276578493
69,22201.266716857986,16719.932878894688,71422.40621288326,42879.681730849006,66962.36613914208,38737.54736862828,13528.63742093753,17129.83337696584,31030.644120968627,128580.83844233684,85784.83998731742,44297.49544883783,46911.8710766818,32350.3159805877,116656.05315678124,60579.89285918225,40240.17387730839,30956.85097500586,163384.75923698497,41481.52099158401,8122.356374014114,24049.19619296364,62178.64799136214,35294.215837952754,38869.99981569349,2364.364180142197,44444.99007993544,28848.683216735182,16131.402082134793,23659.434404169155,61560.64686409089
70,20945.98222076964,15345.184337503226,66842.44593088586,42034.08839679156,64254.69581106243,39108.9015923963,13206.239511266063,16585.20199263547,30237.36567989231,127636.61015115453,84886.47093058529,41363.21391849998,45893.7006656568,29823.860593258654,109785.36660812472,57170.51544135445,36954.73003793395,30526.092048171984,139626.74728023363,40548.34522956902,7677.891649130224,22323.381196261464,56142.444999117695,34917.46471375782,38573.093746782586,2243.53167707913,43067.71243375736,28430.3360164962,15969.592763397804,23535.405065203922,60548.36265396636
71,19029.36728159031,14009.231056921637,62243.466284526854,40636.45773668476,60167.97524343863,38035.48785481549,12727.040370029517,15623.062262574365,27991.4105787223,126079.46337019569,84074.94595936958,39382.128108923294,43421.44945022285,26145.35823910911,108174.58690531291,51329.077071442596,35700.96012431988,30126.319092077727,120790.5263848657,38887.05461854624,7100.343749932501,21470.09490198595,51923.50110772926,33940.07905914491,35251.47944141467,2097.312143289855,41360.72352165158,27718.433440024695,15762.564392250606,23541.937808991217,59865.28280339067
72,17102.563314719016,13328.3962247325,58518.589670941634,39697.47880582191,56665.163105457585,37040.10301161739,12274.604036685689,14945.362267251763,25629.474504378737,115982.38249343201,79713.48696029613,38415.6917783726,39544.26602021181,24093.57620543637,107591.13579872395,47257.97882290707,29033.066653444937,28331.790188766994,104543.57799322048,37018.96020128651,6341.74546151735,19877.990889763892,52475.83107193522,31790.081830326257,32449.85022017848,1974.0262269693092,39884.12428258868,27193.016534854058,15621.558028950536,23054.791792941476,62449.46472604902
73,13829.383148964289,11205.267909209055,58929.9434785953,40096.399278208424,56695.38554959482,37569.10779703795,11697.749171806314,14977.0898448731,17608.490051772533,104284.7760607038,81233.24183923344,37631.150695000775,40032.07918911922,24841.036672457885,107361.43683425903,44203.612894448175,34514.24863750479,26643.953936824673,108764.76036333252,38125.11585219877,7325.253021612635,22242.80372373003,48845.53468563505,27161.772036380196,31035.236381374954,1971.2383025627728,39850.31340696714,27841.119465121945,15700.483579955284,23526.454704393844,62105.791756425766
74,13146.12289789487,10763.53700077312,57719.20953739094,39816.52470291628,56942.32118522105,37168.086319408445,11616.404467735665,14786.371492266639,16130.595625623384,102739.07436391618,77173.36216809618,35536.588027232116,36151.056209679096,23791.089545229166,106274.05106412085,44203.612894448175,33067.015578422615,25887.82368639525,100631.44084695994,37531.0123355966,7039.7213705146005,21378.005124513675,47498.17414701002,27078.38855392514,30376.65556164408,1929.2885628380677,39339.231940539365,27583.50737092767,15733.5482754076,23435.335092751022,61778.78230639543
75,12741.245553501878,10777.430203613787,56792.95754549713,39585.18022980093,56335.60739552911,37038.336965098766,11502.605574175423,14749.600630673613,15118.830167006185,98989.36246924257,73838.8001850529,33723.41283300993,34364.740742434675,22940.194149375387,105471.67655097578,42654.57088669224,31627.966308994273,25468.8245755889,96614.84077903366,37126.73570815456,6822.7945070018795,20475.59867185805,44673.58219440313,26527.629481123542,28369.777598846682,1885.0271594305832,38795.14445503329,27639.695200379625,15702.861071199053,23443.326482483753,61523.47080532959
76,12538.034163086997,10542.039436145924,56187.16806178618,39449.54271701738,57177.35076162484,37235.189827237045,11485.70775511741,14588.209034599966,14618.654033043336,96488.3611694145,71314.34338483837,32326.780559905226,33255.56919982154,22395.128422110283,104897.4819048658,41119.87444624604,30673.28122963685,25227.437295469983,92632.67912844908,36905.80898182283,6745.031125360685,19808.982312979108,43624.694301012336,26611.125989674496,28030.486638219354,1862.2471964663798,38513.12927101183,27527.593679348254,15697.115342165098,23380.541330896194,61267.29970274305
77,12497.328667410553,10332.877513830746,56841.82172839527,39438.18966994557,61286.08209045677,38425.42323604325,11723.015755044591,15083.26088164968,14407.699943880927,94576.16682218497,69758.67639750516,31420.36450693076,32673.44943708141,21690.073728307878,105368.00743800665,40738.471741404,29485.342325437898,25191.30600777194,90654.77865589425,36722.75789268049,6791.033380239591,19215.20620510374,43710.67302272642,26009.561313973205,29379.24112988983,1851.9589643923225,38385.30934883454,27600.170928348474,15653.366868471358,23437.643605099798,61559.99628760051
78,13226.856841476736,10658.094833438206,61219.971885739025,39329.551994310816,62955.8652055578,39591.83028337263,12147.597279152784,15916.097180492949,14184.423973955258,93974.27309110458,70446.68461206928,31491.311432221577,33970.134124857854,22611.398169256565,109194.45553161777,41885.41365262189,28775.5365245011,25533.361101193077,88685.81324720266,36931.22075405392,6858.002450360092,18250.42534024799,44307.2438809438,26393.998940290032,29713.017079836074,1933.2902828058266,39388.17610957759,27982.417259971357,15809.582817964869,23691.580475260558,61887.940680200176
79,14943.68914994246,11185.44199003887,63957.19960788229,41771.58828925264,65490.89553314745,38934.845484773956,12599.504923320952,16719.840560780685,15587.346075350264,97660.37422413088,74340.23272283706,33069.299814435355,34827.8250639831,22752.141974152077,111674.92699920079,44983.43611791747,29248.490995139146,25103.144659401954,88685.81324720266,38101.39477039997,7184.881339859672,18707.504944584736,43648.17086026125,26911.570657739187,30045.480343200554,2042.6119189572096,40709.984788432346,28490.16798963467,16192.056245880052,23838.784549889064,62503.58913711176
80,17457.71536243142,12716.755038677506,65682.53438014108,40714.64565647385,66776.48304135677,39390.898908589945,12813.752830219459,16993.386682374974,18972.90614513194,100923.51543581081,84307.81029764141,34383.724193676586,36467.71824443112,24820.742971175954,117351.62992293411,45374.66014647872,30673.28122963685,25557.326663623637,125411.75183619953,38551.77303409476,7874.513548516205,20998.44181688885,41600.86166079027,29241.01365971793,32982.3916964103,2115.772856620229,41578.804187178604,28626.728564068668,16216.70472442293,23432.119856100584,63221.66240550108
81,20005.44801288615,15175.103567050595,70700.24294116255,42789.444783067585,72132.99632980376,41043.34877433001,13096.909036797322,17038.458578537236,22841.631217952887,103226.40796402021,92865.73317513609,36272.25028868267,40340.41122325909,28826.884764459,122095.04196760102,46553.5380460776,34030.94444211099,26972.193030597955,162316.95622923764,40126.45045266232,8366.845070746193,22451.31909113971,47333.73452889953,28875.7947232865,37070.124342676834,2251.7335183895248,43162.122755796685,28878.718780170693,15905.169021507463,23620.698465556543,63667.12736237538
82,21479.840290062988,16192.283615270224,73512.49813353884,43547.50259601556,73570.40040732115,42661.63033334114,13245.565868604455,17341.101507948504,25302.8733241285,116101.59126331937,97713.151175802,38347.61997619047,44872.59320092288,30900.675046559474,123934.36053246036,52562.09784285829,35969.40996696015,28978.12383531553,171277.743721628,40688.49502267374,8679.878011356866,23593.514414653815,50760.78422722497,31756.340386906,37377.87143353521,2331.947042221409,44078.311629988,28966.23446136454,16009.267230552969,23765.914715285086,64374.677332941865
83,22010.478586672292,17679.328150134956,81561.42940855473,44217.78573707633,69448.6578985449,40662.37967661615,13408.640983278523,17658.10904197172,27166.02406810415,122425.71934981605,98192.28091536944,40744.765773623636,50777.5198089844,32653.034405797323,128912.04782211826,55841.88635910751,37432.260792912,32185.870553014855,178063.2087586614,41178.124743974535,8758.07787905181,23464.02239078743,54919.18203686412,32646.72953497174,37684.730508429035,2391.692325043456,44752.54638486536,29272.663521741837,16111.383800981599,23835.99768154214,64968.53492895475
84,21536.781973141995,16287.195611169933,77068.21434917719,44826.88021430198,68480.64667290958,40012.75773001169,13332.378957773606,17460.859285206483,27657.228489605743,121823.90466816523,94593.16768953692,42101.548022854884,48976.65696507408,30458.80986347285,122729.05582313596,58864.218720269644,38411.655591643736,29743.898125278713,151259.45301565007,40480.74125026101,8595.044296893264,24235.723408571994,59157.85199168945,33371.04601812603,35517.61635097559,2378.6165365351176,44605.56523622994,29462.08009120287,16321.854636971835,23764.021027449216,65293.59943780012
85,21120.98490983733,16724.68337550109,72384.48176148867,43721.446432236524,67143.83184538347,41218.10951258892,12993.155353910206,16942.906406010152,27942.46972956336,118099.42137020623,95852.58236747848,41825.531288002785,44603.739213237604,28644.62404874068,120055.66562930479,57084.866585478776,39394.305420919234,30120.176713389446,146882.45075197544,40010.6987884774,8443.23664475853,24253.61668581157,58865.0464742151,32663.20297415819,35829.99905779838,2322.8025439462936,43974.50794878422,28840.200699478628,16239.254276599882,23774.917892943093,64448.21286946171
86,21310.637380175605,16970.854955911676,73079.73164760691,43336.63533232786,66825.17381408447,42161.22665636464,13154.61859130449,17023.09382089608,28399.549016015764,123166.06070600744,101835.88251090498,42481.573362607174,45072.11810340731,28607.16941865844,122602.31882404603,56669.757838373414,39886.83203226056,30581.308128116852,173533.46579578926,40068.8882423028,8503.481077125643,24194.652041303394,59732.54536590472,31541.742758018456,36141.42742772872,2319.7844921609963,43940.21270907375,28770.08898413197,16218.118858426898,23778.086103318605,64004.02795498032
87,21367.480245157134,17117.01328407518,76486.41345128202,43675.62206616541,70060.87497470074,42262.3635055345,13237.76986904067,17196.23725623574,28812.014600955652,125322.84954396875,104240.79191489171,42100.60584457677,46865.20088082816,28049.105696978844,125025.68522043021,55429.12922515819,39148.3411441741,30543.181796240715,184996.3163302364,40547.19303462948,8617.076301598156,24109.799854100955,59471.4907171287,30880.834156388803,37070.124342676834,2372.077589225133,44531.941645080595,28886.759756093266,16189.699340807507,23923.035231605205,64217.54675303775
88,21630.605060486618,17127.00563186632,76986.8730665446,43692.23658561693,70457.51796014862,44974.28396935811,13477.807057009017,17424.436717698598,28194.6299709451,126730.2769221933,100797.76253047974,41537.90755355068,47281.67221721924,26715.200799485778,125081.66269859382,57084.866585478776,37921.54744739347,30411.452031752044,175795.3028333485,40827.092710839344,8839.05531166992,23698.80674085194,58812.01044676074,31591.27382121503,37377.87143353521,2430.8387117096295,45190.67007685445,28929.41264419806,16159.429270570648,23853.952910188356,64324.0911475956
89,21500.019430907552,16874.5543329056,78196.24283401998,44146.31845808411,72722.7290071219,42138.245434052995,13701.146443637303,17854.12572933786,27037.700189003055,123726.37145694402,95329.05430013806,40637.12673419486,47654.236473383906,25209.59736063314,124731.67707277689,57084.866585478776,36699.88850828164,30534.723002996197,169028.1835192922,41595.398110275506,8783.031777621698,22950.58496967688,59974.73370277314,30367.98782354039,37684.730508429035,2524.386702703617,46226.376877889896,29175.48714464574,16214.28288329849,24059.88895494395,64448.21286946171
90,20857.923611072794,15872.293402449943,77117.56131592231,44341.12574612639,72204.47310832117,40439.704157537824,14200.090610866253,18139.133102001626,25463.127956461507,118829.97264143293,86432.62855272194,38867.28650374202,46211.70132853173,22819.83951626216,123242.94549413302,57500.75364721351,36212.69066430872,28903.253865027593,146882.45075197544,41414.91578272743,8645.363896231727,22622.434388145677,61066.99127430924,32152.26971083519,37990.713846567814,2459.009814602332,45504.21507984556,29425.502376898134,16433.76580107474,24310.63390303301,64554.44927250143
91,20614.635280514925,15428.563928687956,74662.3083057865,44295.25750371438,71398.82470653579,41058.154870356906,13711.21518736649,17539.329360785185,24352.27640692394,110873.82333305913,80456.11402230435,37420.69661416011,44664.64534197907,22212.616401462325,120985.92790790697,56669.75783837343,36943.803563197085,28549.73380867657,153457.92123446328,40850.549467434284,8758.07787905181,23627.69282073808,57743.374692709025,33765.68918482435,39808.87437244343,2340.5819268874034,44176.181102606206,29235.275347436807,16383.770761401956,24021.413411247326,64625.19506955931
92,20671.438512741803,15845.068261538654,73708.4813501519,44656.227143172255,69834.07274778809,41015.036441341115,13629.48712352345,17656.31762402852,24930.05569432709,111914.20148105445,83512.92368400289,41141.46226046159,45399.750298008,23584.870936596708,120150.93686166823,55429.12922515819,42655.35061293841,33533.09058920101,169028.1835192922,42028.359628240905,9154.951699642834,25862.725174029518,61744.491499759795,34242.14401468038,40408.43278398528,2352.2860268448153,44308.607465607725,29179.099649309534,16238.44742272768,24014.71800090309,64713.53935112094
93,20330.240410367547,15949.165186442959,72067.96378646627,43813.67973544841,68428.46360643968,42223.198943545096,13664.746017642845,17374.76007458076,25297.189298838883,121316.88751101897,86890.07164971733,44438.67590176268,45736.24392714188,23077.48294558118,117941.15007611761,61850.379415930736,43858.71581382786,32714.96844706688,166784.83295395764,41425.317872491905,8969.89234739545,26213.59413326829,69469.20821228588,35128.99939309641,39808.87437244343,2440.0185888409305,45293.00116075318,29659.74874679139,16585.602093906855,24084.662294780333,64536.753026015394
94,18983.415399212186,15334.023959478065,69816.54490977712,42985.71229670321,64918.516072042796,40665.25955042175,13257.104869608484,16930.15734507084,24368.299869822673,121863.34423659742,89220.98193726833,43038.13425253238,45358.32391908868,22031.34830819277,112573.51699023019,65138.51327964796,42155.49053640178,34527.11766565832,146882.45075197544,40919.25064693155,8764.319518262762,25099.888620287933,66377.41436676045,34176.45226440075,37990.713846567814,2345.3375149015997,44230.02020381027,29394.476447948353,16400.619162013816,24025.316367353356,64270.83680251315
95,16917.570338565693,14025.305510837567,65667.829884141,41692.95980679057,60229.6889233425,39352.67934591749,12705.325357765962,16068.109265315563,22680.618557397207,121123.33850195924,89172.10784979723,41112.771380062804,44737.47359353146,20711.245170887494,109287.35559728123,59391.95618959743,39886.83203226056,33672.04318259046,138209.812655297,39830.02375871432,8503.481077125643,23964.303560799464,60463.26621445574,32449.005362434953,34258.24942068502,2209.2240168777726,42671.295901678684,28789.355857461076,16026.62295162784,23884.584753947212,64004.02795498032
96,14790.39392629176,11935.976551536092,59795.23855583374,40380.990270589195,57385.78351580792,37939.601306025936,12238.362044610298,15387.372351532023,20830.093529879898,115123.36202484976,85520.27251377418,38564.45978401536,42073.7263588598,19736.638683830017,107563.5127118151,51750.19231440779,36456.18386190962,28403.548100512646,117026.65980855255,38829.29673742305,7947.113191691446,22945.769828976187,53006.25390783238,30583.12149056185,32014.018306880622,2057.8150360510476,40891.5399825218,28143.036415048624,15893.102873257016,23477.1005706801,61676.79400979008
97,14859.636618822056,11346.690545773656,58604.34145657428,39210.702418089786,56477.95020018736,36900.75452724624,11396.852275309702,14863.48516467934,20240.854306631907,107976.10211210597,81087.64648876454,37009.11526891687,42548.0921715586,22921.298123962893,106456.49981204976,48017.98445414197,33922.86361320775,29301.235187141097,105829.38382940815,38848.88336162908,7506.481670029164,22210.640817963114,48527.26322743549,26542.369395772334,31378.501192095373,1936.7689603072338,39430.69015024852,27573.024315160557,15442.479031171564,23197.9687067117,61337.37321495748
98,14125.475236668355,10899.38451408058,57404.07126601098,38937.0100446169,56730.429133131656,36506.86720934389,11317.599971122301,14674.213454757093,18542.023477167513,106375.6878373509,77035.04339049569,34949.175304877484,38423.147207569826,21952.491892768427,105378.2794896723,48017.98445414197,32500.42819543591,28469.693804338924,97915.5688214032,38243.50137903558,7213.885892264655,21347.092710195564,47188.68192331178,26460.887407415186,30712.636148147496,1895.552759462237,38924.99036469241,27317.89288820783,15475.000377638009,23108.121344411797,61014.409766395445
99,13690.435571625598,10913.453064212548,56487.81445275229,38710.77578282058,56126.21989030965,36379.42609204837,11206.728284616524,14637.721508628618,17379.005116130265,102493.24890691126,73706.45798440035,33165.97153549011,36524.56195575873,21167.354488970115,104582.66809766307,46335.27414661914,31086.036342024465,28008.906658480253,94007.3699814681,37831.54996080999,6991.592202218618,20445.991129626247,44382.49466225676,25922.68795788027,28683.561138884186,1852.0653170014227,38386.63211298873,27373.53965879244,15444.817453328542,23116.001155087582,60762.25716703139
100,13472.08545536629,10675.091409905735,55888.79815200678,38578.134392415835,56990.62187974733,36572.7769478364,11190.265121938759,14477.554105028128,16804.055632930405,99903.72067533545,71186.52579953105,31792.42531569599,35345.67907020524,20664.411950921778,104013.31327121776,44668.147298975666,30147.709331613627,27743.445102634618,90132.6801243612,37606.429159708656,6911.904934465975,19780.338692355363,43340.441192554186,26004.28039486294,28340.517455192403,1829.6836875816518,38107.58654500901,27262.517615694043,15439.166143311637,23054.09263550505,60509.25560176896
101,13428.347504972877,10463.289637230684,56540.06575776562,38567.03212492339,61161.933655864195,37741.83614098412,11421.46893552692,14968.850869658902,16561.565165458742,97923.84115797945,69633.64705350288,30900.99213954852,34726.97312683062,20013.84454331184,104479.87279954914,44253.83299404311,28980.12518828754,27703.710333502182,88208.15983316454,37419.903027201166,6959.045296991291,19187.421179702145,43425.859687559496,25416.433923854882,29704.18982760986,1819.57535693915,37981.11256486915,27334.395984447052,15396.136584112339,23110.397624365527,60798.33072916702
102,14212.223651366878,10792.611552209535,60883.605953925275,38460.79416721672,62866.61778492576,38887.49284289133,11835.129105361077,15795.369913123206,16304.910769530987,97300.64243787157,70320.42214238027,30970.766326294608,36105.15434375717,20863.968169726042,108274.06820871813,45499.74560743451,28282.481567824132,28079.8796048895,86292.33346360172,37632.32334923045,7027.671199173136,18224.03537980437,44018.54336390473,25792.104755406966,30041.657501919777,1899.4845048079533,38973.419152298105,27712.961487512475,15549.78545181141,23360.788923925393,61122.21755250113
103,16056.955550429548,11326.614401996256,63592.516244687475,40848.88786587407,65366.98756352415,38242.19578361081,12275.412495526523,16593.016714528032,17917.56135878646,101117.21900225434,74206.99179840565,32522.670874834486,37016.75108996192,20993.83516173801,110733.63207176696,48865.09936103754,28747.3321914381,27606.75639006236,86292.33346360172,38824.711958620486,7362.637156677753,18680.454050905144,43363.764781448815,26297.873660872316,30377.797970695792,2006.894527894828,40281.30920379064,28215.822848119253,15925.973730375088,23505.93767496501,61730.2487538245
104,18758.270248661564,12877.25428248746,65298.10732844718,39815.292236517766,66725.17809830447,38690.13603107314,12484.149382371534,16864.48792571026,21809.242469280292,104495.86430397588,84156.70435985505,33815.36808087757,38759.711425936104,22902.572738897255,116362.48672901616,49290.08248100102,30147.709331613627,28106.235324571157,122027.10121785066,39283.64020693642,8069.331043983558,20968.078247898295,41329.795595317715,28574.195565131875,33347.19299206178,2078.7761634071326,41140.97994611659,28351.06841696494,15950.217162821626,23104.951000212528,62439.43749151294
105,21495.802427781273,15366.629836121723,70269.3191571863,41844.26073729768,72077.27461180656,40313.18886463183,12760.02206606549,16909.21794114653,26256.318869422856,106880.27138784785,92699.2887656548,35672.677215666314,42875.80284943896,26599.116147350014,121065.91710710537,50570.68686941246,33447.84060238608,29662.21054789536,157936.29669593208,40888.21131442579,8573.842975010803,22418.854673917856,47025.31377339957,28217.305156504972,37480.13794977498,2212.359398470724,42707.62619179954,28600.632101516774,15643.800896390481,23290.896597876144,62879.39082825079
106,23080.033136877377,16396.647799993683,73054.28002247046,42585.57366948821,73525.67790943991,41902.681244585256,12904.855052902376,17209.56525414867,29085.501992903308,120211.19234440206,97538.01867870176,37713.741455585936,47692.83210272659,28512.641976781506,122889.73227042623,57097.73097330822,35353.09145425913,31868.19883392546,166655.24772177974,41460.9257431257,8894.620431281122,23559.398392669627,50430.033240070654,31032.162263868006,37791.28887315441,2291.170297666669,43614.16760964012,28687.305053318836,15746.18846949811,23434.0852788413,63578.18647009808
107,23650.20262156878,17902.46045004436,81049.19395861357,43241.05080092928,69325.94330384891,39938.99719542447,13063.73544642278,17524.168212924316,31227.18266224086,126759.1730356597,98016.28966807308,40071.26291042124,53968.88287688621,30129.577365711575,127825.46321480589,60660.53554229644,36790.877035988626,35395.863730019664,173257.58455832844,41959.85059903811,8974.754983865021,23430.09361317283,54561.33544428415,31902.246794519917,38101.54195868076,2349.870866311303,44281.30268174346,28990.78336507421,15846.626968067198,23503.189718015514,64164.69642308347
108,23141.21682886886,16492.75768824282,76578.47734448253,43836.69087637061,68356.24850537785,39300.9320032281,12989.43508093108,17328.414641049978,31791.819215469157,126136.05616306195,94423.6271776738,41405.617819299696,52054.835946946645,28104.92454833142,121694.5869338401,63943.66782110075,37753.49037663543,32710.34608518101,147177.2167524233,41249.227971407716,8807.687908849102,24200.67875782273,58772.386750321384,32610.04581549609,35910.45846450547,2337.0237228271444,44135.86924259871,29178.375953870298,16053.639156889321,23432.218031450706,64485.73899470355
109,22694.443953945407,16935.767022749507,71939.26197944995,42755.675227790176,67039.73094247819,40484.84061474347,12658.93720097591,16814.390553882407,32119.70231976998,122279.73883577381,95680.78459101205,41134.163586101095,47407.0806633701,26430.940710215455,119043.73043397338,62010.77370787857,38719.30297444557,33124.15206278706,142918.3423611478,40770.26221970648,8652.124496260158,24218.54616153497,58481.489117357174,31918.344570008187,36226.296276016736,2282.1857013376502,43511.45697978378,28562.484929423856,15972.39616035897,23442.96275044489,63650.812170866375
110,22898.225045461375,17185.045555553468,72634.52003146247,42379.36429221206,66723.2717250936,41411.1797335992,12816.24717894253,16893.969728735192,32645.112233763768,127525.7199554844,101653.3607911166,41779.3614158746,47904.89712940992,26396.380608978245,121568.91818612558,61559.84483442022,39203.39037956013,33631.27349330538,168850.09168044254,40829.55634259661,8713.859391416794,24159.66677940328,59343.33549364248,30822.45836348328,36541.16919520532,2279.2204236181756,43477.52286847976,28493.04835254867,15951.608058496426,23446.086724969362,63212.12303889535
111,22959.302557661293,17333.04856037194,76005.51283219713,42710.86308470859,69970.1327323608,41510.51736133948,12897.259586965989,17065.799831190892,33119.238963921816,129758.85177586047,104053.9598460443,41404.691215040846,49810.67501630198,25881.4445736811,123971.85830995669,60212.16120491723,38477.553177097274,33589.34470826941,180003.57930765496,41316.94127699112,8830.264991030885,24074.937287744753,59083.981844646056,30176.621257649305,37480.13794977498,2330.5991164431284,44063.02090686013,28608.595647124494,15923.655556098744,23589.012014151565,63423.0000253159
112,23242.029494869894,17343.167022431975,76500.62305651688,42727.110602933666,70368.78075894616,44174.19284369579,13131.12238669583,17292.268347115703,32409.55901348571,131216.09729190863,100617.1014460539,40851.29421469415,50253.32154295049,24650.62509430115,124027.3639604893,62010.77370787857,37271.77999934336,33444.4771402057,171050.88557000578,41602.154570930725,9057.735819044421,23664.53846705599,58428.798666093215,30870.859910119034,37791.28887315441,2388.3327339123234,44714.81293723077,28650.837810637302,15893.882911038212,23520.894248404416,63528.2261742488
113,23101.715571806,17087.5295142175,77713.50285919894,43171.16217602432,72613.25711576546,41388.60734652419,13348.716896483715,17718.698068515292,31079.675128471095,128105.86379951406,95158.19484954314,39965.40312287601,50649.301432884124,23261.37609743188,123680.32832266975,62010.77370787857,36071.05359765912,33580.04229426416,164466.39933646552,42385.04548631883,9000.326248319365,22917.39861822391,59583.945761284485,29675.469978141562,38101.54195868076,2480.2449319559114,45739.61375977573,28894.542744725353,15947.835119581336,23723.9549297459,63650.812170866375
114,22411.78526512245,16072.618963560057,76639.10687700527,43361.66632945969,72067.11211133502,39720.28306696746,13834.826906539407,18001.543594534633,29269.713737094782,123036.14913495495,86277.71427672906,38224.81799893776,49116.10306929362,21056.300974474612,122204.1450887703,62462.54805747172,35592.20365405108,31785.86185747432,142918.3423611478,42201.13688079662,8859.252428049045,22589.722539653852,60669.086317677604,31419.062733994597,38410.909621377585,2416.011233051303,45025.05631561634,29142.150463469985,16163.711295509267,23971.19887415755,63755.73413897876
115,22150.372579773546,15623.289142478456,74189.10559755689,43316.811279229885,71269.78690760967,40327.73156066679,13358.526645623837,17406.2895030102,27992.7965054425,114798.37922652577,80311.91152769471,36802.139952116886,47471.814737442604,20496.004629937583,119966.15164038901,61559.84483442022,36310.789285606654,31397.08418809864,149316.352040253,41626.05663078366,8974.754983865021,23593.527377068214,57367.12601034546,32995.68945818604,40249.17988706972,2299.6541915597545,43711.00651804633,28953.75521897169,16114.537819553718,23686.016597351045,63825.60461699388
116,22211.407506680527,16045.050211836444,73252.15444688404,43669.80739283453,69674.79779057905,40285.38020717422,13278.900842686367,17522.390383299316,28656.950350737126,115875.58321915608,83363.2424313881,40461.4020833408,48253.12098129591,21762.21005109253,119138.19863623724,60212.16120491723,41924.471728001045,36877.44605157447,164466.39933646552,42826.226349262804,9381.447565103002,25825.32789250963,61342.172035516174,33461.279114026634,40855.36970628394,2311.1536320263795,43842.03843325141,28898.120462893552,15971.602565439476,23679.41467106866,63912.855838116775
117,21844.79102337827,16150.460952858093,71632.96223143462,42845.87117232339,68254.2557075307,41472.04953570078,13313.252785249646,17242.96851279135,29078.968239729467,125611.0923246131,86734.33749276788,43704.113439849185,48610.763208168384,21294.03347859548,116947.03788562428,67187.5071471807,43107.21784585493,35977.730140215346,162283.5930005748,42211.73644391779,9191.809796767368,26175.689498205546,69016.55545006327,34327.91045983933,40249.17988706972,2397.352090458017,44816.06647621159,29374.14116560021,16313.052477027039,23748.382374063633,63738.256843471834
118,20397.631013467875,15527.555976299547,69393.63504809255,42036.19286113023,64711.815547365004,39941.825836363845,12916.097240430601,16801.738197510258,28011.215380488993,126176.89175795089,89061.07006079728,42326.72246513819,48209.09095776736,20328.745104460515,111624.64795262569,70759.37719156212,41433.176513084625,37970.61042270057,142918.3423611478,41696.062034031296,8981.15104283933,25063.594393962805,65944.90735055126,33397.08541194266,38410.909621377585,2304.3266227122604,43764.27869424895,29111.423297689005,16131.10935200572,23689.86505878516,63475.63073109831
119,18177.885809988267,14202.320081130587,65275.32703747351,40771.996222661546,60016.15033194395,38652.596393242675,12378.510949884356,15946.228951228417,26071.235776309913,125410.69233953986,89012.28357096158,40433.18545748072,47549.22023879335,19110.660772331907,108366.18523056933,64516.94425573431,39203.39037956013,37030.25680287743,134479.76406721395,40586.157253708865,8713.859391416794,23929.651380850875,60069.29505558862,31709.03156471401,34637.162323377204,2170.593223909761,42221.967737761785,28512.129696150754,15763.258985664357,23551.098397813028,63212.12303889535
120,15892.24022695389,12086.621523844537,59462.430744323756,39489.00702683245,57183.73834479259,37264.656968128314,11923.559162163434,15270.655583914007,23944.068292748,119198.33712111853,85366.99346486616,37926.99694457494,44718.05670299199,18211.37278616823,106656.87241561583,56215.7653489946,35831.52471300596,31236.318941841775,113868.30861191463,39566.43242250594,8143.726821049236,22912.590440175878,52660.87171817026,29885.69769273626,32368.10892180201,2021.8318012062182,40460.95262416229,27872.033965685434,15631.933030003067,23149.303675629715,62152.269320445426
121,17957.00166305037,13821.99252581841,61747.387529630316,39500.21579226193,56259.12063184114,37362.2938715006,11585.823573513448,15642.039136706218,24229.31001199931,119306.94317946477,92855.5316738587,44010.01014347013,46901.58927348205,26210.00544556473,110645.18215039249,58856.33096702246,48450.85011791013,34660.53294623781,107853.49394315296,39325.39743033184,7796.963827466898,23430.68313347858,50085.51440117756,24158.903767006832,31822.521155849157,1957.9590534639453,39689.00456795027,27738.088917199573,15620.685171148069,23400.045234476354,61810.23188169583
122,17069.810576319313,13277.105838209045,60480.34618024936,39224.502603102446,56516.12220897769,36963.47997427099,11505.257186240104,15442.853315798582,22195.724956671467,117538.58396657548,88214.7925274214,41560.39798566604,42354.58223738181,25102.19660952162,109524.53771648444,58856.33096702246,46419.234921307565,33676.8997543025,99788.31801423564,38712.589931052054,7493.045321356623,22519.699868770047,48703.95012728438,24084.738741039768,31147.233820796046,1916.2919082092797,39179.991892228136,27481.430158062452,15653.581813809438,23309.41521558993,61484.77866127552
123,16544.09058806801,13294.24346913222,59511.849092125696,38996.59793398245,55914.40466094709,36834.44487629783,11392.547135418732,15404.449910191366,20803.534093957434,113248.72804650544,84403.14450224834,39439.87131518586,40261.73479966146,24204.409079435944,108697.62186310571,56793.80885354705,44399.10806884011,33131.83303789163,95805.37032372429,38295.58558390238,7262.149418781751,21569.100299021447,45807.65383673832,23594.86880837123,29089.446483733773,1872.3286717969008,38638.10680146144,27537.410055399378,15623.050578686436,23317.363666964433,61230.68218111414
124,16280.227244611215,13003.882769597896,58878.52906588928,38862.97718197173,56797.40175585152,37030.214084456544,11375.810996909695,15235.892888215318,20115.290946773493,110387.45882541925,81517.50590080576,37806.49579063139,38962.22927361282,23629.30523541448,108105.86496154066,54750.38760993745,43058.92812821445,32817.81764080745,91856.57251433039,38067.70348776244,7179.378452104015,20866.88321926446,44732.13915504331,23669.13436484014,28741.54857698443,1849.7021660794805,38357.23317789533,27425.723384106677,15617.334052576825,23254.91586487685,60975.730190253715
125,16227.37248994257,12745.87604005329,59564.57835847226,38851.79294056083,61018.99212537394,38213.89538548019,11610.84840276947,15752.923930056935,19825.01778822402,108199.81388863384,79739.26485138203,36746.43307798866,38280.21768258274,22885.395566601368,108590.7819378396,54242.55663509147,41391.30817214696,32770.81524429314,89895.243533103,37878.889456128156,7228.343029329468,20241.396432227128,44820.30050965476,23134.07564001054,30124.517529364904,1839.4832406926557,38229.93065398891,27498.03204930443,15573.807932453969,23311.711324122407,61267.033839549
126,17174.64096127202,13147.040152977954,64147.69207947081,38744.770571769826,62752.12168652823,39373.881486601946,12031.367475169041,16622.736297873867,19517.789702360154,107511.21768229699,80525.70851795105,36829.406222419035,39799.413634309225,23857.49342760452,112534.26535973369,55769.689561709536,40394.88797377585,33215.78718288237,87942.77475487739,38093.91529119065,7299.62458311991,19225.091337849044,45432.015756562585,23476.01178490435,30466.76052368127,1920.2666705858612,39228.73794169312,27878.863816795372,15729.22990740929,23564.283771740418,61593.41755317088
127,19403.891556632556,13797.536733345789,67010.27091754785,41150.49683046566,65221.63630731423,38720.513319144775,12478.951207727918,17462.164086619676,21448.212720883726,111728.2997439752,84976.31853593602,38674.87954504935,40804.28445204517,24005.993505978084,115090.60425982921,59894.65183563281,41058.81800482335,32656.12808761181,87942.77475487739,39300.92954483527,7647.552889469338,19706.58132935422,44756.211683963695,23936.363388534297,30807.657531906003,2028.85186140922,40545.196112480095,28384.73553308243,16109.759397050007,23710.69690743329,62206.136154820066
128,22668.272360341594,15686.451633414921,68813.82506244798,40109.26961739033,66640.37489485263,39174.05621757528,12691.149162553558,17747.855044208285,26106.74870289026,115461.49473019117,96369.98810092297,40212.11210889218,42725.58351918585,26188.59337536317,120940.93420632371,60415.55972979601,43058.92812821445,33246.96345529934,124361.01152506896,39765.48693221326,8381.594071294261,22119.865940434644,42656.9300392093,26008.27494276409,33819.0708339313,2101.519950331289,41410.498644317544,28520.79074311014,16134.28259860016,23306.217254655952,62920.79213088849
129,25976.41987121954,18718.88916729161,74063.58177363075,42153.21906675125,71985.41418288455,40817.40952330826,12971.596093409573,17794.92803175378,31430.120489168865,118096.1177153483,106152.31933406905,42420.76241754368,47262.83112546696,30415.51029522226,125829.42773968399,61985.214861700726,47772.39121885311,35087.531955129205,160957.01215228337,41389.73944726936,8905.629358351669,23650.334287304337,48535.336088887576,25683.432766512928,38010.498829412485,2236.5647129457584,42987.40814715263,28771.84842882061,15824.33028980455,23493.782616584445,63364.13713142497
130,27890.870016108012,19973.607496011675,77005.37581399675,42900.005504772605,73442.22302011344,42426.7826151913,13118.8305571529,18111.007630349435,34816.79349916453,132825.96439422035,111693.2723418053,44847.92819142482,52572.73613002239,32603.5854268482,127725.00350359279,69985.50626048107,50493.59496254829,37697.0031661079,169842.72326227845,41969.47869776617,9238.820103783384,24853.528679261675,52049.3839567986,28245.519856804516,38326.05267888692,2316.2378782818328,43899.88840901495,28859.040244136995,15927.89941505469,23638.218608115054,64068.31988977576
131,28579.886487200954,21807.916020626886,85435.13615913196,43560.322370885915,69179.14127325862,40438.537619784714,13280.345347741662,18442.08958987438,37380.491853886786,140061.0798039339,112240.95264731784,47651.41437008229,59490.948925140794,34452.51584604982,132854.93779929468,74352.48682551192,52547.13426619796,41869.890232930906,176571.33747361333,42474.52328460764,9322.055664102081,24717.12111944093,56313.34574411337,29037.47207974844,38640.69598569715,2375.580686937238,44571.39395008604,29164.33531440913,16029.496973454701,23707.92501314662,64659.35133267604
132,27964.806929037008,20090.683937964306,80726.12690495343,44160.36037233721,68208.62569508204,39792.49177260798,13204.813007298917,18236.08238507126,38056.38991061029,139372.5740340553,108126.9032191232,49238.18488993991,57381.05777899434,32137.369422757434,126482.83347455531,78376.66906069842,53922.00153038194,38693.18207669992,149992.15228508777,41755.18427569927,9148.523509103194,25530.034916014276,60659.61744388199,29681.711792457307,36418.60767049141,2362.592983493268,44425.0077618516,29353.05091733894,16238.898082023692,23636.335095211125,64982.86886783672
133,27424.908042960335,20630.336595778266,75826.25774194897,43071.36301293159,66910.0849622282,40991.208222369896,12868.835139368119,17695.133556475423,38448.88230551862,135111.58087678175,109566.50622979178,48915.380535667966,52257.74676248586,30223.205343763213,123727.67525687822,76007.49307496626,55301.43818266594,39182.67460589063,145651.82196525423,41270.34360818673,8986.940179635263,25548.88378571734,60359.378843637605,29052.124298737832,36738.914729681535,2307.1549819298934,43796.50491149027,28733.47289049161,16156.717541671358,23647.173410999658,64141.50547255788
134,27671.165572206755,20933.995711479347,76556.35711270354,42692.27357449639,66595.68129056333,41929.133607006705,13028.753475330323,17778.88111323769,39077.824122730475,140908.0669429303,116405.85553314324,49682.62835628058,52806.49953216666,30183.68662031537,126352.2201112939,75454.78309930714,55992.84344186228,39782.55030867115,172079.54616567367,41330.36502311985,9051.064061579926,25486.77012780312,61248.899830814014,28054.64705741654,37058.24324288686,2304.157261253929,43762.34849440949,28663.620634842926,16135.689545204916,23650.32459833455,63699.43442272527
135,27744.97417306848,21114.285851423418,80118.86064255144,43026.219998074,69849.96230550867,42029.71370862466,13111.109150735423,17959.711729859366,39645.37741647714,143375.54007813608,119154.84272457643,49237.083002944404,54907.2755513849,29594.86847326871,128849.70733064812,73802.90798129553,54956.15532768905,39732.95260311868,183446.35722247488,41823.7281416478,9171.974268172376,25397.386400094285,60981.21811835215,27466.805171247543,38010.498829412485,2356.0980858093794,44351.68218933744,28779.85964781635,16107.414471052727,23794.494903687468,63911.93709028311
136,28086.63313902281,21126.611675098815,80642.16675646832,43042.587480327595,70250.05830866999,44726.70533996443,13348.849631407233,18198.042737027572,38795.85519434528,144985.70662963088,115219.20853320675,48579.00167833951,55395.21342419222,28187.453191525576,128907.39692991546,76007.49307496626,53233.991297621615,39561.58825333464,174322.4327993212,42112.4398153446,9408.247651068494,24964.44415386543,60304.99645773594,28098.70221654389,38326.05267888692,2414.4633639244844,45007.744174866,28822.35469203711,16077.298249799385,23725.783766953606,64017.974442791914
137,27917.07197043972,20815.20636148731,81913.61804526625,43489.91772126413,72475.60895924276,41906.27889386917,13570.05207749221,18646.80897975493,37203.917994371266,141549.09016271372,108968.07539115446,47525.52942822949,55831.70975599813,26598.877205284985,128546.70668153215,76007.49307496626,51519.035402861315,39721.94874525911,167612.01060454905,42904.93354304443,9348.616472845431,24176.263515681327,61497.23629620614,27010.656537574014,38640.69598569715,2507.381168769243,46039.2585706892,29067.518554152073,16131.873066591375,23930.613301332607,64141.50547255788
138,27083.331551187977,19578.89115671719,80782.66458492875,43681.82846771754,71906.22630696927,40217.08790565418,14064.222281490142,18944.470042326622,35037.30412535898,135947.36767422577,98798.81064103887,45455.683434790364,54141.635389468414,24077.42180306377,127012.44091954932,76561.23936282765,50835.11062837121,37599.60647048225,145651.82196525423,42718.76914455463,9202.083446855111,23830.588015801717,62617.221627128434,28597.677235289608,38954.441340544916,2442.4446921500576,45320.01998883228,29316.608564758833,16350.24045263831,24180.01097732434,64247.23629927229
139,26767.42961186284,19031.539186240603,78206.54946981775,43636.64222890555,71116.43208080066,40832.13411335807,13580.024482160832,18318.03635650199,33508.77064566146,126845.13924436408,91967.21778922624,43763.88197408193,52329.10439097616,23436.735129821092,124686.39043710147,75454.78309930714,51861.441575202785,37139.72001408904,152172.20102449477,42136.635053966296,9322.055664102081,24889.53238692886,59209.23260145632,30032.725204756087,40818.72396073882,2324.8145940373133,43997.36171885164,29127.08550106653,16300.4995149869,23892.3444897231,64317.64541889117
140,26841.186750889017,19545.30822971898,77211.97249519086,43992.244699693765,69496.87765643268,40789.253046688355,13499.078403151674,18440.21863698114,34303.79585406049,128035.38331714984,95461.37461389847,48115.35491102182,53190.353454700584,24884.61346568984,123825.86044486915,73802.90798129553,59879.26960196454,43622.459110687625,167612.01060454905,43351.52585851534,9744.486236,27243.926891933428,63311.92069260076,30456.5055961238,41433.49163967641,2336.4398493118642,44129.25203731436,29071.117690160358,16155.914788669983,23885.6850543391,64405.569272276065
141,26398.15217546598,19673.714523048697,75498.14811611762,43162.22492187319,68064.6005080018,41990.76474336568,13533.999935547761,18146.16056206049,34808.972271424194,138792.5213222056,99321.70152930488,51971.47950776788,53584.58943510578,24349.26374647803,121548.48535926714,82352.68936121599,61568.544880640264,42558.18203196562,165387.45555746922,42729.4987201887,9547.50995802706,27613.534047011897,71232.73500326941,31245.31472513453,40818.72396073882,2423.5814008029024,45109.66103596625,29549.988068222054,16501.30503073276,23955.253532088333,64229.624268770756
142,24649.343952811014,18914.921648989563,73138.94327989327,42346.568327063294,64496.916507704256,40441.40164019265,13130.259151481925,17681.81846574454,33530.81895581736,139417.69485156774,101986.1023230459,50333.531928419296,53141.81830367874,23245.4775034045,116016.67842731136,86730.78160921685,59177.569677896456,44915.56704484386,145651.82196525423,42207.499132075216,9328.699234639276,26440.350967092385,68062.4537038188,30398.076393818206,38954.441340544916,2329.5381460273684,44050.982886439466,29285.697452257555,16317.262282850385,23896.22647494258,63964.97353377582
143,21966.911714869027,17300.58303950008,68795.00713380704,41073.03745554472,59798.40338241317,39136.04704951298,12583.75913837729,16781.497379277243,31208.566814947506,138571.09168023276,101930.23566951285,48081.800637127606,52414.4299801288,21852.624585319936,112630.00685677581,79079.3421936079,55992.84344186228,43803.21947953377,137051.84604192557,41083.98044069593,9051.064061579926,25244.11986104705,61998.1705639299,28861.607292637756,35127.29381389065,2194.341576739971,42498.568095727685,28682.816208003285,15945.166924902278,23756.251023434816,63699.43442272527
144,19204.842722972935,14723.340844718907,62653.03866539999,39780.57527126592,56977.46319317286,37730.74785329534,12121.263791446427,16070.537269036076,28662.241465934017,131706.82174867587,97755.92101661622,45101.52453290339,49293.583367622516,20824.308349171006,110853.43869892314,68904.46836861139,51176.92460049613,36949.55024551421,116046.17251659266,40051.74783098749,8458.868779765662,24171.191221855304,54351.85653181056,27202.0061134284,32826.132281880724,2043.9525626872191,40726.016394969825,28038.888574812736,15812.32546829132,23350.95628435953,62853.58705289814
145,19420.533052258583,15362.815489175346,66405.06950642788,39958.95918986247,57759.673716566525,38030.878032530214,11492.640336233613,15322.267623045042,31757.94404976546,134873.05746277928,113334.26647890169,60899.73113629471,52244.05452266926,32019.384149399983,116230.72364746098,62349.4561195263,53432.631842736366,42927.72785488268,110808.9124058496,39299.64474763413,7592.55107999426,29259.715575342136,54794.487220210656,26025.471347500283,32984.463382704875,1989.3375498501073,40069.47477737673,27981.043969780378,15878.534338426585,23698.469466755294,62507.69011032704
146,18461.03412549828,14757.186913655978,65048.98518761504,39680.04395224272,58031.82169848014,37624.92751098615,11412.721933692166,15127.153774525086,29092.474815373025,132873.978386752,107670.03993687144,57510.03135408271,47179.10710428204,30666.032401380162,115053.50733335536,62349.4561195263,51192.12323283588,41709.47947890057,102522.7332532649,38687.238552298244,7296.600395489484,28122.09995110187,53283.03012817852,25945.576176059254,32284.519143001846,1947.0026417203794,39555.58255979052,27722.137163111645,15911.974002845544,23606.68362985499,62178.56452014354
147,17892.46691145854,14776.234982254096,64015.874198883525,39449.49246815868,57414.282087383086,37493.58337858866,11300.918394811255,15089.535452949007,27267.696499243888,128024.42002413158,103017.75562788658,54575.71019217895,44847.86764443477,29569.252628859413,114184.84747699463,60164.52325169701,48964.28421410178,41034.404006139244,98430.64420154098,38270.50728517667,7071.757883294496,26935.012366909992,50114.42794897163,25417.85786484688,30151.595395813212,1902.3348449892087,39008.50280273746,27778.607382580783,15880.938791522645,23614.733449003586,61921.60084994649
148,17607.098180139314,14453.505980344893,63340.711458122925,39314.31988569495,58353.914335530004,37692.85580291076,11284.316862837182,14924.424256263672,26365.599520416272,124789.83771242537,99495.70660913366,52315.49416483202,43400.33807012714,28866.678531888494,113563.21776338622,57999.82489097973,47486.305165308935,40645.4899773451,94373.64081136642,38042.77442021295,6991.156920362318,26058.099307705183,48937.794820892945,25497.86133398721,29790.994621603822,1879.345724064576,38724.936643857254,27665.94245928314,15875.127903259212,23551.489240874536,61663.77201558428
149,17549.935657727587,14166.737645493362,64078.91018044331,39303.00575393278,62788.32829488429,38897.718634498146,11517.46389411798,15430.885589295933,25985.131454103303,122316.76822121063,97325.28508091523,50848.61119940892,42640.63991706235,27957.8832434766,114072.61410553838,57461.85413129992,45647.21827727073,40587.27661723252,92358.5671838544,37854.084035589585,7038.837794856684,25277.00533018061,49034.244987699225,24921.462849743897,31224.46020234165,1868.9630289029164,38596.413761353826,27738.884468602304,15830.883301603333,23609.009020998637,61958.362695538526
150,18574.4083955494,14612.622002341928,68989.701153142,39194.74046015788,64620.58866647184,40078.462249515935,11934.600787576579,16282.916310166,25582.44015350294,121538.33007477179,98285.17421698343,50963.42694634625,44332.88440945724,29145.444036125624,118215.17072581225,59079.622446661095,44548.3448108473,41138.38280802445,90352.59654802512,38068.969058544295,7108.250562466139,24007.866149309484,49703.47288083056,25289.817698433755,31579.199585143226,1951.0411041353495,39604.79590290149,28123.05190216496,15988.870812345316,23864.802562337616,62288.42927848198
151,20985.347353028566,15335.633458314256,72045.37590684988,41628.40608615779,67124.01245549123,39413.40230506067,12378.584663734318,17105.183606454873,28112.6924051886,126305.61968988169,103717.33978299011,53517.137540845375,45452.21803126518,29326.858765914007,120900.55760368276,63449.40136537733,45280.54102271899,40445.234397105596,90352.59654802512,39275.192885209995,7447.057243706338,24609.140133664023,48964.13061666261,25785.73703258868,31932.543835587563,2061.366494791698,40933.87402023013,28633.354496505523,16375.681666148605,24013.0829263703,62908.061713287025
152,24515.781691854638,17435.11738078858,73967.30524821264,40575.08637941326,68679.95467252642,39875.06118264601,12589.075938646409,17385.03415991529,34218.74845866739,130525.88892549757,117623.81535179367,55644.31382475888,47592.36839232778,31993.226150209885,127046.22133744763,64001.22515996011,47486.305165308935,41176.99521308816,127768.77158979645,39739.446051911924,8161.854091703988,27622.79624092752,46667.47733017035,28017.728819517488,35053.9134877399,2135.1991715847944,41807.47159093513,28770.601400049145,16400.609669858804,23603.44488485299,63630.781769944944
153,28093.54981162651,20805.59947505806,79580.5745662418,42642.77363111567,74188.19871198898,41547.82167614342,12867.267272156532,17431.14483044135,41196.220919129984,133504.2542058429,129563.58151086657,58700.57783225378,52646.44470396835,37157.028077136616,132181.49365464694,65664.03937487132,52684.412885060265,43456.574231146595,165367.58160185607,41362.6349067796,8672.150762657699,29534.011047229356,53098.563224273355,27667.788655343727,39398.38395131854,2272.408178435206,43399.49780166756,29023.858074068245,16085.541007725078,23793.40229553928,64079.12941501668
154,30164.031455130018,22200.18901336137,82723.93116524034,43398.233017904226,75705.03168684903,43185.99389267658,13013.31754870042,17740.76278738037,45635.21534006181,150155.9209453809,136326.55872294633,62059.216982090664,58561.19025663208,39830.08430113431,134172.76104185454,74139.1483277411,55685.41446608705,46688.45384949516,174496.78037004883,41941.99450845044,8996.606257136189,31036.533423122724,56942.997154753866,30427.82796843732,39725.45968307112,2353.3581958720156,44320.72536168229,29111.813593478957,16190.81973869411,23939.68030059824,64791.25807559629
155,30909.204140497917,24238.97925009797,91773.04305864581,44066.21860168347,71208.02856364573,41162.17000276351,13173.533297321197,18065.0764107301,48995.5169280734,158335.01019533572,136995.02665987247,65938.59701331498,66267.44269,42088.82528006628,139561.66242793482,78765.3093309945,57950.10144927665,51856.65367641619,181409.77312992697,42446.70836111392,9077.659633472931,30866.19069858733,61607.85090450379,31280.968081316296,40051.59162532886,2413.652039792254,44998.668147945704,29419.782711702697,16294.094358346176,24010.275681706473,65388.95863671019
156,30243.99437367639,22330.3166901408,86704.80108238525,44673.2252605447,70204.71903435884,40504.56340874914,13098.608453441566,17863.280628435845,49881.432897539235,157556.67428470397,131973.64811841876,68134.32243394786,63917.21810734398,39260.53274714531,132867.8843308923,83028.32691240511,59466.33441899741,47922.24033613109,154102.2609140822,41727.84041951724,8908.67696534651,31881.33935385734,66362.75323416691,31974.98310557928,37748.36774476059,2400.456193790418,44850.87865962093,29610.151255084515,16506.95203113626,23937.77276697612,65716.12669962549
157,29660.09265340733,22930.127766203306,81467.57701282339,43571.58061963413,68890.98242079401,41724.73043739236,12765.332810794065,17333.39046196337,50395.882195157916,152739.74444278356,133730.74700411572,67687.63545703742,58210.32108681177,36922.09923946857,129973.64142595873,80518.54025505114,60987.60660746249,48528.48612331185,149642.99617782448,41243.31725541688,8751.32986078012,31904.877402803108,66034.28660382879,31296.752361479124,38080.370241147895,2344.129735888473,44216.35080022484,28985.14640836721,16423.414944405573,23948.749305406353,64865.26947451553
158,29926.420661603606,23267.63764094878,82259.40931467286,43188.08855266906,68569.44577193717,42679.43964313369,12923.964944860409,17415.425960421908,51220.25148308562,159292.50472183837,142078.47408634142,68749.32996330755,58821.58117549449,36873.821295009606,132730.67740118373,79933.02692440376,61750.103087480165,49271.44356587806,176794.89704766302,41303.299364645405,8813.772608994146,31827.31124932985,67007.43915994593,30222.20793619592,38411.35846170054,2341.08397336647,44181.86694990908,28914.68232403437,16402.03984079761,23951.94068029866,64418.21015523372
159,30006.244810393746,23468.025837462745,86061.45448404492,43525.91332764034,71940.71357986005,42781.81958774546,13005.658244527263,17592.559841631533,51964.157345,162081.9119188016,145433.73403999998,68132.79767579508,61161.652345534894,36154.49315585368,135354.24167360965,78183.11296454261,60606.82130386741,49210.01586626694,188473.18325497684,41796.33939873743,8931.512916626702,31715.690839676186,66714.59037226868,29588.948152850742,39398.38395131854,2393.857208064882,44776.8501670856,29031.939462502763,16373.298032680492,24097.949610844873,64633.11067391718
160,30375.749662340706,23481.725696909456,86619.76307063493,43542.47089681548,72355.99847372726,45527.07286740227,13241.486610149095,17826.01862809703,50850.667972577285,163902.1587547106,140630.1191538689,67222.16449021746,61705.170235344136,34435.127982219376,135414.8435338936,80518.54025505114,58707.58204661068,48997.77786684064,179099.2436148229,42084.86200631897,9161.591927915973,31175.042199043666,65974.79125901862,30269.66688932708,39725.45968307112,2453.1578554182615,45439.201351442614,29074.806716421677,16342.684685821789,24028.362190837903,64740.34453745335
161,30192.368920909717,23135.60610768048,88004.75535725971,43994.996294043194,74625.45894675775,42656.17595352217,13460.909954395542,18265.610705009894,48764.07728953774,160017.16297937816,133000.33580606748,65764.40120904338,62191.38698217637,32494.448310878197,135035.94507878344,80518.54025505114,56816.29207485054,49196.387379472435,172204.94137201662,42876.83676050948,9103.52409835597,30190.779761457852,67279.12388639693,29097.556518927147,40051.59162532886,2547.5647726110924,46480.60414085184,29322.117943453846,16398.160363933883,24235.80394651531,64865.26947451553
162,29290.676997452403,21761.471203333833,86785.5957000239,44189.135833076565,74002.6193382841,40936.757529498274,13951.1056132018,18557.186657596576,45924.2439638895,153684.57730627194,120588.30024600869,62900.21044691779,60308.79966008177,29414.118956999213,133424.227186355,81105.15140306357,56062.04523306088,46567.8261935307,149642.99617782448,42690.7942738883,8960.832723949648,29759.1078912771,68504.40873443679,30807.19376466568,40376.792828520396,2481.5876159055065,45754.47073114913,29573.38970770646,16620.1323196931,24488.382227896655,64972.193353462055
163,28949.02842108898,21153.102524624086,84000.77670070408,44143.42481513865,73198.46494282699,41562.8097571801,13470.802152340444,17943.559207977716,43920.75807418042,143394.77065006224,112250.04025454003,60559.146362695596,58289.80691855439,28631.425769370362,130980.75404490395,79933.02692440382,57193.904911423604,45998.248089385124,156342.04769310626,42109.04140041411,9077.659633472931,31081.494051884518,64776.00515614753,32353.11655039419,42309.146381516475,2362.0723631456294,44419.13307869322,29382.206631096837,16569.570313105694,24197.04708710033,65043.39695998632
164,29028.796913801518,21724.144579831755,82951.25734430183,44503.15714401425,71489.3168194151,41519.161349991075,13390.507111873287,18063.24370588325,44962.81688947418,144740.30723783726,116514.81256856219,66580.5840093266,59249.159122601275,30400.22252654999,130076.78315549322,78183.11296454261,66036.13682458398,54027.24349244624,172204.94137201662,43323.13661993552,9489.015356785058,34021.60950546047,69264.42247333973,32809.63910371614,42946.361198515995,2373.8839262134793,44552.2877356707,29325.74860392227,16422.598940436616,24190.3027229535,65132.31293414428
165,28549.654138368092,21866.865116569756,81129.37188875227,43663.49777093288,69992.82944335602,42742.17364543925,13425.14777503131,17775.19708476986,45624.963867244216,156900.94142748814,121226.51160726906,71916.57349,59688.30172681005,29746.21395149198,127684.44262089649,87240.3241467615,67899.10566469419,52709.116132188,169919.4287164528,42701.51682313801,9297.203199495289,34483.16669398116,77929.94111098781,33659.3932806317,42309.146381516475,2462.4220190947526,45542.09521687719,29808.813358108004,16773.690506437884,24260.758417772402,64954.382591209745
166,26658.314563564996,21023.48490949057,78591.60745759058,42838.368390466654,66271.21215197767,41165.08527373674,13024.654224366057,17320.347572745377,43949.657328842506,157607.68206724324,124478.53013670967,69650.03079045296,59195.095430612804,28397.77639358315,121873.38144061559,91878.25631172975,65262.287168374416,55628.782210000005,149642.99617782448,42179.85907237747,9084.129029737094,33018.12177656682,74461.59422019222,32746.695538679945,40376.792828520396,2366.8716153699606,44473.26827421106,29542.207847967144,16586.609782387037,24200.97857985055,64686.74557340669
167,23757.25875731705,19229.185994315143,73932.9532895998,41550.047121801326,61415.65407585947,39836.371854852936,12482.549638144237,16438.43182551068,40905.82514696573,156650.621605105,124410.34242527596,66534.15261219736,58384.85177313016,26696.201293173955,118315.74540306456,83772.70371855114,61750.103087480165,54251.11863980221,140807.36235697844,41057.0761299608,8813.772608994146,31524.294997131077,67827.15532141617,31091.515611861352,36409.90388107023,2229.5083689739167,42905.971588955224,28934.04602923512,16208.372281687582,24059.218000740017,64418.21015523372
168,20770.075643105287,16364.642677902366,67374.83871224058,40242.574677912715,58520.22315545977,38405.92535940012,12023.774079744622,15742.005932235577,37568.294778728974,148890.76246994745,119315.40752253008,62410.135988081514,54908.51583001424,25439.961470534436,116449.4933116217,72993.95080191437,56439.00497859283,45762.71922188993,119226.08805054445,40025.519489488666,8237.102891652752,30184.445593827393,59461.94510996171,29303.690164384854,34024.719567151726,2076.7092017948153,41116.42769793842,28284.47830049052,16073.338023762733,23648.754478008832,63235.26834011299
169,20470.58411126849,15864.045303727607,68462.89049027748,39203.76886990062,60049.93762396947,38410.38813042246,11495.296267734386,15171.133880123114,30287.543039345244,148658.34788720557,102058.4966608446,57686.84652789361,51747.81259455073,33703.405631769645,119747.90507004582,74808.09679617788,55321.54325371159,41706.77590347338,112498.69218473064,40853.99261122786,7377.709280320378,33545.112416797856,59725.55881201978,25611.46491059818,33195.536013508165,2006.4763566298811,40276.272378561225,28113.014473792868,16024.74245110964,23861.06366772111,62887.27092250974
170,19459.20592550678,15238.657387948706,67096.05998965497,38930.1248928895,60331.45612397124,38000.38662898676,11415.359396173062,14977.94456959897,27745.48571881453,146454.94419540372,96957.81119663258,54475.97699754258,46730.97475141916,32278.875955834854,118535.06578792956,74808.09679617788,53001.82981833882,40523.176990816806,104086.15299781106,40217.36501980854,7090.132932320396,32240.880873467162,58078.082505156715,25532.840690788038,32491.112723460283,1963.7767191406097,39759.72797552823,27852.88655250794,16058.490024943876,23768.648092059328,62556.14670209992
171,18859.896784681918,15258.32692205214,66071.36206619313,38703.93063563428,59689.39117306732,37867.731813609484,11303.53001966632,14940.697302613644,26005.195109938246,141109.71552088737,92768.38855010913,51696.46169637548,44421.878648840546,31124.412353739615,117640.1199874273,72186.57161147731,50695.233860274304,39867.30203848841,99931.66166108267,39784.15153360068,6871.652651930533,30879.931674977353,54624.33112601593,25013.517185371726,30344.540070682397,1918.7240944361702,39209.82475293079,27909.623109549502,16027.169044193039,23776.75314067809,62297.62260824201
172,18559.09841825823,14925.068509183633,65403.68007072826,38571.31269993488,60660.61261959334,38068.992777275766,11286.92465110374,14777.2147077624,25144.86545418061,137544.52858430354,89596.75265227024,49555.48779293338,42988.09848340877,30384.887206531937,116999.67954622627,69589.32418412798,49165.00637463368,39489.449516233646,95812.79102446805,39547.41156197228,6793.332405420195,29874.585362740025,53341.81029853181,25092.24798010948,29981.631756914187,1895.536914563927,38924.79511588524,27796.426810555935,16021.304649794349,23713.075016700557,62038.228096469895
173,18498.845168777763,14628.944022173775,66166.67015066133,38560.21239563365,65253.680364791726,39285.878933982596,11520.125562304784,15278.680474943094,24782.013157586964,134818.68821491994,87642.26911280563,48165.993111727636,42235.616349079704,29428.294909232518,117524.49039579196,68943.85634578008,47260.90542891596,39432.891862564866,93766.98854496387,39351.25824738851,6839.664083211306,28979.09185677352,53446.9402194829,24525.018693207927,31424.27030335354,1885.0647690190278,38795.60892985846,27869.71284541411,15976.652647835224,23770.989437613684,62334.607691825775
174,19578.710242143694,15089.375877405848,71143.27139450893,38453.99322376743,67149.52262881419,40478.405188479235,11937.358855457718,16122.307048653121,24397.966568192158,133960.68639484613,88506.65766211021,48274.75152903057,43911.78699962928,30678.31405139597,121792.40219522675,70884.88640861367,46123.18538955833,39968.32347161895,91730.42787315414,39574.6422295194,6907.112719956654,27524.07373175928,54176.39334364896,24887.513848661674,31781.279717772984,1967.8499742568088,39809.195307526206,28255.69217598415,16136.094893333,24028.537967667216,62666.678619217164
175,22120.00653835796,15835.976427333739,74184.32808290493,40841.664640707844,69757.69098268513,39806.7086114327,12381.445335606186,16936.463774285752,26811.067487232773,139215.23768488158,93398.37019093012,50693.73611882835,45020.488592974485,30869.270073445226,124559.04979782573,76127.83261334964,46881.26566762666,39294.88961227823,91730.42787315414,40828.573648455545,7236.3323946199735,28213.410692213765,53370.516108165146,25375.54422688635,32136.88507216965,2079.1258549662434,41145.13276523747,28768.401574397023,16526.467466605765,24177.835677032792,63290.07380037301
176,25841.328341821263,18003.958467087334,76081.25473724614,39808.25177994944,71358.2911077269,40272.974382544824,12591.985254728077,17213.553975124483,32634.411568656687,143866.85798628235,105921.27287956278,52708.68905110432,47140.31066307,33675.87188367799,130890.6834166221,76789.92159389258,49165.00637463368,40005.83766129446,129717.18062944265,41311.18858210127,7930.903070991377,31668.44881940994,50867.182143528335,27572.03006832955,35278.22884657904,2153.594624905867,42023.23895211538,28906.295792710403,16551.62500512678,23765.387126164267,64017.182607688665
177,29612.543221934306,21484.40647979492,81713.07402397467,41836.86150238552,77081.40773826366,41962.427351511615,12870.240877827386,17259.209825359147,39288.825252393486,147149.6401097835,116673.13657035444,55603.713864177866,52146.38065903193,39111.25784029974,136181.35082925897,78784.99860795145,54546.87380542101,42220.58081243025,167889.3534467942,42998.576493855435,8426.760187439595,33859.58138065989,57877.01503510664,27227.656661374684,39650.500241752525,2291.9857331332073,43623.48157205288,29160.74693291707,16233.655219156659,23956.64782664535,64468.2528643776
178,31794.973978089438,22924.496132068412,84856.56500774174,42578.04334972875,78654.75561040913,43616.94688712927,13016.324906365488,17565.77381392617,43522.293085345984,165503.26323982328,122763.25660783579,58785.1614266573,58004.94479996945,41924.9002818146,138232.87464817317,88953.60007400143,57653.96460450168,45360.539196557365,177157.76787138998,43600.85045938102,8742.034762143763,35582.16415417707,62067.417691692644,29943.789986120697,39979.66898118486,2373.633161981055,44549.463565476435,29249.117287965793,16339.903347189214,24103.92943893661,65184.705958877
179,32580.437491999997,25029.804283635825,94107.10168252049,43233.40457449135,74000.05274920072,41572.92726042777,13176.577680599297,17886.888515746577,46727.01184209533,174518.33206078358,123365.21782246417,62459.87716528293,65637.99913259571,44302.437060000004,143784.846032,94504.15851772945,59998.71114937308,50381.74490151408,184176.1802687644,44125.526347417894,8820.794620391744,35386.872924185125,67152.07147922543,30783.358567725736,40307.887891668914,2434.446457485079,45230.90519824878,29558.538919533796,16444.128910228465,24175.009171981554,65786.0360840338
180,31879.260420973435,23058.869376422757,88862.5786574364,43828.93932411825,72958.14461011367,40908.75841079956,13101.635521703512,17687.083179816684,47571.9096734031,173660.4429259744,118843.42259647055,64539.76279029444,63310.09823804286,41325.39384025629,136888.51192196016,99619.01038207632,61568.544880640264,46559.23428437591,156452.24232549372,43378.226320584756,8656.593552040087,36550.70090717106,72334.87750849614,31466.333381284556,37989.92532888653,2421.136924866843,45082.352971908724,29749.805321932054,16658.94655727974,24102.00881780665,66115.1908900014
181,31263.78765071946,23678.24999002433,83617.25588346997,42748.1148293206,71588.98313905056,42141.10148513092,12768.282859567715,17162.419673403074,48062.53983569477,168351.1777127492,120425.70548698599,64116.64165983535,57657.408372887796,38863.97319942153,133906.68823753705,96607.71926766526,63143.595973435746,47148.23720747137,151924.97606105203,42874.539686946264,8503.698802783838,36577.6863539682,71976.8514726067,30798.89175566043,38324.05236007473,2364.325195735467,44444.550329403115,29121.852686536087,16574.6402685856,24113.060665804776,65259.166795407225
182,31544.515778948396,24026.77151898432,84465.47675182084,42371.87043603437,71254.48216729946,43105.33773318299,12926.951653276199,17243.646001036537,48848.74061271296,175573.69150097575,127942.90662143342,65122.32439274667,58262.862386836074,38813.15613380972,136747.1530636644,95905.20892289894,63933.04767261934,47870.0634282226,179490.92966412194,42936.89416019823,8564.374646533008,36488.759811558775,73037.5800818527,29741.440903933082,38657.15862492197,2361.253192953048,44409.88850876042,29051.056263612354,16553.06834495065,24116.27393658582,64809.39268792565
183,31628.65594891809,24233.69761466449,88245.79328111517,42703.310610278466,74754.25059797389,43208.7393271705,13008.663832138933,17419.032692657514,49558.20344112042,178648.20225416802,130964.34750966179,64538.31847374475,60580.70631130827,38055.99578546581,139450.1072876484,93805.62793147335,62749.34942564798,47810.3828574128,191347.30381992884,43449.43451620355,8678.783328297071,36360.791404613745,72718.3772134847,29118.254852703485,39650.500241752525,2414.481086677379,45007.94242009357,29168.866436616558,16524.061884855564,24263.284628255442,65025.598199855194
184,32018.139601655523,24247.844448040873,88800.02670550018,42719.555255488194,75185.22766859736,45981.38748685113,13244.546697333237,17650.188719434645,48496.268914179396,180654.495375,126638.65035691713,63675.727525649105,61119.061577962166,36246.20264248242,139512.5429809369,96607.71926766526,60782.9696480485,47604.18133866025,181830.41634905912,43749.36853733789,8902.351933751497,35740.95901487957,71912.00201610534,29788.144892367436,39979.66898118486,2474.292628894721,45673.71198307491,29211.935870736885,16493.166653058885,24193.219771890435,65133.48324594093
185,31824.843625600268,23890.432302597535,90312.23987587202,43163.528307848785,77547.32569042858,43081.84189523361,13464.020749976968,18085.444806559502,46506.287918589,176372.41662351112,119767.96382479479,62294.87140188591,61600.65997849382,34203.455228623534,139122.1789290762,96607.71926766526,58824.82017328583,47797.14199252091,174830.97948967334,44572.66683847396,8845.92721424428,34612.54086496863,73333.71429044138,28634.68014923113,40307.887891668914,2569.5128931801873,46720.48942737825,29460.41352269995,16549.153146213714,24402.08477671726,65259.166795407225
186,30874.398016722498,22471.464640625138,89041.45196890061,43353.99877482491,76906.35086744714,41345.26539629332,13954.329692245827,18374.144751094078,43797.939609254005,169392.5813493093,108590.81741430152,59581.78663388307,59735.95447608386,30961.11961064831,137461.68990237446,97311.54679517572,58043.90974752112,45243.342436643194,151924.97606105203,44379.26614941924,8707.273490866237,34117.64605387258,74669.26510888369,30317.120929820096,40635.170107144964,2502.967321254802,45990.608460511365,29712.870391461485,16773.168999730016,24656.395987050008,65366.73997450771
187,30514.276803771103,21843.247222586062,86101.57927314786,43309.15165622176,76069.16075956385,41977.56499859559,13473.915233993597,17766.569918196332,41887.21563360252,158051.06002276094,101082.14147775248,57364.22997117384,57736.13920575519,30137.26160436083,134944.27642853968,95905.20892289894,59215.78210331242,44689.964293047284,158726.1847182318,43774.50425533356,8820.794620391744,35633.709745666514,70605.33462085594,31838.451577496635,42579.8890863522,2382.4224047134107,44648.37916236173,29520.785614150256,16722.141422744287,24363.06200812206,65438.375968195
188,30598.35830838824,22432.920192396272,85115.53792062335,43662.085350246714,74300.19579047526,41933.481023990214,13393.601637466125,17885.07388808974,42881.02685665533,159534.1230593917,104922.60618884601,63067.99487977565,58686.37897027516,31999.086126320006,134012.95107105875,93805.62793147335,68370.5981468674,52490.59872535395,174830.97948967334,45036.6183901093,9220.510461012087,39004.436407537585,75497.67408875727,32287.711888642716,43221.18153851742,2394.3357283382875,44782.22102733987,29464.061306907315,16573.81675092566,24356.271371176852,65527.83188868002
189,30093.308706535227,22580.297153486452,83338.6552420845,42838.29482468969,72748.82822989812,43168.69775804149,13428.2503060281,17599.86846287868,43512.516258367046,172937.6880256048,109165.53231832587,68122.47378309236,59121.35036352755,31310.680746972652,131548.21749423762,104672.64703624256,70299.425302,51209.96159001875,172510.61392394273,44390.41278829181,9034.125895665695,39533.59356,84943.02104400001,33123.94839687403,42579.8890863522,2483.636606432484,45777.136881288585,29949.404399926632,16928.141136414542,24427.21045955071,65348.82105558558
190,28099.706072416244,21709.4006812351,80719.37501989219,42028.759687253776,68889.71578121131,41575.871622887425,13027.664201919433,17149.505434898827,41914.77684531104,173716.6641819044,112094.00340248563,65975.50698343496,58632.82880410312,29891.32371714155,125561.31161655314,110237.32875,67569.39192229159,54046.58642215336,151924.97606105203,43848.12285076143,8827.080956084883,37853.97721773662,81162.5502938277,32225.769613486693,40635.170107144964,2387.2630040970325,44702.79374832915,29681.541464809627,16739.337789922614,24367.020474678477,65079.55879972928
191,25041.79274256685,19856.560666406524,75978.30912737336,40764.786594087076,63847.0632196909,40233.89897398428,12485.434336161743,16276.288610767459,39011.8748794699,172661.78317152252,112032.59977288742,63024.01306195326,57830.281273548375,28100.256295156625,121896.02029658691,100512.1282315769,63933.04767261934,52708.10640786389,142954.6033005313,42680.932502653646,8564.374646533008,36141.36360335056,73931.06423134933,30596.919858936057,36642.89643002594,2248.7163274989102,43127.40828235794,29070.511296282442,16357.617512416145,24224.287282204812,64809.39268792565
192,21893.095277328048,16898.558275628482,69442.61924488017,39482.024266609405,60836.69531316128,38789.17805423196,12026.552755436387,15586.732030475778,35828.87302913953,164108.79371187228,107444.56640121584,59117.567013095926,54386.965425579394,26777.946030985113,119973.29477901451,87579.56968633363,58434.19549890859,44461.13434591781,121044.22549390307,41608.57656563341,8004.022601418738,34605.2789910559,64813.05109161048,28837.534674209437,34242.44895653295,2094.6007445096348,41328.62859811118,28417.879929860657,16221.33987121813,23811.007586530563,62713.11734425671
193,14804.741319091256,12791.070107816971,62410.27658359288,38709.59717279585,58645.41652506182,37965.66309290871,11427.232733587687,15183.240592217744,24434.03344832012,125565.50429503713,96901.42505547871,44536.82628531729,47013.57766058633,29194.249623490687,109313.36643213438,54382.29138904339,47832.648275972264,35243.737673674616,110519.42744358197,39649.53229883173,7015.380355770485,26247.57446934874,56006.78415921417,25715.0076772269,33406.137977115126,1983.0408771802374,39993.320017758524,27932.430115356983,15853.398695251315,23638.662229111356,62367.99343700499
194,14073.29211692943,12286.824152755948,61159.212563714806,38439.402535285015,58906.50484932736,37560.40869094223,11347.769167442806,14989.897114748617,22383.265793885195,123704.38112463447,92058.48001500439,42057.89136158358,42455.71359400988,27960.30681635463,108206.21098927545,54382.29138904339,45826.95518916944,34243.55368234769,102254.89568566307,39031.67380728807,6741.927257269473,25227.070673341106,54461.88693663129,25636.065593160587,32697.245624478976,1940.8399679583472,39480.404487251864,27673.973129567785,15886.785424842994,23547.108029843497,62039.60340031858
195,13639.85959972076,12302.683562187034,60218.54974725094,38216.05950389929,58279.07816688944,37429.2897860469,11236.601931555075,14952.620124082698,20979.311736210682,119189.48947120916,88080.75118408808,39911.98120049334,40357.86899920731,26960.298124383404,107389.24857001653,52476.554542582264,43832.60386258247,33689.31556957447,98173.49709393023,38611.23235185572,6534.176828385169,24162.18780776829,51223.18123209466,25114.642551746892,30537.05450156959,1896.3135542191792,38934.36449245229,27730.34523850781,15855.799342109733,23555.13753386384,61783.21401097924
196,13422.316124659066,12033.979606707322,59605.289430087505,38085.11324498608,59172.34536247568,37628.220500164214,11220.094883213555,14789.007068533925,20285.253338734994,116178.12480880965,85069.37978128335,38259.053565197966,39055.260603295435,26319.713550043547,106804.61453749616,50588.46658883597,42509.52376036635,33370.0164896239,94127.09250350767,38381.47196488865,6459.7029913239385,23375.548554035442,50020.515763686446,25193.69164160499,30171.843793784978,1873.3971987080577,38651.33727032593,27617.876057591548,15849.997652454354,23492.052933568975,61525.96139100576
197,13378.73975344542,11795.216479051945,60300.515071769354,38074.15286233964,63490.70032076398,38831.017245958195,11451.915014153454,15290.87301026429,19992.52754251402,113875.72117340048,83213.65736308067,37186.30150877707,38371.62055192428,25491.103093866303,107283.694657291,50119.23903766688,40863.181567764004,33322.22322183561,92117.2831954476,38191.10165626002,6503.759259994304,22674.86428764723,50119.09983570685,24624.169143835417,31623.634851288814,1863.0473669651128,38523.058654294095,27690.69133853609,15805.823089789224,23549.42755245539,61819.893698559594
198,14159.720060788171,12166.459502340713,64851.15438627279,37969.272605326245,65253.92821959821,40009.73613455511,11866.677873153645,16135.172806168779,19682.703559802852,113151.00283262243,84034.36788665033,37270.26787251556,39894.443935193354,26573.88301436378,111179.71109414428,51530.284993822,39879.475053476424,33774.68234299545,90116.5530977773,38407.89981596069,6567.89540622454,21536.376626135054,50803.13401624953,24988.12980512479,31982.90923542203,1944.8656477885218,39529.52429706008,28074.191325247597,15963.560507064682,23804.575553999657,62149.222625007795
199,15997.637048213373,12768.438366736573,67641.0801352617,40326.84692522087,67854.40790447945,39345.81662772226,12308.134921697942,16949.97923677107,21629.43751882409,117589.30308252199,88678.89950834961,39137.83219518296,40901.71411431277,26739.29115844641,113705.27981281691,55341.68296348134,40534.933762202156,33205.606317217185,90116.5530977773,39624.86273972559,6880.946673306441,22075.752466620917,50047.43422399436,25478.13320659262,32340.770651774576,2054.841835328391,40856.07641111315,28583.607327363083,16349.75904115443,23952.48170656766,62767.470260763774
200,18688.972398778234,14516.467304630509,69384.0096744259,39306.460449474216,69251.81115451275,39806.68385764169,12517.428236065973,17227.290558279645,26327.33539326536,121518.33268116647,100569.01308108027,40693.466002873814,42827.60072714235,29170.39959706783,119485.19041317899,55822.99337515324,42509.52376036635,33806.3831933087,127434.97950376663,40093.24918561302,7541.406077922422,24779.167778253905,47699.968786674304,27683.499064141033,35502.044008492434,2128.440816136539,41728.01365027226,28720.61578015426,16374.64758395514,23543.877458381663,63488.575130754594
201,21416.391433589644,17322.728487375265,74543.11467747836,41309.49912253935,74806.62158553857,41476.57591947966,12794.036310405923,17272.982842325953,31695.68654397328,124291.16178014794,110777.57922430165,42928.55467476361,47375.682061004794,33878.58891631139,124314.84204850264,57273.329156555934,47162.84607829521,35677.92144919908,164935.56375165863,41730.88940708229,8012.911004699468,26493.632596825322,54273.33880714496,27337.73341447636,39902.054342445874,2265.2155275585246,43317.01410700971,28973.43244975123,16060.077673992013,23733.355478277797,63935.92077632198
202,22994.769589097144,18483.862822981562,77424.45589609846,42041.33821784819,76307.86081252141,43111.9390159578,12939.255376873189,17579.791471931512,35110.974951434146,139793.70150777293,116559.96216838906,45384.77452303491,52698.265691302964,36315.79602488335,126187.60111539441,64665.46813119751,49849.329003623985,38331.30011967105,174040.91276170858,42315.407088771244,8312.70203386801,27841.477822852,58202.828656980804,30064.847601112087,40233.31142239647,2345.9093211270138,44236.490811447315,29061.23515653562,16165.18974923834,23879.2643251756,64646.45792064678
203,23562.83272182569,20181.358237907643,85869.97667522024,42688.43847745379,71962.5717825067,41091.58555743138,13098.5592960347,17901.162426400857,37696.33505123328,147408.35402373679,117131.50595390509,48221.81947088029,59632.99731882278,38375.243753986026,131255.78733498612,68700.4870607815,51876.66645989804,42574.40097888457,180935.84553521193,42824.61444500449,8387.593892761122,27688.671028266403,62970.889649076045,30907.810414715077,40563.612647412585,2406.0123223221426,44913.14512137781,29368.669213741035,16268.300885666236,23949.68154647734,65242.82269763744
204,23055.727252875637,18592.207041385143,81092.2174189922,43276.46638714178,70956.56115112391,40435.10662011446,13024.060868911653,17701.1976438735,38377.94404948611,146683.73086350044,112838.19951158177,49827.58422228984,57518.068319800055,35796.49714758395,124960.38285865526,72418.76591576387,53233.991297621615,39344.240926305814,153699.67337651423,42099.346370649975,8231.456953022462,28599.315216110554,67830.99149482086,31593.546378484574,38230.94426794779,2392.8582439544034,44765.63651701821,29558.70701361432,16480.821605788256,23877.361605548613,65569.25958187816
205,22610.604871265692,19091.60935021105,76285.64328276172,42209.26591090826,69586.99321582315,41653.18131949212,12692.6819845519,17176.11545088912,38773.75277456547,142199.21604539853,114340.5287830129,49500.91578019033,52382.52421383216,33664.38832148934,122238.38797397897,70229.6858849308,54595.82722097713,39841.969750002194,149252.05833571768,41610.50946212588,8086.071064303059,28620.43014086012,67495.25772666058,30923.406400668493,38567.19109647361,2336.710071164549,44132.314620936384,28934.788041129064,16397.416757862436,23888.31044276197,64720.30391357841
206,22813.633143289157,19372.61985072715,77053.71611662026,41837.76415680484,69258.22650187343,42606.25340018066,12850.411301920916,17257.406597920457,39408.00878066681,148299.7721122844,121477.88163641903,50277.34784173759,52932.58725761127,33620.37003696304,124831.34166443751,69718.99086782604,55278.410591523025,40451.939075586444,176333.02567838636,41671.025596367836,8143.767038234036,28550.84903422402,68489.94073090881,29861.680456237795,38902.41068262518,2333.6739491229323,44097.89630952139,28864.446380060388,16376.075490940259,23891.49376366087,64274.24371455799
207,22874.485019531432,19539.462931814414,80522.43004033972,42165.02645840769,72625.76871307738,42708.4577847672,12931.63966379045,17432.933249823735,39980.35756634181,150896.6830740423,124346.6474655217,49826.46914529837,55038.37936523299,32964.5096632053,127298.76708923154,68192.68515814203,54254.94995426997,40401.50682959593,187980.80271302923,42168.45520118698,8252.556960428205,28450.719386444656,68190.6128299685,29235.974970524672,39902.054342445874,2386.2801454096616,44691.748720663316,28981.499797700286,16347.379180966587,24037.134215102575,64488.66395813446
208,23156.167491094046,19550.869425811157,81031.12736664909,42181.06633647069,73039.1285968498,45449.00353369789,13166.125868900857,17664.27374135395,39123.65738047672,152591.31516878397,120239.53015364971,49160.51034319872,55527.48230251316,31396.84752958,127355.76228939721,70229.6858849308,52554.75963514705,40227.259070631124,178631.3522092101,42459.546546203186,8465.145820097101,27965.727814321734,67434.44608110453,29908.573260899244,40233.31142239647,2445.393093714419,45352.84106158633,29024.29257468247,16316.814294888116,23967.722411135765,64595.658167734015
209,23016.371923563347,19262.6904826587,82395.997156739,42619.44301575089,75371.74812227285,42583.02960289325,13384.300417875562,18099.87716706113,37518.269246331525,148974.42189973107,113716.02316643014,48094.42763959101,55965.02087022053,29627.39792055527,126999.41360323004,70229.6858849308,50861.6854801375,40390.317818728676,171755.06112436304,43258.57230833878,8411.492192152364,27082.790262813618,68767.63632777691,28750.445257339165,40563.612647412585,2539.501193114673,46392.26459422881,29271.174126824695,16372.202155269668,24174.640651216665,64720.30391357841
210,22328.99039596173,18118.58666187919,81239.79858199888,42807.51256269745,74809.61815242148,40866.55961904501,13871.706245804666,18388.807496953705,35333.34876288306,143078.8462488673,103103.6640717262,45999.80482204012,54270.911060429156,26818.85220774231,125483.61551618863,70741.33843763497,50186.48714810006,38232.26460869847,149252.05833571768,43070.87347213779,8279.64793395756,26695.556848677472,70020.02990784512,30439.68785788333,40892.97123476,2473.732868017126,45667.5112504135,29522.00933520823,16593.822730494892,24426.58150707484,64826.98883136413
211,22068.543435958854,17612.059298697644,78570.96566196368,42763.230751393814,73980.82240438806,41491.53829911658,13394.136316751355,17780.747813441896,33791.90007320469,133499.13636320725,95974.40563331019,44287.75187046868,52454.05222515691,26105.21761091105,123185.5632758131,69718.99086782608,51199.72276883878,37764.64001521809,155933.6087797136,42483.94121117528,8387.593892761122,27881.809980168247,66209.13751590638,31967.168984838063,42850.02806672906,2354.5959062243815,44334.71149790505,29331.15841726518,16543.34076331973,24135.981601523305,64898.0333069568
212,22129.35288422914,18087.508539614446,77656.54908394309,43111.715642470255,72330.65520022906,41447.964739745585,13314.298256225073,17899.346350653537,34593.642777584624,134751.81783547244,99620.8095639593,48691.31355214004,53317.35772012462,27717.94988025705,122335.39132491095,68192.68515814203,59115.24844089628,44356.45891430384,171755.06112436304,43708.84560737009,8767.67916715085,30519.255279918594,70796.85851948462,32418.245578485567,43495.389061412076,2366.370083205408,44467.61308540881,29274.798479437002,16396.602045623815,24129.254257960434,64986.750565312366
213,21764.090776020515,18206.337564966423,76020.31940086142,42298.309168595195,70858.97992413369,42668.87982689542,13348.741770367295,17613.913328744813,35103.08763891392,146073.24995316853,103649.33831760172,52593.59739029312,53712.53503007255,27121.645794361473,120085.42858457715,76092.54392738761,60782.9696480485,43274.274106794874,169475.51930210576,43081.69148501126,8590.448190885936,30933.29746861881,79654.0968401198,33257.86284771281,42850.02806672906,2454.6279343601173,45455.5393702378,29757.023964020707,16747.13783537164,24199.532145495654,64809.217873881964
214,20322.27694546434,17504.139757286186,73633.06734918478,41498.97839069572,67188.23976748878,41094.495829329346,12950.527532571643,17163.1909066972,33814.134678629365,146731.21861278117,106429.83215763803,50936.04297101229,53268.706680209354,25892.183588480213,114620.2069957801,80137.82987109177,58422.5017588145,45671.3249287947,149252.05833571768,42555.38937794296,8393.571498309915,29619.071584510075,76109.01474232765,32356.052881318807,40892.97123476,2359.3799678038067,44388.7438058052,29490.881650373587,16560.35325920349,24139.903172463113,64542.178990500106
215,18110.732048721482,16010.207656457387,69301.10743388662,40250.9379424392,62316.4987937971,39768.0608738908,12411.508204422016,16289.27724706431,31472.26087135437,145840.20463393375,106371.5312869968,48657.35762114418,52539.58154887923,24340.74187421498,111274.30016838621,73068.02444814745,55278.410591523025,44540.260791536704,140439.5073433888,41422.610218594265,8143.767038234036,28279.026786856964,69327.7926473394,30720.617966153673,36875.36943294023,2222.4515050368614,42824.42587440076,28883.7764430444,16182.714506641018,23998.50035099829,64274.24371455799
216,15833.530225287523,13625.19076857435,63306.64772598012,38984.34510209567,59375.28909816933,38340.067292666055,11955.343656943272,15599.170393928385,28904.42056895661,138615.85127608533,102015.33374869196,45641.406506763255,49411.283193608,23195.34261238079,109519.11623487303,63666.606722877696,50523.93979268056,37571.27041390493,118914.61346920213,40381.86955548849,7610.934612850136,27077.10816600192,60777.50690643045,28954.119888422763,34459.69283492739,2070.1359794298132,41038.28313315204,28235.33726372196,16047.894007294337,23589.072704844813,61586.16561368963
217,15148.908940882286,11699.841006978497,54869.017568732226,38772.37511351317,63326.836327188124,38318.983212100495,12293.542782235463,15273.892589891762,20157.71493649641,101425.21425696528,76003.75909808809,33278.5003446187,35585.41331951369,22350.51004661145,108951.97999556636,47139.221838379926,28997.770948551348,29906.830450476034,103771.27042124415,36857.18281695699,5586.168573744306,17220.080576838547,47951.21483277431,27388.27387185797,34330.80047256338,1989.4204097204415,40070.47627834128,27395.95531083748,16251.680374246354,23778.98745726338,61493.4151574313
218,13579.449925685929,11705.505026801144,48847.3816729199,37701.37554587086,62511.46470749172,37883.564650873515,12120.529209513017,15346.47084986994,18872.439960163323,100668.97228880892,72228.63277088445,31280.9159859194,33624.09174562574,21978.843716547446,108245.39428253421,47574.49706718261,27748.426681613015,29354.637491304507,99562.83079140997,36172.070920876155,5329.269246009062,16784.10113298927,47025.955836377456,26690.549931923455,33622.59748080573,1955.3546740341778,39657.31677453817,27246.648246406585,16209.379240675164,23746.783123850262,61283.15381549526
219,13497.14679193333,11438.159899370923,49091.31722387846,38628.33329465154,62212.72740125479,37887.54777873923,12073.944373721117,15199.132593732502,16813.676220643614,97966.99410635869,69773.65579439414,30593.952714415613,32390.219823408235,21659.992240757496,107485.36355157317,46271.771850141595,26506.34906636782,29122.27321918028,95391.07336575592,35675.366311962585,5149.86852952556,16720.623627462952,46227.673103129026,26196.311479900123,32550.3269665168,1930.655470578965,39355.95485419905,27215.758580921032,16133.880402045552,23716.461550975728,60860.87097313806
220,13948.833631561069,11416.951504531495,53388.73346996045,38615.4662129132,62427.101647713855,38075.23635206102,12053.092766541033,15179.99079074271,16206.139471327822,96069.97995660998,68404.48038497151,30186.588883536526,31883.914507931044,21225.593308984586,106346.37436796442,45408.48705555763,24780.12932566309,28959.226914273047,93319.23858175556,35458.83612614411,5131.765725434815,16678.991022767717,45841.67658466061,25855.09897715411,31828.544389454884,1914.6041703126846,39159.28143161261,27183.615762191428,16189.109519274538,23669.222093923756,60252.85589340222
221,14337.044029046832,11350.012496739291,54349.955765266175,38623.27487106439,63630.93878923722,38651.136686075486,12223.521765041727,15438.04817583236,16159.524497562472,95228.85450774246,68322.1404332019,30378.082744486775,31821.288903724577,21172.60949538785,108801.18266092756,45408.48705555763,26754.171493458485,29058.077355264948,91256.92704170449,35361.11209989465,5218.385591714959,17425.2592634424,46323.232370397076,25957.49377360609,32190.146739632277,1916.3850795629512,39181.13499803045,27348.102689196083,16187.144404167593,23692.054383283514,60860.87097313806
222,15027.582702090482,12111.861648699029,57057.71570177223,39195.858641470986,67096.46656265971,40422.290698293014,12514.674970467724,16117.040728304126,16266.771415347206,95562.08754881602,70213.54784762782,31773.597338470467,33027.460635695585,22177.79445803798,111559.34766891622,45839.6064341225,28997.770948551348,29461.26919385326,93319.23858175556,35988.52191682225,5446.114583145992,18951.058247629735,48635.364438679375,25820.9614325479,32909.1117661076,1972.869864992903,39870.10268827199,27660.026489411484,16288.233673928013,23801.806966188382,61072.3075208215
223,16333.903010162021,13174.401619050597,60931.30563629791,40250.74403976762,71169.35180000681,40520.620034675034,13209.986624222898,17347.37390645582,17503.636715114015,101039.11329018751,77061.79789504006,35077.350225249545,36381.34946639929,25156.532016790316,116639.79043544248,48886.468730516804,31011.260359975233,29767.011963601177,99562.83079140997,37719.43814949561,5739.584759562573,20304.26539233338,50154.616664729365,26332.71414049917,33622.59748080573,2107.7371219682177,41483.97011473394,28172.168333226546,16624.48440891653,24008.878003814953,61912.203785924765
224,18115.64125101701,14731.69850405132,64069.161628999886,40495.40205922103,70662.80533017544,40902.88699520964,13669.545657336988,17821.352421541545,20395.812656994174,109191.50186943298,90019.83198876173,38600.70739272714,40196.521592394514,28586.13395320443,117453.18598866988,53324.959485124265,34575.62649733,31829.833476945463,129746.28135858079,39377.46175039,6268.370377245778,22959.051600713643,47588.8043312843,28458.114132343704,35383.59988689221,2184.988889350075,42389.77964969158,28320.91613990647,16581.479865054327,23524.09946814989,62328.71423880582
225,19724.837014960864,16858.162416855066,68353.80641148466,40583.25600252646,71524.51827319902,41867.90871259683,13701.160140490052,17773.36504085188,24134.705669975738,114060.73973401089,100196.22509930513,40039.548967075265,43172.239910433644,32644.446397401156,118674.75108369646,56034.9768727655,38188.4452975375,34088.320768873535,161475.3909288962,40570.16251486669,6801.986528379438,24071.28869868951,50664.83759100086,29525.304684387793,39826.22580425469,2381.506097554311,44638.07371170455,28889.196092229304,16656.22850434342,23870.622876428566,62720.67199876043
226,20867.051728345068,17694.248545843715,70000.60843441336,41859.22339284307,73451.4142191099,42764.36492741317,13880.477937493766,17920.040885412494,28373.134338708536,119267.28917561585,106235.41058056922,40476.68073716277,45067.75682665082,34142.027032421625,118483.80074213886,61091.50764476861,39489.808068497856,34760.37887169867,173144.6023627343,40924.95023589733,7172.53548314679,25293.819346857086,52205.51850968828,32964.030469296464,40826.44995795627,2430.5611796857042,45187.573932326886,29038.068493983224,16588.74157277312,23926.431459193638,63360.280609505535
227,21654.49435664437,18031.248574319954,72598.78086947261,42132.213992375866,74394.49976074156,41457.582817895396,13945.071663648934,17941.69275471466,30223.17512742414,125537.0367956129,108690.12699498708,41472.72833740044,47196.81173613708,35445.883252342544,119828.66075609348,62957.78687131828,40534.933762202156,37710.49852286596,180226.2170788352,41455.530979782794,7307.248600296221,24551.111756181956,55918.092080909475,33987.57523076647,41157.94266797307,2438.0294316002282,45270.84046120069,28990.327780547366,16659.361635400048,24007.910470655486,63202.51226892618
228,20509.538646442423,16183.07480051407,69747.64648456516,42145.911436430615,74414.01920719551,40140.52013471923,13978.872358193466,17867.5409610944,28940.609730669945,123360.80705047365,96378.66105747569,41196.17713650924,45730.947005433794,34877.82484023575,118943.47644654092,65898.35779625342,38968.583761387155,34415.58268480659,149979.07352504475,40890.06869623492,7123.250430327494,24474.856093639835,58062.40753819186,34573.93337396065,39826.22580425469,2388.984791660298,44722.13822195514,29109.34334775074,16727.67921858428,23961.353458589863,62549.175993616234
229,19763.727040810176,16036.510116263693,66312.72655041683,40260.728483796236,70475.21706296637,40694.79018655507,13533.594711636366,17533.777790922668,26862.218620008112,111807.17742871858,95538.92528828846,39080.35962903089,42299.00721151499,31811.31160157398,117721.65024484292,64366.92378018054,36892.81889970964,33746.3079927709,143167.41233308872,39735.35614000625,6719.751342213703,24639.620243687306,53753.30088685268,34205.44276809855,39490.856928459005,2302.343201670558,43741.67023345065,28609.934296005846,16731.501400493682,24059.758702213036,62224.79801715614
230,19860.898474409823,16950.565795559938,69026.40051514038,41108.2144955854,69698.05581062724,41433.343406794214,13666.48353608999,17747.537805626478,27405.676140504456,118902.87021497704,100280.9446068472,39200.641116921695,41639.4941314116,32198.881674242843,119246.84920949303,59239.788063143555,37151.47826158105,33858.667924881884,166122.7300919479,39896.949245127325,6678.454071661708,25096.74648767746,54470.51114960539,33182.336805874926,40160.604998170194,2299.7980731353246,43712.647612562825,28391.30173680143,16686.089090061716,24140.983286416697,61912.203785924765
231,19927.3607868632,16566.97277457342,69940.80578374128,41240.99713342668,71221.28875602299,42844.97350497873,13790.165297039017,17851.30994889989,27073.980479135185,120251.52234822295,99773.0948381101,39477.72052529786,42695.73912689363,32618.809822997595,120324.02509228406,61091.50764476861,38188.4452975375,32806.79660301018,175498.57241388652,40446.328944047265,6814.596122097093,25123.60584873609,56443.788311676624,32661.602340165875,40494.00850232493,2312.5855965550513,43858.336870263876,28339.426047051948,16532.05185362927,24145.149355954072,62990.49084511014
232,20375.37533775696,16821.9805164771,71096.65705986976,41294.155407634345,73364.85750167473,44051.429427107825,13862.006185221495,18146.518186622903,27089.747827924042,120657.32536467926,99822.6257589763,40255.21189231617,43757.1433986698,32982.31101867427,124364.91740723643,61556.720864446026,39489.808068497856,34162.6061061359,177859.12771539163,40594.22224968489,7061.4152191537605,25618.461247862695,56905.80693927765,33014.417305196344,40826.44995795627,2325.453246051263,44004.61416167618,28345.586879714214,16173.873370342359,24073.241697732483,63932.06631292463
233,21515.32852622452,17662.56772765305,76359.60051670411,42363.24194995581,77537.86953968332,46502.36565281393,14207.88820189008,19324.282754441836,28203.569935509946,122229.51978220261,98477.17931171024,41898.02890821497,46138.36803435569,35483.41097963378,126182.50542314234,60627.20436366504,42109.18773977093,37185.86922506369,184979.79785030245,42044.332566315,7644.968520234281,26699.986112955234,58495.4431670016,32241.2559187112,41488.49960892831,2421.286619986722,45084.02558336488,29010.16805030267,16535.037903633096,24530.10711805848,64479.541837864315
234,22363.453530864706,17312.990713949508,80168.60042405508,43845.79335501946,79715.59191845813,44019.98336599082,14924.294353296276,18971.859763290606,29048.593561231413,122404.81621119445,95025.78875460516,43936.14377034246,51233.41704467613,36027.53221678562,131020.82673115404,65898.35779625342,46881.26566762666,40606.856326884576,173144.6023627343,42909.82598588161,8167.632379399658,25860.774254438402,63256.16776888637,34155.17379732459,42801.61841629372,2549.4158883058185,46500.868019573485,29882.534307686903,16849.431557781758,24835.878916177247,65124.576287702934
235,21998.5479170959,16421.232116927542,73278.84252348723,43099.847076228834,79689.58552634627,43340.89810037436,14497.796098027553,18884.91592082007,28394.661190696886,123157.52982060902,92343.2916224329,45493.79267700235,52349.27175125284,35437.0174125636,125597.34564395042,73985.9473439691,45327.7134389112,38573.95945746313,194661.5219307559,43382.616918208594,8469.735129474271,23841.833283468168,68879.49911184628,35092.731008288094,44267.8717977891,2593.001363457939,46976.30423923425,30099.26303097566,17106.690409367704,24547.038837056374,66541.15253582085
236,21556.07681061786,15883.52788404041,71917.81187805864,42430.26104661316,76831.76106660787,41764.569943020244,14283.13015338425,18528.676102167217,27902.44207992843,121144.79282717493,89338.95674128541,42340.06605062699,48250.04525196797,34032.242862812054,118843.95448471642,70251.20292546373,44057.12454293587,36181.79852854233,182599.79024353108,42717.61903419655,8219.594698784642,23309.36829251273,60801.01523534004,35795.65207862352,43127.6805093672,2524.2644820259043,46225.03383947742,29762.729234292856,16835.843510535466,24467.12584264694,65383.745207653206
237,20814.111215579374,15730.299709551273,69810.95397894917,42184.223998595364,77273.15888270148,40598.65555969,14029.142566868495,18045.571491400853,27168.88574961679,118151.03241552469,86276.80896466921,39913.98557033068,46370.04819554034,32002.474470598343,117024.40898079364,67209.06763775756,41583.57204340444,33745.096019240875,175498.57241388652,42264.44166005469,7817.091821093958,21690.448441876822,58279.85269938727,34523.69998416841,42801.61841629372,2457.6547152533963,45489.16579236197,29467.58122225093,16845.507177147036,24400.579953860004,63265.10988935222
238,19637.25804580343,14436.92091802195,65317.49387781394,41352.34518849833,74139.06318149286,40987.851139831546,13694.817231854233,17471.824837471915,26474.3306753097,117283.39499154591,85373.28783554073,37270.069261417426,45363.63745244018,29503.184383830067,110132.02739500295,63426.60671445957,38188.4452975375,33275.53917190872,149979.07352504475,41313.653173772786,7389.331525230752,20133.901565805394,52622.13847407191,34155.17379732459,42474.680923953514,2332.0545334358244,44079.53084641129,29040.259115050143,16676.534881606036,24272.665323681347,62224.79801715614
239,17840.394965408657,13180.041141427066,60785.161119109776,39977.38244499377,69408.04034521633,39862.86627203951,13197.889650668269,16458.25039681906,24507.88430363341,115852.55582436093,84557.10883559172,35485.02408864108,42919.94025213521,25864.234527842673,108516.1614573266,56945.947737102375,36892.81889970964,32839.759163141425,129746.28135858079,39621.00742618279,6833.489753309424,19364.305683113966,48667.73553222515,33199.12566570972,38817.09232867237,2180.065626778579,42332.438508470615,28313.083914820047,16460.341776116744,24279.402709469054,61522.805364199136
240,16033.979477114653,12539.504122492253,57121.22013408595,39053.63264204261,65360.045634599745,38819.65912178345,12728.714993574682,15744.321460898367,22439.890771124807,106574.4974104885,80170.63722911748,34614.22258256505,39087.53752791459,23834.513946713098,107930.86803216672,52429.35477808548,30002.321125786486,30883.599274643202,112294.7377621546,37717.65466508791,6103.402054271995,17928.35540377316,49185.432683823776,31096.06550323654,35732.084213419585,2051.9152275658394,40821.148541394425,27776.39510956887,16313.093341485937,23776.99656100545,63748.27976733754
241,18592.142425941376,15292.307965456932,61131.26181728246,39912.605336290515,63780.38074711418,40821.413170036896,12411.616145835205,15610.177967848547,21974.412544128532,103851.95096829438,73709.9636499853,37598.25434853484,35432.04663712567,22923.593204417964,113233.2975176203,51594.1900308533,30410.34778462004,31155.989968902988,111382.93257293206,36884.798282262884,5885.586656553236,19111.19243148885,51154.32779968851,29726.74425110427,35399.44061084739,2077.0865483796347,41120.91070995523,28051.68262749605,16963.52586223715,24610.516140279797,63652.27310780312
242,16665.957137213314,15299.711137465745,54437.443662993996,38810.10947593898,62958.95633379064,40357.55950013739,12236.940863803926,15684.354183779647,20573.303209486003,103077.61487866909,70048.7707346037,35341.3712551482,33479.17800377778,22542.397082253505,112498.94619817921,52070.601647225914,29100.143847644194,30580.73281066499,106865.80229569579,36199.173061984395,5614.917550271221,18627.333659144668,50167.262046164644,28969.447123970676,34669.1928624098,2041.519666181751,40696.92036487315,27898.801870539864,16919.371882044805,24577.185651810723,63434.630091446605
243,16564.947117891057,14950.276985387209,54703.9761461952,39764.327490238655,62658.194308444996,40361.802747078895,12189.908603835598,15533.771980438765,18328.99506813067,100310.98817960886,67667.88502781761,34565.23592625328,32250.623845934766,22215.370025224638,111709.04971456372,50644.76028233356,27797.560544875374,30338.663061969197,102388.04487626716,35702.09629416322,5425.900973135658,18556.88504435618,49315.65449553568,28433.009518187286,33563.54499324144,2015.732063419735,40387.65834034503,27867.172855130888,16840.56609260214,24545.803762234125,62997.5221061177
244,17119.298991485008,14922.556497122092,59478.525055641716,39751.08200930672,62874.002430407396,40561.74836558485,12168.856727340166,15514.208732266256,17666.70456510284,98368.58537662611,66340.03136825391,34104.99376488251,31746.50061461134,21769.832792310106,110525.3034338429,49699.889365812676,25987.250960712994,30168.80657889692,100164.2402229002,35485.4038718042,5406.827860536903,18510.680340713563,48903.873636507786,28062.66354998692,32819.294957735634,1998.9734438216894,40185.82918830247,27834.260692020453,16898.214319547773,24496.91238608427,62368.16135570359
245,17595.746703294026,14835.063690899353,60548.460343745464,39759.120306936995,64087.91001061129,41175.25800255622,12340.922611599864,15777.947768236247,17615.888454870077,97507.33485313531,66260.17643839386,34321.34470665067,31684.144915409583,21715.49043561322,113076.57453324944,49699.889365812676,28057.455217815128,30271.785841546156,97950.6573470481,35387.60662524189,5498.0905430787425,19338.903872502688,49417.59706569113,28173.801036818444,33192.15317087511,2000.832830922344,40208.25563881733,28002.68464440155,16896.163129752546,24520.5430989907,62997.5221061177
246,18443.239642221186,15830.84062906813,63569.58365972292,40348.542801259195,67579.52587154706,43062.07763240663,12634.872198744011,16471.88970350575,17732.8009135943,97848.54094962834,68094.50112731774,35898.00567719753,32885.118265806064,22746.44906389217,115943.12288753346,50171.7523766176,30410.34778462004,30691.818345472057,100164.2402229002,36015.48653273823,5738.025785917006,21032.266332013776,51884.17819715069,28025.611267589822,33933.49795181984,2059.8066845288567,40915.284391749316,28322.074399141857,17001.68024567448,24634.133625831753,63216.381586334595
247,20046.47676750494,17219.636292405074,67907.33326631557,41434.4506016961,71683.90627592894,43166.828388578004,13336.861975084606,17729.311134071984,19081.1376890779,103456.61200880224,74736.07080822399,39630.606006404145,36224.55244346289,25801.563596721902,121223.20395927453,53506.56330873229,32521.92089038352,31010.331491928828,106865.80229569579,37747.69966478148,6047.225934751041,22534.082890112884,53504.91557894165,28581.05853455719,34669.1928624098,2200.6170250237806,42571.458825021975,28846.474453819912,17352.659215714586,24848.445741637875,64085.76420741214
248,22233.190759185516,19255.105282528384,71428.14640299034,41686.30360126637,71174.81118948951,43574.05938035208,13800.834844126517,18213.72523675601,22233.96862737096,111804.05761400728,87303.031092265,43611.31660248657,40023.28186900526,29319.102994233814,122068.56226007694,58364.52079111392,36259.919030343844,33159.31369463395,139263.22044133843,39406.965549804154,6604.354409219449,25480.418121613453,50767.708489710174,30887.929799408288,36485.0112887712,2281.2729819464075,43501.0138607167,28998.7825670862,17307.771014913127,24346.714959455134,64516.89715117797
249,24208.144661887054,22034.50553357705,76224.90381262786,41776.74118101538,72041.23927177339,44602.10206158588,13832.752968665189,18164.681317639268,26309.8263217797,116789.79864171612,97172.30039114345,45236.928661905404,42986.1753803726,33481.47348927749,123338.12931014724,61330.65274306392,40048.73012179125,35512.134316288466,173319.67226585155,40600.559952482814,7166.57233325328,26714.8012659901,54049.2189631995,32046.239401402105,41065.9260985954,2486.449950922763,45808.24621631836,29580.66440640366,17385.793745273793,24705.355963314287,64922.61542718333
250,25609.976220523917,23127.314107857255,78061.74417191563,43090.2326223466,73980.55610697348,45557.10155443018,14013.793023916218,18314.58652508396,30930.23991523553,122120.92188641182,103029.22309578233,45730.80282406348,44873.522962198746,35017.45316922342,123139.67548821974,66865.05911154521,41413.48655527979,36212.263189684585,185844.8247963962,40955.61350034154,7556.982675330851,28071.590414929888,55692.8164617011,35778.571071368824,42097.28496699088,2537.6667026595633,46372.15140552436,29733.100096950362,17315.350795210004,24763.116119392183,65584.67886713083
251,26576.39865759387,23567.790881580306,80956.11676932286,43371.25141543757,74933.17773822042,44164.979740535295,14079.007140682106,18336.715103712762,32947.014120187545,128540.68177733853,105409.85610426616,46856.14352839723,46993.40203086625,36354.74120069048,124537.38238703767,68907.71406659251,42509.52376036635,39285.60452590663,193445.87864520273,41486.59178503195,7698.916402229808,27247.31856426207,59653.38776536914,36889.508310281184,42439.09629500074,2545.4640518351202,46457.600739222406,29684.21670060524,17389.064111690375,24847.444374759645,65421.37173129179
252,25171.20309410205,21152.130488771316,77791.3103074053,43385.351678242536,74952.46217912665,42761.90597776922,14113.132474085227,18260.93070964066,31548.8585637721,126312.38276467548,93469.95053247944,46543.69428087034,45533.854911498776,35772.117362204175,123617.41435813566,72126.1883897469,40866.87169715308,35853.06542856058,160980.09560814814,40920.7058254763,7505.0559485571275,27162.68849332073,61940.942234850285,37525.930986782725,41065.9260985954,2494.2582024371704,45894.51445021404,29806.08092767965,17460.374097027507,24799.25930805135,64745.098687734266
253,24255.87409919245,20960.56273267275,73944.97040301499,41444.72867140035,70986.20741353305,43352.372762039835,13663.578157214608,17919.819073898103,29283.15415046867,114482.31678182798,92655.55801088721,44153.230648872,42116.706156133405,32626.97651788137,122347.57594108878,70450.02373187715,38689.9894990453,35155.836224481805,153668.79647715128,39765.12809393859,7079.929349246128,27345.54706725815,57343.98979193201,37125.97785170572,40720.11794853654,2403.798649384127,44888.34381402783,29294.718426832507,17464.363695652217,24901.10568989703,64409.33272816062
254,24375.131871502494,22155.281612787086,76975.26409898071,42317.137818829106,70200.77113349662,44139.1573691513,13797.743312728051,18138.285444032506,29875.590336475754,121747.78370465469,97254.46306172022,44289.125413609225,41460.03545788403,33024.484166053124,123932.70829155018,64838.33978415007,38961.24900951644,35272.889247655025,178307.89552398905,39926.84227366294,7036.418549078852,27852.874984534574,58109.10927868743,36015.516877673625,41410.71376021647,2401.1413667813144,44858.56037462454,29070.85285641331,17416.962264862494,24985.170620925925,64085.76420741214
255,24456.70056954624,21653.905345637217,77994.6085445546,42453.82537031788,71734.97974268465,45642.974293579806,13922.612975471524,18244.342339160536,29514.00087432748,123128.70418129554,96761.94021235754,44602.17143320101,42511.72822885512,33455.17957466182,125052.21228973211,66865.05911154521,40048.73012179125,34177.082976673526,188371.4594460623,40476.63359861764,7179.857799946503,27882.68404468895,60214.20019536714,35450.32097094017,41754.49536106221,2414.492387386325,45008.06882857227,29017.73551232276,17256.177990018503,24989.48237397157,65201.90684161389
256,25006.54547069497,21987.21388550891,79290.28712606178,42508.54693980125,73899.28642272261,46928.21809548523,13995.143859651245,18546.050178292586,29531.18924255796,123544.21658890105,96809.97628872961,45480.58596114633,43568.55804057446,33828.00120251881,129251.89330291143,67374.23805690838,41413.48655527979,35589.522430900484,190905.1623766991,40624.63771420162,7439.906376182994,28431.884538627983,60707.08139573482,35833.2600448845,42097.28496699088,2427.9270649171535,45158.18073134275,29024.0438056676,16882.31080677247,24915.060173007263,66176.53833143273
257,26405.60147674821,23085.905611102437,85161.31007068255,43609.073515980584,78106.70388031422,49539.21327166637,14344.347901047782,19749.745595140488,30745.393658582783,125154.02790413868,95505.13545062057,47336.65072885609,45939.520029621526,36393.23116590903,131140.90426515287,66356.87609996863,44160.46482904805,38739.06231820639,198548.13637413897,42075.83453468467,8054.738076459626,29632.182628058756,62402.90438914253,34994.084457974335,42779.94272557553,2527.983448633026,46265.88857045713,29704.531850929616,17259.294833034084,25387.90174462912,66743.23415640982
258,27446.498939582543,22628.990055753384,89411.52014096106,45135.22425984991,80304.22888746927,46894.71844215877,15067.634777196918,19389.56330503632,31666.57434893568,125333.51853949935,92157.90795128343,49639.32543427412,51012.610302065244,36951.30406305279,136169.34960573522,72126.1883897469,49165.00637463368,42302.93847033071,185844.8247963962,42941.97643038737,8605.416666759395,28700.808396252065,67481.64259625884,37071.41680689672,44133.935950215506,2661.758883115837,47719.873067788925,30597.77835792032,17587.459352656657,25704.366093095112,67410.91392114485
259,26998.653014196698,21463.414635679743,81708.37659251784,44367.34095787834,80275.4769103933,46171.285358040324,14637.0402183271,19300.705219503372,30953.70685719096,126104.24184958317,89556.36865309652,51399.16674839104,52123.65587707903,36345.64803440102,130532.75036675396,80978.10863244912,47535.775505108184,40185.130815106546,208940.0185980469,43415.12160415633,8923.712094345348,26460.14702234851,73480.60916774641,38089.02469125953,45645.83048178,2707.265003240504,48207.77269246886,30819.694523754966,17855.986488415696,25405.42554981339,68877.22211028
260,26455.611540839967,20760.60690361439,80195.90024335186,43678.063531347165,77394.72696534367,44492.01473004006,14420.312514060613,18936.622066785294,30417.126900772033,124043.3473759012,86642.70467766118,47836.0670108339,48042.09630111767,34904.8540545202,123513.98163563471,76890.4061687621,46203.29204331243,37693.05322671498,195993.55430424644,42749.625466490856,8660.16416132181,25869.206645515016,64862.48731651766,38851.962691088884,44470.147618464485,2635.4991506824176,47436.80798486617,30475.10572767683,17573.276130640737,25322.71807363231,67679.18152071621
261,25545.0027259123,20560.329615070466,77841.69366967982,43424.79094830599,77838.10218488197,43249.96004139206,14163.885503110121,18442.880939121344,29617.459404857615,120977.95715948199,83672.97260146258,45095.06636406205,46170.201691298054,32823.040940400795,121622.93626499601,73560.76897891595,43609.244662645586,35154.573628794635,188371.4594460623,42296.10854648311,8236.087169214014,24072.496771911116,62172.912605007514,37471.40856093704,44133.935950215506,2565.954146580784,46681.64939754235,30172.893292738983,17583.363078864815,25253.845138104527,65486.16697515743
262,24100.659649306523,18869.815463274754,72824.7917860234,42568.447984073864,74677.70263728977,43664.57212786032,13826.34913954689,17856.502101927246,28860.308121315607,120089.56032568267,82796.71976376935,42107.95345845198,45168.12839611235,30259.667257678222,114459.71541540184,69420.84048518716,40048.73012179125,34665.40415797638,160980.09560814814,41344.60767622475,7785.398963818841,22345.00968237654,56137.266394832055,37071.41680689672,43796.8216335014,2434.8192457560876,45235.061332468584,29735.343150942415,17406.98956920894,25121.45745438807,64409.33272816062
263,21895.383055395614,17227.007444962426,67756.67499900094,41153.04990301914,69906.72710690288,42466.11986611881,13324.648816116032,16820.61178718687,26716.63737523895,118624.48637811835,82005.17306750022,40091.19844441414,42734.96308787802,26527.412109318568,112780.35329204304,62327.71637827434,38689.9894990453,34211.4223291669,139263.22044133843,39650.6937036554,7199.764127922313,21490.896663394517,51918.71166071879,36033.739206868646,40025.38058128818,2276.132770047791,43442.169540230585,28990.762876226792,17181.32691453252,25128.4304401794,63682.6951206819
264,19678.382862850234,16389.79184938429,63662.285154859674,40202.13417483061,65827.05986533877,41354.78583445033,12850.96796980913,16090.964273920072,24462.267613334203,109124.43775078918,77751.08528945186,39107.3615475142,38919.07732486599,24445.648032193894,112172.06049599721,57384.2755166816,31463.832906322074,32173.556833371742,120531.59948494352,37745.91484408737,6430.543800457661,19897.25010709189,52470.990677761336,33751.115194598795,36844.34314386664,2142.3352735137805,41891.26160089618,28441.228323997457,17027.62880015218,24608.455624264236,63144.169995858596
265,19608.35605120055,16636.112153964914,64451.098376680005,41431.70854649286,64142.13895920248,42132.3341293181,12864.97933874352,16175.506613380214,24971.650208427072,118844.57914679477,82039.82348647564,46832.84384238983,37950.94939381787,27069.736056122914,115799.98902791322,59432.50298385344,35661.077747559495,35717.19670685217,116884.19035175724,38753.85544564148,6011.526833861706,21096.998722149074,56957.805872846846,32621.393391139303,34333.7756060959,2132.1833512360377,41772.02705692387,28443.202120069454,17467.131952266707,25035.118906208787,63049.07314222578
266,17576.888881001534,16644.16587614419,57450.37468117478,40287.250880175925,63316.86886509678,41653.5844660982,12683.923635125455,16252.36914972158,23379.434164508122,117958.4557198234,77964.88428349182,44021.64275567701,35859.24920398737,26619.59378040756,115048.99195727964,59981.292194318296,34124.65058162999,35057.72245813404,112143.95679018844,38033.487654194585,5735.065931922559,20562.863139639514,55858.75713169049,31790.354267260573,33625.511240923144,2095.673021834086,41341.32316781093,28288.187594626634,17421.667147101736,25001.213370166017,62833.49261717659
267,17470.35783265685,16264.02536644903,57711.68323245272,41277.78713620756,63013.96272140534,41657.96397881099,12635.173412298916,16096.333553521808,20829.009767346015,114792.4238577308,75314.93801498294,43054.8791309154,34543.3557940083,26233.41801651049,114241.19066436378,58338.83359340239,32597.159848485382,34780.21393282073,107445.04073122416,37511.222599140936,5542.00476541506,20485.094348314848,54910.534378407196,31201.680915741075,32553.14780284803,2069.2013770582093,41027.164229372356,28256.117130616225,17340.521804206845,24969.290051996926,62400.52688017332
268,18055.009599303896,16233.868953644445,62695.43746653341,41264.03752249765,63231.38211680528,41864.330563218464,12613.352566973594,16076.06181473412,20076.385015955646,112569.60530206862,73837.0254716561,42481.59588554579,34003.39389352478,25707.297386527945,113030.61206845226,57250.415623628985,30474.277489980544,34585.490625235856,105111.40127314044,37283.54975820511,5522.523525075998,20434.088605099194,54452.036823273535,30795.272416463933,31831.302675553696,2051.9982182757653,40822.13927602285,28222.74560991319,17399.881467701995,24919.555157839364,61777.130258995276
269,18557.49910045444,16138.687759263941,63819.751791377705,41272.3817636671,64446.646604058566,42497.54217960139,12791.703558487812,16349.352262115672,20018.637755266096,111584.02000444173,73748.14624792793,42751.085255372775,33936.60525980408,25643.126240262412,115639.71355887334,57250.415623628985,32901.92861349664,34703.545952138964,102788.48845118654,37180.79684825956,5615.739052608777,21348.371209622557,55024.04237217523,30917.23194381105,32192.936362468434,2053.906927483196,40844.92083123463,28393.52026835527,17397.769383038507,24943.593569064826,62400.52688017332
270,19451.314504653103,17221.968115710293,67021.1834181525,41884.23811305205,67953.22729321421,44444.9543075324,13096.390339065583,17068.42557353935,20151.496689192354,111974.48445467064,75789.765402847,44714.99337572119,35222.95711271859,26860.552221583486,118571.23878379595,57793.965193471275,35661.077747559495,35185.070807583055,105111.40127314044,37840.49320842744,5860.8084458366075,23217.687620542998,57770.45807732216,30754.61215882166,32911.96369500507,2114.4451216745415,41563.14481235739,28717.36777047458,17506.419047147192,25059.14386186955,62617.31234127843
271,21142.181735919785,18732.803528285192,71677.38120001067,43011.47636565384,72072.01372427239,44553.068983546385,13824.021927290414,18371.385008583722,21683.742170290847,118392.16692128433,83181.88957865082,49364.36583656255,38799.79530042427,30468.238995966978,123971.0049619289,61635.408591554966,38137.240573042545,35550.21397000769,112143.95679018844,39660.482484403154,6176.624880155898,24875.55497344112,59575.068735571855,31364.146242026978,33625.511240923144,2258.9905976054165,43245.54342764151,29249.086917060213,17867.817734657587,25277.153483108897,63478.45626888121
272,23448.417647236147,20947.1383744117,75482.70541157167,43272.915076227495,71555.91260427896,44973.37761278887,14304.942486210904,18873.342355752913,25266.608888536648,127944.69482905774,97169.02445718617,54322.78746964934,42868.580535046,34621.98846310158,124835.52524088958,67231.39861280393,42520.65122107123,38013.80508459441,146141.49933972812,41403.8280698113,6745.6748270199305,28128.038084415064,56527.32445413541,33895.649671994,35386.666256830445,2341.786034638407,44189.817215151284,29403.5208063811,17821.59691164789,24766.76639007709,63905.503586727646
273,25531.319037602352,23970.777082293425,80626.79566392479,43366.79477699474,72432.81279072587,46034.43440581373,14338.026494602453,18822.52229209618,29898.400179416745,133650.2043418628,108153.60606768916,56347.66966288433,46042.10937070051,39537.19829359665,126133.86993005197,70648.15243681693,46963.648317318024,40711.07636512348,181880.01605686833,42657.905280378,7319.923127831917,29490.683545336095,60181.1235471587,35166.74996054884,39829.67717556654,2552.405528395052,46533.58272814294,29993.524015296687,17901.935948328915,25131.594991195325,64307.37707859298
274,27009.772230129962,25159.615683085813,82571.2336221928,44730.278671794906,74388.39354177457,47020.1023335321,14525.679459609031,18977.856374730974,35149.02300459301,139750.95731268552,114672.41141053515,56962.84533832204,48063.63054614901,41350.98743882072,125930.91769863632,77023.35907950145,48564.047156088636,41513.70342708472,195023.79202637222,43030.95039679379,7718.687496546673,30988.453977192836,62011.18781111177,39262.518358316425,40829.988009461376,2604.9808558135405,47106.41689972053,30148.08726250391,17829.40171730503,25190.351677451265,64963.16648267831
275,28029.01760851605,25638.799140901712,85621.53950626802,45021.99324751182,75335.80291176228,45583.274530255956,14593.275673907772,19000.786348411755,37440.87858409046,147097.5083918615,117322.07642366031,58364.58343464412,50334.21412490614,42930.147988391465,127360.30681911271,79376.33906888073,49849.329003623985,45036.97895653207,203000.26566030292,43588.83485456407,7863.658330836074,30078.533665177652,66421.08744547404,40481.63338811253,41161.509446891,2612.985037492376,47193.21925447398,30098.52159683518,17905.303404021477,25276.134839748393,64801.40692485821
276,26547.01654057727,23010.863755906958,82328.97214645095,45036.630176723556,75356.62700335054,44135.143072025836,14628.647514609296,18922.257393134678,35852.01920404286,144547.52010657632,104032.85883286089,57975.39284397326,48770.90621237452,42242.1461822527,126419.48561202646,83083.77172166477,47923.052350909624,41101.919461833364,168930.98164376654,42994.27385120667,7665.649638197025,29985.109850577614,68968.1658453013,41180.027881563576,39829.67717556654,2560.420901608206,46621.216949716014,30222.086692302437,17978.730410500757,25227.118440918326,64131.54257429276
277,25581.65728154255,22802.46207561529,78200.85664930016,43022.14562627512,71364.98745922111,44744.57184764239,14162.672179066534,18568.79226729056,33277.280153745916,131009.60194614083,103126.43295212928,54997.802210363094,45110.828633052995,38528.150223768265,125120.86340473473,81152.9601134061,45370.30399486287,40302.61657796737,161258.57385555786,41780.13972414679,7231.426151452355,30186.968898071467,63849.687387804224,40741.129210146435,39494.27923644653,2467.561818229895,45599.11441567664,29703.587065689564,17982.838450667656,25330.721968172296,63798.95849661221
278,25707.433472782646,24102.16630122578,81421.6730990693,43927.75930959679,70585.43411546834,45556.6229105624,14301.738029426306,18795.170481695837,33950.522688811354,139323.95088901158,108245.0538266828,55167.07438552684,44407.474500199925,38997.55425743544,126741.92640312224,74688.73569650394,45688.399879894736,40436.806050296196,187114.6101131834,41950.04841923005,7186.984304270114,30747.0122580481,64701.6099732558,39522.536821642156,40164.08534703978,2464.8340485422686,45568.85937961049,29476.59698628104,17934.029785944625,25416.23726302245,63478.45626888121
279,25793.46057160922,23556.73183636393,82498.54365445492,44069.649290155554,72128.09153751795,47108.732752165124,14431.168847488612,18905.06826838805,33539.613612189314,140904.22849912295,107696.87165938942,55557.008322754875,45533.93325483325,39506.148653072116,127886.80651831986,77023.35907950145,46963.648317318024,39180.574803196905,197675.2184030979,42527.699227281446,7333.492877830882,30779.91871881657,67045.52426036069,38902.30482244069,40497.517744198194,2478.5392183524623,45720.73517894757,29422.73827933246,17768.47221452009,25420.623406310813,64584.021791447216
280,26373.359022667693,23919.32970345535,83894.31966605913,44126.45360295196,74284.12175769398,48435.25030984883,14506.349091175565,19217.70257385469,33559.14641736639,141379.7265206017,107750.33622552674,56651.172164373536,46665.894248032426,39946.40175702956,132181.68290104836,77609.89371007735,48564.047156088636,40799.79402471727,200334.0621666651,42683.203130456095,7599.105990911563,31386.18555226358,67594.32302160817,39322.53268427634,40829.988009461376,2492.330264172294,45873.223982231204,29429.134618012846,17383.505818063666,25344.917206579637,65549.41719821031
281,27848.884955815953,25114.568434645866,90112.04798402764,45268.86703268798,78498.16167536573,51130.093839999994,14868.30862366398,20464.99028677,34938.964325927525,143221.93888619874,106298.03715040121,58963.109059680515,49205.41050523643,42975.599553945984,134113.51261453988,76437.97168735894,51785.32586310983,44410.42349928254,208354.52640597144,44207.936202704426,8227.093901072803,32711.20424744433,69482.53778285881,38401.64216516676,41492.09503416459,2595.04074376704,46998.47147864553,30119.12028727557,17771.681589072876,25825.916666399065,66110.74273732913
282,28946.676033167452,24617.50164519535,94617.45088045199,46853.104199999994,80692.10273370244,48400.67486334756,15618.01523788,20091.76385542488,35985.79103549508,143427.3417584735,102572.5441557408,61831.34873642138,54639.15228627287,43634.60994080129,139255.9391624931,83083.77172166477,57653.96460450168,48496.047666299404,195023.79202637222,45117.96796062832,8789.555948714948,31683.05275722683,75137.46078395245,40681.25526998295,42805.32763741421,2732.364705751739,48475.47864396075,31024.833904485797,18109.588520264566,26147.84094252,66772.09524317081
283,28474.351641504432,23349.501847123636,86394.28407201832,46055.994692942164,80672.95306023919,47654.009766445575,15171.692209666278,19999.687739883408,35175.690760320074,144309.33084554903,99677.00854226713,64023.428525217125,55829.18330038287,42919.410159937834,133491.5735179511,93280.49689406552,55743.42648378158,46068.19502273335,219259.66879999998,45615.08874,9114.662283169804,29209.568681783963,81817.01240966198,41797.952976039036,44271.708085553604,2779.0779213299998,48971.1037644,31249.84737132,18386.087577781185,25843.742808036113,68224.50798119277
284,27901.62848156941,22584.935224497178,84814.29501435063,45340.48285894644,77785.24228633114,45920.81177798423,14947.048021128647,19622.419174672865,34565.92306101806,141950.9145220515,96434.07547858126,59585.18806710984,51457.46121214038,41218.02275531802,126313.70835044961,88571.78087924088,54180.87295216861,43211.27969049191,205673.7722721998,44915.870028774916,8845.474933831278,28557.22485658227,72221.16133498878,42635.182254,43131.41798727906,2705.408407591641,48187.93145449984,30900.449122904236,18094.984232661132,25759.608388066077,67037.82060820874
285,26941.2473992069,22367.05866579625,82306.33674071354,45077.570534507475,78235.649668913,44638.87028979946,14681.254416249814,19110.797020698992,33657.18354632467,138442.98802867002,93128.73813653107,56170.964255754705,49452.49157729603,38759.676412541085,124379.79811404427,84736.29723074593,51138.930585116905,40301.16913949519,197675.2184030979,44439.37212235736,8412.323513855015,26573.822405721137,69226.45334276202,41120.19632089457,42805.32763741421,2634.018652541318,47420.815542003256,30594.018685761406,18105.370638002605,25689.547194691284,64865.58813741027
286,25417.959084318754,20527.991398078033,76977.14664496659,44188.63452516996,75072.04466746183,45066.79704697393,14331.388750707723,18503.18224663844,32796.759315665324,137426.33743285743,92153.46119194811,52450.180015316284,48379.179800983315,35732.670637934236,117054.2064906224,79967.42088227841,46963.648317318024,39740.3857322069,168930.98164376654,43439.656008954444,7951.99145206787,24666.835541814544,62506.06075931282,40681.25526998295,42478.361812419855,2499.4052670169986,45951.32192546581,30150.361622973098,17923.76102505641,25554.875439549396,63798.95849661221
287,23092.14597176163,18740.822417319145,71564.25334083862,42719.36534874253,70297.16952945749,43829.858214910346,13811.362654239643,17429.776762643894,30360.698923808923,135749.75750254505,91272.46291128716,49938.085390782966,45773.038122934195,31325.370226551477,115336.7777861498,71796.6923681406,45370.30399486287,39219.941403616795,146141.49933972812,41659.90661930215,7353.825162745422,23723.97332457556,57808.90937555313,39542.5335546901,38820.45624770229,2336.5094734664103,44130.04114246579,29395.38918407937,17691.398991482583,25561.968729565026,63079.20686128217
288,20753.96846940159,17830.036904985263,67201.36920049228,41732.257066268154,66204.59400967315,42682.83528955249,13320.379511569565,16673.704781876455,27798.8405341164,124878.2305792453,86537.62662695085,48712.60616156733,41685.876888140534,28867.08178998899,114714.69664348144,66102.23212791934,36896.460358011376,36883.73437414762,126484.71441865744,39658.60722179099,6568.145007215488,21964.7340995821,58423.84465851755,37037.63845957557,35735.18078327716,2199.1628642124865,42554.575830872105,28838.184735826428,17533.13795150195,25033.02284031713,70020.4857696481
