Time_Index,Demand_MW_Region1Beijing,Demand_MW_Region2Tianjin,Demand_MW_Region3Hebei,Demand_MW_Region4Shanxi,Demand_MW_Region5Innermongolia,Demand_MW_Region6Liaoning,Demand_MW_Region7Jilin,Demand_MW_Region8Heilongjiang,Demand_MW_Region9Shanghai,Demand_MW_Region10Jiangsu,Demand_MW_Region11Zhejiang,Demand_MW_Region12Anhui,Demand_MW_Region13Fujian,Demand_MW_Region14Jiangxi,Demand_MW_Region15Shandong,Demand_MW_Region16Henan,Demand_MW_Region17Hubei,Demand_MW_Region18Hunan,Demand_MW_Region19Guangdong,Demand_MW_Region20Guangxi,Demand_MW_Region21Hainan,Demand_MW_Region22Chongqing,Demand_MW_Region23Sichuan,Demand_MW_Region24Guizhou,Demand_MW_Region25Yunnan,Demand_MW_Region26Tibet,Demand_MW_Region27Shaanxi,Demand_MW_Region28Gansu,Demand_MW_Region29Qinghai,Demand_MW_Region30Ningxia,Demand_MW_Region31Xinjiang
1,19130.192002417858,13506.888646542448,59866.57645888917,41713.71174428053,58667.28882994529,40125.2785353149,12784.625414409471,15918.283855209049,26267.827276039636,120404.76336912227,83011.80763890003,42186.769683173196,38112.50411644016,26948.000114072234,116527.45579713961,49668.94565036796,34888.739818658294,33625.34475480133,109619.77466765334,40552.661048366484,6279.978044752377,22101.949183572076,59315.07542610025,30832.58451004707,33312.28553486834,2154.6543576081294,45665.276105365345,31232.66027172895,18365.910960355955,26983.58698469219,69921.64528764812
2,17151.37261940799,13513.416603075002,53201.32853873205,40567.53161087439,57914.743009561884,39650.311949272786,12595.411210228338,15997.878484639114,24594.91284196789,119508.66913542447,78894.79205857262,39658.11143621669,36015.493512144065,26512.4419941673,115774.35389943297,50118.46569338359,33419.04928667383,33020.03244380969,105234.22329575167,39833.27067674852,5997.736895114999,21543.209963880156,58172.48754036238,30061.1148766644,32642.34873423351,2117.868208986477,45214.2804405629,31073.101813569076,18320.36268301331,26949.332517752802,69697.54345090472
3,17047.59234462976,13205.287374009797,53504.038093052535,41559.56861791437,57638.505016672156,39654.65582075263,12544.488186515542,15836.317194350153,21914.93546873673,116306.90969345008,76217.30622047848,38788.45861596487,34696.14972174849,26138.61216028228,114964.26953359324,48772.86181530409,31956.413812110968,32765.229732400938,100884.37323855655,39311.32229039788,5800.452279309511,21461.857118591477,57186.669663457105,29514.418300353384,31627.33192726088,2091.195390713545,44885.19504562767,31040.084426334546,18239.054390975685,26917.078005893807,69247.31781039978
4,17617.134873520587,13180.84308172968,58279.074729107684,41545.799049416375,57836.784686432555,39859.36465566389,12521.69809302537,15815.33354893236,21124.00658784746,114058.90959730785,74723.97163749741,38272.74761957516,34154.746585272056,25629.060692848136,113750.23225679337,47880.75064916362,29921.05824432497,32586.408098373333,98723.12328732098,39083.68297291458,5780.536072058336,21408.500468921906,56709.9831487803,29136.881297334334,30943.612672512038,2073.860950934083,44670.37132467153,31005.725069177206,18298.535016086727,26866.82197534948,68598.7251280331
5,18106.614000614205,13103.690274999788,59332.99084791412,41554.155403489014,58944.85185899126,40487.75319366518,12708.030978025665,16098.336882981663,21063.31887949487,113062.1326432567,74634.16349648045,38515.174670839755,34087.77863624849,25566.89044809352,116366.73254822628,47880.75064916362,32248.364727721117,32694.825708563432,96571.15018254191,38980.924242743655,5875.81816852742,22364.89304908123,57304.67955111868,29250.186140103728,31286.194476609155,2075.784247196234,44694.243933307,31181.52805704297,18296.41879216479,26891.113052376575,69247.31781039978
6,18977.23296109794,13981.741520035572,62251.46724909778,42166.875489853526,62142.02827190027,42422.77201882085,13026.665450463717,16844.13553812279,21202.942577986443,113457.03289920921,76697.07879809853,40281.79786462949,35377.54384896859,26745.619289160917,119306.3267985698,48326.30729638191,34888.739818658294,33136.9440452641,98723.12328732098,39640.43195255865,6126.146784403717,24320.1152612963,60159.8967024488,29099.104638339915,31967.05253779328,2136.7823600204424,45446.577512493284,31514.729085998722,18405.26567326834,27007.857426588555,69472.76970343638
7,20624.039478492174,15206.194642049635,66314.14470789838,43295.580400790466,65896.68382768532,42530.3044271706,13789.151484984151,18199.65776531382,22813.127086419925,119947.26208399895,84165.60899312109,44463.664351770916,38963.446389146295,30230.02259707153,124720.30041386028,51472.88379340261,37254.34308960939,33472.10303220466,105234.22329575167,41457.18422643658,6448.383084233524,26053.97010010376,62035.87082875269,29665.31709760506,32642.34873423351,2282.405200051594,47206.73725675314,32061.29547776264,18767.091873757407,27228.028159408892,70367.85769328747
8,22869.830329580553,17000.50381521521,69555.89970840079,43557.336553717156,65426.12499232608,42948.45324863651,14294.26304347982,18723.2241670029,26577.7210428885,129606.5725079964,98294.57952079686,48922.858299199776,43041.83714564595,34227.46231237252,125587.01843716021,56049.75395580617,41433.60819667133,35731.16569843291,136637.07203273842,43193.8280421157,7028.0461348681765,29455.02865104639,58867.54490841703,32014.81536897746,34307.5536191654,2365.8051269362436,48193.37782458983,32219.924274026773,18720.835804530754,26712.392846285253,70811.4549270338
9,24897.824029416133,19450.100115972895,74058.1674428078,43651.328181279176,66225.6055311664,44004.784227215176,14329.044053750784,18670.1829499102,31443.500631394105,135375.21466404793,109388.32030982827,50743.69206224831,46222.38116314623,38940.31209271273,126888.62464963779,58840.51517724467,45659.68215738426,38200.27696586452,169538.9549121942,44440.9942170862,7611.8513158369315,30879.738615156828,62665.87008686919,33193.318959699114,38499.39116151158,2577.923447688906,50638.48372528468,32825.47477752134,18801.23247706134,27081.040031536766,71228.73286955302
10,26337.135622311256,20413.091304339974,75836.29611927355,45016.31637694219,68008.26237420899,44986.978690871045,14526.401164800747,18832.329489425352,36958.281101268694,141542.9677762632,115971.0717292579,51296.85669967155,48248.16799048982,40675.13145726961,126685.16566636074,64040.66198477686,47179.66960988573,38934.20030391853,181616.0214016551,44811.65544418459,8016.6201891929395,32445.612784969057,64568.17216017471,36985.625115441995,39441.46731274311,2630.8646083330655,51235.282836700266,32983.98677621992,18728.646959203266,27140.380217460945,71909.3089163474
11,27329.32028474189,20801.22117163372,78667.0219976604,45308.32371037434,68871.54029877672,43555.50749271037,14597.525586328316,18856.270975117528,39365.11942920773,148969.5383621615,118646.56158809534,52557.263480684,50523.36420090473,42183.78378014246,128118.09973070573,65957.757720761,48399.54639518776,42151.74087500425,188939.6248788518,45365.69907827879,8163.6520628289145,31494.332407873208,69151.75221818156,38112.999767091525,39753.55883787649,2638.9242044781427,51325.689714533626,32933.160386034906,18804.6019758152,27226.9996959609,71741.47560923142
12,25886.645635792305,18672.486764404322,75480.69598709058,45322.97506213846,68890.55332638934,42114.690210635395,14634.750507638495,18774.28413148281,37696.56622908397,146391.85520672126,105226.83702776446,52207.317896987974,48956.90034776989,41526.69692780094,127174.95156282312,68976.12879465279,46571.02025325869,38557.70966349701,157629.0419350276,44775.2198563174,7962.812305413569,31396.659596765516,71798.90486037433,38758.56168789998,38499.39116151158,2585.9948022463414,50729.80426307181,33059.85865513188,18878.066096662165,27177.50768812788,71046.17854330833
13,24946.831811339944,18503.656212595775,71877.55482688271,43306.26278209749,65252.05134976755,42720.80279062415,14144.742959957593,18405.47544008201,34992.49319566233,132705.45156082342,104311.41679949425,49529.86250417751,45289.08303865135,37974.22888007468,125873.07739756048,67404.51708892931,44145.22371138449,37826.64086199951,150566.4366742254,43568.246291554424,7521.953151679759,31607.69879149457,66479.14543208043,38352.88837867367,38183.38530379107,2492.4824911707497,49664.25115423799,32527.99201166327,18882.175793993516,27282.109404884242,70700.79822000417
14,25069.2829843426,19556.53274455154,74783.35277751235,44212.93895560494,64541.64633146849,43528.97293667672,14290.894440287733,18641.63878488248,35699.577484583795,141111.288395622,109480.66927422641,49682.07805983685,44584.182821874376,38423.73369763785,127498.19258949967,62137.37681658922,44447.66611688761,37949.40036687062,174350.12075341764,43737.24911121869,7476.798013954502,32193.200619363874,67364.61862080733,37226.129127532935,38814.39728046062,2489.735376080308,49632.69463415576,32294.967186081263,18833.34456968195,27368.428403089678,70367.85769328747
15,25153.035299405223,19114.69389953309,75774.76511289521,44354.9863086017,65947.91136902258,45075.339404817816,14426.986416371203,18756.34047733329,35268.015345056985,142708.8475897051,108927.08303933215,50032.717870607354,45713.10837309185,38910.595013903636,128645.89107883746,64040.66198477686,45659.68215738426,36799.76467550295,184050.88020246025,44311.585134872344,7625.633674727222,32227.602435854216,69800.73891834552,36652.39815001459,39128.41800397255,2503.5376519047445,49791.09474609928,32239.66008896892,18667.66359353274,27372.855277459217,71515.88667825566
16,25717.587700087963,19408.42459273849,76977.40060178557,44411.8529390055,67912.6990979736,46398.64718255406,14506.065003183903,19082.830352716373,35288.530048970264,143189.53902377322,108981.0748587347,51016.60197354638,46847.498690134926,39331.892300689695,132951.02517962712,64518.649450392266,47179.66960988573,38281.41835719169,186492.09822625935,44466.13511025884,7895.290291739856,32861.409679197895,70371.1052633497,37041.13789627295,39441.46731274311,2517.4261827157366,49950.11176807195,32246.228772940747,18282.126955611133,27296.439318374927,72517.35296528642
17,27153.974523764085,20376.60322569016,82654.16704331317,45555.437356942275,71752.98675906821,49091.61612589511,14887.089918161282,20388.113366802463,36737.67449229189,145051.84384509097,107514.43883835046,53095.42850232241,49392.29054930494,42227.1824762743,134887.30962548434,63563.53764029232,50235.680474919776,41580.03477119723,193853.40629760665,45980.15605244622,8531.979978097988,34246.55466125946,72333.46579857408,36189.15164260898,40064.70587332679,2620.8555762909864,51122.84506457013,32954.28365082828,18670.87605146581,27781.706687910584,73099.22553062405
18,28222.56387262101,19973.973982362637,86754.3532903284,47141.04417711267,73751.9302299706,46364.13590400122,15677.80899253477,19997.08605009677,37837.05114414022,145259.48421564608,103752.02573083958,55674.29808361567,54836.55805109666,42856.28291791361,140041.12657001353,68976.12879465279,55792.29756615441,45304.4584543786,181616.0214016551,46882.64320738345,9101.273412625738,33171.75562863507,78209.9060651998,38297.54089965653,41300.10384696118,2759.1217542347745,52660.38213980003,33882.175126807255,19008.95524682392,28106.170320838526,73784.3890174582
19,27762.811904025806,18946.819139766038,79445.44649481842,46343.28193044841,73734.70607071507,45619.11017383406,15206.825949432325,19900.676369918467,36986.28784371826,146151.07473101135,100827.64970945356,57645.1033972518,56028.76359356925,42173.53074784553,134263.94698662194,77264.29883650836,53984.81774937336,43092.24716229175,203856.0761686852,47375.2874883502,9429.938348821526,30585.828142908787,85150.13724828167,39329.57673735172,42678.43814680094,2806.1507095533048,53175.87102530095,34112.43285528473,19285.373353051033,27799.680047443224,75287.605826548
20,27205.316623512233,18327.430432464884,77936.48533352917,45627.12141656453,71103.34654708493,43891.61837733427,14970.041057889173,19505.894436197017,36345.897320932614,143766.96159710604,97552.26021671086,53654.76295352328,51648.825822216575,40548.030061778125,127068.91115993727,73439.28287445595,52505.50565092823,40485.294642031186,191393.41049210273,46682.293792215954,9157.824339525674,29903.774705992713,75179.46659563064,40103.00476332638,41606.71684454337,2731.9821682483866,52361.20834288385,33754.84642594749,18994.349716245546,27714.843967203025,74059.56128166082
21,26270.427908124373,18150.918513525627,75691.42346955411,45363.95562566435,71513.92740857208,42615.651434320745,14690.122067258879,18971.15548317488,35391.495210645335,140220.67691559144,94213.66689403505,50584.79728350884,49639.8723716203,38195.959316182554,125130.13538560177,70320.65114302287,49622.80419333277,37825.31665697385,184050.88020246025,46209.75371783352,8719.55637780802,27829.89457383501,72067.3309455239,38703.264089189,41300.10384696118,2660.103089256152,51562.70366366411,33441.02586025139,19004.737062752072,27644.185224465393,71808.06984086084
22,24787.459642830592,16660.887922181595,70873.95580221155,44474.10162916826,68630.98085378908,43041.41497140559,14322.065500208417,18337.05742424999,34487.80761510427,139192.87850485207,93228.54274716774,47238.86456065835,48564.36939647752,35293.98210191485,117785.15074775035,66439.16497084552,45659.68215738426,37312.186966164925,157629.0419350276,45217.579440454116,8253.210021330902,25835.694037521167,65082.56246257421,38297.54089965653,40992.60816938642,2524.5511078225154,50031.544496036644,32986.31886010687,18823.070263546262,27508.330891106074,70700.79822000417
23,22522.921184275474,15212.693082160045,66069.27220446592,43003.10464707944,64279.02949287242,41811.198287754654,13775.867638040618,17219.540329067302,31929.101506416657,137497.88356214223,92338.635353047,44979.65314115538,45952.730483094856,31056.095941129337,116062.94831782456,59778.02195543131,44145.22371138449,36835.80486217207,136637.07203273842,43448.63509207214,7646.283412868953,24849.62567031549,60199.86959849691,37244.62391566331,37548.31510268125,2360.4903069625966,48130.94645936956,32211.57307830664,18590.508076037753,27515.48758657171,69952.96627694908
24,20245.962262335557,14474.570122603043,62165.8554807578,42014.68438524987,60548.01326414919,40671.70955248252,13261.154783638913,16434.537040671035,29237.997159299197,126505.98098548835,87555.6875918694,43877.47741760072,41856.414654916225,28685.107638283887,115439.11617440278,55126.85485098934,36069.41461715696,34695.38804004488,118494.53724644313,41455.314305885804,6847.332075742561,23009.609038743634,60839.13296597503,34926.52691345015,34636.82809353327,2222.135015001664,46484.19051134429,31638.975000081653,18432.028179658388,26981.46943202141,67901.48834499756
25,17767.76367523286,13145.756795467496,55695.981380074525,40518.79097078136,57137.91112655893,37282.16338843629,12473.281264092993,15609.590539106834,24082.89128635081,113417.22986299172,77911.7901253711,41993.171636046325,34241.25657873866,26228.402377883154,113594.0478156655,47242.99670119909,33385.215704893126,30808.658494131647,101117.32492960859,38895.57141771774,5987.231349936392,21284.699861183148,54054.60695070559,29974.170278363792,32690.433069877407,2057.1284460830493,44462.28460763421,30495.578110673076,17518.528473045808,26063.11325000121,67805.63902657645
26,15929.873331589377,13152.11021491102,49572.36556476144,39405.44403284765,56403.5299451867,36840.8510160054,12288.674995906778,15687.641639703885,22549.128481237996,112573.13929017425,74047.71267710412,39476.11757926935,32357.24817218882,25804.475051941983,112859.90415490378,47670.56112060114,31978.861228211797,30254.05123560022,97071.93052506304,38205.577250797025,5718.147119496593,20746.620776255495,53013.35161002669,29224.17923729283,32033.00222145129,2022.0073453439757,44023.16982906616,30339.785188081787,17475.081742020724,26030.02728364448,67588.3190795857
27,15833.48415806842,12852.219395280767,49827.09935206011,40369.06339067291,56135.27602791898,36844.88709829969,12238.992101258036,15529.21340640188,20092.069393283742,109557.18978423021,71534.72421661082,38610.45565684977,31171.915686438733,25440.627669483605,112070.2124761623,46390.679723063164,30579.2577724918,30020.59252234643,93059.46833051821,37704.95706428324,5530.059099412228,20668.276061930035,52114.96283654391,28692.70331565527,31036.933099793212,1996.5418162614521,43702.753755021935,30307.547002072002,17397.524923182253,25998.87304918776,67151.71840843448
28,16362.464581006574,12828.428666730266,54201.08367222171,40355.68826186278,56327.694989300195,37035.091092111245,12216.757015213398,15508.636683686742,19366.929317801907,107439.64944361628,70133.13600975847,38097.111294419774,30685.505146423162,24944.68285489514,110886.73680918399,45542.14137929092,28631.615495359416,29856.750197626996,91065.85162919079,37486.619695002046,5511.071303662571,20616.89234620512,51680.55215756469,28325.67737233257,30365.977079301665,1979.9919835510073,43493.589281788845,30273.998516259122,17454.261179110505,25950.33137026584,66522.75378503476
29,16817.0836173999,12753.338684136941,55176.48997726816,40363.805241862625,57416.75305324225,37618.95455674902,12398.55213302255,15786.151911200803,19311.289562472528,106500.71914089085,70048.8454343153,38338.42583093039,30625.339413988957,24884.1727543885,113437.37053907641,45542.14137929092,30858.627114679202,29956.086015637313,89080.7922333341,37388.05995996046,5601.911741479715,21537.92102331765,52222.5067964566,28435.82767936983,30702.163785136436,1981.8282258407023,43516.832998021484,30445.652602139326,17452.24259538157,25973.79382141739,67151.71840843448
30,17625.698185361198,13607.913592041623,57913.83601672175,40958.97349865068,60539.226675573766,39416.86576465903,12709.426895976201,16517.48775979228,19439.299478040903,106872.70187520348,71985.0208845023,40096.941866886176,31784.097742755646,26031.425767861198,116302.96481081177,45965.93598453385,33385.215704893126,30361.169530727773,91065.85162919079,38020.61842997186,5840.571068961464,23420.846262320945,54824.503671034465,28288.95245850393,31370.31202299688,2040.065386991394,44249.3473408775,30770.99017878739,17556.067403741512,26086.55576993497,67370.3475555921
31,19155.221204063586,14799.628676889697,61806.59556924615,42055.34580505948,64211.84927656904,39516.778860941195,13453.344098102189,17846.72319280576,20915.550180471146,112986.27906864179,78994.70509269094,44259.617475196734,35005.76506142473,29422.784370349196,121580.64957206398,48958.82623260214,35648.8737184356,30668.253334483175,97071.93052506304,39763.13337202808,6147.786040523455,25090.589484529937,56534.1035209645,28839.40091871051,32033.00222145129,2179.0969145167783,45963.13799712163,31304.657754578006,17901.19935005467,26299.215960260553,68238.34791352402
32,21241.069642024624,16545.96364888557,64949.69119992183,42309.603755317425,63760.91418280219,39905.29934607259,13946.154668192083,18360.13639894893,24367.008347838655,122085.02400216206,92255.63046885368,48698.347868614066,38669.896494379354,33313.47966834626,122425.54923891014,53312.151215707476,39648.03412985803,32738.081635373088,126039.07690974021,41428.813300635506,6700.42758869887,28365.88931740307,53646.76651455962,31123.48648513098,33667.122125398426,2258.721918587553,46923.78681990271,31459.542955037643,17857.07748386749,25801.170182682326,68668.52077031041
33,23124.632169206034,18930.06542535801,69256.53041124664,42400.90292172909,64529.62526367263,40886.78297866534,13980.088656063954,18308.12377698265,28828.056443743164,127518.89052955588,102667.8022868692,50510.82569772134,41527.379262514274,37900.4812960007,123694.3894219031,55966.60504902087,43691.98617560603,35000.363446222094,156388.98769914426,42625.01694730795,7257.018178163145,29737.918712795392,57108.23011579877,32269.179195076933,37780.709122436914,2461.2391483301753,49304.47962906599,32050.802633803847,17933.76474429827,26157.241943784906,69073.17082435038
34,24461.437792189397,19867.309248841553,70921.4595494475,43726.78999974098,66256.40686985284,41799.38311030074,14172.639526801275,18467.125910138882,33884.12206837236,133328.70612897497,108846.1275351169,51061.4518237973,43347.39839106531,39588.975438569025,123496.05222045304,60912.76436964203,45146.47003585007,35672.80840248533,167529.319451456,42980.53197043283,7642.918394814474,31245.892577363218,58841.822969476496,35955.903232852106,38705.19919791751,2511.7840383470843,49885.55685466117,32205.573793088242,17864.528240643634,26214.557896141258,69733.15091448175
35,25382.96030498121,20245.06174047898,73553.2788852754,44010.432562594295,67116.1368871387,40469.340178668615,14242.031854358976,18490.603113583184,36090.7615892759,140324.2853707392,111357.24264383806,52316.07450962486,45391.493341367626,41057.34192235769,124892.9142690441,62736.224609135046,46313.77644537879,38620.826017425585,174284.88152686157,43511.93590747016,7783.096248462989,30329.78707272438,63018.89965163186,37051.89049156024,39011.4647978377,2519.478833772362,49973.58208248284,32155.94689168167,17936.978778167148,26298.222580124202,69570.39666875245
36,24043.03113858571,18173.24301657585,70648.93627667821,44024.66421532299,67132.09997303513,39130.61338887388,14278.350236672502,18410.206189494354,34560.99725430454,137896.1946974636,98761.9891103536,51967.73485077484,43984.141818291675,40417.801389202126,123973.50847453141,65607.17129060149,44564.05031632869,35327.8551640408,145402.84451424232,42945.58523763161,7591.618812818833,30235.725845284265,65431.28460746868,37679.479234023114,37780.709122436914,2468.9451699479323,49393.394447674444,32279.6551166013,18007.05334705637,26250.41886129861,68896.14105485388
37,23170.149678249294,18008.9264643484,67197.63228667779,42065.72218148701,63593.6143515771,39693.77927989786,13800.275849223995,18048.549574221317,32081.8467631009,125004.06364824825,97902.8097871933,49302.56648869011,40688.880158712265,36960.19559300498,122704.4070840722,64112.32082303354,42242.79305029974,34658.025629048876,138888.03682401247,41787.93182417141,7171.310695922287,30438.961581709405,60583.31800027791,37285.10033126929,37470.602260189684,2379.665497552536,48355.91193075712,31760.3403791039,18010.973427572404,26351.45236701867,68561.2128157871
38,23283.880031995435,19033.652379171785,69936.32204923884,42946.42593131753,62883.26455316326,40444.68575408647,13942.86810063769,18280.13315108252,32730.116369925814,132922.07869853696,102754.4775844821,49454.08351648065,40055.57962534069,37397.697195199464,124288.61238192467,59102.44015710334,42532.20175346613,34770.50196765781,160826.98459461474,41950.02873895112,7128.260504620229,31002.813691352065,61390.261342053745,36189.711339619615,38089.83490839735,2377.042724866395,48325.18672559503,31532.814875082247,17964.395221061306,26434.82682079796,68238.34791352402
39,23361.66761202066,18603.626919467584,70861.61826708789,43084.404230619024,64253.3206345337,41881.482940999325,14075.645827043512,18392.610505399443,32334.451209640192,134426.92562705578,102234.90216772947,49803.11421654841,41069.83545433138,37871.55775817966,125407.41924322581,60912.76436964203,43691.98617560603,33717.1675359579,169775.3230513099,42500.895864517704,7270.158060283105,31035.943454369546,63610.32975167964,35631.95368526201,38397.99369365322,2390.2202696168447,48479.413995410774,31478.81301019498,17806.358578916133,26439.10268405151,69351.6346307711
40,23886.013297435027,18889.504174939797,72020.92497279508,43139.64187345143,66203.59225307315,43111.0264752412,14152.79861199488,18712.768966967913,32353.259517572293,134879.72076028265,102285.57687800772,50782.48320628115,42089.000969870234,38281.60506082775,129604.17790025262,61367.40579529738,45146.47003585007,35074.707885910844,172027.19263309758,42649.13051669211,7527.244397144575,31646.314821725766,64130.11208990699,36009.87047470659,38705.19919791751,2403.480165202747,48634.24192357428,31485.22667503827,17438.610168101604,26365.293453393962,70322.79400890562
41,25220.102449601934,19831.796747005155,77340.12729592035,44250.4674521456,69974.54834585096,45613.18251777841,14524.544422222789,19992.739444493196,33681.865333347836,136633.94914862994,100909.04694737967,52851.76985420569,44375.30760359625,41099.58173458878,131491.71922193348,60458.94390823715,48070.782649488705,38097.00988291037,178817.53481738066,44101.28453476095,8134.254234309525,32980.24220353866,65918.4370084058,35181.604487668505,39316.80353920482,2502.228044153019,49776.08110740928,32176.571653256702,17809.422817651168,26834.007209497366,70887.05763517533
42,26212.588202696374,19439.932547185796,81187.82744292331,45790.65336756319,71950.0320194747,43078.96052647477,15296.00710461217,19609.295075809943,34689.796751161244,136829.53938091904,97377.78616972655,55418.80482198189,49266.57792901483,41711.88318366005,136515.79637546907,65607.17129060149,53387.93830327803,41509.45065279146,167529.319451456,44966.893663261006,8677.009555144712,31945.18531192731,71273.71417192396,37231.29378903808,40529.13989269473,2634.2358934746585,51273.113795351994,33082.565146534565,18131.90341895703,27147.402623357844,71551.48633778014
43,25785.579193785747,18440.240604399387,74249.75298904597,45015.74362289387,71915.81827323299,42386.72430994025,14836.493917732725,19514.75500821987,33909.79923331671,137669.3876028273,94633.0757808502,57380.56597170472,50337.686134072144,41047.362678794554,130884.0488242487,73490.52747663032,51658.3515116908,39482.549138122704,188044.36658732337,45439.40718810758,8990.353486539592,29454.875975890172,77598.43796353263,38234.59657484148,41881.74432836651,2679.1361817430347,51775.022805741675,33307.38885617953,18395.56790447358,26851.367455384923,73009.2119950714
44,25267.78802927621,17837.41240901596,72865.82024373191,44320.098067746956,69336.31723363299,40781.63560376209,14605.475451757444,19127.62883345875,33322.675860721545,135423.63336718667,91558.91722442537,53408.537480350795,46402.637086400064,39465.268056587796,123870.13748343401,69852.33435392338,50242.79010826523,37093.97258990294,176548.34391688136,44774.73105827556,8730.924310895518,28798.04238291289,68512.03489833775,38986.49148462658,40830.029234716116,2608.3247239404927,50981.82133770997,32958.241367867726,18117.971771142034,26769.425333744784,71818.33119161458
45,24399.480917901994,17665.6198653297,70741.90811965364,44064.470859659734,69728.1260070483,39596.07852393256,14332.373331975554,18603.259738278015,32447.66012287719,132083.15269492372,88425.43790782281,50352.66009827416,44597.74149763348,37176.00511775794,121980.16754881943,66886.02398290268,47484.31816359599,34656.812348390806,169775.3230513099,44321.50022864013,8313.086595322402,26800.846760281693,65675.90482288355,37625.72118337359,40529.13989269473,2539.699100739692,50204.35221158277,32651.826880896086,18127.87985715676,26701.176927218326,69634.97559009418
46,23022.127796078672,16215.42801995387,66205.81726368064,43200.10740287666,66894.05404620817,39991.67417669459,13973.280051327483,17981.458346149866,31619.140508691544,131115.00122531553,87500.83708341913,47022.0820955368,43631.48188869914,34351.519970620255,114820.08213847707,63194.11878888605,43691.98617560603,34186.66587041085,145402.84451424232,43369.86883215532,7868.479384034217,24880.38447318168,59310.593605199596,37231.29378903808,40227.38434798699,2410.2825955144162,48713.52941367479,32207.850840439198,17954.594959861784,26569.956905289575,68561.2128157871
47,20918.866931786357,14805.953369087656,61641.11176563198,41771.2482401799,62614.19218037227,38848.62567766206,13440.383752857411,16885.61256057886,29273.265442524433,129518.37310484343,86665.60315593556,44773.23835580992,41285.118137554804,30226.7989157654,113141.23363161675,56858.32177562494,42242.79305029974,33750.188752877795,126039.07690974021,41673.208256554666,7289.845192736298,23930.777311195267,54860.931495985205,36207.69121180653,36847.387143883,2253.64766279567,46863.00012669489,31451.388845231275,17732.762930270877,26576.869469009234,67836.01216333202
48,18804.070173963515,14087.565503058197,57946.71936052658,40811.14202316724,58962.1632073913,37789.876511090915,12938.205707346551,16115.832349648115,26806.004913102115,119164.37126734079,82176.50657138108,43676.12059401134,37604.88235793545,27919.123578929884,112533.1055484622,52434.32868910671,34515.009530353374,31789.067717870526,109303.73339535623,39761.33986140639,6528.13767423408,22158.797771413236,55443.500595304075,33954.13266748596,33990.24991423404,2121.554733016014,45259.62579317564,30892.303923594372,17581.595118169407,26061.067932041722,68704.60888845107
49,17163.78835351784,13210.12846160428,59760.806335182875,41853.529119968734,58319.66789650654,38060.95323175874,12337.592512690277,15034.354609581776,24090.1245684104,115487.83727632616,79075.91705841728,38645.84703303756,37673.64085950734,24431.677469152604,115344.19234763963,45938.97559635569,30400.607994634884,29633.086315819644,104178.49979840897,38984.709103070716,6263.815639922134,20888.32905192686,55957.2754461123,30081.586022415035,33565.38692616964,2093.9126934376477,44918.80176330634,30775.534199790836,17826.902394542692,26411.550371491096,68607.62589006836
50,15388.372974752834,13216.5129922422,53171.30781555105,40703.50718271401,57571.56761397422,37610.42225283763,12154.994456577606,15109.529414526492,22555.901098552236,114628.33652112533,75154.10410411627,36329.43028568731,35600.777209733365,24036.790447498213,114598.73772879282,46354.73820246238,29119.980320247185,29099.64131799304,100010.63716505884,38293.13366402302,5982.300877493069,20360.270255926353,54879.36895127389,29328.907305756697,32890.36005340067,2058.1635797714216,44475.178367345055,30618.311064033493,17782.690882454917,26378.022079662016,68387.73554118829
51,15295.260335248828,12915.15367809931,53451.23068342931,41698.86933165842,57296.97369486806,37614.54264515078,12105.85202997397,14956.939490167844,20098.104034363776,111557.32617995547,72603.56757105801,35532.771282978545,34296.625585958434,23697.867711444953,113796.87926314591,45110.18463064727,27845.500131729375,28875.090735813446,95876.70371481677,37791.366197162395,5785.524001333278,20283.384503109417,53949.35778494877,28795.52678155508,31867.631311869543,2032.2426924818942,44151.47241658746,30585.77692441224,17703.76885189784,26346.451345009315,67945.97087471333
52,15806.2592537633,12891.246451970212,58161.2205971324,41685.0536098729,57494.072064193235,37808.71982412856,12083.858825034946,14937.121049368432,19372.746163492,109401.12685664016,71181.03739152076,35060.3461973555,33761.456674949375,23235.896616982038,112595.1697757596,44285.06799984439,26071.975290546405,28717.500175629833,93822.73326749791,37572.52846017829,5765.6590512365,20232.95767214762,53499.656281383235,28427.185560297363,31178.71726811544,2015.3969263107776,43940.16034407487,30551.9204561486,17761.503820803537,26297.26071357304,67309.56702689496
53,16245.42453447964,12815.788771467604,59209.062763134534,41693.43797304491,58595.66548050069,38404.77965546878,12263.676311455505,15204.409440409321,19317.089696795225,108445.05492518883,71095.48737987524,35282.42527120266,33695.25985794403,23179.53164141452,115185.10114281949,44285.06799984439,28099.89411056814,28813.045616854182,91777.57918519754,37473.742854007156,5860.695925858434,21136.834644773997,54060.687185473114,28537.73060310472,31523.901953697856,2017.2660031036917,43963.6427155029,30725.15036414929,17759.44970449084,26321.036833658305,67945.97087471333
54,17026.552061710627,13674.548330854617,62140.744383322715,42308.2117945225,61773.97807454773,40240.24756236453,12571.169269129958,15908.794507966191,19445.138060065536,108823.82878117003,73060.59239239208,36900.76794652359,34970.173499636294,24248.1943528084,118094.8456516665,44697.1648477911,30400.607994634884,29202.672278790084,93822.73326749791,38107.75096971888,6110.380285910661,22984.695419367625,56754.27176658857,28390.329038690845,32209.933064998397,2076.544523701372,44703.67816005762,31053.474611037564,17865.102112888755,26435.306293898604,68167.1859086278
55,18504.082371922676,14872.098963002523,66289.85301540814,43440.699935289034,65506.53356623618,40342.24775063726,13306.993877641942,17189.045697738202,20921.83215351534,115049.01880692676,80175.0125098157,40731.63183556684,38514.78458168738,27407.23463152896,123453.84375022828,47607.44407792068,32461.897054796107,29498.03862408576,100010.63716505884,39854.259264821885,6431.787265400214,24623.34412408032,58524.047833823795,28942.7500916453,32890.36005340067,2218.06212355166,46435.06518685961,31592.041372108928,18216.30932356456,26650.80953309029,69045.45274136271
56,20519.027065079736,16626.985324890156,69631.12283542941,43703.333451002225,65038.831348290005,40738.884068656145,13794.443480595937,17683.538886592884,24374.32696428852,124313.87543912054,93634.07735065595,44816.54586139042,42546.21290703913,31031.40553152886,124311.76079395665,51840.606750194755,36103.536187818005,31488.888070220535,129854.72032189996,41523.756462284466,7009.9584718241495,27837.65022653771,55535.079431547034,31235.020930529186,34568.216897404425,2299.110930715978,47405.57748543922,31748.348452646573,18171.410792092935,26146.10539373292,69480.71356701314
57,22338.56210382091,19022.761484662013,74223.2594889857,43797.640122758414,65833.48239990023,41740.8699847802,13828.008322583348,17633.44300477869,28836.71493333266,129846.94562656044,104201.82369244187,46484.54897250399,45690.13314610504,35304.18367114717,125600.15000923534,54421.791230118775,39785.96262407636,33664.84753902916,161123.42899528233,42722.70147051525,7592.261148228469,29184.129231023795,59118.38311476253,32384.819356621756,38791.90334765476,2505.2494432650333,49810.71409274199,32345.036024818164,18249.447957640703,26506.937469472203,69890.1497130701
58,23629.926014444198,19964.59476978194,76007.07902134875,45167.20353024946,67605.48901866961,42672.53348744714,14018.464557059471,17786.585679954034,33894.299144261946,135762.82841933976,110472.46301550449,46991.28404898629,47692.59315655456,36877.01085693749,125398.75702471143,59231.42457668284,41110.4169592126,34311.63387785602,172601.01752939684,43079.03123385638,7995.988292083636,30664.02110125134,60912.99671565545,36084.755176473016,39741.13724206603,2556.6981444855796,50397.75753722575,32501.228017257592,18178.992702526677,26565.01967738916,70557.93587021963
59,24520.123433864435,20344.197026149715,78831.39493735369,45460.18962335883,68463.82806848294,41314.70719154114,14087.10201041175,17809.197714583563,36101.601428031856,142886.1228085826,113021.09820591475,48145.89929979173,49941.590615609195,38244.78979450211,126817.14053964047,61004.552898173635,42173.36724473391,37147.16339176591,179561.09408206193,43611.6529989191,8142.641758558357,29764.975620132034,65237.10234972387,37184.67002636288,40055.59998844574,2564.530533291964,50486.68656535787,32451.145530022062,18252.71856727902,26649.802872479268,70393.25661104122
60,23225.74215768974,18262.233095297597,75700.34705153717,45474.8900840003,68482.70468372789,39948.01563972299,14123.025308557382,17731.763533126792,34571.37762925323,140413.70357469583,100237.65141126557,47825.326200714255,48393.16450217138,37649.059722597995,125883.56945165624,63796.25449941815,40580.06502924376,33979.843089506816,149804.69685546024,43044.004412994786,7942.318890444569,29672.666032371268,67734.40086081883,37814.50780228036,38791.90334765476,2513.0932590034467,49900.54184554731,32575.98942355288,18324.02663986342,26601.360066909732,69711.02608306846
61,22382.532347115357,18097.111923723758,72021.5123644369,43451.41812214913,64865.80993658241,40522.94554431739,13650.151582854342,17383.43448584691,32091.482526675598,127286.20668065747,99365.6345728999,45372.60151177925,44767.5818949553,34428.31038334759,124594.9150044855,62342.66552443971,38466.32603701968,33335.572374795855,143092.66316473746,41883.69798424377,7502.59434961306,29872.117044847197,62715.79064246091,37418.71559924551,38473.496528218064,2422.21714494716,48852.40696175632,32051.907262975208,18328.015724497192,26703.744287088564,69372.13640286199
62,22492.396692271534,19126.855679322456,74951.40549682727,44361.133322342976,64159.44256043742,41289.537758877064,13791.192665482176,17606.483873821828,32739.946840890927,135348.77737458012,104289.79405782589,45512.040940876024,44070.798562967684,34835.84180226718,126203.52816782803,57471.06969599431,38729.86186715984,33443.75693113155,165695.77956925132,42046.16637945839,7457.555424971813,30425.46891166486,63551.13758867655,36319.40116037009,39109.302832465495,2419.5474735272887,48821.36628510207,31822.293024972212,18280.617614406856,26788.233371894545,69045.45274136271
63,22567.540057778282,18694.724486509596,75943.50805300882,44503.65679427735,65557.37925430176,42756.348307526016,13922.525988965572,17714.816275374047,32344.16284281,136881.09761742593,103762.45535216127,45833.24999747121,45186.72460245727,35277.24148316601,127339.57249665761,59231.42457668284,39785.96262407636,32430.61479318572,174915.01550884792,42598.29593719191,7606.008036283939,30457.981721139957,65849.35020207948,35759.644719961456,39425.709434962984,2432.9606506547784,48977.17708566003,31767.79541113263,18119.7990959669,26792.566399059007,70171.90711450613
64,23074.06178628808,18982.001615380646,77177.48999979282,44560.71403210241,67510.86636591055,44011.57586676437,13998.839478719825,18023.176435777965,32362.976799806183,137342.1592279836,103813.887223775,46734.552344770505,46308.05248131337,35659.199305112554,131600.99065263572,59673.516798104974,41110.4169592126,33736.35520298077,177235.05705400964,42746.870301403025,7874.970654149079,31056.98654847429,66387.42836253553,36138.91581588895,39741.13724206603,2446.4576511623764,49133.59471183401,31774.26795482451,17745.577309278273,26717.770414607963,71154.55310459212
65,24362.801566434697,19928.90837161172,82875.59452735675,45708.13155348424,71328.68539545486,46565.99963024987,14366.54130695446,19255.97815474042,33691.981661547514,139128.4137759363,102416.78973124379,48638.893744755514,48823.54121098768,38284.13605181201,133517.61334069565,58790.13065890986,43773.29870324051,36643.33461484385,184230.96663101742,44202.35224713119,8510.02173024635,32366.073087838555,68238.70054258939,35307.681646364275,40369.1110690616,2546.971276151486,50287.1577461423,32471.959631427566,18122.917273668132,27192.75039341519,71725.49068928638
66,25321.54998977961,19535.125305360092,86995.96959810998,47299.05306216354,73316.05090580559,43978.84009004414,15129.611746283583,18886.664264194176,34700.215810962145,139327.57481122814,98832.76626167634,51001.3073664973,54205.118290755396,38854.492999294984,138619.09649681288,63796.25449941815,48615.10551096509,39925.56619596799,172601.01752939684,45069.94510774578,9077.850008225703,31350.29137231283,73782.47814516329,37364.71623533765,41613.895397937515,2681.339604903295,51799.56123904203,33386.27034349117,18451.07441383309,27510.335582873322,72397.77807590135
67,24909.056195515364,18530.538107246655,79585.50689959434,46498.616850055114,73298.76668018679,43272.14370045044,14675.097305865524,18795.608134476865,33919.98402132753,140182.7557648251,96047.04550348413,52806.6942509323,55383.59565609999,38235.494159312155,132900.5805596449,71462.01096567056,47040.14219461199,37976.005570039226,193737.12684989272,45543.541500393694,9405.66907908336,28906.357410758843,80329.82593460103,38371.614467295054,43002.70206025154,2727.0427712384735,52306.623607516,33613.157984053105,18719.380114020343,27210.342728004016,73872.7453202421
68,24408.86618165607,17924.758004572188,78095.68253718846,45780.05588606897,70682.84311056112,41633.52617865663,14446.591940215287,18422.74811771805,33332.68430657694,137896.00180300116,92926.95409445473,49151.280775185995,51054.09261214351,36761.77780486005,125778.60582275508,67924.2407828019,45751.13068429941,35678.57041755373,181893.07939028228,44877.34212023873,9134.255393378906,28261.75559292957,70923.59050313845,39126.20387539095,41922.837991794266,2654.9651085062833,51505.27793184279,33260.80524529487,18436.897530987295,27127.30512415042,72667.77909890458
69,23570.075225298646,17752.1242333751,75825.41742294331,45516.00800751183,71090.91613692247,40423.203910100514,14176.460721582338,17917.702780141644,32457.405758276673,134494.5354758034,89746.65557807853,46338.99093713812,49068.2721430921,34629.3363027906,123859.51710409974,65039.80776075195,43239.263605309796,33334.40538953187,174915.01550884792,44423.07261330377,8697.115375767251,26301.752416062154,67987.6314649399,37760.55710372912,41613.895397937515,2585.1123660638586,50719.826130124035,32951.5778061926,18446.980026362016,27058.144306351816,70458.59935449743
70,22239.542137221495,16294.831141052638,70971.58550550182,44623.171369449396,68224.80751440965,40827.06318944514,13821.273784249765,17318.81566631469,31628.6372987182,133508.70889975308,88808.23973645772,43273.89718473144,48005.153521836706,31998.33693283014,116589.11619245827,61449.808089802114,39785.96262407636,32882.198385266754,149804.69685546024,43469.26034591514,8231.969227085576,24417.053620852992,61398.26761232716,37364.71623533765,41304.06341762748,2453.3817181563218,49213.696287395534,32503.52596840217,18270.64484185841,26925.17000716985,69372.13640286199
71,20207.776914157912,14878.454625724335,66096.99356887363,43147.24385183448,63898.25808874136,39660.13746654562,13294.174519602282,16263.353378792512,29282.05765037164,131882.9318569648,87960.5260763327,41204.31139778677,45423.58747787131,28156.171748289093,114884.40165132246,55288.89441583363,38466.32603701968,32462.376012890443,129854.72032189996,41768.71150254965,7626.604629426579,23485.130361469222,56791.98181480941,36337.44546541137,37833.60116579329,2293.9459403467076,47344.166663972384,31740.1194863255,18044.907963011257,26932.17498478425,68638.35827211726
72,18164.86793442098,14156.548983990662,62148.41513605855,42155.51057082469,60189.179239373574,38579.27201104133,12797.45934392771,15521.94067910785,26814.056080718234,121339.90165941221,83404.35519877695,40194.646170135755,41374.440486993124,26006.579153178307,114266.90413323762,50987.01425091918,31429.39928674991,30576.08586763116,112612.73946299934,39852.461643979426,6829.709505691108,21746.149218129223,57395.05676800829,34075.811045576884,34899.99314630517,2159.49100978287,45724.32966109918,31175.902042603644,17891.07918477365,26409.477709726,71411.62403366932
73,14693.551055238007,11904.935269672358,62584.495006635996,42576.85859693378,60221.18426462755,39153.55637333927,12165.533795109804,15556.612566752126,18430.65697937648,109123.51085116487,84992.00025812839,39374.98462123494,41883.92657070207,26790.248690280554,114023.7982480237,47754.71553377294,37216.299723725206,28799.18978587662,117095.78480103669,40987.65549398262,7862.477593757499,24329.0526560302,53431.02391621578,29197.529012640654,33416.329619757045,2156.4502314962674,45687.20954318097,31871.768387551638,17977.1898775664,26915.572451792734,71043.22625323564
74,13968.768468037188,11436.387029787134,61300.96924255621,42281.25165779848,60482.68273786428,38718.17852694075,12076.551882454249,15348.253570197225,16885.536060621525,107509.07323323378,80750.65372932125,37186.53137781583,37830.160732820164,25689.245059183548,112872.92009428288,47754.71553377294,35690.52477224723,28002.249570739612,108455.6829706659,40378.14735798053,7562.997560694451,23384.550468084897,51959.672477282256,29109.511457568908,32725.02151337838,2110.6942568207232,45125.94271591835,31595.294090262614,18013.25859756111,26817.850996652476,70692.5720387102
75,13539.257101055067,11451.124164433613,60318.99637988712,42036.8944316108,59840.18231328752,38577.35537550345,11952.123180780822,15308.097615923058,15827.650138027033,103592.42617747365,77266.78800000533,35291.92422908295,35964.08421815699,24795.967329078434,112023.66881702986,46113.76249322734,34171.87052025039,27560.384042085643,104185.30249923843,39963.13439244838,7335.285298893961,22398.912344074226,48874.91220599222,28528.020106574684,30616.032284351953,2062.413658967747,44528.08913501551,31655.609729467593,17979.783490529964,26826.422334291354,70418.7190264506
76,13323.673201794798,11201.43046835901,59676.74862871676,41893.62398455276,60731.56982056831,38791.017258607484,11933.652402284626,15131.910357099614,15304.64281625647,100979.92897597862,74629.13866950638,33832.464402294514,34805.30149577525,24223.26230218215,111415.91450830351,44486.84304843533,33163.51101776838,27305.740140733058,99949.11798494343,39736.25269860879,7253.614849377304,21670.76969026193,47729.328855128435,28616.18961272738,30259.11090656709,2037.5638306644469,44218.06602851027,31535.265071103808,17973.515424190256,26759.075824360356,70143.87230573031
77,13280.4886620873,10979.551574854517,60370.80081948957,41881.63193117598,65082.066664759164,40083.8848007326,12193.179143969595,15672.664057116443,15084.053048807638,98982.40331082205,73003.64666748435,32885.22317754127,34197.11751780881,23481.869580947427,111913.94145897102,44082.33639623383,31907.78367606434,27267.61929687884,97844.11958132139,39548.220176220304,7301.93102706223,21022.15884763905,47823.23559522584,27980.84494238898,31677.31492330782,2026.3404784666714,44077.52022084007,31613.182631125674,17925.786271270834,26820.32706024727,70457.9014666187
78,14054.411877144063,11324.538826120535,65012.07553754373,41766.87865059211,66849.84782069235,41352.50376591139,12658.192370440425,16584.461569075018,14850.574349082497,98353.6347238278,73722.5424712224,32959.36702059945,35551.83523705673,24450.545308362278,115963.75546627669,45298.532465150274,31156.927017915626,27628.454464934206,95748.00110543237,39762.35260957034,7372.255059915032,19968.21585213068,48474.80699828976,28386.90031684622,32028.019665195287,2115.0591925950202,45179.706245162415,32023.343639673145,18096.187527263104,27092.60160195669,70809.6361440663
79,15875.448324956124,11883.906393252717,67913.50259670628,44345.98596097541,69533.38732854303,40637.751619532966,13154.063074042779,17466.772683507814,16317.533187002482,102204.2064375619,77790.687236289,34608.39735325427,36447.8618350035,24598.42328095038,118588.75840695247,48580.37590212077,31657.28050561277,27174.597576331063,95748.00110543237,40963.32777448152,7715.283285772701,20467.547663047622,47754.970197701754,28933.407885463188,32377.245806654475,2234.2931724202926,46630.61015059047,32567.631521888106,18513.05762783588,27250.351910430883,71469.63069674927
80,18541.448143659018,13507.958823965904,69742.22026874768,43229.81902031521,70894.16751216627,41133.851670384705,13389.479272594212,17767.568886498135,19856.998873726512,105612.72038148934,88203.77592261638,35981.908143193505,38160.94492173477,26768.98079618468,124595.4759766661,48994.48868203285,33163.51101776838,27653.731228919896,134752.92648211686,41425.10529370102,8437.815338149441,22969.98675493616,45518.78729758377,31390.786143280282,35458.09996639467,2314.077029612041,47583.192545866856,32713.914495130415,18539.906724281187,26814.402373450717,72238.9129679456
81,21242.54096084649,16114.523434138035,75060.10854451655,45420.734034847344,76563.14290710358,42933.40582467536,13700.925838313724,17817.15509262127,23900.667177082385,108018.08294704213,97142.67664549121,37955.19165963274,42205.95175752339,30958.400436500626,129613.87063092149,50241.91280888031,36706.931351841624,29144.965911316936,173787.57277889218,43037.705013972736,8952.725893664148,24556.77726766167,51780.09543033989,31005.7500474134,39734.72326014991,2462.3239573995984,49317.003667133504,32983.730275292786,18200.414230823717,27016.619447373927,72715.87012771431
82,22805.418275018532,17192.81761855384,78040.30372603552,46221.073491424155,78084.17485198262,44698.70126347866,13864.575842259877,18150.286468665665,26472.767528072953,121464.38509368368,102205.31782092621,40123.5280869066,46938.92648729493,33120.45019558649,131559.6337710375,56590.45560432049,38748.966325269546,31255.807135484094,183245.73625076606,43612.573423060945,9279.745822058712,25804.139785389456,55522.404860107636,34040.29606330662,40056.18971128504,2549.7734684286224,50319.03851981188,33077.40209814401,18313.8887252138,27172.269074057553,73473.01070926689
83,23367.858430466116,18769.00573128919,86568.78504006642,46928.68052022863,73722.38371565407,42518.24780243213,14044.208203684575,18499.55474233598,28419.63577200405,128068.00404038164,102705.69933642882,42627.83763068329,53104.21139012027,34944.18249139838,136824.89030658282,60049.65694284282,40288.31074313718,34623.75364027982,190403.27375596517,44113.07650062545,9361.396612444318,25662.72953178743,60062.75993121504,34977.26045423934,40376.66171451876,2614.902477202604,51055.883867607576,33405.24676058378,18425.16922097363,27247.36594909847,74108.0872881241
84,22865.773642037588,17293.426252636164,81808.06428871311,47571.64197671059,72697.8842181466,41810.70475795699,13960.18895685917,18282.192766641096,28932.88443277347,127439.62035888388,98946.85416857201,44045.176336871555,51224.086395992395,32660.132790759122,130284.58738182481,63233.75468863135,41318.15090686683,32060.64419187929,162106.33318470925,43400.122341457354,9191.149076579291,26505.439313091327,64690.15248816886,35739.12433237443,38111.96006671696,2600.6488307380546,50895.29413451323,33607.793337291296,18654.422808243657,27170.239714623225,74455.5597104813
85,22425.043194396316,17757.159610621602,76844.95049619577,46404.70872702041,71282.98756707102,43123.90415200697,13586.764979973841,17712.040750331482,29230.921670251348,123550.57859982469,100262.18750469155,43756.84589548025,46658.18561279609,30768.177039315004,127456.35307953578,61359.568201433125,42350.81361469605,32455.924488727844,157479.22205153096,42919.266413852674,9032.556665369557,26524.978567388353,64370.51297002471,34994.59121538957,38438.62107942645,2539.8045119015683,50205.55320583852,32942.49706089081,18564.46781312939,27181.91713778281,73551.67013891357
86,22626.06999381489,18018.090517569774,77581.70720918992,45998.452360928335,70945.70459308717,44152.532802179085,13764.444426689348,17800.250662553794,29708.49804699598,128841.0222199564,106510.79073002438,44442.15083019431,47147.2711030873,30729.081846402736,130150.51457435217,60922.17036990673,42868.186498294264,32940.17270777001,185625.5745276231,42978.80858580749,9095.501483311933,26460.58976635338,65317.505434303486,33814.40264657964,38764.21222722337,2536.514330135695,50168.05680102799,32867.43430384256,18541.44705375502,27185.312228508625,73076.4488271847
87,22686.321407515705,18173.008849960475,81191.58964041263,46356.33160428039,74370.30440777671,44262.89736281362,13855.991173521274,17990.790339227002,30139.452149910416,131092.95731125397,109022.17368683628,44044.192130771706,49019.54253700203,30146.401778499378,132714.06787754834,59614.547015888485,42092.386308854846,32900.14211074354,197712.6650414146,43468.082050626486,9214.160318563307,26367.931609293446,65032.53144894177,33118.53062211108,39734.72326014991,2593.5207721231764,50814.84551167179,32992.337622646424,18510.490196999126,27340.6111139148,73304.91250061267
88,22965.22089634066,18183.600008909463,81721.87579246741,46373.871706853606,74790.06990417765,47226.30798914837,14120.43121433737,18242.070397725096,29494.39084108987,132562.4341180974,105426.6814765912,43456.38762540096,49454.38844507948,28752.317297080033,132773.28149134378,61359.568201433125,40802.874551321656,32761.823222459643,188011.43584624486,43754.27700155887,9445.929669107381,25919.122171566367,64312.616193332055,33866.543334949565,40056.18971128504,2657.5737604610736,51534.439961597134,33037.99228105851,18477.51474327104,27266.603509863595,73418.89644887572
89,22826.80719630412,17916.01690237661,83003.29637622743,46853.23641736147,77187.19707687286,44127.45632480738,14366.696113650962,18715.68339619936,28285.551153322762,129426.05794827742,99715.417781538,42515.391422459186,49843.38439264163,27176.417001267433,132403.06120022736,61359.568201433125,39517.816619725476,32891.26066196809,180871.96831439354,44539.399936713264,9387.448137933723,25102.024445765976,65581.88255452065,32578.368685408306,40376.66171451876,2759.5369551340923,52664.94940920419,33301.30239165997,18537.268746478574,27487.182416076008,73551.67013891357
90,22146.199943072486,16853.614265643453,81860.35181386932,47058.88230004603,76638.7803370134,42275.66442985194,14917.606226971237,19030.15395602275,26640.229526035295,124313.42548949715,90423.31133010336,40666.44547268791,48337.19707602908,24669.543129901285,130828.21716867897,61797.7230422256,39005.06555770067,31177.089382773876,157479.22205153096,44355.027496361,9243.703180948192,24743.6539662768,66774.18778385248,34456.993770537396,40696.153224161644,2688.280233148479,51876.799804009,33568.6865083606,18776.26411712275,27755.596641479136,73665.29906046769
91,21888.3107214556,16383.223121053088,79258.71773685399,47010.46249732376,75786.22213479463,42949.54392430499,14377.803347019477,18368.648646141108,25479.39154682961,116005.0759178312,84180.16252673125,39155.10512588112,46721.78485481736,24031.40785334319,128440.52115735442,60922.170369906744,39774.466577570536,30805.33111559733,164429.72529447346,43778.2572153536,9361.396612444318,25841.46371786024,63146.02081199234,36154.09914014122,42593.25135556321,2559.1867582205427,50426.025778326104,33365.25719967996,18721.837759068218,27445.980132705095,73740.96123313419
92,21948.523435342446,16824.75392668543,78247.98276399249,47391.504954667515,74130.27740396731,42902.54710436844,14287.658136450791,18497.580093706103,26083.177681218636,117091.57051757265,87373.43390190766,43042.24680583096,47489.382292643546,25472.839014808585,127557.14619525766,59614.547015888485,45773.71426159933,36035.67792172338,180871.96831439354,44981.54359162655,9775.526018068498,28282.018959863857,67513.72664039789,36654.98392489554,43218.35352014953,2571.9457774302923,50570.77335846281,33305.16688306368,18563.589011530697,27438.80979996619,73835.43757476877
93,21586.841561337344,16935.102683501904,76509.53199706408,46502.07928792846,72642.65477340072,44220.15811521978,14326.544893958015,18187.3546570959,26466.827843456376,126910.21486015113,90901.13459395677,46486.457517954776,47840.742005323664,24940.15681624938,125219.20920830991,66376.56786738128,47035.2779741785,35178.43765219387,178504.3188898404,44365.654796193034,9582.473610838373,28665.12229537912,75944.84507807823,37586.97868281945,42593.25135556321,2667.5799327741875,51646.186319439206,33819.07687555094,18941.510590723992,27513.709241562385,73646.37222593502
94,20159.060207522223,16282.999793094663,74123.5948488861,45627.955829879924,68927.50413118149,42521.38551140986,13877.28264923594,17698.018189238395,25496.13648377376,127480.80128730639,93335.83256457488,45023.52483770925,47446.12540531947,23840.8169107604,119539.65706384263,69833.72896239108,45249.44264043212,37076.52454526877,157479.22205153096,43848.48787132436,9367.912959334002,27449.073104564704,72570.52006159643,36585.931383122035,40696.153224161644,2564.3710019226583,50484.87639330444,33535.51294311789,18740.180395866733,27450.159877545015,73361.9250555642
95,17968.708256854054,14895.498041746501,69726.63504101205,44262.95688059779,63963.59988299598,41092.266705112306,13270.31305681772,16751.158536626455,23732.39101456322,126708.11822975113,93284.78329307796,43012.275064213245,46797.83318505361,22451.45817550018,116062.07230859766,63789.40202726597,42868.186498294264,36181.22164031273,148305.33898758268,42734.36582004605,9095.501483311933,26209.049241943594,66115.16781081233,34769.23384453224,36794.28421215333,2415.9759716077333,48779.81718935015,32888.06287881281,18332.804305943508,27299.420932896108,73076.4488271847
96,15712.863481801327,12679.938109518831,63501.78424798619,42877.43577633012,60952.28932908968,39555.964290345924,12757.711162864369,16005.311487084964,21798.280535075723,120442.8648223739,89470.29600765817,40350.07103953741,44016.1644294636,21424.122810146317,114237.66885515291,55733.48717509095,39261.34930284615,30651.569740584942,125863.35402820968,41709.529327318975,8513.79049898862,25096.765927844102,57974.2016266556,32804.98085220055,34443.06580823551,2250.8732477778854,46829.739698159785,32195.587282720193,18187.25900082069,26862.64543951041,70583.1855708018
97,15786.30259356011,12054.937076464521,62239.32182936858,41641.33666602275,59990.922987245714,38428.053223746356,11836.548977488343,15432.483156852011,21182.383748102333,112978.8080515433,84839.90290074004,38725.08533033563,44511.55209944327,24776.11960705917,113066.024853249,51790.641495331685,36592.9993842788,31595.465360964234,113978.570738207,41729.59940662959,8052.417831552608,24293.926490539303,53083.46987563937,28543.58532458625,33776.50450368704,2118.853590124409,45226.404196622665,31584.04004891925,17695.620963778565,26563.174697065962,70219.0615328446
98,15007.618312743136,11580.485143618345,60966.87629470381,41352.224963586545,60258.29472537589,38000.74279262457,11749.973346283285,15225.78669956643,19406.573787832796,111307.3328916559,80606.14646978732,36572.75335082928,40203.46964238818,23757.890998313105,111924.81380842061,51790.641495331685,35092.7781835024,30721.14573081724,105568.47758812884,41109.0581718624,7745.703016829891,23350.78797016582,51621.68917108873,28457.539118684224,33077.74519546162,2073.8953481975145,44670.79835757611,31310.061674958553,17731.124755084213,26466.732680490197,69872.47521962246
99,14546.164414971001,11595.407965693945,59995.49039137498,41113.2368874867,59618.439378200055,37862.52905012397,11628.909491102937,15185.951157906931,18190.74379331951,107252.31200324355,77128.5152892444,34709.41742300833,38220.323151484,22931.77116123088,111082.6960444458,50011.005501615655,33599.55842439705,30236.376988759203,101411.77917692061,40686.532789732235,7512.489725533353,22366.572905587334,48556.99441263964,27889.071561534925,30946.024416937755,2026.4564986474595,44078.97478221078,31369.832803471447,17698.173954109232,26475.191796100567,69601.799146294
100,14314.547656351648,11342.568136968683,59360.417327467505,40973.114456738265,60533.831527541166,38072.23184538265,11610.938206159359,15011.169733443365,17589.65063612994,104547.51614797201,74495.58616172537,33274.04654293696,36988.84316041481,22402.12291458754,110480.04673061006,48246.58913424316,32608.08697432346,29957.00827650077,97288.36639017441,40455.54416443715,7428.846296835893,21639.481540525183,47418.86276479833,27975.26631523499,30585.255994391264,2002.039914788768,43772.07859692621,31250.57457897583,17692.00406176907,26408.727034418873,69330.14089240832
101,14268.151505508104,11117.893576443686,60050.886297397694,40961.38589929096,64950.62631195418,39341.14295645268,11863.44673070573,15547.608648516081,17336.12646115159,102479.41856806957,72873.00305744917,32342.439899535297,36342.50421758427,21716.469154912706,110973.89037068313,47807.896142933685,31373.39061324207,29915.186065164897,95239.40527804969,40264.10794443081,7478.329687548692,20991.807159018124,47512.158667510164,27354.15160376493,32018.74599474933,1991.0122361759459,43632.950347042075,31327.788723679707,17645.022469833042,26469.17632570515,69640.52703524663
102,15099.63097640916,11467.227656133211,64655.51595283577,40849.154040300135,66755.3661657679,40586.25480912056,12315.8848993058,16452.130740673463,17067.78901555102,101828.4357968522,73590.61236185014,32415.359969898902,37782.21136248514,22612.318460394978,114989.68688190827,49126.87739722964,30635.109337744867,30311.0567524334,93199.08770055768,40482.11652667275,7550.3525950073035,19939.38584117643,48159.49177871175,27751.112463785284,32373.23077595113,2078.1841834791967,44724.019622979285,31734.246927157612,17812.754804993718,26737.886056101717,69988.18127705836
103,17056.096931506865,12033.643236868997,67526.95593255882,43371.5917998864,69402.22787401913,39884.746796389445,12798.346085846602,17327.401713332903,18753.76717044056,105815.04692346822,77651.47698212242,34037.17242160284,38734.45098905572,22749.07875621941,117592.64040819497,52686.08144625686,31127.082881679737,29813.132341735996,93199.08770055768,41704.831315431824,7901.6676314806955,20437.996719302726,47444.33731752631,28285.37977827608,32726.221019763772,2195.339377940745,46160.28957978915,32273.62114891348,18223.095650315347,26893.57098570972,70640.51930490909
104,19920.36573175833,13678.158676696801,69334.76573357866,42279.9498872803,70839.8633220394,40371.65426851414,13027.396073391603,17625.79780157993,22821.680784335276,109343.98252688025,88045.93093498514,35388.01288679121,40555.0058727292,24756.450663556578,123548.90294688361,53135.19241432227,32608.08697432346,30338.787779829832,131165.66056856373,42174.96776651147,8641.654475709816,22936.822802048835,45222.70016902299,30687.719577182277,35840.281887183,2273.7322431113057,47103.264142475855,32418.583525308168,18249.524221029224,26463.329209108095,71400.8772163687
105,22822.337378034583,16317.565918281005,74603.43254316844,44422.724923608315,76504.17748019629,42137.863247353744,13330.420387087683,17674.988349170148,27469.075277519525,111834.32574868703,96968.83505613537,37328.72659855843,44853.77982387434,28630.90376373583,128525.14425281898,54488.04092413057,36092.161937862154,31974.81483833585,169161.1631542257,43816.75819143737,9169.00414245777,24521.322314506597,51443.280223196045,30311.307222196214,40163.00037798613,2419.3945591618963,48819.58788724062,32685.963493148516,17915.349050983983,26662.898713749775,71872.30124813985
106,24501.44504270869,17409.44657521865,77554.73633043071,45205.47888565887,78036.85177023435,43870.44831398546,13489.644907729215,18005.461601477764,30425.194353159437,125755.68126024543,102022.41638662206,39461.27379772026,49883.68194907144,30630.40754015875,130454.56343494747,61373.122329418875,38099.99681344189,34290.609528274515,178367.5402767177,44402.032663315855,9503.924156063687,25766.883896421376,55161.24696461394,33277.88782182615,40487.9317261654,2505.3194312930314,49811.516125350754,32778.7896761332,18027.046243674205,26816.510465182335,72620.65832437314
107,25105.71357189443,19005.494608180274,86026.07776821233,45897.53798735626,73592.5105128897,41730.39797337186,13664.419585088628,18351.942991787604,32662.733161249053,132592.60385928187,102521.90244483501,41924.24874765906,56435.75150484188,32317.029042432656,135675.59303976523,65124.67344601762,39613.560218546154,37985.568932376875,185334.53653737623,44911.59566897785,9587.547450708547,25625.677810241734,59672.068281079344,34193.86680851054,40811.857907876576,2569.312948067236,50540.92958401937,33103.67465968392,18136.583801381406,26890.624118699787,73248.36744909511
108,24566.28900611321,17511.32287489928,81289.14085200861,46526.37194446202,72566.22364063171,41035.96548014126,13582.67241748795,18136.315391983488,33252.61067363414,131942.01959214365,98769.78391495733,43318.193732453496,54437.67519057081,30204.69745396042,129190.22713895614,68577.8709574048,40626.15257074181,35173.592748483876,157790.890555107,44185.73586804967,9413.187107263386,26467.170891345384,64269.360928605536,34938.66704834776,38522.746378366784,2555.30780686682,50381.95957356407,33304.392709360756,18362.246689326952,26814.507675560326,73591.80888177293
109,24092.781670649867,17980.89925848642,76373.14414449256,45385.07918782297,71172.80270138445,42324.8317002813,13219.34670846329,17570.71273582758,33595.14535064241,127915.57928634677,100082.76339749178,43034.6222960804,49585.32854515634,28454.98163269412,126385.74934724247,66545.29010399712,41641.52019493557,35607.253036145,153286.95803095476,43696.17565804466,9250.76345075744,26486.68193496401,63951.80057716861,34210.809408667454,38852.92827723211,2495.5242785839014,49699.17543456531,32645.102519286578,18273.700620214837,26826.03220961789,72698.40523455445
110,24308.758725693006,18245.117886585842,77109.91765920533,44987.74930791556,70837.84550130425,43334.40018339357,13392.221282547871,17658.2188030255,34144.02464954927,133392.93251301852,106320.1844405598,43708.616008824334,50105.09725035238,28418.825672111074,129057.2805118944,66070.92617929951,42150.22809312794,36138.51964276179,180684.02473296958,43756.79564114762,9315.22887763579,26422.38609816045,64892.63311724547,33057.05379125399,39182.02877974275,2492.2914595069947,49662.05722190058,32570.717405289553,18251.040424991803,26829.382849409176,72228.69691343929
111,24373.491004826556,18401.988185050897,80682.02227968497,45337.765033577336,74274.2712916672,43442.719723249415,13481.29238874474,17847.23812444615,34639.3208940601,135724.42771913644,108827.07315426687,43317.225771054465,52094.8273042984,27879.952322261935,131599.30056336932,64652.7907850893,41387.42104177611,36094.60224955968,192449.34406949554,44254.92575962165,9436.754250453134,26329.86172048785,64609.512808882864,32376.767370549973,40163.00037798613,2548.3040224222927,50302.32236284211,32694.493136067158,18220.56843203222,26982.648451717763,72454.51020470614
112,24673.132099564544,18412.712792266702,81206.646199818,45354.91973546182,74696.16034229341,46351.219277842894,13738.581345188799,18096.513167697696,33897.95089299182,137245.82065088503,105238.01525386305,42739.1232055042,52556.95365866365,26590.677099276727,131658.01679657603,66545.29010399712,40119.506087852,35942.85320119983,183006.37189122257,44546.30130942254,9674.122640871217,25881.70027159973,63894.280403003875,33108.02667278535,40487.9317261654,2611.240278643602,51014.65891776368,32739.73563852807,18188.10945850772,26909.609807682056,72567.17183761558
113,24524.42464663797,18141.758147078854,82491.80043631498,45823.75158341562,77071.35525638545,43309.78836530189,13978.186658959181,18566.347110688683,32508.629493061704,133998.63735826878,99536.97214560302,41813.658507423046,52970.3536143043,25133.2552339837,131290.90626982885,66545.29010399712,38855.97036697851,36084.858450889435,176056.96456204398,45345.63625976531,9614.228323994164,25065.782267440987,65155.29053737769,31848.70356341427,40811.857907876576,2711.4257955352095,52133.765944364946,33000.6686679539,18246.927560726708,27127.300738488088,72698.40523455445
114,23793.200995765892,17065.969270820584,81353.38399368175,46024.87890273986,76493.42337879603,41492.30959478833,14514.198859355214,18878.30844526432,30617.658697107203,128705.37730190532,90261.49437488594,39995.23012288327,51369.674291611176,22814.851713552292,129729.29056199463,67020.47501558725,38351.80688387431,34204.24862550117,153286.95803095476,45157.92637529408,9467.010803686688,24707.92920147164,66339.84015078294,33685.25265587602,41134.79302783549,2641.411399193239,51353.565687698414,33265.63892462833,18482.17965072631,27392.20069457601,72810.715959381
115,23516.13269057832,16589.651212728444,78757.28534069305,45977.523006299794,75649.66827193846,42153.7023130464,13988.993526457563,18222.081422246803,29283.505738131258,120103.4965141561,84029.51799282279,38508.83503076409,49652.91774240931,22224.69235668066,127361.6506420263,66070.92617929951,39108.321939249705,33796.39425388312,160052.43150113945,44570.71560448966,9587.547450708547,25804.153940783668,62735.273402136496,35344.34757110422,43052.338859719304,2514.5686050412473,49917.424300654806,33064.04611200602,18428.605749069204,27086.637904618972,72885.5003834335
116,23580.823391813417,17036.745292507094,77764.42179253853,46350.19299119723,73961.71376032512,42107.57632947932,13901.286055667333,18349.98409928511,29977.43811475366,121228.37660530943,87217.07485209046,42331.81793971436,50468.67109083341,23557.75466881834,126485.69582422671,64652.7907850893,45007.093940697596,39534.58489630975,176056.96456204398,45795.78344133377,10011.681315721537,28241.185521240237,67074.56851149816,35834.01392558349,43684.1786314018,2527.105177072537,50060.7119435466,33004.49827194006,18272.83558290374,27079.56145095926,72978.88071533154
117,23192.243430156377,17148.48444015938,76048.5504691775,45480.31026972399,72458.27592668292,43400.772420541645,13939.121223245009,18042.234015211783,30418.367864064025,131393.9103739171,90738.46255054855,45719.180627107526,50842.07366879386,23065.120277229365,124167.3969643994,71986.2947917449,46247.52892484,38594.110339791936,173752.34447791165,45168.746046715154,9813.965185167703,28623.73573406087,75450.84485436502,36745.13458525819,43052.338859719304,2621.071998300001,51125.27819168737,33513.768846038394,18644.837940612746,27153.48025597059,72792.00869299172
118,21658.278740202582,16488.165074016673,73675.4015472411,44625.39352847598,68708.70061331196,41733.47754158392,13502.008092580185,17556.802063632313,29302.75072112809,131984.6554290164,93168.8035096097,44280.39421436333,50422.70044406191,22048.43031282863,118535.55173745107,75735.63323637731,44491.60284531775,40676.49318209187,153286.95803095476,44642.21755073187,9594.221218266595,27409.442269033458,72098.46888934693,35766.50796926993,41134.79302783549,2519.6624640229534,49975.68134298335,33232.764839938354,18446.661093117596,27090.76292527646,72510.86136322498
119,19305.03148569931,15083.180844610888,69310.62074986345,43290.38707969306,63737.50660985363,40330.839859637505,12911.452394038437,16617.497598850154,27275.675212935417,131184.67373704826,93117.84559329059,42302.34089323906,49733.73703254139,20763.525547670237,115087.17788561236,69180.47808826936,42150.22809312794,39694.2602744501,144357.2934702283,43507.9280596737,9315.22887763579,26171.208746711513,65685.10692049384,33990.4994180239,37190.86807388198,2373.8546275391814,48287.81952108058,32591.159751948508,18045.66555788194,26941.997561748274,72228.69691343929
120,16881.420740467718,12839.7049275112,63148.98140862815,41935.309399893435,60738.33397687913,38823.00464795259,12412.71246811994,15877.601816253056,25052.798924066603,124698.07101885139,89310.18452015132,39684.0775716393,46777.55780400527,19813.426719442345,113278.09899700317,60443.72835868829,38603.7983767935,33627.70332076386,122512.737967706,42464.5403424847,8719.46503002951,25060.531341741174,57597.09547094854,32070.240246043246,34814.307275231935,2211.6303878990852,46357.41068864894,31904.935608564272,17902.399865632407,26510.94064274788,71093.05500998441
121,19070.837554665402,14679.927020509958,65571.1473639853,41947.14896945509,59759.18254709543,38928.99976576366,12043.108210139262,16284.138824292811,25350.888013385164,124811.47684831722,97132.02177941469,46038.70304319276,49057.53664330512,28223.821279988882,117499.03746446042,63225.44903914743,51842.449510745464,37216.16571949675,116128.19391584604,42217.73220727317,8356.641939891737,25626.321593111657,54785.0511728962,26024.574603361085,34242.249907734804,2141.9664301025105,45510.09419727638,31761.213358861023,17890.126749914125,26779.997904574902,70726.30066117448
122,18130.138405018413,14102.162101062991,64228.04189104625,41655.91404229199,60031.34685385465,38496.11893320645,11955.021750399475,16066.035634370746,23225.614485570797,122964.94220329197,92284.85307931408,43479.88175178465,44309.46781552765,27063.90186035414,116313.08262537255,63225.44903914743,49717.03909987834,36186.30830560465,107559.48734357445,41589.93217934361,8038.339296149791,24631.45684618182,53276.41334477428,25946.122093651156,33533.85538292542,2096.517775503311,44951.00322993714,31485.69808033423,17926.02078990632,26682.768675340598,70377.21072378576
123,17572.67333229332,14120.334401558639,63201.36902541513,41415.170847363195,59394.12292353602,38356.103441968764,11831.845213805362,16024.001731988943,21770.51998814519,118485.22468403276,88303.36163460476,41264.63629218432,42123.78169455792,26122.823959236048,115437.94770462872,61052.8888703558,47601.547850939496,35615.301243864895,103324.39406226629,41162.46429833842,7796.315097734212,23593.26272093427,50113.48033447399,25427.822581435354,31372.740231896212,2048.5614543622473,44355.46734461781,31545.804499983456,17892.707802068246,26691.29683889423,70104.57937659723
124,17292.86585030765,13812.438125533154,62529.99042598727,41274.01936311308,60329.21721358762,38568.5399143545,11813.560312550586,15839.574835102367,21051.13705680303,115497.1460249304,85288.9577914386,39558.181338224866,40766.53010619709,25519.472922366578,114811.67014338762,58898.90865504602,46196.89916248385,35286.23401306229,99123.21416859857,40928.773679106554,7709.511581216395,22826.29418845299,48938.86607669178,25506.410529395573,31006.997160930783,2023.8785299700864,44046.64610292979,31425.877286519368,17886.470091833326,26624.289555357424,69830.95875390603
125,17236.8164080361,13538.840168865976,63257.26640870978,41262.204671611136,64799.28804382515,39853.99249916296,12070.475355176446,16405.617621283454,20747.721584541163,113212.44929582087,83431.28502149378,38450.63150992183,40054.18028067167,24738.407546515653,115324.87605508254,58363.35704639541,44447.666116887594,35236.97180628519,97035.60987760102,40735.09813019352,7760.864477552491,22143.09824667787,49035.15256316799,24940.110046744758,32460.25360512977,2012.730559435115,43906.64514839441,31503.524570415404,17838.972090131734,26685.23226692866,70143.58702292918
126,18241.295438234225,13964.242538292796,68115.41379066707,41149.14858635705,66634.15444087652,41115.33557940268,12530.809007595812,17360.056590607106,20426.577722069735,112493.28680437921,84252.8659073859,38537.32326119162,41640.92535437323,25758.91806602936,119498.12107129785,59973.55494449632,43401.719886906365,35703.26622330228,94956.81213733881,40955.65687206618,7835.60844410912,21032.9571110751,49703.235823478026,25302.038564088914,32819.62638939985,2100.853394179571,45004.55833441253,31912.262835125235,18008.548096660466,26956.13535358999,70493.7526032682
127,20604.82826612531,14653.996398950834,71149.45639152547,43690.1110275046,69248.36924725231,40404.68273669206,13021.68960866911,18283.630190707347,22444.34134612114,116897.42976635735,88902.0931843315,40465.43113284193,42690.41763604718,25914.709134556782,122203.12935561995,64318.59234361756,44098.7142312132,35116.76315482108,94956.81213733881,42192.67439084691,8200.196326819882,21558.914194120698,48965.15721173022,25789.15605216869,33177.48402805233,2219.2865387905845,46449.83752890609,32454.66272161615,18423.39930467952,27113.091069020218,71150.80290390355
128,24065.04351784455,16656.60881307172,73060.91992915768,42590.45214055172,70750.10231278176,40897.93751485963,13254.73674012455,18598.493539414983,27312.784090824432,120795.96323436417,100802.55856930284,42071.391261916644,44696.90659687759,28201.415319935895,128392.92081675863,64866.862104417916,46196.89916248385,35735.93048380191,133639.43035039527,42668.31027220661,8968.14021979853,24194.787848659194,46672.30587489216,27979.486054805264,36334.484789881506,2298.534527579198,47398.72705341779,32600.43827656565,18450.118371552515,26679.337422957535,71916.6533878329
129,27570.806157726824,19870.752979739154,78624.27222081673,44748.96363065527,76406.9693116565,42687.17072225637,13563.04912129965,18650.398712267637,32874.744385368314,123547.12887979297,111018.26707200118,44378.628069937644,49434.71623691092,32615.014930829035,133564.2670668563,66518.40477786174,51132.89739788695,37662.99987288473,172351.52389236752,44329.3055725587,9515.413403371544,25866.18889147471,53092.285529412904,27636.292608622298,40716.80939741187,2445.785754641577,49125.81671895215,32869.31813466198,18112.27003263179,26880.53592340303,72391.48282989762
130,29599.272881965127,21200.39313109631,81741.48115274018,45537.46610635407,77948.54380146436,44442.34169749053,13725.052263891335,18999.10943260971,36412.601339144494,138926.51702429669,116804.04186751421,46913.92802835746,54978.324495455134,34892.758101650004,135569.33354955792,74923.63689995612,53977.46001681993,40390.764695097736,181731.53226428144,44921.426303954766,9862.986851589967,27180.063026831256,56929.43104128125,30341.068384125614,41046.221235335965,2532.647910891332,50123.96698880495,32962.66503387119,18225.194972588844,27035.401538239978,73145.24578856149
131,30329.26693162937,23143.984250360507,90672.73446437535,46234.60766228915,73437.1438113981,42274.39374750203,13902.87692848189,19364.711714659454,39090.4678353817,146479.49462602596,117375.89649046936,49842.06030633148,62199.559818896305,36814.08010857164,140995.0655847628,79503.48949671628,56121.77274687018,44743.04183167005,188829.92530017105,45436.94993278579,9949.76947338127,27031.112523636453,61584.84594225313,31176.210963552945,41374.61404651633,2597.3394805747753,50857.95581242336,33289.37248686522,18335.93653940185,27110.120148064758,73777.48927506951
132,29677.608431734236,21324.453226553043,85683.78895272488,46868.05975071094,72409.98161850794,41570.908660476925,13819.703193708374,19137.18450896799,39796.42798301755,145760.7723754003,113080.14830710078,51499.265672467285,59997.419085082205,34407.80865918258,134255.42605167633,83719.11527339264,57556.34407955583,41430.826915274636,160766.8092156124,44702.59937271927,9768.821714687185,27918.757109337235,66329.50399760544,31855.281556326354,39053.937877921264,2583.1815687492704,50697.988636635746,33491.216481201816,18564.079856687018,27033.3824007501,74123.41161434365
133,29105.582054940496,21896.280934809827,80492.08021438615,45718.38538592139,71035.57910650002,42876.57648834718,13450.03709950885,18540.368554035795,40206.37043051544,141312.62878391522,114583.36020778712,51162.13894855311,54649.5001261651,32414.61249233331,131340.99228127964,81237.76278470687,58994.84722709298,41941.63354360494,156177.93302457852,44207.312522636435,9600.261616542544,27939.338231889928,66001.76430491556,31191.658355909058,39388.67266655879,2522.745910876574,50010.921622704096,32828.227947755266,18474.56051159792,27045.001004378337,73223.55431654412
134,29366.495800122542,22218.033769632275,81265.70219913441,45318.137531339635,70702.7956706704,43899.305665226624,13625.928502183895,18632.7037234143,40863.26428178938,147363.64452067972,121724.49658215903,51963.42308077143,55222.353039589274,32373.42527714843,134117.26694743443,80658.66449047773,59715.54965574069,42567.41024438156,184091.70535994662,44268.64160917073,9667.16257737119,27871.516103932656,66972.75506670991,30139.7232609313,39722.31114742944,2519.47782762174,49973.57057999324,32753.425564250072,18451.651241245236,27048.37899393015,72750.45297885807
135,29444.69642833062,22409.06293208627,85040.3850302082,45670.72375842793,74147.09355411667,44009.037254207266,13716.553985368717,18832.154248595707,41456.03041129401,149939.32543782654,124594.59851312482,51498.11490192601,57415.29510581221,31759.56542500444,136758.95272042713,78927.42030217528,58634.856990161126,42515.680131699075,196078.91731167483,44772.59861439358,9793.279235558888,27773.917246935875,66680.55938662213,29519.473053890382,40716.80939741187,2576.1013857513644,50617.851888513855,32877.89562532484,18420.844307852767,27202.89563418401,72977.89747017989
136,29806.681548569064,22422.122846895705,85594.83296103092,45688.00444375381,74570.51717603944,46955.451890937446,13978.332883054405,19095.18576260954,40568.76540386775,151620.05921394768,120485.53617063878,50810.83191424911,57924.61862956757,30290.88211012874,136819.97105811333,81237.76278470687,56838.56212259779,42336.93556607814,186457.85172752079,45067.38253535511,10039.615514682382,27301.17648107761,65942.40033167732,30186.197715456776,41046.221235335965,2639.7241620916866,51334.656690719734,32923.39191938107,18388.028553508007,27129.260808658237,73091.37293322636
137,29627.033675919793,22092.167211955766,86941.92108264532,46160.27937396251,76925.69690719816,43874.37300847325,14222.119541391157,19590.947920537637,38906.03793924127,148032.7869693714,113958.49141429621,49710.58399875799,58380.23930590061,28630.65383758447,136438.46712187913,81237.76278470687,55048.471451797224,42504.20295223967,179377.3793484042,45876.067721825515,9977.458362526826,26440.509631841676,67243.83192428149,29038.011605096835,41374.61404651633,2741.002520806265,52460.78349876831,33185.78867442354,18447.493169417274,27348.728652291942,73223.55431654412
138,28743.66992565191,20782.122863090583,85743.69067511446,46362.88376423909,76323.1711398886,42033.201658479345,14767.485673327192,19920.125126072842,36642.94095002171,142185.14512953602,103339.12625667865,47548.727318856545,56616.08189454447,25989.634676661877,134815.62469155525,81817.86333076053,54334.207238483825,40289.04055106066,156177.93302457852,45686.162097329994,9824.678895511619,26063.030192477177,68466.35206735575,30712.482710460616,41702.002130159206,2670.224394706676,51675.689308673835,33452.245303877964,18685.33109083806,27615.790867176216,73336.67633666455
139,28408.954142240156,20202.085465384447,83014.21689792382,46315.1800879982,75487.38001648414,42703.216265366515,14233.114999184068,19227.683615885606,35046.23858366239,132682.3590468369,96204.22339876796,45781.61172266887,54723.992238089704,25317.352153037304,132355.15602274187,80658.66449047773,55405.98583609363,39808.63060266619,163071.00257256103,45092.082417113605,9949.76947338127,27219.37713865216,64746.241565096716,32225.160214159583,43645.98906870502,2541.997976307461,50230.53949042137,33249.52163954013,18631.168318415715,27307.733906060443,73412.00097850463
140,28487.104541755176,20746.535297085888,81960.38873509665,46690.586946291805,73773.41620392163,42656.4889853499,14143.876948163166,19362.644718886437,35876.73066509269,133925.0517949323,99853.61279799615,50326.602995973786,55623.058837538054,26835.915715434003,131444.85738893552,78927.42030217528,63762.96107195912,46567.62121853025,179377.3793484042,46331.48050880514,10389.927314,29790.06718489356,69224.63201654257,32671.61283838282,44286.54130113737,2554.6712995444914,50374.72592843579,33189.639760893035,18473.68596601567,27300.599690503008,73506.05585883897
141,28017.675726373003,20882.60589807409,80144.40698688924,45814.31584106173,72257.5462890063,43966.54312816404,14182.372376024228,19037.911165555928,36404.4314578582,145155.2577467647,103885.20046990301,54353.70283408109,56034.59718628119,26274.729167859306,129035.66430959798,87880.08183452915,65520.32420476626,45459.840195194556,177029.29438559842,45697.10833206793,10184.741375646781,30193.598280744693,77869.40842541994,33502.32584485098,43645.98906870502,2649.6631279326184,51445.96984209064,33701.7671308012,18849.777279471335,27375.121861361247,73317.83393520955
142,26164.55076292302,20078.500489334194,77644.45322564383,44953.120625614385,68481.21629289418,42277.5134608403,13737.631198280518,18525.690208699878,35069.27080772998,145807.87361375216,106667.66394399629,52643.18729011607,55572.39318823714,25116.562501428278,123183.00968435465,92457.23322553845,63032.64867518552,47912.6701840897,156177.93302457852,45164.420758762586,9956.69537899612,28912.70715533009,74409.57263803511,32610.06437569756,41702.002130159206,2547.147400028546,50289.16195955467,33419.186809264924,18649.422122235334,27311.89259740001,73034.65569071154
143,23321.68139242824,18367.57775105531,73040.97656517074,43608.30994310877,63506.95505308704,40856.59105100556,13136.769731380064,17534.549369774068,32643.284912376155,144924.1070193958,106609.32293618616,50291.5589159494,54813.06563814282,23652.857812042446,119599.43443321655,84454.77147194618,59715.54965574069,46755.702174651764,147079.85598259393,44016.86289432238,9667.16257737119,27606.56298539732,67790.63147844137,30990.791025397837,37703.69425683011,2399.749065169658,48590.71274893803,32773.982583959565,18244.01894558503,27161.912929344817,72750.45297885807
144,20393.808539103586,15635.579854559117,66531.1368505649,42243.28062727225,60519.89693981283,39329.09976070464,12629.326311175688,16753.821763149703,29982.966388415374,137758.13953443966,102249.9848695513,47178.81051207211,51554.97051478942,22570.548719597216,117719.42646101846,73789.04289924243,54691.211487072775,39609.93026226549,124823.31459088805,42961.270129019074,9048.890493219054,26434.970720266487,59443.360243377385,29239.997370336107,35294.362978058605,2235.75525404579,46648.19511208866,32083.909008942857,18099.1785131128,26727.33748724384,71844.65740725098
145,20622.47042632874,16313.522261060509,70508.0242152087,42431.6940812589,61348.21365775515,39655.12900559282,11941.23014248352,15934.068651529426,33217.22154294434,141063.62136534866,118517.45575622469,63676.16263702178,54635.2064151364,34285.05110421075,123409.48735296524,66901.52914886277,57045.819831486195,45844.57018421488,119265.87853623855,42191.358596794606,8142.587046589251,31990.77433988432,59926.62046086253,27997.65176912829,35460.27065793598,2176.1907824105033,45927.79769431978,32021.870693254124,18171.374891740084,27099.985513666987,71474.0256973158
146,19605.234537340642,15671.463151237323,69070.7186744896,42137.095005069925,61636.39501751327,39214.173795790535,11853.888845715648,15720.65416035897,30432.47958142054,138976.6429032606,112603.09207437161,60137.055104867475,49347.2988227706,32876.03224087421,122163.87647926026,66901.52914886277,54707.084287341815,44575.94485492211,110465.65283048281,41563.95075841501,7832.437706403228,30748.828885399224,58276.39718638857,27913.25130991813,34726.67804500823,2130.0159489389057,45363.57524447446,31744.094321069657,18207.833216837204,27001.59451628366,71121.2451486041
147,19002.413243150953,15691.657681377457,67975.69444390491,41893.57090747745,60982.46765440219,39071.54664376452,11731.75431483216,15679.523886693883,28525.87196036263,133913.60549742598,107745.00071070433,57073.147547912726,46913.10785949122,31732.8523853614,121244.72042263014,64602.65109154634,52379.263480629415,43872.552315375884,106116.13094569258,41136.74991855099,7596.612943639084,29452.792938097453,54816.62336134974,27355.656441364434,32488.69051834306,2081.2933814145836,44762.57337570024,31804.69402096448,18173.99652024854,27010.2245807663,70845.73151742751
148,18699.840191192718,15349.498435897436,67260.05275194053,41750.78893668899,61977.45821000395,39287.94562058485,11713.6240937791,15499.061728523433,27583.265839741194,130536.43853152459,104066.91939859933,54712.94849801492,45401.54152817435,30999.92820306737,120586.93977658176,62323.43327102292,50833.631729730616,43467.19229329405,101801.43875931314,40903.205286918186,7512.032894107185,28495.343108271056,53531.77172195114,27440.20260720095,32109.937710842245,2056.2160731102776,44450.91769222762,31683.782591078005,18167.660747856928,26942.41664367728,70569.21815203552
149,18639.23047951414,15045.454257037773,68042.50901140123,41738.837769856626,66672.48477503163,40597.375310221556,11968.365776534918,16052.935943919905,27185.7011092135,127954.2433482929,101800.24517224102,53181.09554964954,44608.20002714567,30051.124493565254,121125.96103016385,61756.74340007122,48908.83006422133,43406.508860372865,99657.42918329002,40709.65072800674,7562.070389014686,27642.47130129556,53637.09468153651,26830.96753029409,33614.88750197866,2044.889980236064,44309.631772470115,31762.067109257692,18119.416036816394,27004.087544721744,70885.15155622861
150,19725.435478888183,15518.195777745363,73247.31408707512,41624.47573712304,68612.1314287132,41882.245788995286,12424.805259594757,16986.856750233004,26764.906901876937,127141.43616136911,102802.71247921212,53300.998971949804,46375.352447786376,31290.795584407933,125509.12908977646,63460.56208783628,47757.903347755804,43980.911588707924,97522.46410348186,40930.07168582418,7634.899793250548,26256.619866260226,54367.87746114019,27220.335992540167,33987.043427236196,2134.4208421560566,45417.62189164645,32174.159799547553,18291.65792366006,27278.22758574375,71239.01911968802
151,22281.268997218223,16284.706057038724,76485.59520566667,44194.78965889284,71262.00991355156,41158.33738329654,12911.533280934125,17890.575719195833,29408.77883591022,132119.05817911332,108475.55422595736,55967.766328574566,47544.16831918364,31480.04369128386,128350.20500714032,68058.2304417648,48524.85425698416,43258.43036135898,97522.46410348186,42166.3164341009,7990.148778723113,26913.20158810586,53560.53027628673,27744.384742991166,34357.63031208807,2254.7463122531963,46876.16623499088,32721.011043327322,18713.030948601972,27437.05872641833,71903.01581728172
152,26023.012719420665,18510.170948818715,78522.2511450578,43082.42825576389,72908.82638596087,41660.792673146076,13142.60896191256,18198.67025635818,35787.890334275246,136525.23349966822,122996.1299733134,58188.97091532395,49778.78803402459,34257.83333387999,134851.35605930907,68638.37792890893,50833.631729730616,44021.148914451725,137250.25362378842,42641.65518354923,8738.421833911147,30203.710487886994,51052.49516644908,30100.776638264328,37626.927796436066,2335.260525876095,47833.76491468424,32867.982946386815,18740.17006213055,26998.122264709702,72676.96294383795
153,29814.009635810107,22081.987916296086,84470.05887702573,45265.873411611035,78737.88885737388,43483.399832007846,13448.313190019504,18249.45959170639,43075.71659185545,139634.63816917434,135461.01805354518,61380.11177113463,55055.270004999584,39619.27913924599,140282.83195409892,70385.94527698081,56265.05074412301,46395.000872322205,177008.31487122478,44301.61285253724,9271.676646976048,32290.214139918386,58074.989001651666,29731.56366390754,42165.1347516647,2484.8645339167124,49576.706258966486,33139.06944269598,18397.010457455883,27201.72483655728,73156.81232697707
154,32007.51555349657,23559.591597708062,87800.41889345375,46063.48413494124,80342.83346538026,45271.30940760893,13608.945875181647,18590.673862685566,47711.36399634799,157016.63092200062,142520.63954376752,64886.68693104992,61229.167069836236,42386.180907761416,142388.75751807357,79279.87786844539,59395.11902196154,49755.18598060338,186641.7630583572,44893.36368340314,9610.347021698171,33930.39690366316,62272.250075975506,32641.404513576446,42506.263998784605,2573.1145742135477,50584.01781195102,33233.18241949947,18511.710674356073,27358.440902540588,73918.54413782519
155,32796.90304932337,25719.467252826587,97386.63316463893,46768.67859891565,75584.3124260012,43062.923470351685,13785.26624097376,18948.41656705542,51220.16749944317,165553.10849197707,143218.39867338797,68936.58874909331,69271.43151,44720.11799379508,148087.4153405406,84126.01414198817,61754.65409052452,55116.51944393256,193931.94861169835,45408.56526226444,9694.906711720745,33744.453637548875,67364.57500559805,33539.8641991906,42846.33797166762,2638.8397861805915,51324.743376150254,33562.57108913538,18624.193193613104,27434.052306658992,74557.47176134278
156,32092.224604885283,23697.457210126653,92017.79115517045,47409.44789769734,74522.53475952713,42346.316518019325,13702.796110222604,18725.78065399318,52145.18577147084,164740.79887118537,137976.86106369545,71228.67065935058,66818.91510213562,41797.08575111996,141008.75769644242,88586.7465695963,63333.211788938024,51036.382055670045,165110.5910978222,44674.673454352844,9518.593919255822,34852.550151986106,72554.51854699134,34270.419156299096,40443.11373057548,2624.4556591560745,51163.30797996193,33766.071573006324,18855.923119587704,27356.397638873408,74907.05122379768
157,31473.657276382033,24332.918410656122,86469.35002094896,46246.493271738414,73132.17040259973,43676.338518692,13336.257187738034,18141.794819628332,52682.33260006341,159713.44674610393,139811.0332210136,70762.39044982549,60862.95652361349,39375.83911115503,137947.72174848747,85961.12226208637,64916.09593418699,51665.61695588931,160397.72739123355,44179.69601223146,9354.351478141709,34878.24272143479,72196.02053059258,33556.48274986888,40789.75526948421,2563.0543599839,50469.934886038915,33097.64203760846,18764.99645358827,27368.155070339093,73997.6805508572
158,31755.7993678563,24690.47618503073,87308.27644513054,45841.62202447772,72791.8669988523,44718.144311056705,13510.6606459465,18232.145002938778,53543.05939497661,166552.3866763161,148524.42452898863,71870.64709801403,61500.94080313426,39325.80670188471,140863.64889729343,85348.35379622006,65709.13448241825,52436.47723458185,189065.70601536287,44240.986786204776,9419.53877478144,34793.57655571726,73258.13863776418,32424.794223858997,41135.2615041929,2559.7340592754636,50432.24102573049,33022.22576729517,18741.727029850008,27371.573422657337,73519.5775417772
159,31840.362520256862,24902.76324135268,91336.24757656867,46198.281089339784,76359.66628633656,44829.9226856155,13600.519487418384,18427.30781720337,54319.759755,169463.45612945556,152026.43316,71227.07902780367,63943.21268718072,38580.11687509634,143638.2170471921,83516.4508949722,64519.97386837199,52372.75372261705,201376.80219635562,44744.628967180586,9542.42496216445,34671.73842929442,72938.52043451265,31757.519174367182,42165.1347516647,2617.262348952288,51082.43571589521,33147.71732694949,18710.435785032972,27527.93634424608,73749.42659743929
160,32231.799310355374,24917.276475013416,91927.70476324046,46215.761389462124,76799.1252213561,47831.29578090521,13860.083879697015,18684.684780580752,53157.17806147439,171363.04420418717,147012.6837758771,70276.49744300282,64510.44450835406,36796.025273647734,143702.30473621053,85961.12226208637,62543.3868369663,52152.5680150023,191495.7836369831,45039.22873527791,9782.45135194201,34081.58962050475,72131.08525687951,32474.7921820887,42506.263998784605,2681.9016903898428,51805.819539258046,33193.58699914464,18677.104138874747,27453.421674298745,73864.10173364716
161,32037.53500863066,24550.603085681534,93394.89900414665,46693.49172044256,79200.55927111366,44692.74659403458,14101.80823706973,19169.789233723353,50978.50934861211,167308.66053353873,139048.58785820435,68754.74377539565,65017.86765679823,34779.25332047516,143301.61034577317,85961.12226208637,60573.6267108105,52358.61560953987,184224.0029412559,45847.40873241215,9721.886351594361,33007.17092737762,73554.65601999951,31239.55528104609,42846.33797166762,2784.7982753198794,52942.2822324357,33458.13718699049,18737.503589565385,27675.51188522341,73997.6805508572
162,31082.29941589008,23094.77584496501,92103.38209154586,46898.43645969042,78541.52256136594,42817.23250827012,14642.560871666294,19491.889913907416,48013.17756124498,160699.57653578112,126091.17054957108,65764.6782772823,63053.13173825736,31571.059929467912,141597.13551174325,86574.95125311581,59787.67257459033,49629.87754082786,160397.72739123355,45657.62174282917,9573.020321668597,32535.942174597854,74891.90950523519,33040.97796018524,43185.37147815277,2712.8892559022197,52149.98224339716,33726.78056775006,18979.08052717037,27945.76516083608,74111.99850750752
163,30720.350638084776,22450.191373495505,89153.16045584358,46850.18174282566,77690.60893689477,43499.7446671134,14112.710679340955,18814.334245809554,45921.021412178416,149959.39901576925,117385.38518346635,63320.579450351936,60945.91812726861,30754.400822599247,139012.9000693198,85348.35379622008,60967.02442535152,49038.086657200445,167477.0417913808,45063.91318690725,9694.906711720745,33979.47491414021,70822.66715958525,34668.34050627995,45198.50739013485,2582.6140350302817,50691.56846374265,33522.39319461847,18924.066269495135,27634.02730285083,74188.11948847485
164,30804.85947510806,23055.228063193124,88041.26013427268,47229.9250473997,75881.98469663682,43452.14579921833,14024.227533120442,18946.39400676499,47009.21364607436,151363.90718855395,121838.25601572914,69606.76008474754,61947.20544421991,32599.08474492402,138056.81149055067,83516.4508949722,70162.78018420243,57364.11954298746,184224.0029412559,46302.537020939984,10123.789935060475,37188.61146026085,75721.35392018319,35148.64134865384,45861.84451295239,2595.4898527010623,50837.07828243662,33462.01987848472,18764.108159399126,27626.80784230617,74283.16872576186
165,30297.237204469107,23206.44072080346,86111.02572354586,46343.531850654836,74298.29140649541,44786.6359312585,14062.397310847358,18628.641450854306,47700.65901605211,164056.4380378556,126757.47322936502,75176.64471,62405.53425911354,31917.380121311075,135526.43090811154,92989.64176303265,72096.52794494112,55999.50435785976,181812.47472813577,45668.561139404184,9923.859822487197,37692.36195678043,85177.44136982143,36042.335629142755,45198.50739013485,2691.9994610858544,51918.15435172229,33978.350165756325,19146.11195098001,27702.220460257136,74092.95690242984
166,28293.339124718037,22312.85375219046,83422.20793186978,45472.38869018128,70359.35337502629,43066.10137462956,13621.418398708583,18127.43202373246,45951.20049265389,164794.0333286286,130152.54815566554,72810.82945520266,61890.77928838094,30510.490425126132,129379.37538713583,97832.91977620682,69359.16712578759,59021.0122,160397.72739123355,45136.20633846321,9701.655210669369,36093.3537339962,81392.9004841483,35082.426532409925,43185.37147815277,2587.8457362740837,50750.728985165115,33693.45076929899,18942.60703877214,27638.235685370473,73806.7848711634
167,25219.169500500248,20411.538020928892,78485.84944350782,44112.043663661396,65219.2482658474,41618.67498792621,13025.639889140117,17157.59835053763,42772.435673706415,163795.1883554765,130081.36228219933,69558.2905929592,61045.1188603463,28732.446637956647,125615.53872789949,89365.175593969,65709.13448241825,57595.80624220887,151053.82807778174,43989.36535867162,9419.53877478144,34462.82071957766,74152.77263482011,33340.38647712822,39044.84100062768,2438.0922699477137,49036.69096535484,33042.95149397122,18530.830576358298,27486.46394714544,73519.5775417772
168,22053.080378474908,17375.52098628066,71535.84422578634,42731.24645182464,62153.56003029368,40062.6919280924,12522.489161004343,16393.654526653103,39286.625246136915,155696.11486047468,124762.234285336,65253.046081021785,57416.589754230765,27417.705371105385,123640.96238178569,78079.31583583927,60180.508951657335,48793.31851612471,128195.93394585753,42934.43202699869,8817.10369381276,33000.25639344242,65022.11117739266,31456.85478367696,36549.80812515735,2271.478164738302,47076.344395731496,32347.21463598839,18383.71312801785,27046.695869959738,72253.48389061326
169,21735.611981665417,16844.870777817985,72688.99555229915,41634.012627727505,63773.28053666263,40067.54261838936,11944.133302984785,15768.746901003999,31681.06028053902,155453.52860966977,106743.26457982566,60321.67128502403,54117.16116201513,36035.99999551365,127130.75294169468,79980.99651937505,59015.8070988355,44573.12845046308,121059.34957971309,43781.77714239392,7917.466528363252,36668.54443010201,65309.87875984331,27560.24851322501,35681.4122973249,2194.88330342508,46154.76218072757,32163.397263831943,18330.75484067223,27274.221854677886,71880.74312951037
170,20663.468629303443,16181.899129904272,71240.38043411415,41344.95177536842,64071.349481661244,39622.00147139014,11856.770771737718,15557.546662705121,29025.101297493922,153153.65736771637,101416.46707742319,56969.00566643282,48879.39295058906,34555.02207313751,125847.58216088134,79980.99651937505,56596.30701738985,43339.6868557255,112126.7897128962,43130.71893827595,7615.891978939748,35244.99864175349,63511.41455222204,27477.166630156964,34943.244765197254,2148.31184845688,45587.75147485914,31884.393207677374,18367.532939370787,27175.19826332642,71525.95511028756
171,20028.108777941306,16202.751417055102,70154.33467044536,41106.00573340968,63391.531430195,39477.89099600788,11734.606547418825,15516.843130570434,27206.666516728776,147574.13925665585,97041.0058554785,54066.506256223794,46468.28272876665,33353.459644576,124900.71005196404,77232.68029641449,54188.09859659039,42655.80202726469,107711.86151366749,42687.41460800508,7386.58713331008,33759.453115042255,59740.846358787305,26928.282985422735,32691.300429365194,2099.170775521776,44983.77959473398,31945.26073913601,18333.39946331406,27183.883813848246,71248.87369003636
172,19709.203704130352,15849.447686363907,69446.66279563017,40965.90794793274,64419.85173099838,39696.54052366673,11716.471918533318,15338.253332846329,26307.65209164794,143852.46731549915,93728.32584442862,51830.6436451753,44971.048909653844,32583.104782056456,124223.09481673154,74507.86795072709,52589.09089495101,42261.68415768201,103332.28676747497,42445.06642688426,7304.345493484247,32662.002604730224,58340.57542496565,27011.508298763616,32310.18559768296,2073.8780641764047,44670.58378141217,31823.81491885806,18327.008120274317,27115.639913173785,70970.78684665929
173,19645.322454787674,15535.500469957815,70255.35004573033,40954.181453349214,69282.28892381814,41019.58829102877,11971.275534271135,15886.380902055767,25928.47311134159,141006.86226930065,91686.8357945738,50379.48945840331,44185.22978889387,31585.84535352488,124778.36961196241,73830.38835986008,50597.819244709695,42202.68370376691,101156.03646058463,42244.21575876192,7352.999586934702,31684.42177423833,58455.35963385728,26411.791213167144,33824.52073918008,2062.454685149353,44528.59965952387,31902.445429921605,18278.340258006767,27177.707320413407,71288.51804552875
174,20790.15767146459,16023.639677432117,75529.60736977216,40841.96933412896,71289.0109217369,42317.82143156695,12427.825987227921,16810.611940744013,25527.13892295692,140111.14057958627,92589.71235649344,50493.07630984684,45935.626257043055,32888.82685669546,129293.70686553014,75867.3091637562,49407.14709231586,42761.156091870835,98988.96665730941,42472.94556442904,7423.815455038885,30095.927717195213,59251.789240076534,26795.076628358504,34198.997548342115,2152.7545777680416,45642.065207982,32316.359439951833,18452.092867252715,27453.609914321223,71644.3992650729
175,23483.94772162426,16815.11599983158,78752.22278621342,43363.96343766989,74049.44130920485,41586.38437349925,12914.672342235563,17704.95449711572,28048.74254377286,145596.53007444012,97698.9820723219,53019.35705947261,47093.35953987376,33087.739926937145,132220.45203145038,81363.83669146888,50200.58343957149,42058.711976454906,98988.96665730941,43755.7910063063,7769.24276648435,30848.516441172218,58371.91738422384,27310.93824113135,34571.895532058494,2274.113590694495,47107.81733799177,32865.62759378315,18877.16172762792,27613.46224213908,72312.17438467652
176,27427.65999272015,19113.066615443604,80762.27958432655,42272.51352723791,75743.32765602825,42094.06520179873,13145.804202500545,18009.852441535495,34132.846105977915,150452.1795652403,110777.00209022978,55123.54750358687,49306.790826743774,36007.39220465647,138917.63752324347,82057.40490643086,52589.09089495101,42800.27748578234,139314.1662751257,44249.04782210059,8496.828094664419,34620.17168487917,55638.583388593244,29630.516567335366,37861.58140577646,2355.319385975714,48070.14824747694,33013.249066307544,18904.538876558552,27171.70368729738,73090.52559768088
177,31423.28400356276,22801.221404847292,86729.4494988787,44414.91168405914,81799.0780358788,43935.627487574566,13451.582753640325,18060.11481907955,41083.64006934404,153878.77476442503,122003.55802510282,58146.577500317595,54533.24175331352,41642.64881929186,144512.89308179193,84146.62737655555,58208.07538449301,45108.29363284999,179670.09283380702,45971.57819672007,9015.339853810852,37011.769057772275,63291.91370226178,29267.0717537671,42428.090077471,2506.2084266002225,49821.70280220914,33285.53367944506,18558.36944127973,27376.615299222536,73573.10552673577
178,33735.18905279736,24326.952186704515,90059.79627472945,45197.5279723352,83463.62823665128,45742.131334986596,13612.254491936961,18397.78886804662,45504.90765402702,173033.9054887119,128361.83697866234,61468.42456793064,60648.598578668054,44550.85717560266,146682.32031408834,94779.35282680154,61446.23562544979,48375.28821578361,189448.4048376864,46585.63528950982,9344.646908272593,38891.78339899687,67866.21823970061,32131.452581563408,42771.34671616328,2595.2164959017396,50833.992254434495,33380.0626059281,18674.0756863325,27534.338953711773,74339.17191371982
179,34567.185412,26557.177255478906,99858.94455249734,45889.465352018626,78538.80677720005,43510.77816888221,13788.617724863832,18751.819861903765,48851.44328014523,182441.18957305574,128990.27678873771,65304.97557991952,68614.60711735471,47003.989199999996,152552.814352,100572.92456361787,63887.253510030925,53587.93181057555,196848.2171916844,47120.25757851164,9426.868751474498,38678.651048946536,73415.99096510537,33015.875761722535,43113.541499589504,2661.5062585119576,51578.378311966466,33710.90706961326,18787.544782460114,27610.43649293847,74981.73530561427
180,33824.470454795104,24469.308226603946,94303.61486692539,46518.18870739176,77436.30921458208,42786.71849934588,13706.127543914889,18531.49387731506,49733.683223026106,181546.01620622,124269.4630292243,67476.30949551733,66185.34521087617,43931.67673461213,145260.70824724945,105905.74474434242,65520.32420476626,49620.95192240591,167593.4560021791,46358.70145305766,9255.43053105682,39948.77617442136,79072.15146359694,33735.01736461509,40695.32998009726,2646.9985781671835,51416.14513962464,33915.30696145036,19021.307196564427,27532.282553108238,75333.30402304576
181,33172.51464353996,25125.467064403587,88746.84697997027,45377.09668570805,75987.45536658788,44130.572737919436,13339.499508222612,17953.567108122494,50245.98919762849,176005.82363323093,125921.4182000834,67034.59315519674,60285.860402141705,41386.776228507944,142107.3704189179,102766.80231250552,67157.87075334368,50232.73578078406,162809.72219683835,45845.065656956096,9095.728949407488,39978.225574874836,78681.44927137274,33032.234683192124,41044.133287000746,2585.069868859659,50719.34555725559,33243.92317829089,18929.583018683254,27544.115577671088,74418.75864640837
182,33469.88595246673,25494.670870213267,89645.47317530093,44979.836689706615,75633.47202701084,45183.213317648,13513.945367525861,18042.979875460176,51066.910882467986,183542.40417618744,133769.1721688137,68084.4663018019,60917.79538214924,41334.188647560164,145111.22386570016,102034.2356109794,67978.29563500213,50982.2172151493,191908.79804817415,45908.66680885615,9159.113993530014,39881.17931315094,79838.97833399216,31918.226363009027,41391.79420958251,2581.7210482294986,50681.46542266283,33168.17359184484,18906.10950034075,27547.555907905145,73937.93502901951
183,33559.01358026918,25713.872338438327,93650.23872466713,45329.79085325767,79336.83373305568,45296.15418806647,13603.826055544227,18236.117804631234,51807.69201294288,186750.4319734201,136923.27155000332,67474.80171189779,63336.90990230206,40550.416194862875,147969.45580191922,99844.18971169172,66748.06923777623,50920.26099497517,204405.0234110002,46431.29396428197,9278.602710056626,39741.52571475564,79490.64856095864,31261.376054907578,42428.090077471,2639.743480594735,51334.873223652095,33294.219784619905,18874.54380204781,27704.924147497248,74169.0920230103
184,33971.57900085368,25728.858283329388,94237.352396275,45346.942537907256,79792.84547591694,48328.74158406881,13863.453553305462,18490.82438851791,50698.8749896401,188843.79712499998,132407.61625153676,66574.29722932057,63898.76329129476,38675.21044567551,148035.47597860062,102766.80231250552,64703.2238958374,50706.181862178644,194375.41817383043,46736.99877735279,9511.993019071957,39065.08388857274,78610.6808078615,31967.443210383466,42771.34671616328,2704.9380455255405,52061.8318415008,33340.292186301456,18840.919806186048,27629.930393771923,74284.41970923867
185,33766.82887165545,25350.24195743002,95839.24511380728,45815.69192591421,82292.01447409671,45157.55146419517,14105.236678878628,18970.895706738407,48620.96083495144,184375.82556834066,125234.71845133576,65132.710288263166,64401.375107072265,36555.441282299456,147622.6991277405,102766.80231250552,62665.4412155361,50906.51498475619,186994.28744209683,47575.643412232144,9453.102477245491,37833.56103867582,80162.13211998987,30751.504236423578,43113.541499589504,2808.7184668322766,53203.910668793906,33606.01160255343,18901.84901653571,27853.44850899219,74418.75864640837
186,32760.03241295485,23846.996897763634,94493.09829944035,46016.78387019272,81613.8673309068,43262.53201911512,14646.120781646468,19289.654475358133,45792.763570290925,177092.54857328758,113564.56391400294,62300.16290116578,62455.26860686842,33183.40439448668,145866.82789232538,103500.63687532657,61852.34539486567,48253.4550486365,162809.72219683835,47378.70233332884,9308.352190585518,37293.42805300738,81619.51220116693,32524.783550125834,43454.68932793515,2736.19178058712,52407.695317619124,33875.84230234104,19145.544809769835,28125.439347965017,74533.72712057646
187,32378.546682633736,23181.417634528167,91378.7549351143,45969.436302889684,80728.09998292587,43952.14230907701,14116.141771759492,18619.128693448045,43797.361125532356,165256.7649940762,105723.6602700645,59984.820394321796,60368.03537263876,32325.0382371196,143204.6679188847,102034.2356109794,63072.424298662256,47678.07674394864,169995.49240429726,46762.61371832794,9426.868751474498,38948.0377174638,77184.72642157531,34126.722047015755,45480.379802181684,2604.7975529058936,50942.07439651464,33670.55160147243,19090.04802561374,27811.697206113906,74610.28126211665
188,32467.617063271267,23806.16100329301,90334.15306672748,46342.04074115822,78856.39512130842,43904.04841263037,14027.637113452533,18749.81828641108,44835.22889885898,166804.54711754117,109734.15784913569,65939.84196224881,61359.82858907153,34263.93077703638,142219.74963176606,99844.18971169172,72585.7409552635,55773.19753600148,186994.28744209683,48047.927926460565,9843.894513181429,42626.42214084358,82523.46629972417,34599.519218938985,46147.85370839332,2617.7839681834353,51088.30329086485,33609.91145431969,18928.68693332347,27804.431328851097,74705.87136975961
189,31932.594804552282,23962.298815633898,88451.68698651493,45472.311018000466,77214.81487838946,45252.41725116822,14065.816171043392,18435.36252869588,45494.69773548769,180791.843689212,114164.6723350424,71216.30234468782,61813.81157858069,33547.41127298812,139613.0684472436,111169.42032278609,74586.26764,54446.428243853275,184546.4956632876,47390.05409442043,9649.491927706595,43203.832279999995,92829.001972,35479.25144320651,45480.379802181684,2715.1225516275013,52174.72178646206,34128.52375863967,19314.041255348904,27880.32880383681,74514.5771607133
190,29820.532078223165,23039.606782966177,85676.63531942709,44617.54464279384,73130.82984396438,43513.989123386316,13624.730047792838,17939.35333145151,43826.144546400916,181604.681113395,117222.46140766512,68975.11939315728,61303.93746007881,32068.671255033714,133280.65581416202,116959.575,71754.37638941778,57384.13835042921,162809.72219683835,46837.6319864191,9433.430672671864,41371.01312287939,88704.49262199573,34534.3388671728,43454.68932793515,2610.0741921607514,51001.52727546422,33842.36519669113,19108.751414773848,27815.932645960624,74226.77668956836
191,26580.42763212768,21076.363205741836,80653.1967743504,43282.77300007476,67793.29124181738,42051.509492364596,13028.806692122598,16979.58203492128,40794.38465894208,180503.9439133456,117158.34753956644,65893.92586696408,60466.2954948494,30199.822183999557,129403.32515910706,106836.35918441598,67978.29563500213,55998.45869480748,153325.31318306405,45647.56042046541,9159.113993530014,39502.05954117717,80813.97804919077,32819.51445120175,39288.33717221218,2459.034409469597,49279.018878706236,33188.99091969709,18693.363287753335,27663.185108234735,73937.93502901951
192,23243.44213848595,17941.459914502564,73727.31448939544,41927.93365654421,64606.28111428702,40479.34419806962,12525.533637618213,16223.564405722474,37469.77877221591,171578.68351607953,112367.65165869138,61815.48373892431,56872.17171823793,28817.93664612048,127369.20782334397,93344.07699719376,62258.747755614895,47440.09694069361,130123.69147588087,44552.86099471864,8573.334613857403,37825.635444499116,70863.10165743406,30965.408900417955,36777.74447020436,2290.9891624282623,47308.98473261087,32490.179124198014,18544.955481828867,27220.589591136813,71694.15831463778
193,15728.080437983745,13586.765953214499,66273.81170317181,41111.99181457262,62286.12434314992,39584.277274862565,11869.745064753462,15781.987004087452,25564.82965058394,131346.3121914346,101357.57897770895,46588.97768345113,49174.46642595644,31341.71183156451,116089.59971994614,58510.729261779336,51195.92521427718,37826.42733140837,118958.59199273538,42549.6145077113,7537.45455809405,28702.223993605025,61250.16122700805,27669.65469901774,35902.025269529055,2169.323166174914,45844.20383789379,31969.72612761864,18143.96781928028,27035.877101225735,71324.30299835594
194,14952.268056845229,13052.025097518403,64947.66880501313,40826.5553013458,62562.58187835909,39144.10991875217,11782.926628638463,15570.60943318606,23421.62047894535,129403.09733586063,96299.54275712612,43999.572244954965,44415.08046539911,30053.655907549604,114917.8707804875,58510.729261779336,49097.020678104636,36779.6825667296,110181.03992148735,41916.8792142762,7250.354580593137,27587.946600887182,59563.491082007924,27586.24300499277,35159.29375512711,2123.2940511019915,45281.00833758301,31692.40208779196,18180.371155915407,26937.718860079025,70972.26144895735
195,14492.516067450199,13068.84417252614,63950.522784769186,40590.60524270095,61898.21486195873,39001.737598341235,11661.523244908956,15529.87172465394,21954.24612375328,124688.83234459592,92144.84355326662,41757.84920632245,42224.18471058804,29008.616963485383,114053.23337713156,56500.17683751124,47007.91160254522,36199.312270406874,105842.72450716686,41486.050920091686,7032.05560229083,26425.13904680928,56027.30460990396,27035.18045153119,32893.425975653685,2074.7252421077005,44681.10036110175,31752.90310684895,18146.585493703646,26946.328509062445,70697.32495953342
196,14261.753544765728,12783.87581850231,63300.42345065072,40452.26404889705,62844.067543143225,39217.74993559131,11643.501558759395,15351.13197542471,21228.79216397127,121544.30491553586,88999.30339043251,40030.99795916106,40863.69808141417,28338.61363037023,113434.46821133127,54506.818860169165,45620.780209542594,35864.849075382386,101539.14905312116,41250.52321070248,6953.761286710252,25566.11202900889,54714.075706609714,27118.73614520551,32509.954766508912,2049.7270726964757,44370.01192669759,31632.188569706585,18140.25927727431,26878.680980147656,70421.3908301221
197,14215.528509602796,12530.651712052659,64037.41092302903,40440.684584922645,67416.04180084959,40524.84007011606,11896.71825382337,15899.719775593832,20922.81610279226,119139.98683981065,87060.81584487292,38910.210212692364,40149.650353467,27471.263823670295,113941.51805742552,54011.20331839482,43893.36175169897,35814.77907894901,99400.66348195123,41055.3251383532,7000.080146049199,24800.912744316287,54821.72483158788,26516.638356878495,34033.65282149428,2038.4367226716204,44228.98316350939,31710.345609006738,18092.08733157482,26940.205990945873,70736.66242183845
198,15043.941364567254,12924.375905726765,68861.03452408893,40329.87941780777,69282.55128599232,41807.414873665235,12350.425303830973,16824.726837532497,20598.962037677138,118383.17069194905,87918.13815735908,38997.93814154948,41740.17747105594,28604.510321597794,118064.70369298643,55501.3288090866,42860.459458816855,36288.71967813061,97271.19910400281,41277.617737986744,7067.497088819351,23557.5224503636,55568.647697059285,26901.445303899534,34410.44496619302,2127.6850433705586,45334.95661366188,32121.767245611372,18264.069433680048,27213.697519340167,71089.78870892283
199,16993.191591691768,13562.766291250726,71818.01829737332,42820.25193770569,72035.07804402495,41084.79987350367,12834.239572564988,17719.820321527855,22633.754006178726,123017.90421988172,92769.62186248056,40949.091598659834,42792.171242058284,28777.511657146235,120737.2645559728,59522.356903879205,43548.7616255289,35692.59927532591,97271.19910400281,42524.35970662185,7396.345042115722,24146.60964938849,54743.46942306095,27419.35473751922,34785.64852379841,2247.6307907160563,46790.84623911108,32667.727994240257,18684.80692052449,27372.152925043607,71752.39447636124
200,19846.89655644643,15416.251402426515,73665.20066860794,41742.48698180488,73514.05349684182,41586.3574276052,13063.93194019805,18024.974271084848,27543.28259414165,127120.55573004605,105187.79599323214,42574.24686299861,44803.44271611979,31316.830681123403,126852.80753044931,60029.74220559124,45620.780209542594,36321.91955921013,136896.63063833275,43003.73465974649,8089.008702725722,27098.864649253275,52180.04179007976,29748.141116299255,38095.67404585126,2327.8909178291046,47746.70197943954,32814.46056755793,18711.905101341294,26934.254822551375,72524.72035028046
201,22738.16531370444,18391.049878698723,79132.41395684742,43858.023052621444,79392.24727860223,43405.70813831298,13367.806098015082,18075.278851034967,33152.181476825725,130015.76593730923,115847.92086664375,44909.060770733566,49552.545035919735,36218.0014252351,131962.1218630766,61558.129393008705,50495.221886244675,38280.588562302386,176552.25590519307,44677.78738674082,8582.633627871008,28970.882329969936,59357.63459130809,29383.253532330004,42690.416775162805,2477.0228059973133,49486.470970684895,33085.105625334836,18369.263068958582,27137.375746995735,73003.56455225009
202,24411.08018769163,19621.676537349413,82185.53272073808,44630.826642927525,80980.6533881483,45190.42325985486,13527.477170357799,18413.236425335097,36719.89517204886,146200.38266927973,121885.39558445857,47474.66373902011,55109.3666140297,38747.36728884339,133943.1369455118,69336.58361598734,53304.31012340512,41053.08260702225,186160.88367401506,45274.56290133339,8896.135042720478,30442.459497039607,63647.59647364177,32259.005120476188,43035.79571962762,2564.994347086069,50491.94910117665,33179.06534812191,18483.790288648896,27293.721081482196,73763.70069891823
203,25013.120087588948,21420.535456013957,91133.3995169775,45314.088286336766,76382.79706173514,42985.9830408363,13702.742010470933,18767.56467850414,39420.360763911536,154148.81641193375,122482.12773363148,50437.79432992179,62347.81392026942,40880.93807924787,139303.78562610326,73574.91674640086,55421.88124899252,45476.72732296501,193432.28618607324,45794.13916773923,8974.41051184901,30275.63061014203,68852.39061289075,33146.93920391041,43380.10624353002,2630.5121436295913,51231.32645994099,33507.91763969085,18596.10315555027,27369.153617347034,74401.28990659455
204,24475.684997228214,19736.49832622815,86071.66084191234,45934.928503465315,75318.19494846238,42270.65644855064,13620.765579584602,18547.05369895254,40132.27866220692,153392.4635548617,117999.5006062673,52114.80733672525,60140.424332660536,38208.84539530131,132644.9901794649,77476.18343942761,56838.56212259779,42110.19951391132,164685.1864183204,45054.01572645762,8811.200753867766,31269.818310195817,74156.95937089392,33868.93559019796,40946.94327463076,2616.1734099892806,51070.18489467878,33711.08674241171,18827.483573636233,27291.68265141132,74750.13707532301
205,24003.924024954635,20265.744093376245,80978.85215916412,44808.14386527526,73868.78805171156,43598.30210187507,13256.420908701606,17968.641678138716,40545.68070284922,148711.42562796047,119568.10708796968,51773.651127303034,54779.75848418702,35995.46049375148,129765.51595468263,75179.86532899961,58259.12577761081,42629.382224794834,159984.46532633508,44554.835324291635,8659.164315162865,31292.86976482623,73790.5435587704,33163.36306554919,41297.903181548,2554.965880849812,50378.073819266836,33043.74568082961,18736.69404826255,27303.412269199198,73842.67133819916
206,24219.1045255402,20563.537158383187,81792.70210305035,44415.864844516356,73520.8431253378,44638.246502149406,13429.780316622311,18058.129520196286,41208.1182236756,155079.25831535223,127019.9059983203,52584.51255663127,55353.97680588974,35949.72331958702,132508.4883369375,74643.9503766421,58970.84036646626,43265.42025934206,188578.5813824881,44616.64653142449,8719.507088703465,31216.90701296268,74876.1196317424,32044.93245573421,41647.713640947724,2551.656058336225,50340.448566104955,32968.45221872746,18713.45972075594,27306.82253497657,73365.56985201089
207,24283.598062713496,20740.341070069855,85467.97131594036,44761.4311687626,77084.59490276498,44749.825162535184,13519.101226391118,18251.42961609547,41805.88683499292,157789.7958267402,130014.86664891386,52113.64281167303,57552.1458006687,35268.050260506796,135118.48626194478,73041.80501386148,57903.62495884624,43212.84188888396,200857.95822984906,45124.56524660832,8833.260745608475,31107.593460299162,74549.44233324485,31385.47464259477,42690.416775162805,2609.002800411901,50989.45982740289,33093.73942733272,18682.21567112469,27462.815560475792,73594.9374233767
208,24582.134037976444,20752.42846026171,86006.93631969238,44778.36780000269,77522.00430708722,47745.83571119595,13777.111760270187,18506.35006234216,40911.13400590858,159558.5288699153,125727.04680049466,51418.14511824203,58062.68330892078,33637.12123888287,135178.772665565,75179.86532899961,56129.73158439251,43031.16631345518,191002.39794971494,45421.666524772765,9055.449098688414,30578.11008113873,73724.17412305626,32094.34467970498,43035.79571962762,2673.4381532128436,51711.52700928701,33139.53440513679,18648.934297598393,27388.477164319884,73709.37233985818
209,24433.9750395349,20447.043427992146,87452.98635636034,45241.239855481515,79990.19811288947,44612.89416317174,14017.389056974122,18986.82446863177,39234.37442391365,155783.4354886839,118916.0544803261,50304.74656022903,58519.38996776132,31793.48725408322,134801.8449884986,75179.86532899961,54361.9650345098,43201.17650943404,183749.35287546253,46236.7089522882,8999.38510633324,29614.138228959986,75179.18590394083,30873.578781008422,43380.10624353002,2776.0100174139034,52845.92121009237,33403.65379820599,18709.2426504975,27610.04199301384,73842.67133819916
210,23705.448246708595,19234.55334330069,86228.02178398521,45439.81044345431,79395.41793123986,42740.73105424984,14554.90452557894,19305.850880519647,36952.17866881429,149629.6248770833,107834.71258155735,48117.05042725468,56751.027646073606,28860.71423720034,133198.46906125467,75716.70779529419,53656.60837036438,40949.690415272285,159984.46532633508,46045.31044050979,8861.582350355417,29191.35030045243,76545.97400148683,32653.897498798902,43723.363339181145,2704.3279282604612,52055.063297853834,33671.85971881418,18950.45522840637,27879.655950629538,73956.74982333738
211,23429.40180930003,18697.709232581732,83400.33685639726,45393.0565353742,78518.45856894519,43422.02377013807,14028.22623277582,18634.7620969628,35342.00138519771,139629.2952677839,100389.41836580135,46328.81349543609,54854.428149797604,28114.164543740597,130767.51448452106,74643.95037664211,54715.02087685906,40461.4028216713,167045.53999120265,45446.560577396194,8974.41051184901,30486.492443379288,72386.85827251623,34262.19522647496,45761.57836241597,2574.463829533322,50599.30399845369,33467.80517104734,18895.523946276764,27568.655547620532,74032.71134723474
212,23493.853921920123,19201.615854614618,82431.45364882816,45760.98913781493,76772.30691579229,43374.509947034276,13940.272782785087,18765.561422404495,36179.50216926157,140937.0524850768,104197.56801075274,50928.12848493147,55755.637695452686,29800.484092691855,129868.13516785101,73041.80501386148,62967.77674064704,47331.22571776597,183749.35287546253,46695.70183311676,9371.420428740988,33365.73990998349,77393.73754552961,34736.869265916604,46433.17916251539,2587.2990137379556,50744.5489725981,33407.53016710703,18735.807093847827,27561.45316561468,74127.56147682908
213,23106.707099077412,19327.553770120398,80697.71156224105,44902.16436925205,75214.92803828385,44706.61574852586,13978.214060642633,18450.841634410066,36711.656343364084,152755.24560457727,108404.54278976891,55003.36197512316,56168.156955447485,29177.30316749561,127487.84111384266,81326.86685292509,64703.2238958374,46205.27957129425,181344.03792449462,46056.34272585671,9186.348518585977,33817.706449910846,87058.67236769751,35620.09377172614,45761.57836241597,2683.504057394881,51823.65735951584,33923.01965969764,19117.234726186045,27636.687385565678,73937.74810632362
214,21578.39989163403,18583.327182685807,78168.06834917977,44058.11533330918,71329.99066168295,42989.15526715968,13539.875028267943,17954.415966983062,35365.22798319505,153442.03090326098,111308.05242707967,53272.40160401503,55704.851283395124,27891.19362364225,121705.39091335396,85562.70020641701,62246.572029042305,48698.3304683305,159984.46532633508,45519.467585668935,8980.657482728106,32383.07121131489,83190.54602192648,34671.430167075916,43723.363339181145,2579.679020590291,50658.35684094569,33638.58419476448,18914.036751340267,27572.853974683854,73652.17554386378
215,19233.831751632035,16999.810672246065,73577.34156417745,42740.07949226597,66172.97451396508,41544.31499395978,12947.663092038933,16993.838806107204,32918.768667186334,152511.99236884186,111247.17339667933,50892.66554279208,54943.71385837702,26265.793217150636,118164.80176940671,78156.98177803117,58970.84036646626,47522.390779550544,150664.64041335814,44362.888532168465,8719.507088703465,30920.15182988368,75790.51253655551,32949.79839599102,39531.25123526262,2430.3981457963323,48947.43856680864,32989.1441955322,18502.881352957622,27421.441271528638,73365.56985201089
216,16819.159631580656,14471.254777349075,67223.94638760982,41402.22756578139,63058.952280498954,39991.11200559568,12447.524429534717,16237.186392711128,30235.9991387406,144970.83168234045,106698.19002039466,47742.71221360331,51677.852989315645,25063.921246959595,116307.34508148448,68286.5962547794,54009.160438880135,40259.44424153319,127865.6392637838,43298.99753441738,8161.843164323913,29607.934487227718,66458.1910728096,31088.3325844218,37005.135904459465,2264.309840872108,46990.66005265308,32294.540278738335,18355.985795288114,26982.713520849997,70485.97352002688
217,16093.100017461733,12429.49733600856,58279.22451894208,41178.309578765635,67242.57154312047,39968.197195976165,12818.232725985144,15881.143013367813,21095.48137888601,106136.75151978536,79528.70910296014,34827.0072893462,37239.27918573485,24176.364094619385,115707.14040439927,50861.418043677164,31392.058953860655,32231.819854288933,111792.25413327226,39686.30745205911,6033.775887728568,18842.55605539672,52454.412146324765,29436.59421039084,36870.227325933985,2176.281155072349,45928.89698097005,31393.907674846912,18578.001694145525,27186.278124593715,70386.47595841503
218,14428.43621046781,12435.504583158829,51894.197883965004,40046.84085079037,66379.37984712611,39495.08999609162,12628.521128997545,15960.551931098687,19751.97721611039,105346.84480547444,75584.4396818618,32739.49028199057,35190.31480621658,23785.60368024299,114959.34009913506,51321.73034802462,30069.666340547836,31651.59331666571,107319.78851319086,38982.285897665184,5762.5998054125075,18366.21458071725,51443.981400998266,28700.053991515437,36128.7374600537,2139.1257747997265,45475.29776523813,31233.525451218444,18531.927422334913,27151.766350241713,70160.88431967018
219,14341.131998276174,12151.953609131016,52152.88078151443,41026.144904093315,66063.11364961979,39499.416862302576,12577.464242471504,15799.367598676834,17599.708885017666,102524.49511755412,73019.29866877416,32021.554176961137,33901.199517375906,23450.22271931169,114154.95846378205,49943.82066083382,28753.6217002387,31407.35031626232,102883.73174779522,38471.488243471475,5573.049595302838,18296.858908288265,50572.18790086475,28178.109901235446,35005.31107810964,2112.1852348680736,45144.31259464486,31200.33760242533,18449.680176854752,27119.269553923663,69707.66563336932
220,14820.254470255544,12129.459141772388,56709.7316156287,41012.55207021047,66290.06711267745,39703.324308684314,12554.614240008796,15778.43291269858,16964.52024518517,100542.88391759482,71588.62302128185,31595.812391909873,33372.200885071885,22993.07926712643,112949.46761459195,49030.29132437677,26922.257130807127,31235.939532638913,100679.64945948028,38248.712136842034,5553.914189059248,18251.37080884614,50150.63721200817,27817.666437481763,34248.56671353217,2094.6768050391443,44928.248718755945,31165.80085541178,18509.847688091577,27068.636017893365,69054.76118502003
221,15232.024333714397,12058.460510569466,57728.89042680361,41020.801169141356,67564.50045122443,40329.25284848051,12741.43694360917,16060.775938000648,16915.782433411638,99664.22542491998,71502.58314665243,31795.946432627727,33306.76729029771,22937.30331096357,115547.54859488923,49030.29132437677,29016.31219585717,31339.864024898037,98485.0278691076,38148.14871008977,5645.460817424895,19066.723366801165,50676.5482045527,27925.841237994802,34627.73820513,2096.619405900465,44952.25914147092,31342.511475704843,18507.70702587821,27093.109560880042,69707.66563336932
222,15964.424615237584,12866.47306598836,60599.68461067668,41625.656895146254,71232.85418199403,42256.696515038035,13060.909019625497,16804.834481572703,17027.91310568337,100012.32984511337,73478.94043355898,33254.370467217515,34566.981699033306,23994.79839445191,118466.44905770021,49486.54507809702,31392.058953860655,31763.65978630142,100679.64945948028,38793.56691599996,5885.975474597148,20733.607306693786,53201.51738224043,27781.600171902246,35381.31578437706,2158.2297718348273,45708.9358639338,31677.432748795043,18617.810877841184,27210.73087744589,69934.61630341892
223,17349.78561895797,13993.25638496073,64706.079490337215,42739.874697929234,75543.38260461068,42363.80795846634,13825.399423058088,18157.193978590672,18321.0393683649,105733.46431701703,80634.09802138491,36706.68254810287,38070.724864754906,27120.826399051493,123842.31005942573,52708.66587260587,33520.57255822504,32084.928881633827,107319.78851319086,40571.506697050456,6195.5787251512875,22211.769106850028,54860.50743308482,28322.17653502952,36128.7374600537,2305.314264244885,47479.25682679478,32226.82094345813,18983.815470816837,27432.5554547619,70835.65473034861
224,19239.036745151465,15644.44058225892,68032.17610717256,42998.27116874531,75007.32180445676,42780.31982240034,14331.838782797566,18679.53878521992,21344.35457723981,114248.14265396395,94170.23003657631,40387.940470385955,42055.67247002911,30707.124365294305,124702.92666970828,57395.41940871428,37280.975980837015,34250.3699032317,139344.98886739145,42271.049430425155,6752.516490379487,25111.270678478628,52058.645133403086,30565.297840344283,37971.79570916213,2389.5512967752243,48471.59316771296,32386.26870554953,18937.02523349552,26913.046871955856,71282.20094504161
225,20945.067998894832,17898.642233825653,72573.38632919616,43091.056398726476,75919.23625743252,43832.51550545067,14366.71122290798,18626.621324901058,25252.023134079784,119333.19844404433,104798.48774073791,41891.117680080526,45163.344594336464,34935.25156324746,125995.36999774736,60253.1823687504,41083.49689754627,36617.154545958314,172898.93169818842,43491.57156101123,7313.433996612456,26325.87745991973,55417.637985473586,31690.442959601372,42611.3453713405,2603.798701455047,50930.814409723185,32994.94553402877,19018.3503320273,27284.46320417965,71702.25290103146
226,22155.875784714543,18784.819407831776,74318.66098389089,44438.524752464604,77958.26950308682,44810.86490117248,14564.587132257284,18788.3895410345,29680.899092808246,124770.07038489684,111105.03300969796,42347.7790695263,47142.717059702525,36491.64255398449,125793.34329954539,65578.17643099959,42451.14548462815,37320.66212310033,185215.3453221678,43854.31410462976,7702.334188739613,27660.83084232618,57099.910767951864,35311.04691486807,43654.040620151645,2657.2712455922147,51531.05878015675,33154.275895554296,18944.92659189001,27344.249132544726,72387.35333536049
227,22990.542107262147,19141.98968425868,77072.04474012356,44726.78412504341,78956.17954863595,43384.99758717757,14635.898520592045,18812.275165998126,31613.811647602615,131316.58943334327,113668.26179296915,43388.29950945394,49365.784497704306,37845.12807037054,127216.18997408402,67541.29858672265,43548.7616255289,40404.85914226374,192684.09029611346,44396.52133434259,7843.601780369754,26849.836586527665,61153.332191446665,36387.37803245158,43999.46529736633,2665.4117378925653,51621.98756746549,33103.18709981831,19021.758741971826,27431.519265861076,72218.40429264643
228,21776.905181126338,17183.05603668614,74050.57770238166,44741.247424363035,78976.83331623493,41949.820777061235,14673.221296120739,18730.479615622167,30273.80995682712,129044.36274637264,100811.61644146753,43099.404258981216,47835.21110417892,37255.62343489668,126279.68126258066,70632.13594978665,41903.49725815801,36959.774269388145,160752.98428783086,43818.65691457338,7650.6358054962275,26766.567667433734,63494.30258911242,37003.71119434813,42611.3453713405,2611.9510701898407,51022.66213144929,33230.53948440508,19096.07123126244,27381.655491609843,71518.48497562771
229,20986.295349672808,17027.69243305723,70410.15216623645,42750.41996916271,74808.80061888107,42553.56056415407,14181.925651542544,18362.53143565599,28102.19059431796,116979.80331934351,99934.606397815,40889.04875694566,44251.4299818669,34068.53123537269,124986.971868057,69022.79234644513,39720.82317911716,36259.00292911531,153550.41007572043,42637.4687326052,7227.060227249377,26946.4847337314,58789.851797025265,36616.405336748336,42261.58828852831,2517.500152973129,49950.95769566618,32695.92692962702,19100.228387645766,27487.042939381776,71170.80860556022
230,21089.306285168826,17996.585150806866,73286.20810418612,43645.458808891475,73986.32822713506,43358.56690789575,14328.461324461627,18598.143759660637,28670.044314897736,124389.5451807663,104886.96182815367,41014.709297117646,43562.68027677157,34471.80391184924,126600.64677755108,63629.19641284201,39992.95366800983,36376.67494929116,177805.44675014899,42802.86103210095,7183.675365189015,27445.642112138743,59572.90695209916,35540.66175651668,42959.99593758742,2514.7254644106547,49919.21900308519,32461.69904776802,19050.833257181188,27574.010335302126,70835.65473034861
231,21159.762158420177,17589.990050275854,74255.28366194844,43785.68296138126,75598.34505584989,44898.879703020975,14464.911049426659,18712.57782794688,28323.46022240508,125797.79298156741,104356.60355876356,41304.177662137095,44665.74014534534,34908.59092371659,127740.26584276873,65578.17643099959,41083.49689754627,35274.68325902209,187698.4589270215,43364.92713149522,7326.676027739898,27474.970663672506,61727.25400817433,34992.907287032125,43307.55586255326,2528.6662770833536,50078.53354235221,32406.106412193523,18883.23898634802,27578.470462782632,71991.31567364595
232,21634.68673043374,17860.29100294087,75480.20813793554,43841.81969948368,77866.67904282438,46217.00703178159,14544.197512389022,19038.305930959603,28339.935416559816,126221.52229150319,104408.32993144878,42116.416643274235,45774.13957228666,35286.557249763064,132015.09319956804,66067.6396154898,42451.14548462815,36694.93321936835,190188.05778396755,43516.17535248325,7585.760945251168,28015.309817103218,62231.649073346496,35364.046273461536,43654.040620151645,2542.694210505194,50238.46855300564,32412.70900884595,18493.250146266877,27501.48049410272,72999.43958785408
233,22843.03408075109,18751.241839507766,81057.21788107937,44970.726028413024,82282.01005220758,48899.433614200585,14926.224038490755,20340.543433957606,29503.731694727532,127863.14325851046,103003.23259960361,43832.578065793554,48260.62574553025,37884.063155515054,133937.74683262847,65089.59708980585,45200.87143453135,39856.846080037074,197695.2545936705,44997.85125357492,8197.489656742973,29196.186297841214,63967.03367085218,34550.63494189555,44343.84460802143,2647.161750425726,51417.971916496506,33124.41941941405,18886.488541954153,27990.393020093816,73585.18037187755
234,23741.975150792397,18380.728745167602,85093.08509362387,46535.98133130829,84585.90121941346,46182.63085703501,15719.021698778168,19950.428469604554,30386.63226521374,128046.1781634296,99398.68686011081,45961.54670644767,53580.15544217885,38448.4598181533,139055.2825819489,70632.13594978665,50200.58343957149,43426.91960917787,185215.3453221678,45881.057972356124,8744.464339427734,28279.88878705132,69163.77695212617,36563.56379568763,45711.19012018152,2786.815740115739,52964.38503288099,34057.10139641263,19228.471897839736,28317.29390881182,74274.8987429948
235,23355.21298902778,17435.50599892168,77792.70279060015,45748.45849074263,84558.38924947697,45440.52173315216,15246.800569039371,19854.243734320822,29703.391083014343,128832.11485180314,96597.01494707206,47588.53193284355,54745.04544539872,37835.92957546054,133318.77246401893,79119.291773131,48574.256055400445,41306.38831452145,207896.16054908853,46363.177564351005,9060.244196145086,26075.31021344727,75301.26804107722,37548.87270337634,47236.738372132895,2834.316736663544,53482.84978194721,34288.54789524916,19508.08209832827,28008.50138913182,75788.10875626057
236,22886.225155166303,16865.52348934319,76350.41300473273,45041.49001165872,81534.95070679786,43719.79267413352,15009.393234259242,19460.382913295656,29189.09859103643,126730.52006262842,93459.05776271177,44294.33290399167,50465.459801137935,36377.61369836146,126174.38734964556,75202.4432610015,47243.206185243944,38807.474931938996,195186.50581098546,45684.98875562347,8798.798226700263,25493.83977339126,66483.85250156523,38287.28264575858,46050.55113190522,2759.4037474079128,52663.48413684208,33929.11532528159,19213.697701644694,27923.02805033076,74551.9003192455
237,22099.75852691545,16703.091230986578,74117.66969920942,44781.7019957981,82001.94987599604,42448.82085149491,14728.738412548317,18926.89162334206,28422.625911969437,123604.47151165493,90260.54872256226,41759.94315169261,48502.5350300618,34267.456414662825,124249.25992624919,72008.93814145967,44649.41992143565,36257.73360271439,187698.4589270215,45222.543870613496,8377.712254594739,23725.796497307725,63731.6812386398,36950.917275189866,45711.19012018152,2686.8032003631383,51860.369773401355,33613.67457254977,19224.205001903996,27851.838544165807,72285.44123470163
238,20852.22496253313,15331.914511437415,69355.31365577457,43903.26941774682,78685.89743659197,42872.917621168075,14359.714324641718,18294.27305403632,27696.881652890366,122698.4676171193,89316.75947215453,38997.73063332446,47451.67373178376,31663.95124064479,116955.98159157463,68034.26365926836,41083.49689754627,35765.86938907895,160752.98428783086,44251.566075318144,7929.648681602955,22025.68239971829,57554.804245407715,36563.56379568763,45370.85215321565,2549.890650243397,50320.371383614605,33156.620019480986,19040.440302690287,27714.963721213877,71170.80860556022
239,18947.202582082886,13999.236470097598,64551.16033424309,42451.1529173208,73679.39679685843,41647.516956032116,13812.080656485026,17179.36337093803,25642.005301579153,121204.33024225345,88464.19176776885,37132.65366331442,44899.87208866278,27861.93705105764,115245.90290667533,61213.19719370323,39720.82317911716,35309.229843234236,139344.98886739145,42520.412867104744,7346.51620730734,21185.03036811663,53236.86682332144,35558.31916609983,41558.688973549266,2384.1831306420318,48408.8013927335,32377.87439442997,18805.192471920906,27722.174175238837,70418.005165878
240,17031.73159978435,13319.990671931555,60667.00965380425,41475.419187724714,69394.87965934098,40512.489059992266,13296.014761637534,16396.191667104795,23480.800987012986,111514.9724472346,83881.93206312534,36222.75982108241,40897.41010683023,25734.80790488616,114626.4623386659,56450.362964137305,32454.402078675565,33257.51766222999,120842.89957191213,40569.67672486194,6578.887199838129,19616.362544510164,53802.18995419262,33345.17739161651,38336.2385724374,2244.439132475496,46752.53889439362,31802.32011739448,18644.882439394936,27184.144665617947,72802.73702304592
241,19744.237228689202,16238.775676725478,64918.04012350885,42382.73444107565,67722.7009730748,42691.533514831186,12947.78155357039,16249.241909977975,22994.309985449687,108671.44293955209,77132.178055425,39340.615097204936,37079.06653310258,24778.53030369389,120237.82791968518,55568.796014837295,32885.670416390094,33543.40594038539,119875.16476856518,39714.67241409294,6349.468503732211,20908.536377824934,55952.122784961655,31902.73868377925,37988.36381393959,2271.8896720450766,47081.25974176769,32097.6295396794,19352.503737337993,28076.383006407454,72699.96913248963
242,17701.901253915014,16246.623969884145,57821.6499315273,41218.17137093724,66853.12023195018,42186.18993426024,12756.152616221261,16330.491396424404,21529.875463631906,107862.67216785753,73306.76589020471,36982.554227577195,35038.917308591845,24378.03713064209,119460.74636613207,56071.71161426943,31500.359318880004,32939.56866477187,115079.32665539993,39010.147674949796,6064.104243330504,20379.966738848067,54874.3155459729,31104.492461239646,37224.38732579909,2233.1019793310466,46616.279655192,31933.652208405627,19304.508665957903,28040.741283384647,72466.9626500655
243,17594.78981642286,15876.172894053816,58104.24074850385,42226.119100039985,66534.71737048421,42190.81162267302,12704.579717860277,16165.57107504601,19183.878978026896,104972.92089250291,70818.92325337029,36171.57303307792,33755.3481147479,24034.30275970052,118624.86795521206,54566.27222072715,30121.698226338307,32685.386860962288,110322.52986480507,38498.9849387669,5864.636594653838,20303.006606914438,53944.390016991085,30538.820841733224,36066.8916114873,2204.977885949367,46276.990018129065,31899.72042499041,19218.832598545214,28007.180510713773,71998.8473757079
244,18182.61365012129,15846.784528657401,63166.04274468372,42212.12868919865,66763.183925566,42408.612829428625,12681.498779425929,16144.15115731817,18491.51627621327,102943.98609507216,69431.35981839644,35690.65477451649,33228.62536629485,23565.773131391834,117372.17429450026,53568.19298299222,28203.19865512193,32507.000982546717,107959.08590776449,38276.049607553156,5844.5000066349,20252.53099314168,53494.72992286606,30148.180078327543,35287.198012595465,2186.700274709038,46055.50506790798,31864.40950662278,19281.50844523996,27954.88918403639,71324.4829811969
245,18687.804188857463,15754.026888159851,64300.246422637865,42220.61906612144,68048.25053650056,43077.19062650999,12870.209626480635,16433.038431733286,18438.391517796772,102044.34403063355,69347.91268333493,35916.72634587825,33163.473283140105,23508.607950780297,120071.98705228326,53568.19298299222,30396.887345762545,32615.15439885256,105605.7866851104,38175.41430518522,5940.836437461367,21157.28237446357,54055.70916607497,30265.41756742942,35677.86836142081,2188.7282180303564,46080.117915650044,32045.081249836174,19279.278540529718,27980.164014348527,71998.8473757079
246,19586.36847349262,16809.671720506612,67502.64837239393,42843.166224386754,71744.13924483099,45135.965644190146,13192.910480892464,17194.343034274258,18560.615201190572,102400.76166255065,71264.71409850012,37564.16329377989,34418.26593566226,24592.44230526268,123105.18146306505,54066.6744006694,32885.670416390094,33056.19537403901,107959.08590776449,38821.293810321324,6193.935039202118,23006.930765711153,56749.045716375535,30109.092246431668,36454.299138193666,2253.0452543337565,46855.77976804737,32387.510075834773,19393.972534086646,28101.636365896098,72233.2575586662
247,21286.03455865651,18281.781256268754,72100.20277700709,43989.973796818565,76087.90620887121,45250.375402391655,13965.127287611842,18578.048010534716,19970.13725003018,108258.524684411,78204.25700450045,41463.8977625262,37906.93512575929,27796.331001636412,128691.54240662039,57587.01221373367,35115.45715872549,33390.53763983572,115079.32665539993,40600.50433681591,6519.737012067015,24647.164695758358,58518.658818986165,30694.957116810918,37224.38732579909,2406.5914716713282,48670.51834348688,32949.213286801976,19775.235566034604,28330.72369312846,73163.91170682496
248,23603.91131202649,20439.00524176339,75831.50050438584,44255.92810905571,75549.16002683605,45695.26737766075,14476.685030415489,19112.49991467,23265.584547391893,116976.54523612991,91332.48901724188,45622.24963556745,41874.73849407719,31471.953708460245,129585.85775768965,62707.538955559474,39054.77785669055,35644.095383574335,149420.04372001378,42301.261782977024,7105.814265292059,27864.580311225967,55529.9656470748,33126.00305670479,39123.33865795334,2494.5292106731813,49687.75254872636,33112.23520976701,19726.49468111385,27794.205899882483,73625.13519588823
249,25697.000011961125,23384.05394006026,80914.49199125884,44351.427215322394,76466.04435421442,46819.157130477186,14511.909912537834,19058.355914250198,27524.986857419586,122183.03914350324,101640.47307611837,47320.23980561502,44969.040639012426,35805.39183390898,130928.90865264376,65829.79651528051,43038.219968662954,38107.18987849732,185400.03586402818,43522.65625634625,7696.079483173559,29212.361896688748,59112.939372308385,34345.410793361974,43903.58855827612,2718.1889454551833,52208.676012347285,33734.55606106922,19811.210158008857,28177.782759891015,74058.99360147948
250,27182.51095364599,24541.818566376278,82860.78644017111,45738.30768682398,78518.17679150133,47864.168888497545,14711.785675736844,19223.87365280877,32352.511048644552,127749.75105459712,107756.97588481182,47836.08487386002,46939.89735111588,37400.54820967506,130718.97129451101,71647.63487305568,44470.940286445264,38839.32477962582,198606.962622766,43885.65806264599,8105.327285371327,30693.685411220707,60907.38772148543,38269.342381261435,44977.90486527218,2774.0106486758646,52823.98060206185,33897.457951832155,19734.725440825092,28239.526137027045,74766.61221358052
251,28206.542983602685,25008.451113171857,85927.46294830923,46034.99836118955,79526.15538575934,46341.14642329505,14783.81778017575,19248.31290745676,34459.40729156198,134452.60997046772,110242.96391527391,49011.45758928967,49153.40059939619,38787.74529820863,132197.5316755847,73792.44991792731,45620.780209542594,42049.02479289269,206615.71994953736,44428.25282368821,8253.98612526591,29793.770195380675,65231.09518300285,39435.84656771946,45333.80498469222,2782.50876958245,52917.19080597899,33845.22395611089,19814.760661839988,28329.653578406866,74592.11008056374
252,26717.56103773009,22449.16144854771,82574.24312231028,46049.884697721485,79546.56004671865,44808.180135414594,14821.517762290983,19164.621470127608,32998.790503288146,132126.11938899543,97773.74280464785,48685.121284885616,47629.41211376341,38183.55773646072,131224.35255366124,77169.35362115566,43897.235353414704,38463.75157802731,172375.9005303655,43849.97538735536,8050.9239959211245,29701.371307517533,67728.16373770847,40103.81500406772,43903.58855827612,2726.6994645524587,52302.82820688114,33975.43105564747,19892.171179418998,28278.157216249216,73869.18551231919
253,25747.580856744768,22246.183432667003,78498.58360809943,44000.827506814654,75349.56849972418,45453.05729183299,14325.256786210899,18788.144853704343,30631.70117761299,119773.44171051166,96923.16072420911,46188.30195409658,44061.04931029682,34917.083905346146,129881.02517398825,75411.06040300218,41610.71122018613,37734.464257471875,164652.55889879563,42667.94297572492,7605.18656001497,29901.015268486328,62710.01564331383,39684.06136418021,43543.224647554394,2628.099123856728,51204.23454963708,33428.83469344064,19896.501644329557,28386.995150377308,73510.08156475211
254,25873.962495172145,23512.013503909577,81709.57502079869,44922.04534811802,74518.35670358912,46312.91482143303,14473.273437438922,19029.218285667095,31250.668066440237,127360.13838588815,101726.28107100238,46330.24820008726,43375.26277794988,35330.40098626115,131557.88595723762,69518.27086332662,41895.789480937696,37856.924619884805,190661.30646683794,42833.45348592351,7559.531762701185,30454.90244674426,63545.28566906248,38518.19393788776,44262.81239591182,2625.2025375064145,51171.69952860471,33189.35638899887,19845.047270352236,28476.809942447755,73163.91170682496
255,25960.40311097147,22980.80886624087,82789.65178304948,45066.37091849706,76141.95369554548,47958.18080613526,14611.102206010928,19146.304748320363,30872.88754009595,128802.01707859503,101211.9047039121,46657.23189513852,44473.57700827767,35778.06715175475,132742.12852497134,71647.63487305568,43038.219968662954,36710.090380405505,201269.61268585577,43395.92131036079,7710.014349355797,30487.446709043343,65843.28665831545,37924.54959241966,44620.91251718396,2639.755798815139,51335.011293025666,33132.51759593476,19670.466128308453,28481.4160987898,74357.55741448874
256,26543.076642198812,23333.94917568976,84162.48995195668,45124.14960071402,78432.18270836808,49366.12214401138,14691.189986014391,19479.582695523328,30890.845685476008,129235.86562650275,101262.0723456747,47574.737693394054,45577.20782486321,36165.44757120344,137184.34319138492,72182.39935469782,44470.940286445264,38188.13354309623,203939.21690394628,43547.277632866,7982.6548242656445,31087.03101239656,66381.31527142653,38326.781929992176,44977.90486527218,2654.4000082670896,51498.95909655111,33139.268195558885,19264.218965161253,28401.90540451962,75398.8167820973
257,28025.56893476128,24497.950452884364,90382.64408297859,46286.0753241666,82883.81908133942,52231.32278798597,15077.077503691244,20812.003931995332,32159.396608750296,130916.69075719513,99899.31644522658,49513.31499942225,48052.996515388055,38827.65014839014,139182.2812259186,71113.83603707858,47351.49620846431,41478.71183228409,211989.20624793388,45030.0125309614,8626.389735657604,32397.383959344894,68232.41698252583,37445.22447236302,45688.6280354836,2763.45702254865,52708.05637240799,33866.93221669795,19673.85115529077,28906.825396636457,76003.80994787684
258,29128.458106036473,24013.885903721242,94885.11540856716,47897.112797868656,85208.60868493859,49329.40365983483,15877.887657557,20412.846741411555,33121.76807776117,131104.09678706742,96403.39067296807,51918.19966694903,53349.64027057667,39406.10436730216,144500.20180237616,77169.35362115566,52589.09089495101,45194.059776221475,198606.962622766,45913.85050335762,9201.982628842314,31380.61957870909,73775.68410264236,39626.792854648884,47097.440037539236,2909.246299865662,54293.26922066649,34820.52107495984,20030.091523972016,29244.4293347231,76716.19828111232
259,28653.948914850458,22778.979959748838,86724.47267159309,47086.55569245539,85178.19285519488,48536.72901457725,15400.893974922144,20314.432601424465,32377.027568827223,131908.80272315178,93686.1447967698,53756.04347100337,54509.51862691397,38778.317694289995,138539.0699827796,86442.02136880983,50885.38402998852,42987.23923839552,222927.66787638058,46396.31468029378,9534.28437349572,28934.32136054501,80322.42899881331,40694.649155555344,48669.25247847,2958.8341131026045,54824.74232632044,35057.15564924899,20321.358450255993,28925.526651085573,78279.14513641999
260,28078.559024830334,22034.314438490168,85122.00964695851,46358.90908399248,82130.56756783286,46698.753637983726,15161.08725775145,19911.44273134311,31816.44301655597,129757.01896358113,90642.74732427933,50034.913631423595,50248.34482582593,37283.67921136363,131114.93569883073,82162.65668800933,49491.003769614974,40386.639384562826,209299.06750783126,45717.641150234216,9259.159314278028,28289.095956263493,70917.05971287863,41494.921743646046,47447.092603108256,2880.630041815577,53984.81867701836,34689.66608424154,20014.70140334506,28837.254833000836,77002.3044651323
261,27113.662040173338,21822.10143141421,82627.62790289382,46091.52252539337,82599.64850204659,45341.18086840067,14877.595968339714,19365.58598664751,30980.97924773749,126556.3160791514,87540.62267546472,47172.06495415586,48293.8650459357,35120.96375940186,129114.42700897122,78673.58301712257,46773.80703118094,37733.14327929163,201269.61268585577,45254.86574237018,8816.041742960007,26327.19667641638,67981.37102383407,40046.598106115445,47097.440037539236,2804.84000309222,53161.55405642092,34367.15445148243,20025.64674455479,28763.73451396474,74661.35042186211
262,25583.09312435289,20030.699047232403,77311.54876031344,45187.39666251103,79255.83841200937,45794.17456654669,14504.842299377679,18718.304354542033,30189.909910958668,125628.6755670928,86625.27372374215,44051.86749937642,47247.52481465536,32452.6124888075,121535.56936621819,74331.0403979491,43038.219968662954,37221.26399167747,172375.9005303655,44283.19396091015,8344.535078258208,24440.674627529057,61392.61393341374,39626.792854648884,46746.780889319074,2661.912602436558,51582.91688119123,33899.854621344384,19834.2210418946,28622.37827772231,73510.08156475211
263,23245.866998574777,18289.594063049295,71940.53006522037,43692.80718944543,74207.16847511224,44485.278062953206,13951.673913512817,17577.552890167484,27950.071769549304,124098.85613931129,85798.39743314563,41945.07507261881,44706.70165766985,28555.900665513705,119758.52997240548,66878.66361397621,41610.71122018613,36746.042743732185,149420.04372001378,42550.80344698156,7730.892585076833,23507.849827530557,56786.75229217751,38537.330653220306,42819.00901780125,2488.925209936698,49623.38531890416,33103.65273283082,19589.16591706921,28629.82480894394,72732.53465559782
264,20895.821734571153,17402.179242674996,67600.90789908964,42688.534212489714,69889.2212870167,43272.912110432015,13430.392344003822,16776.228548341216,25594.33496229329,114178.10317047742,81354.22028729023,40917.25826570311,40721.45926400309,26375.790629033425,119114.83427512627,61675.01468055576,33998.55905880533,34610.841725875245,129580.19864260626,40598.67305669288,6923.100533106565,21767.186397464462,57389.771712992835,36138.77587487662,39498.83371408926,2343.04196988526,47925.56695158747,32515.19690389734,19422.17268740612,28074.17969593378,72155.92072926047
265,20821.58561909731,17663.276504861275,68437.00499413958,43987.07816584968,68105.65665027508,44121.006164553495,13445.797569211247,16868.980465277375,26126.643782946052,124328.67761835785,85834.59468266768,48987.12244219313,39710.257027636755,29123.035534273695,122953.73277745945,63832.08912355821,38424.33133409411,38321.66402449049,125712.23884904121,41632.221564387415,6482.141298414438,23077.632905755294,62288.41691779269,34950.60544140889,36873.34147231625,2331.971951315424,47794.92881779277,32517.31176518818,19899.506389836297,28530.165606405964,72054.06588055956
266,18667.809159202832,17671.81326741731,61015.96493604457,42778.43206335578,67232.01971083554,43598.74178569622,13246.797926736672,16953.32876947962,24462.720876836127,123403.38024656259,81577.5814493595,46050.8537473296,37525.33551652677,28652.322511060927,122159.09868156006,64409.7902016238,36805.703769639884,37631.810130623795,120682.87728338635,40893.680157529685,6190.814322565338,22494.22831573469,61088.55347530698,34076.097799741685,36131.78897845264,2292.158481243203,47322.90045106109,32351.1904010899,19850.154727510235,28493.947826497988,71823.12954543419
267,18554.853163957454,17268.865415055945,61292.990290012385,43824.53435316377,66911.35245585539,43603.518225569955,13193.241358103638,16782.11846348061,21797.147761825046,120097.2775116367,78809.04865603556,45041.016077656874,36150.68217796997,28248.320006610917,121304.33963818011,62680.48619595403,35194.84621537685,37341.420129559476,115694.45807703865,40357.83687859396,5987.178776940595,22409.284174210454,60053.318596474324,33456.38405733424,35008.267709265994,2263.290619511514,46978.46777995201,32316.81495356044,19762.057007748772,28459.84463015817,71359.1732436538
268,19174.751726790426,17236.89903813464,66576.07893089818,43810.01435337224,67141.52085804817,43828.61223355569,13169.272647741042,16759.881600018267,21010.469940645406,117776.0165297727,77264.93376079838,44442.17435750013,35586.5823319099,27697.64146164249,120023.35041643494,61533.98874730571,32953.229661560305,37137.62318325342,113215.93108767072,40124.137529223844,5966.621432852662,22353.57211171641,59552.73677723225,33028.42295573564,34251.45942827422,2244.5296394894813,46753.62550750452,32281.042338643325,19826.504400640068,28406.708148527196,70690.80024309522
269,19707.508091820768,17136.0044950568,67767.81504997781,43818.82612255807,68428.00206816639,44519.576522675525,13365.241960176054,17059.786901187013,20950.10841468175,116746.75525214602,77172.07172583432,44723.67976151156,35516.806951624865,27630.45331263333,122784.14593405994,61533.98874730571,35516.383157467746,37261.183053415065,110748.04280962156,40018.643238305456,6064.970823267787,23352.1843470169,60177.24407461428,33156.860870271914,34630.66294559075,2246.6112136972274,46778.61144272136,32464.076397092005,19824.211467196805,28432.391481537525,71359.1732436538
270,20655.10272260286,18284.252795043696,71161.02207982748,44464.939000211474,72139.66892880714,46647.28704904811,13700.35499447315,17850.127308421852,21088.981668103595,117154.5250549337,79305.1357298048,46775.0761436791,36860.641718974264,28904.320084874926,125885.85345404659,62106.596263781554,38424.33133409411,37765.050314305816,113215.93108767072,40695.70783502061,6323.357946213638,25393.719240066803,63175.5873294325,32985.60082050472,35384.304173777964,2312.6291750871624,47566.03096431752,32810.982541005804,19942.14731098421,28555.82712157209,71591.50080812868
271,22447.51143944573,19885.498990770015,76095.62254073689,45655.15749354346,76498.61033534378,46765.527675029385,14502.273903881103,19286.606151161686,22690.511807409526,123856.26665888689,87027.63064225888,51631.044191979585,40596.87251376713,32669.957643226808,131598.3978548914,66150.42181236013,41029.66257736909,38147.01963494725,120682.87728338635,42560.824235236185,6655.967584669374,27204.114565362685,65145.60014096121,33627.43700045057,36131.78897845264,2470.2360679163735,49408.27778421489,33380.030121542804,20334.186823981112,28788.61705689874,72513.88655469262
272,24891.863617542625,22231.95937037384,80128.04344104796,45931.17916310289,75952.45892477033,47225.31630212542,15033.507909200232,19841.441803214613,26434.871942509166,133830.36783326618,101637.05179595636,56809.04387142205,44846.237622523615,36990.03996406793,132512.9137988054,72032.39052113894,45632.45041211017,40721.59667309364,156695.74478774986,44343.69959393446,7254.290982125126,30755.311795875416,61818.452625095866,36290.73585693307,37975.00289660879,2560.4994039127128,50440.93147056717,33545.18358519847,20284.068267535346,28243.427831897876,72971.01230128085
273,27099.16213554911,25435.35416526942,85578.54723117361,46030.29326481246,76880.41012068132,48386.83809883166,15070.087660909576,19785.232775713288,31274.499091693866,139787.00634861027,113108.03130146544,58923.38936806044,48160.116449188456,42083.27475104826,133886.30122356018,75618.93975581376,50286.79066494949,43535.55897205531,194427.7084928881,45624.06682956554,7856.889852187754,32242.915141436944,65807.17995293248,37626.641187774665,42614.94442609704,2790.074032719745,53000.06769928571,34175.641392518955,20371.178245482934,28633.204226397524,73401.01608962269
274,28665.730289190105,26694.680430332453,87638.64246280753,47469.6723070365,78949.71847949996,49466.840769657014,15277.651330395835,19957.06328410685,36759.638892692456,146155.76259098065,119914.62684557603,59565.72211900704,50270.82833920868,43958.115399173104,133671.62184787236,82301.9129924627,51960.812191727295,44371.98648783927,208277.71933009205,46004.59550346646,8274.688929126583,33877.91434297301,67804.84047674423,41925.45032974606,43657.72774340876,2847.3719938782647,53624.69922418478,34340.67325453009,20292.531671428198,28695.945526599455,74102.34786050304
275,29745.638838782466,27202.247002117256,90870.20854710261,47777.593824052834,79952.16549757117,47892.82180047176,15352.454036231004,19982.43464060009,39153.541021574005,153824.36036359103,122681.09578707734,61029.3018567335,52641.405355818555,45588.53454055298,135183.57961636514,84765.67026122264,53304.31012340512,48038.908259182834,216676.4465884934,46573.38844416739,8426.454010706038,32884.6399873617,72618.18587971712,43203.39790568179,44003.18159600659,2856.0948556601943,53719.32233082522,34287.75629000752,20374.829105063367,28787.52964652192,73929.39609259002
276,28175.41028489191,24418.4508648825,87381.97582012472,47793.04366364596,79974.19888931984,46308.526052132554,15391.60408875445,19895.551250640245,37493.955908788805,151162.67216233193,108805.0382580125,60622.94632666178,51009.27218392196,44878.41268851047,134188.41854458075,88644.73249767262,51290.48289158975,43942.91288470429,180769.3897324622,45967.18995651342,8219.14887737147,32782.65544016654,75398.0347838523,43935.18151515581,42614.94442609704,2798.8096205742877,53095.64707546353,34419.665870571334,20454.427647459303,28735.200977969784,73212.89435141267
277,27152.502934595963,24197.667174641152,83008.18500081476,45666.42205672664,75750.41404166908,46974.996114254645,14876.255216187774,19504.71599055479,34804.41664218493,137030.23737294597,107858.48948991811,57513.89493101933,47187.6925881408,41039.216727757994,132814.7483899329,86624.97433381829,48618.85844890278,43109.73858733819,172669.97589828612,44728.08530662028,7764.097712090736,33003.01089498334,69811.6068683257,43475.32620318027,42265.1578019765,2697.601700259386,51980.40067093548,33865.92266353405,20458.8805138857,28845.797997686495,72856.98086472585
278,27285.78061327851,25574.538621210362,86420.71552891935,46622.511410742336,74925.44147533896,47863.64489870136,15029.965094675474,19754.983851480636,35507.70051667651,145710.01505534796,113203.52055960758,57690.6470767439,46453.24153497645,41525.002118855824,134529.48572522777,79855.90438703547,48951.950078435264,43249.64342804058,199945.16582399403,44901.587184212905,7717.488953111229,33614.35952025571,70741.46698824866,42198.07622106332,42963.62444019329,2694.6285109330665,51947.37247621731,33623.31313759054,20405.971771035474,28937.064415126737,72513.88655469262
279,27376.937879167617,24996.735553873496,87561.63040230969,46772.30023936118,76557.95259937932,49564.000558873624,15173.095229653838,19876.535937552646,35078.457923783884,147359.6376820582,112631.10982135759,58097.80874075191,47629.493918366155,42051.15913807252,135740.4776961912,82301.9129924627,50286.79066494949,41939.44265429641,211070.02165016645,45491.21272224212,7871.115888826043,33650.279994312594,73299.70493475531,41547.717344459175,43311.213720890344,2709.566647053718,52113.159759701644,33565.731167179365,20226.456055715273,28941.745018152316,73696.92731089037
280,27991.40511220935,25380.85410166207,89040.37701072921,46832.26605904021,78839.38691107601,51019.0850529966,15256.263459920829,20222.524951195326,35098.86236591085,147855.9945425999,112686.93761340798,59240.291357495735,48811.44016156803,42506.460303339976,140283.03210260617,82916.19900368342,51960.812191727295,43628.033061454036,213869.61674348646,45649.87700349326,8149.453214382292,34312.06646270997,73898.66255957971,41988.37743529396,43657.72774340876,2724.5981365275875,52279.592723524416,33572.57003209641,19808.726229713306,28860.949237780937,74728.9356042596
281,29554.789903513865,26646.964110224362,95627.18393252089,48038.17498149255,83297.96155237094,53980.223359999996,15656.993532922223,21605.76411608,36540.217993189355,149778.99068725333,111170.42915590887,61654.217108768666,51462.91481935337,45635.43604583125,142326.0991095057,81688.73622212133,55326.51627416192,47387.35421890149,222311.5837272012,47204.203000573696,8806.639032677509,35758.358242306735,75959.39215122236,41022.599318846726,44347.58999375071,2836.539267088684,53507.01778713416,34309.74838996982,20229.93676120841,29374.02996437565,75328.55370512736
282,30717.85845066006,26120.436362795466,100399.50833751673,49710.1962,85618.9252544416,50981.13709626311,16488.60558752,21191.38325524747,37633.68574993561,149993.39792471577,107280.0765265968,64648.7910211592,57135.41697672544,46315.312639230884,147764.13967296528,88644.73249767262,61446.23562544979,51631.9534672513,208277.71933009205,48130.7154469098,9394.258998316105,34636.112538258014,82130.40615888593,43412.58647726875,45715.05099513853,2986.1840802541856,55116.25967359013,35275.805592467565,20596.24634001566,29717.09040278,76034.61282053012
283,30217.45756725841,24777.20177540324,91688.83917081747,48868.95650124323,85598.66770395073,50161.920731085105,15993.265094481467,21089.215645573942,36787.495105382266,150914.04480487792,104256.25813696138,66937.28293305181,58377.6021760164,45577.453962303975,141668.35915630902,99296.28150592114,59455.58753323807,49110.771349871466,233782.67119999998,48636.47451,9733.504221957563,31936.030082143665,89418.53671140052,44582.4617224959,47240.728098494255,3037.0832902899997,55655.78897659999,35515.534205979995,20895.745988195715,29393.033476557364,77583.67366641462
284,29610.671408813723,23967.21257009137,90015.01515572706,48113.76576931743,82543.72435182528,48262.403045855826,15744.234589798201,20670.85592862415,36150.54653346681,148452.23494838332,100869.49018751014,62303.71422487612,53814.04859438641,43820.755356064685,134076.5302065848,94380.55888302805,57826.36336198293,46139.71605400097,219490.45422564246,47925.032489813566,9452.630396449893,31223.86760685586,78948.0570550762,45459.189321,46054.44067009388,2956.811038092181,54803.13356230231,35143.23964942937,20580.421214341317,29303.334971313256,76318.17709267775
285,28593.124620505692,23736.383775080485,87357.99441574143,47836.25763755805,83020.2378691778,46859.37364859151,15449.839254636416,20104.180460677824,35201.274113668595,144790.37911665605,97417.36918433066,58738.8813329586,51720.87577016036,41278.84354022887,132030.83447897833,90372.64657448647,54651.53169653286,43108.229435819805,211070.02165016645,47439.91283141982,9000.253838096187,29058.436676626046,75679.91651093934,43872.49833159803,45715.05099513853,2879.0166598410206,53967.38969827917,34816.511119605595,20591.675927958655,29228.626385201682,73998.02126771785
286,26979.03989504576,21787.835665716386,81711.56975209892,46897.907256752296,79673.08864668496,47327.53527463056,15062.748203145651,19432.21180712388,34302.443629835434,143729.08541290354,96398.74624063703,54853.59651004895,50600.285544799524,38142.64103269519,124280.78731422176,85384.35121145724,50286.79066494949,42523.432945090535,180769.3897324622,46421.32568378285,8518.894993344904,26976.202773395555,68345.01609625007,43412.58647726875,45374.68428242507,2732.3094083821948,52364.82316048773,34343.101260923235,20394.83953691763,29084.985488560014,72856.98086472585
287,24514.282542030967,19893.997154005407,75975.73755795698,45346.742027689674,74620.3747390748,45974.812007293534,14488.303066945835,18247.95261060996,31757.489974383785,141978.8516688209,95478.57786155854,52230.2084843444,47879.161469693965,33562.70527759949,122463.60855656968,76823.7774151512,48618.85844890278,41980.51643168028,156695.74478774986,44605.28991342798,7892.430377420767,25946.60472259267,63217.56398370752,42219.041185659684,41562.19911846305,2554.747200056411,50375.588546770654,33536.48889084708,20142.85787663683,29092.5523738279,72086.34207510922
288,22036.006571860504,18928.73636964413,71351.99272199931,44304.4535930296,70288.83914551703,44721.85149590082,13946.971223248956,17416.066129781706,29080.849690396222,130628.73001561339,90532.98766004284,50950.36607099837,43611.119834162026,31000.34902471161,121805.37320649222,70846.3259260616,39724.6545871302,39541.1560346924,135889.83934508177,42558.90453515573,7067.759427792529,24025.361124970907,63888.87229559458,39591.33757317581,38339.47654158809,2405.005939222765,48652.034239674365,32940.33889709702,19971.1445476618,28527.926685079023,81614.03554549273
