Time_Index,Demand_Tonnes_Region1Beijing,Demand_Tonnes_Region2Tianjin,Demand_Tonnes_Region3Hebei,Demand_Tonnes_Region4Shanxi,Demand_Tonnes_Region5Innermongolia,Demand_Tonnes_Region6Liaoning,Demand_Tonnes_Region7Jilin,Demand_Tonnes_Region8Heilongjiang,Demand_Tonnes_Region9Shanghai,Demand_Tonnes_Region10Jiangsu,Demand_Tonnes_Region11Zhejiang,Demand_Tonnes_Region12Anhui,Demand_Tonnes_Region13Fujian,Demand_Tonnes_Region14Jiangxi,Demand_Tonnes_Region15Shandong,Demand_Tonnes_Region16Henan,Demand_Tonnes_Region17Hubei,Demand_Tonnes_Region18Hunan,Demand_Tonnes_Region19Guangdong,Demand_Tonnes_Region20Guangxi,Demand_Tonnes_Region21Hainan,Demand_Tonnes_Region22Chongqing,Demand_Tonnes_Region23Sichuan,Demand_Tonnes_Region24Guizhou,Demand_Tonnes_Region25Yunnan,Demand_Tonnes_Region26Tibet,Demand_Tonnes_Region27Shaanxi,Demand_Tonnes_Region28Gansu,Demand_Tonnes_Region29Qinghai,Demand_Tonnes_Region30Ningxia,Demand_Tonnes_Region31Xinjiang
1,15247.34018,228.2648402,6253.207763,8167.16895,4769.531963,16268.92694,11415.5137,6782.442922,1764.189498,11564.60046,2225.502283,10982.81963,11191.03881,9399.760274,4330,16402.7968,9615.125571,2332.237443,4373.789954,1907.865297,1360.924658,6625.490868,14805.53653,504.1666667,5327.648402,14131.74658,552.4771689,5487.93379,1366.015982,10611.66667,14529.52055
2,15247.34018,228.2648402,6253.207763,8167.16895,4769.531963,16268.92694,11415.5137,6782.442922,1764.189498,11564.60046,2225.502283,10982.81963,11191.03881,9399.760274,4330,16402.7968,9615.125571,2332.237443,4373.789954,1907.865297,1360.924658,6625.490868,14805.53653,504.1666667,5327.648402,14131.74658,552.4771689,5487.93379,1366.015982,10611.66667,14529.52055
3,15247.34018,228.2648402,6253.207763,8167.16895,4769.531963,16268.92694,11415.5137,6782.442922,1764.189498,11564.60046,2225.502283,10982.81963,11191.03881,9399.760274,4330,16402.7968,9615.125571,2332.237443,4373.789954,1907.865297,1360.924658,6625.490868,14805.53653,504.1666667,5327.648402,14131.74658,552.4771689,5487.93379,1366.015982,10611.66667,14529.52055
4,15247.34018,228.2648402,6253.207763,8167.16895,4769.531963,16268.92694,11415.5137,6782.442922,1764.189498,11564.60046,2225.502283,10982.81963,11191.03881,9399.760274,4330,16402.7968,9615.125571,2332.237443,4373.789954,1907.865297,1360.924658,6625.490868,14805.53653,504.1666667,5327.648402,14131.74658,552.4771689,5487.93379,1366.015982,10611.66667,14529.52055
5,15247.34018,228.2648402,6253.207763,8167.16895,4769.531963,16268.92694,11415.5137,6782.442922,1764.189498,11564.60046,2225.502283,10982.81963,11191.03881,9399.760274,4330,16402.7968,9615.125571,2332.237443,4373.789954,1907.865297,1360.924658,6625.490868,14805.53653,504.1666667,5327.648402,14131.74658,552.4771689,5487.93379,1366.015982,10611.66667,14529.52055
6,15247.34018,228.2648402,6253.207763,8167.16895,4769.531963,16268.92694,11415.5137,6782.442922,1764.189498,11564.60046,2225.502283,10982.81963,11191.03881,9399.760274,4330,16402.7968,9615.125571,2332.237443,4373.789954,1907.865297,1360.924658,6625.490868,14805.53653,504.1666667,5327.648402,14131.74658,552.4771689,5487.93379,1366.015982,10611.66667,14529.52055
7,15247.34018,228.2648402,6253.207763,8167.16895,4769.531963,16268.92694,11415.5137,6782.442922,1764.189498,11564.60046,2225.502283,10982.81963,11191.03881,9399.760274,4330,16402.7968,9615.125571,2332.237443,4373.789954,1907.865297,1360.924658,6625.490868,14805.53653,504.1666667,5327.648402,14131.74658,552.4771689,5487.93379,1366.015982,10611.66667,14529.52055
8,15247.34018,228.2648402,6253.207763,8167.16895,4769.531963,16268.92694,11415.5137,6782.442922,1764.189498,11564.60046,2225.502283,10982.81963,11191.03881,9399.760274,4330,16402.7968,9615.125571,2332.237443,4373.789954,1907.865297,1360.924658,6625.490868,14805.53653,504.1666667,5327.648402,14131.74658,552.4771689,5487.93379,1366.015982,10611.66667,14529.52055
9,15247.34018,228.2648402,6253.207763,8167.16895,4769.531963,16268.92694,11415.5137,6782.442922,1764.189498,11564.60046,2225.502283,10982.81963,11191.03881,9399.760274,4330,16402.7968,9615.125571,2332.237443,4373.789954,1907.865297,1360.924658,6625.490868,14805.53653,504.1666667,5327.648402,14131.74658,552.4771689,5487.93379,1366.015982,10611.66667,14529.52055
10,15247.34018,228.2648402,6253.207763,8167.16895,4769.531963,16268.92694,11415.5137,6782.442922,1764.189498,11564.60046,2225.502283,10982.81963,11191.03881,9399.760274,4330,16402.7968,9615.125571,2332.237443,4373.789954,1907.865297,1360.924658,6625.490868,14805.53653,504.1666667,5327.648402,14131.74658,552.4771689,5487.93379,1366.015982,10611.66667,14529.52055
11,15247.34018,228.2648402,6253.207763,8167.16895,4769.531963,16268.92694,11415.5137,6782.442922,1764.189498,11564.60046,2225.502283,10982.81963,11191.03881,9399.760274,4330,16402.7968,9615.125571,2332.237443,4373.789954,1907.865297,1360.924658,6625.490868,14805.53653,504.1666667,5327.648402,14131.74658,552.4771689,5487.93379,1366.015982,10611.66667,14529.52055
12,15247.34018,228.2648402,6253.207763,8167.16895,4769.531963,16268.92694,11415.5137,6782.442922,1764.189498,11564.60046,2225.502283,10982.81963,11191.03881,9399.760274,4330,16402.7968,9615.125571,2332.237443,4373.789954,1907.865297,1360.924658,6625.490868,14805.53653,504.1666667,5327.648402,14131.74658,552.4771689,5487.93379,1366.015982,10611.66667,14529.52055
13,15247.34018,228.2648402,6253.207763,8167.16895,4769.531963,16268.92694,11415.5137,6782.442922,1764.189498,11564.60046,2225.502283,10982.81963,11191.03881,9399.760274,4330,16402.7968,9615.125571,2332.237443,4373.789954,1907.865297,1360.924658,6625.490868,14805.53653,504.1666667,5327.648402,14131.74658,552.4771689,5487.93379,1366.015982,10611.66667,14529.52055
14,15247.34018,228.2648402,6253.207763,8167.16895,4769.531963,16268.92694,11415.5137,6782.442922,1764.189498,11564.60046,2225.502283,10982.81963,11191.03881,9399.760274,4330,16402.7968,9615.125571,2332.237443,4373.789954,1907.865297,1360.924658,6625.490868,14805.53653,504.1666667,5327.648402,14131.74658,552.4771689,5487.93379,1366.015982,10611.66667,14529.52055
15,15247.34018,228.2648402,6253.207763,8167.16895,4769.531963,16268.92694,11415.5137,6782.442922,1764.189498,11564.60046,2225.502283,10982.81963,11191.03881,9399.760274,4330,16402.7968,9615.125571,2332.237443,4373.789954,1907.865297,1360.924658,6625.490868,14805.53653,504.1666667,5327.648402,14131.74658,552.4771689,5487.93379,1366.015982,10611.66667,14529.52055
16,15247.34018,228.2648402,6253.207763,8167.16895,4769.531963,16268.92694,11415.5137,6782.442922,1764.189498,11564.60046,2225.502283,10982.81963,11191.03881,9399.760274,4330,16402.7968,9615.125571,2332.237443,4373.789954,1907.865297,1360.924658,6625.490868,14805.53653,504.1666667,5327.648402,14131.74658,552.4771689,5487.93379,1366.015982,10611.66667,14529.52055
17,15247.34018,228.2648402,6253.207763,8167.16895,4769.531963,16268.92694,11415.5137,6782.442922,1764.189498,11564.60046,2225.502283,10982.81963,11191.03881,9399.760274,4330,16402.7968,9615.125571,2332.237443,4373.789954,1907.865297,1360.924658,6625.490868,14805.53653,504.1666667,5327.648402,14131.74658,552.4771689,5487.93379,1366.015982,10611.66667,14529.52055
18,15247.34018,228.2648402,6253.207763,8167.16895,4769.531963,16268.92694,11415.5137,6782.442922,1764.189498,11564.60046,2225.502283,10982.81963,11191.03881,9399.760274,4330,16402.7968,9615.125571,2332.237443,4373.789954,1907.865297,1360.924658,6625.490868,14805.53653,504.1666667,5327.648402,14131.74658,552.4771689,5487.93379,1366.015982,10611.66667,14529.52055
19,15247.34018,228.2648402,6253.207763,8167.16895,4769.531963,16268.92694,11415.5137,6782.442922,1764.189498,11564.60046,2225.502283,10982.81963,11191.03881,9399.760274,4330,16402.7968,9615.125571,2332.237443,4373.789954,1907.865297,1360.924658,6625.490868,14805.53653,504.1666667,5327.648402,14131.74658,552.4771689,5487.93379,1366.015982,10611.66667,14529.52055
20,15247.34018,228.2648402,6253.207763,8167.16895,4769.531963,16268.92694,11415.5137,6782.442922,1764.189498,11564.60046,2225.502283,10982.81963,11191.03881,9399.760274,4330,16402.7968,9615.125571,2332.237443,4373.789954,1907.865297,1360.924658,6625.490868,14805.53653,504.1666667,5327.648402,14131.74658,552.4771689,5487.93379,1366.015982,10611.66667,14529.52055
21,15247.34018,228.2648402,6253.207763,8167.16895,4769.531963,16268.92694,11415.5137,6782.442922,1764.189498,11564.60046,2225.502283,10982.81963,11191.03881,9399.760274,4330,16402.7968,9615.125571,2332.237443,4373.789954,1907.865297,1360.924658,6625.490868,14805.53653,504.1666667,5327.648402,14131.74658,552.4771689,5487.93379,1366.015982,10611.66667,14529.52055
22,15247.34018,228.2648402,6253.207763,8167.16895,4769.531963,16268.92694,11415.5137,6782.442922,1764.189498,11564.60046,2225.502283,10982.81963,11191.03881,9399.760274,4330,16402.7968,9615.125571,2332.237443,4373.789954,1907.865297,1360.924658,6625.490868,14805.53653,504.1666667,5327.648402,14131.74658,552.4771689,5487.93379,1366.015982,10611.66667,14529.52055
23,15247.34018,228.2648402,6253.207763,8167.16895,4769.531963,16268.92694,11415.5137,6782.442922,1764.189498,11564.60046,2225.502283,10982.81963,11191.03881,9399.760274,4330,16402.7968,9615.125571,2332.237443,4373.789954,1907.865297,1360.924658,6625.490868,14805.53653,504.1666667,5327.648402,14131.74658,552.4771689,5487.93379,1366.015982,10611.66667,14529.52055
24,15247.34018,228.2648402,6253.207763,8167.16895,4769.531963,16268.92694,11415.5137,6782.442922,1764.189498,11564.60046,2225.502283,10982.81963,11191.03881,9399.760274,4330,16402.7968,9615.125571,2332.237443,4373.789954,1907.865297,1360.924658,6625.490868,14805.53653,504.1666667,5327.648402,14131.74658,552.4771689,5487.93379,1366.015982,10611.66667,14529.52055
25,15247.34018,228.2648402,6253.207763,8167.16895,4769.531963,16268.92694,11415.5137,6782.442922,1764.189498,11564.60046,2225.502283,10982.81963,11191.03881,9399.760274,4330,16402.7968,9615.125571,2332.237443,4373.789954,1907.865297,1360.924658,6625.490868,14805.53653,504.1666667,5327.648402,14131.74658,552.4771689,5487.93379,1366.015982,10611.66667,14529.52055
26,15247.34018,228.2648402,6253.207763,8167.16895,4769.531963,16268.92694,11415.5137,6782.442922,1764.189498,11564.60046,2225.502283,10982.81963,11191.03881,9399.760274,4330,16402.7968,9615.125571,2332.237443,4373.789954,1907.865297,1360.924658,6625.490868,14805.53653,504.1666667,5327.648402,14131.74658,552.4771689,5487.93379,1366.015982,10611.66667,14529.52055
27,15247.34018,228.2648402,6253.207763,8167.16895,4769.531963,16268.92694,11415.5137,6782.442922,1764.189498,11564.60046,2225.502283,10982.81963,11191.03881,9399.760274,4330,16402.7968,9615.125571,2332.237443,4373.789954,1907.865297,1360.924658,6625.490868,14805.53653,504.1666667,5327.648402,14131.74658,552.4771689,5487.93379,1366.015982,10611.66667,14529.52055
28,15247.34018,228.2648402,6253.207763,8167.16895,4769.531963,16268.92694,11415.5137,6782.442922,1764.189498,11564.60046,2225.502283,10982.81963,11191.03881,9399.760274,4330,16402.7968,9615.125571,2332.237443,4373.789954,1907.865297,1360.924658,6625.490868,14805.53653,504.1666667,5327.648402,14131.74658,552.4771689,5487.93379,1366.015982,10611.66667,14529.52055
29,15247.34018,228.2648402,6253.207763,8167.16895,4769.531963,16268.92694,11415.5137,6782.442922,1764.189498,11564.60046,2225.502283,10982.81963,11191.03881,9399.760274,4330,16402.7968,9615.125571,2332.237443,4373.789954,1907.865297,1360.924658,6625.490868,14805.53653,504.1666667,5327.648402,14131.74658,552.4771689,5487.93379,1366.015982,10611.66667,14529.52055
30,15247.34018,228.2648402,6253.207763,8167.16895,4769.531963,16268.92694,11415.5137,6782.442922,1764.189498,11564.60046,2225.502283,10982.81963,11191.03881,9399.760274,4330,16402.7968,9615.125571,2332.237443,4373.789954,1907.865297,1360.924658,6625.490868,14805.53653,504.1666667,5327.648402,14131.74658,552.4771689,5487.93379,1366.015982,10611.66667,14529.52055
31,15247.34018,228.2648402,6253.207763,8167.16895,4769.531963,16268.92694,11415.5137,6782.442922,1764.189498,11564.60046,2225.502283,10982.81963,11191.03881,9399.760274,4330,16402.7968,9615.125571,2332.237443,4373.789954,1907.865297,1360.924658,6625.490868,14805.53653,504.1666667,5327.648402,14131.74658,552.4771689,5487.93379,1366.015982,10611.66667,14529.52055
32,15247.34018,228.2648402,6253.207763,8167.16895,4769.531963,16268.92694,11415.5137,6782.442922,1764.189498,11564.60046,2225.502283,10982.81963,11191.03881,9399.760274,4330,16402.7968,9615.125571,2332.237443,4373.789954,1907.865297,1360.924658,6625.490868,14805.53653,504.1666667,5327.648402,14131.74658,552.4771689,5487.93379,1366.015982,10611.66667,14529.52055
33,15247.34018,228.2648402,6253.207763,8167.16895,4769.531963,16268.92694,11415.5137,6782.442922,1764.189498,11564.60046,2225.502283,10982.81963,11191.03881,9399.760274,4330,16402.7968,9615.125571,2332.237443,4373.789954,1907.865297,1360.924658,6625.490868,14805.53653,504.1666667,5327.648402,14131.74658,552.4771689,5487.93379,1366.015982,10611.66667,14529.52055
34,15247.34018,228.2648402,6253.207763,8167.16895,4769.531963,16268.92694,11415.5137,6782.442922,1764.189498,11564.60046,2225.502283,10982.81963,11191.03881,9399.760274,4330,16402.7968,9615.125571,2332.237443,4373.789954,1907.865297,1360.924658,6625.490868,14805.53653,504.1666667,5327.648402,14131.74658,552.4771689,5487.93379,1366.015982,10611.66667,14529.52055
35,15247.34018,228.2648402,6253.207763,8167.16895,4769.531963,16268.92694,11415.5137,6782.442922,1764.189498,11564.60046,2225.502283,10982.81963,11191.03881,9399.760274,4330,16402.7968,9615.125571,2332.237443,4373.789954,1907.865297,1360.924658,6625.490868,14805.53653,504.1666667,5327.648402,14131.74658,552.4771689,5487.93379,1366.015982,10611.66667,14529.52055
36,15247.34018,228.2648402,6253.207763,8167.16895,4769.531963,16268.92694,11415.5137,6782.442922,1764.189498,11564.60046,2225.502283,10982.81963,11191.03881,9399.760274,4330,16402.7968,9615.125571,2332.237443,4373.789954,1907.865297,1360.924658,6625.490868,14805.53653,504.1666667,5327.648402,14131.74658,552.4771689,5487.93379,1366.015982,10611.66667,14529.52055
37,15247.34018,228.2648402,6253.207763,8167.16895,4769.531963,16268.92694,11415.5137,6782.442922,1764.189498,11564.60046,2225.502283,10982.81963,11191.03881,9399.760274,4330,16402.7968,9615.125571,2332.237443,4373.789954,1907.865297,1360.924658,6625.490868,14805.53653,504.1666667,5327.648402,14131.74658,552.4771689,5487.93379,1366.015982,10611.66667,14529.52055
38,15247.34018,228.2648402,6253.207763,8167.16895,4769.531963,16268.92694,11415.5137,6782.442922,1764.189498,11564.60046,2225.502283,10982.81963,11191.03881,9399.760274,4330,16402.7968,9615.125571,2332.237443,4373.789954,1907.865297,1360.924658,6625.490868,14805.53653,504.1666667,5327.648402,14131.74658,552.4771689,5487.93379,1366.015982,10611.66667,14529.52055
39,15247.34018,228.2648402,6253.207763,8167.16895,4769.531963,16268.92694,11415.5137,6782.442922,1764.189498,11564.60046,2225.502283,10982.81963,11191.03881,9399.760274,4330,16402.7968,9615.125571,2332.237443,4373.789954,1907.865297,1360.924658,6625.490868,14805.53653,504.1666667,5327.648402,14131.74658,552.4771689,5487.93379,1366.015982,10611.66667,14529.52055
40,15247.34018,228.2648402,6253.207763,8167.16895,4769.531963,16268.92694,11415.5137,6782.442922,1764.189498,11564.60046,2225.502283,10982.81963,11191.03881,9399.760274,4330,16402.7968,9615.125571,2332.237443,4373.789954,1907.865297,1360.924658,6625.490868,14805.53653,504.1666667,5327.648402,14131.74658,552.4771689,5487.93379,1366.015982,10611.66667,14529.52055
41,15247.34018,228.2648402,6253.207763,8167.16895,4769.531963,16268.92694,11415.5137,6782.442922,1764.189498,11564.60046,2225.502283,10982.81963,11191.03881,9399.760274,4330,16402.7968,9615.125571,2332.237443,4373.789954,1907.865297,1360.924658,6625.490868,14805.53653,504.1666667,5327.648402,14131.74658,552.4771689,5487.93379,1366.015982,10611.66667,14529.52055
42,15247.34018,228.2648402,6253.207763,8167.16895,4769.531963,16268.92694,11415.5137,6782.442922,1764.189498,11564.60046,2225.502283,10982.81963,11191.03881,9399.760274,4330,16402.7968,9615.125571,2332.237443,4373.789954,1907.865297,1360.924658,6625.490868,14805.53653,504.1666667,5327.648402,14131.74658,552.4771689,5487.93379,1366.015982,10611.66667,14529.52055
43,15247.34018,228.2648402,6253.207763,8167.16895,4769.531963,16268.92694,11415.5137,6782.442922,1764.189498,11564.60046,2225.502283,10982.81963,11191.03881,9399.760274,4330,16402.7968,9615.125571,2332.237443,4373.789954,1907.865297,1360.924658,6625.490868,14805.53653,504.1666667,5327.648402,14131.74658,552.4771689,5487.93379,1366.015982,10611.66667,14529.52055
44,15247.34018,228.2648402,6253.207763,8167.16895,4769.531963,16268.92694,11415.5137,6782.442922,1764.189498,11564.60046,2225.502283,10982.81963,11191.03881,9399.760274,4330,16402.7968,9615.125571,2332.237443,4373.789954,1907.865297,1360.924658,6625.490868,14805.53653,504.1666667,5327.648402,14131.74658,552.4771689,5487.93379,1366.015982,10611.66667,14529.52055
45,15247.34018,228.2648402,6253.207763,8167.16895,4769.531963,16268.92694,11415.5137,6782.442922,1764.189498,11564.60046,2225.502283,10982.81963,11191.03881,9399.760274,4330,16402.7968,9615.125571,2332.237443,4373.789954,1907.865297,1360.924658,6625.490868,14805.53653,504.1666667,5327.648402,14131.74658,552.4771689,5487.93379,1366.015982,10611.66667,14529.52055
46,15247.34018,228.2648402,6253.207763,8167.16895,4769.531963,16268.92694,11415.5137,6782.442922,1764.189498,11564.60046,2225.502283,10982.81963,11191.03881,9399.760274,4330,16402.7968,9615.125571,2332.237443,4373.789954,1907.865297,1360.924658,6625.490868,14805.53653,504.1666667,5327.648402,14131.74658,552.4771689,5487.93379,1366.015982,10611.66667,14529.52055
47,15247.34018,228.2648402,6253.207763,8167.16895,4769.531963,16268.92694,11415.5137,6782.442922,1764.189498,11564.60046,2225.502283,10982.81963,11191.03881,9399.760274,4330,16402.7968,9615.125571,2332.237443,4373.789954,1907.865297,1360.924658,6625.490868,14805.53653,504.1666667,5327.648402,14131.74658,552.4771689,5487.93379,1366.015982,10611.66667,14529.52055
48,15247.34018,228.2648402,6253.207763,8167.16895,4769.531963,16268.92694,11415.5137,6782.442922,1764.189498,11564.60046,2225.502283,10982.81963,11191.03881,9399.760274,4330,16402.7968,9615.125571,2332.237443,4373.789954,1907.865297,1360.924658,6625.490868,14805.53653,504.1666667,5327.648402,14131.74658,552.4771689,5487.93379,1366.015982,10611.66667,14529.52055
49,15247.34018,228.2648402,6253.207763,8167.16895,4769.531963,16268.92694,11415.5137,6782.442922,1764.189498,11564.60046,2225.502283,10982.81963,11191.03881,9399.760274,4330,16402.7968,9615.125571,2332.237443,4373.789954,1907.865297,1360.924658,6625.490868,14805.53653,504.1666667,5327.648402,14131.74658,552.4771689,5487.93379,1366.015982,10611.66667,14529.52055
50,15247.34018,228.2648402,6253.207763,8167.16895,4769.531963,16268.92694,11415.5137,6782.442922,1764.189498,11564.60046,2225.502283,10982.81963,11191.03881,9399.760274,4330,16402.7968,9615.125571,2332.237443,4373.789954,1907.865297,1360.924658,6625.490868,14805.53653,504.1666667,5327.648402,14131.74658,552.4771689,5487.93379,1366.015982,10611.66667,14529.52055
51,15247.34018,228.2648402,6253.207763,8167.16895,4769.531963,16268.92694,11415.5137,6782.442922,1764.189498,11564.60046,2225.502283,10982.81963,11191.03881,9399.760274,4330,16402.7968,9615.125571,2332.237443,4373.789954,1907.865297,1360.924658,6625.490868,14805.53653,504.1666667,5327.648402,14131.74658,552.4771689,5487.93379,1366.015982,10611.66667,14529.52055
52,15247.34018,228.2648402,6253.207763,8167.16895,4769.531963,16268.92694,11415.5137,6782.442922,1764.189498,11564.60046,2225.502283,10982.81963,11191.03881,9399.760274,4330,16402.7968,9615.125571,2332.237443,4373.789954,1907.865297,1360.924658,6625.490868,14805.53653,504.1666667,5327.648402,14131.74658,552.4771689,5487.93379,1366.015982,10611.66667,14529.52055
53,15247.34018,228.2648402,6253.207763,8167.16895,4769.531963,16268.92694,11415.5137,6782.442922,1764.189498,11564.60046,2225.502283,10982.81963,11191.03881,9399.760274,4330,16402.7968,9615.125571,2332.237443,4373.789954,1907.865297,1360.924658,6625.490868,14805.53653,504.1666667,5327.648402,14131.74658,552.4771689,5487.93379,1366.015982,10611.66667,14529.52055
54,15247.34018,228.2648402,6253.207763,8167.16895,4769.531963,16268.92694,11415.5137,6782.442922,1764.189498,11564.60046,2225.502283,10982.81963,11191.03881,9399.760274,4330,16402.7968,9615.125571,2332.237443,4373.789954,1907.865297,1360.924658,6625.490868,14805.53653,504.1666667,5327.648402,14131.74658,552.4771689,5487.93379,1366.015982,10611.66667,14529.52055
55,15247.34018,228.2648402,6253.207763,8167.16895,4769.531963,16268.92694,11415.5137,6782.442922,1764.189498,11564.60046,2225.502283,10982.81963,11191.03881,9399.760274,4330,16402.7968,9615.125571,2332.237443,4373.789954,1907.865297,1360.924658,6625.490868,14805.53653,504.1666667,5327.648402,14131.74658,552.4771689,5487.93379,1366.015982,10611.66667,14529.52055
56,15247.34018,228.2648402,6253.207763,8167.16895,4769.531963,16268.92694,11415.5137,6782.442922,1764.189498,11564.60046,2225.502283,10982.81963,11191.03881,9399.760274,4330,16402.7968,9615.125571,2332.237443,4373.789954,1907.865297,1360.924658,6625.490868,14805.53653,504.1666667,5327.648402,14131.74658,552.4771689,5487.93379,1366.015982,10611.66667,14529.52055
57,15247.34018,228.2648402,6253.207763,8167.16895,4769.531963,16268.92694,11415.5137,6782.442922,1764.189498,11564.60046,2225.502283,10982.81963,11191.03881,9399.760274,4330,16402.7968,9615.125571,2332.237443,4373.789954,1907.865297,1360.924658,6625.490868,14805.53653,504.1666667,5327.648402,14131.74658,552.4771689,5487.93379,1366.015982,10611.66667,14529.52055
58,15247.34018,228.2648402,6253.207763,8167.16895,4769.531963,16268.92694,11415.5137,6782.442922,1764.189498,11564.60046,2225.502283,10982.81963,11191.03881,9399.760274,4330,16402.7968,9615.125571,2332.237443,4373.789954,1907.865297,1360.924658,6625.490868,14805.53653,504.1666667,5327.648402,14131.74658,552.4771689,5487.93379,1366.015982,10611.66667,14529.52055
59,15247.34018,228.2648402,6253.207763,8167.16895,4769.531963,16268.92694,11415.5137,6782.442922,1764.189498,11564.60046,2225.502283,10982.81963,11191.03881,9399.760274,4330,16402.7968,9615.125571,2332.237443,4373.789954,1907.865297,1360.924658,6625.490868,14805.53653,504.1666667,5327.648402,14131.74658,552.4771689,5487.93379,1366.015982,10611.66667,14529.52055
60,15247.34018,228.2648402,6253.207763,8167.16895,4769.531963,16268.92694,11415.5137,6782.442922,1764.189498,11564.60046,2225.502283,10982.81963,11191.03881,9399.760274,4330,16402.7968,9615.125571,2332.237443,4373.789954,1907.865297,1360.924658,6625.490868,14805.53653,504.1666667,5327.648402,14131.74658,552.4771689,5487.93379,1366.015982,10611.66667,14529.52055
61,15247.34018,228.2648402,6253.207763,8167.16895,4769.531963,16268.92694,11415.5137,6782.442922,1764.189498,11564.60046,2225.502283,10982.81963,11191.03881,9399.760274,4330,16402.7968,9615.125571,2332.237443,4373.789954,1907.865297,1360.924658,6625.490868,14805.53653,504.1666667,5327.648402,14131.74658,552.4771689,5487.93379,1366.015982,10611.66667,14529.52055
62,15247.34018,228.2648402,6253.207763,8167.16895,4769.531963,16268.92694,11415.5137,6782.442922,1764.189498,11564.60046,2225.502283,10982.81963,11191.03881,9399.760274,4330,16402.7968,9615.125571,2332.237443,4373.789954,1907.865297,1360.924658,6625.490868,14805.53653,504.1666667,5327.648402,14131.74658,552.4771689,5487.93379,1366.015982,10611.66667,14529.52055
63,15247.34018,228.2648402,6253.207763,8167.16895,4769.531963,16268.92694,11415.5137,6782.442922,1764.189498,11564.60046,2225.502283,10982.81963,11191.03881,9399.760274,4330,16402.7968,9615.125571,2332.237443,4373.789954,1907.865297,1360.924658,6625.490868,14805.53653,504.1666667,5327.648402,14131.74658,552.4771689,5487.93379,1366.015982,10611.66667,14529.52055
64,15247.34018,228.2648402,6253.207763,8167.16895,4769.531963,16268.92694,11415.5137,6782.442922,1764.189498,11564.60046,2225.502283,10982.81963,11191.03881,9399.760274,4330,16402.7968,9615.125571,2332.237443,4373.789954,1907.865297,1360.924658,6625.490868,14805.53653,504.1666667,5327.648402,14131.74658,552.4771689,5487.93379,1366.015982,10611.66667,14529.52055
65,15247.34018,228.2648402,6253.207763,8167.16895,4769.531963,16268.92694,11415.5137,6782.442922,1764.189498,11564.60046,2225.502283,10982.81963,11191.03881,9399.760274,4330,16402.7968,9615.125571,2332.237443,4373.789954,1907.865297,1360.924658,6625.490868,14805.53653,504.1666667,5327.648402,14131.74658,552.4771689,5487.93379,1366.015982,10611.66667,14529.52055
66,15247.34018,228.2648402,6253.207763,8167.16895,4769.531963,16268.92694,11415.5137,6782.442922,1764.189498,11564.60046,2225.502283,10982.81963,11191.03881,9399.760274,4330,16402.7968,9615.125571,2332.237443,4373.789954,1907.865297,1360.924658,6625.490868,14805.53653,504.1666667,5327.648402,14131.74658,552.4771689,5487.93379,1366.015982,10611.66667,14529.52055
67,15247.34018,228.2648402,6253.207763,8167.16895,4769.531963,16268.92694,11415.5137,6782.442922,1764.189498,11564.60046,2225.502283,10982.81963,11191.03881,9399.760274,4330,16402.7968,9615.125571,2332.237443,4373.789954,1907.865297,1360.924658,6625.490868,14805.53653,504.1666667,5327.648402,14131.74658,552.4771689,5487.93379,1366.015982,10611.66667,14529.52055
68,15247.34018,228.2648402,6253.207763,8167.16895,4769.531963,16268.92694,11415.5137,6782.442922,1764.189498,11564.60046,2225.502283,10982.81963,11191.03881,9399.760274,4330,16402.7968,9615.125571,2332.237443,4373.789954,1907.865297,1360.924658,6625.490868,14805.53653,504.1666667,5327.648402,14131.74658,552.4771689,5487.93379,1366.015982,10611.66667,14529.52055
69,15247.34018,228.2648402,6253.207763,8167.16895,4769.531963,16268.92694,11415.5137,6782.442922,1764.189498,11564.60046,2225.502283,10982.81963,11191.03881,9399.760274,4330,16402.7968,9615.125571,2332.237443,4373.789954,1907.865297,1360.924658,6625.490868,14805.53653,504.1666667,5327.648402,14131.74658,552.4771689,5487.93379,1366.015982,10611.66667,14529.52055
70,15247.34018,228.2648402,6253.207763,8167.16895,4769.531963,16268.92694,11415.5137,6782.442922,1764.189498,11564.60046,2225.502283,10982.81963,11191.03881,9399.760274,4330,16402.7968,9615.125571,2332.237443,4373.789954,1907.865297,1360.924658,6625.490868,14805.53653,504.1666667,5327.648402,14131.74658,552.4771689,5487.93379,1366.015982,10611.66667,14529.52055
71,15247.34018,228.2648402,6253.207763,8167.16895,4769.531963,16268.92694,11415.5137,6782.442922,1764.189498,11564.60046,2225.502283,10982.81963,11191.03881,9399.760274,4330,16402.7968,9615.125571,2332.237443,4373.789954,1907.865297,1360.924658,6625.490868,14805.53653,504.1666667,5327.648402,14131.74658,552.4771689,5487.93379,1366.015982,10611.66667,14529.52055
72,15247.34018,228.2648402,6253.207763,8167.16895,4769.531963,16268.92694,11415.5137,6782.442922,1764.189498,11564.60046,2225.502283,10982.81963,11191.03881,9399.760274,4330,16402.7968,9615.125571,2332.237443,4373.789954,1907.865297,1360.924658,6625.490868,14805.53653,504.1666667,5327.648402,14131.74658,552.4771689,5487.93379,1366.015982,10611.66667,14529.52055
73,15247.34018,228.2648402,6253.207763,8167.16895,4769.531963,16268.92694,11415.5137,6782.442922,1764.189498,11564.60046,2225.502283,10982.81963,11191.03881,9399.760274,4330,16402.7968,9615.125571,2332.237443,4373.789954,1907.865297,1360.924658,6625.490868,14805.53653,504.1666667,5327.648402,14131.74658,552.4771689,5487.93379,1366.015982,10611.66667,14529.52055
74,15247.34018,228.2648402,6253.207763,8167.16895,4769.531963,16268.92694,11415.5137,6782.442922,1764.189498,11564.60046,2225.502283,10982.81963,11191.03881,9399.760274,4330,16402.7968,9615.125571,2332.237443,4373.789954,1907.865297,1360.924658,6625.490868,14805.53653,504.1666667,5327.648402,14131.74658,552.4771689,5487.93379,1366.015982,10611.66667,14529.52055
75,15247.34018,228.2648402,6253.207763,8167.16895,4769.531963,16268.92694,11415.5137,6782.442922,1764.189498,11564.60046,2225.502283,10982.81963,11191.03881,9399.760274,4330,16402.7968,9615.125571,2332.237443,4373.789954,1907.865297,1360.924658,6625.490868,14805.53653,504.1666667,5327.648402,14131.74658,552.4771689,5487.93379,1366.015982,10611.66667,14529.52055
76,15247.34018,228.2648402,6253.207763,8167.16895,4769.531963,16268.92694,11415.5137,6782.442922,1764.189498,11564.60046,2225.502283,10982.81963,11191.03881,9399.760274,4330,16402.7968,9615.125571,2332.237443,4373.789954,1907.865297,1360.924658,6625.490868,14805.53653,504.1666667,5327.648402,14131.74658,552.4771689,5487.93379,1366.015982,10611.66667,14529.52055
77,15247.34018,228.2648402,6253.207763,8167.16895,4769.531963,16268.92694,11415.5137,6782.442922,1764.189498,11564.60046,2225.502283,10982.81963,11191.03881,9399.760274,4330,16402.7968,9615.125571,2332.237443,4373.789954,1907.865297,1360.924658,6625.490868,14805.53653,504.1666667,5327.648402,14131.74658,552.4771689,5487.93379,1366.015982,10611.66667,14529.52055
78,15247.34018,228.2648402,6253.207763,8167.16895,4769.531963,16268.92694,11415.5137,6782.442922,1764.189498,11564.60046,2225.502283,10982.81963,11191.03881,9399.760274,4330,16402.7968,9615.125571,2332.237443,4373.789954,1907.865297,1360.924658,6625.490868,14805.53653,504.1666667,5327.648402,14131.74658,552.4771689,5487.93379,1366.015982,10611.66667,14529.52055
79,15247.34018,228.2648402,6253.207763,8167.16895,4769.531963,16268.92694,11415.5137,6782.442922,1764.189498,11564.60046,2225.502283,10982.81963,11191.03881,9399.760274,4330,16402.7968,9615.125571,2332.237443,4373.789954,1907.865297,1360.924658,6625.490868,14805.53653,504.1666667,5327.648402,14131.74658,552.4771689,5487.93379,1366.015982,10611.66667,14529.52055
80,15247.34018,228.2648402,6253.207763,8167.16895,4769.531963,16268.92694,11415.5137,6782.442922,1764.189498,11564.60046,2225.502283,10982.81963,11191.03881,9399.760274,4330,16402.7968,9615.125571,2332.237443,4373.789954,1907.865297,1360.924658,6625.490868,14805.53653,504.1666667,5327.648402,14131.74658,552.4771689,5487.93379,1366.015982,10611.66667,14529.52055
81,15247.34018,228.2648402,6253.207763,8167.16895,4769.531963,16268.92694,11415.5137,6782.442922,1764.189498,11564.60046,2225.502283,10982.81963,11191.03881,9399.760274,4330,16402.7968,9615.125571,2332.237443,4373.789954,1907.865297,1360.924658,6625.490868,14805.53653,504.1666667,5327.648402,14131.74658,552.4771689,5487.93379,1366.015982,10611.66667,14529.52055
82,15247.34018,228.2648402,6253.207763,8167.16895,4769.531963,16268.92694,11415.5137,6782.442922,1764.189498,11564.60046,2225.502283,10982.81963,11191.03881,9399.760274,4330,16402.7968,9615.125571,2332.237443,4373.789954,1907.865297,1360.924658,6625.490868,14805.53653,504.1666667,5327.648402,14131.74658,552.4771689,5487.93379,1366.015982,10611.66667,14529.52055
83,15247.34018,228.2648402,6253.207763,8167.16895,4769.531963,16268.92694,11415.5137,6782.442922,1764.189498,11564.60046,2225.502283,10982.81963,11191.03881,9399.760274,4330,16402.7968,9615.125571,2332.237443,4373.789954,1907.865297,1360.924658,6625.490868,14805.53653,504.1666667,5327.648402,14131.74658,552.4771689,5487.93379,1366.015982,10611.66667,14529.52055
84,15247.34018,228.2648402,6253.207763,8167.16895,4769.531963,16268.92694,11415.5137,6782.442922,1764.189498,11564.60046,2225.502283,10982.81963,11191.03881,9399.760274,4330,16402.7968,9615.125571,2332.237443,4373.789954,1907.865297,1360.924658,6625.490868,14805.53653,504.1666667,5327.648402,14131.74658,552.4771689,5487.93379,1366.015982,10611.66667,14529.52055
85,15247.34018,228.2648402,6253.207763,8167.16895,4769.531963,16268.92694,11415.5137,6782.442922,1764.189498,11564.60046,2225.502283,10982.81963,11191.03881,9399.760274,4330,16402.7968,9615.125571,2332.237443,4373.789954,1907.865297,1360.924658,6625.490868,14805.53653,504.1666667,5327.648402,14131.74658,552.4771689,5487.93379,1366.015982,10611.66667,14529.52055
86,15247.34018,228.2648402,6253.207763,8167.16895,4769.531963,16268.92694,11415.5137,6782.442922,1764.189498,11564.60046,2225.502283,10982.81963,11191.03881,9399.760274,4330,16402.7968,9615.125571,2332.237443,4373.789954,1907.865297,1360.924658,6625.490868,14805.53653,504.1666667,5327.648402,14131.74658,552.4771689,5487.93379,1366.015982,10611.66667,14529.52055
87,15247.34018,228.2648402,6253.207763,8167.16895,4769.531963,16268.92694,11415.5137,6782.442922,1764.189498,11564.60046,2225.502283,10982.81963,11191.03881,9399.760274,4330,16402.7968,9615.125571,2332.237443,4373.789954,1907.865297,1360.924658,6625.490868,14805.53653,504.1666667,5327.648402,14131.74658,552.4771689,5487.93379,1366.015982,10611.66667,14529.52055
88,15247.34018,228.2648402,6253.207763,8167.16895,4769.531963,16268.92694,11415.5137,6782.442922,1764.189498,11564.60046,2225.502283,10982.81963,11191.03881,9399.760274,4330,16402.7968,9615.125571,2332.237443,4373.789954,1907.865297,1360.924658,6625.490868,14805.53653,504.1666667,5327.648402,14131.74658,552.4771689,5487.93379,1366.015982,10611.66667,14529.52055
89,15247.34018,228.2648402,6253.207763,8167.16895,4769.531963,16268.92694,11415.5137,6782.442922,1764.189498,11564.60046,2225.502283,10982.81963,11191.03881,9399.760274,4330,16402.7968,9615.125571,2332.237443,4373.789954,1907.865297,1360.924658,6625.490868,14805.53653,504.1666667,5327.648402,14131.74658,552.4771689,5487.93379,1366.015982,10611.66667,14529.52055
90,15247.34018,228.2648402,6253.207763,8167.16895,4769.531963,16268.92694,11415.5137,6782.442922,1764.189498,11564.60046,2225.502283,10982.81963,11191.03881,9399.760274,4330,16402.7968,9615.125571,2332.237443,4373.789954,1907.865297,1360.924658,6625.490868,14805.53653,504.1666667,5327.648402,14131.74658,552.4771689,5487.93379,1366.015982,10611.66667,14529.52055
91,15247.34018,228.2648402,6253.207763,8167.16895,4769.531963,16268.92694,11415.5137,6782.442922,1764.189498,11564.60046,2225.502283,10982.81963,11191.03881,9399.760274,4330,16402.7968,9615.125571,2332.237443,4373.789954,1907.865297,1360.924658,6625.490868,14805.53653,504.1666667,5327.648402,14131.74658,552.4771689,5487.93379,1366.015982,10611.66667,14529.52055
92,15247.34018,228.2648402,6253.207763,8167.16895,4769.531963,16268.92694,11415.5137,6782.442922,1764.189498,11564.60046,2225.502283,10982.81963,11191.03881,9399.760274,4330,16402.7968,9615.125571,2332.237443,4373.789954,1907.865297,1360.924658,6625.490868,14805.53653,504.1666667,5327.648402,14131.74658,552.4771689,5487.93379,1366.015982,10611.66667,14529.52055
93,15247.34018,228.2648402,6253.207763,8167.16895,4769.531963,16268.92694,11415.5137,6782.442922,1764.189498,11564.60046,2225.502283,10982.81963,11191.03881,9399.760274,4330,16402.7968,9615.125571,2332.237443,4373.789954,1907.865297,1360.924658,6625.490868,14805.53653,504.1666667,5327.648402,14131.74658,552.4771689,5487.93379,1366.015982,10611.66667,14529.52055
94,15247.34018,228.2648402,6253.207763,8167.16895,4769.531963,16268.92694,11415.5137,6782.442922,1764.189498,11564.60046,2225.502283,10982.81963,11191.03881,9399.760274,4330,16402.7968,9615.125571,2332.237443,4373.789954,1907.865297,1360.924658,6625.490868,14805.53653,504.1666667,5327.648402,14131.74658,552.4771689,5487.93379,1366.015982,10611.66667,14529.52055
95,15247.34018,228.2648402,6253.207763,8167.16895,4769.531963,16268.92694,11415.5137,6782.442922,1764.189498,11564.60046,2225.502283,10982.81963,11191.03881,9399.760274,4330,16402.7968,9615.125571,2332.237443,4373.789954,1907.865297,1360.924658,6625.490868,14805.53653,504.1666667,5327.648402,14131.74658,552.4771689,5487.93379,1366.015982,10611.66667,14529.52055
96,15247.34018,228.2648402,6253.207763,8167.16895,4769.531963,16268.92694,11415.5137,6782.442922,1764.189498,11564.60046,2225.502283,10982.81963,11191.03881,9399.760274,4330,16402.7968,9615.125571,2332.237443,4373.789954,1907.865297,1360.924658,6625.490868,14805.53653,504.1666667,5327.648402,14131.74658,552.4771689,5487.93379,1366.015982,10611.66667,14529.52055
97,15247.34018,228.2648402,6253.207763,8167.16895,4769.531963,16268.92694,11415.5137,6782.442922,1764.189498,11564.60046,2225.502283,10982.81963,11191.03881,9399.760274,4330,16402.7968,9615.125571,2332.237443,4373.789954,1907.865297,1360.924658,6625.490868,14805.53653,504.1666667,5327.648402,14131.74658,552.4771689,5487.93379,1366.015982,10611.66667,14529.52055
98,15247.34018,228.2648402,6253.207763,8167.16895,4769.531963,16268.92694,11415.5137,6782.442922,1764.189498,11564.60046,2225.502283,10982.81963,11191.03881,9399.760274,4330,16402.7968,9615.125571,2332.237443,4373.789954,1907.865297,1360.924658,6625.490868,14805.53653,504.1666667,5327.648402,14131.74658,552.4771689,5487.93379,1366.015982,10611.66667,14529.52055
99,15247.34018,228.2648402,6253.207763,8167.16895,4769.531963,16268.92694,11415.5137,6782.442922,1764.189498,11564.60046,2225.502283,10982.81963,11191.03881,9399.760274,4330,16402.7968,9615.125571,2332.237443,4373.789954,1907.865297,1360.924658,6625.490868,14805.53653,504.1666667,5327.648402,14131.74658,552.4771689,5487.93379,1366.015982,10611.66667,14529.52055
100,15247.34018,228.2648402,6253.207763,8167.16895,4769.531963,16268.92694,11415.5137,6782.442922,1764.189498,11564.60046,2225.502283,10982.81963,11191.03881,9399.760274,4330,16402.7968,9615.125571,2332.237443,4373.789954,1907.865297,1360.924658,6625.490868,14805.53653,504.1666667,5327.648402,14131.74658,552.4771689,5487.93379,1366.015982,10611.66667,14529.52055
101,15247.34018,228.2648402,6253.207763,8167.16895,4769.531963,16268.92694,11415.5137,6782.442922,1764.189498,11564.60046,2225.502283,10982.81963,11191.03881,9399.760274,4330,16402.7968,9615.125571,2332.237443,4373.789954,1907.865297,1360.924658,6625.490868,14805.53653,504.1666667,5327.648402,14131.74658,552.4771689,5487.93379,1366.015982,10611.66667,14529.52055
102,15247.34018,228.2648402,6253.207763,8167.16895,4769.531963,16268.92694,11415.5137,6782.442922,1764.189498,11564.60046,2225.502283,10982.81963,11191.03881,9399.760274,4330,16402.7968,9615.125571,2332.237443,4373.789954,1907.865297,1360.924658,6625.490868,14805.53653,504.1666667,5327.648402,14131.74658,552.4771689,5487.93379,1366.015982,10611.66667,14529.52055
103,15247.34018,228.2648402,6253.207763,8167.16895,4769.531963,16268.92694,11415.5137,6782.442922,1764.189498,11564.60046,2225.502283,10982.81963,11191.03881,9399.760274,4330,16402.7968,9615.125571,2332.237443,4373.789954,1907.865297,1360.924658,6625.490868,14805.53653,504.1666667,5327.648402,14131.74658,552.4771689,5487.93379,1366.015982,10611.66667,14529.52055
104,15247.34018,228.2648402,6253.207763,8167.16895,4769.531963,16268.92694,11415.5137,6782.442922,1764.189498,11564.60046,2225.502283,10982.81963,11191.03881,9399.760274,4330,16402.7968,9615.125571,2332.237443,4373.789954,1907.865297,1360.924658,6625.490868,14805.53653,504.1666667,5327.648402,14131.74658,552.4771689,5487.93379,1366.015982,10611.66667,14529.52055
105,15247.34018,228.2648402,6253.207763,8167.16895,4769.531963,16268.92694,11415.5137,6782.442922,1764.189498,11564.60046,2225.502283,10982.81963,11191.03881,9399.760274,4330,16402.7968,9615.125571,2332.237443,4373.789954,1907.865297,1360.924658,6625.490868,14805.53653,504.1666667,5327.648402,14131.74658,552.4771689,5487.93379,1366.015982,10611.66667,14529.52055
106,15247.34018,228.2648402,6253.207763,8167.16895,4769.531963,16268.92694,11415.5137,6782.442922,1764.189498,11564.60046,2225.502283,10982.81963,11191.03881,9399.760274,4330,16402.7968,9615.125571,2332.237443,4373.789954,1907.865297,1360.924658,6625.490868,14805.53653,504.1666667,5327.648402,14131.74658,552.4771689,5487.93379,1366.015982,10611.66667,14529.52055
107,15247.34018,228.2648402,6253.207763,8167.16895,4769.531963,16268.92694,11415.5137,6782.442922,1764.189498,11564.60046,2225.502283,10982.81963,11191.03881,9399.760274,4330,16402.7968,9615.125571,2332.237443,4373.789954,1907.865297,1360.924658,6625.490868,14805.53653,504.1666667,5327.648402,14131.74658,552.4771689,5487.93379,1366.015982,10611.66667,14529.52055
108,15247.34018,228.2648402,6253.207763,8167.16895,4769.531963,16268.92694,11415.5137,6782.442922,1764.189498,11564.60046,2225.502283,10982.81963,11191.03881,9399.760274,4330,16402.7968,9615.125571,2332.237443,4373.789954,1907.865297,1360.924658,6625.490868,14805.53653,504.1666667,5327.648402,14131.74658,552.4771689,5487.93379,1366.015982,10611.66667,14529.52055
109,15247.34018,228.2648402,6253.207763,8167.16895,4769.531963,16268.92694,11415.5137,6782.442922,1764.189498,11564.60046,2225.502283,10982.81963,11191.03881,9399.760274,4330,16402.7968,9615.125571,2332.237443,4373.789954,1907.865297,1360.924658,6625.490868,14805.53653,504.1666667,5327.648402,14131.74658,552.4771689,5487.93379,1366.015982,10611.66667,14529.52055
110,15247.34018,228.2648402,6253.207763,8167.16895,4769.531963,16268.92694,11415.5137,6782.442922,1764.189498,11564.60046,2225.502283,10982.81963,11191.03881,9399.760274,4330,16402.7968,9615.125571,2332.237443,4373.789954,1907.865297,1360.924658,6625.490868,14805.53653,504.1666667,5327.648402,14131.74658,552.4771689,5487.93379,1366.015982,10611.66667,14529.52055
111,15247.34018,228.2648402,6253.207763,8167.16895,4769.531963,16268.92694,11415.5137,6782.442922,1764.189498,11564.60046,2225.502283,10982.81963,11191.03881,9399.760274,4330,16402.7968,9615.125571,2332.237443,4373.789954,1907.865297,1360.924658,6625.490868,14805.53653,504.1666667,5327.648402,14131.74658,552.4771689,5487.93379,1366.015982,10611.66667,14529.52055
112,15247.34018,228.2648402,6253.207763,8167.16895,4769.531963,16268.92694,11415.5137,6782.442922,1764.189498,11564.60046,2225.502283,10982.81963,11191.03881,9399.760274,4330,16402.7968,9615.125571,2332.237443,4373.789954,1907.865297,1360.924658,6625.490868,14805.53653,504.1666667,5327.648402,14131.74658,552.4771689,5487.93379,1366.015982,10611.66667,14529.52055
113,15247.34018,228.2648402,6253.207763,8167.16895,4769.531963,16268.92694,11415.5137,6782.442922,1764.189498,11564.60046,2225.502283,10982.81963,11191.03881,9399.760274,4330,16402.7968,9615.125571,2332.237443,4373.789954,1907.865297,1360.924658,6625.490868,14805.53653,504.1666667,5327.648402,14131.74658,552.4771689,5487.93379,1366.015982,10611.66667,14529.52055
114,15247.34018,228.2648402,6253.207763,8167.16895,4769.531963,16268.92694,11415.5137,6782.442922,1764.189498,11564.60046,2225.502283,10982.81963,11191.03881,9399.760274,4330,16402.7968,9615.125571,2332.237443,4373.789954,1907.865297,1360.924658,6625.490868,14805.53653,504.1666667,5327.648402,14131.74658,552.4771689,5487.93379,1366.015982,10611.66667,14529.52055
115,15247.34018,228.2648402,6253.207763,8167.16895,4769.531963,16268.92694,11415.5137,6782.442922,1764.189498,11564.60046,2225.502283,10982.81963,11191.03881,9399.760274,4330,16402.7968,9615.125571,2332.237443,4373.789954,1907.865297,1360.924658,6625.490868,14805.53653,504.1666667,5327.648402,14131.74658,552.4771689,5487.93379,1366.015982,10611.66667,14529.52055
116,15247.34018,228.2648402,6253.207763,8167.16895,4769.531963,16268.92694,11415.5137,6782.442922,1764.189498,11564.60046,2225.502283,10982.81963,11191.03881,9399.760274,4330,16402.7968,9615.125571,2332.237443,4373.789954,1907.865297,1360.924658,6625.490868,14805.53653,504.1666667,5327.648402,14131.74658,552.4771689,5487.93379,1366.015982,10611.66667,14529.52055
117,15247.34018,228.2648402,6253.207763,8167.16895,4769.531963,16268.92694,11415.5137,6782.442922,1764.189498,11564.60046,2225.502283,10982.81963,11191.03881,9399.760274,4330,16402.7968,9615.125571,2332.237443,4373.789954,1907.865297,1360.924658,6625.490868,14805.53653,504.1666667,5327.648402,14131.74658,552.4771689,5487.93379,1366.015982,10611.66667,14529.52055
118,15247.34018,228.2648402,6253.207763,8167.16895,4769.531963,16268.92694,11415.5137,6782.442922,1764.189498,11564.60046,2225.502283,10982.81963,11191.03881,9399.760274,4330,16402.7968,9615.125571,2332.237443,4373.789954,1907.865297,1360.924658,6625.490868,14805.53653,504.1666667,5327.648402,14131.74658,552.4771689,5487.93379,1366.015982,10611.66667,14529.52055
119,15247.34018,228.2648402,6253.207763,8167.16895,4769.531963,16268.92694,11415.5137,6782.442922,1764.189498,11564.60046,2225.502283,10982.81963,11191.03881,9399.760274,4330,16402.7968,9615.125571,2332.237443,4373.789954,1907.865297,1360.924658,6625.490868,14805.53653,504.1666667,5327.648402,14131.74658,552.4771689,5487.93379,1366.015982,10611.66667,14529.52055
120,15247.34018,228.2648402,6253.207763,8167.16895,4769.531963,16268.92694,11415.5137,6782.442922,1764.189498,11564.60046,2225.502283,10982.81963,11191.03881,9399.760274,4330,16402.7968,9615.125571,2332.237443,4373.789954,1907.865297,1360.924658,6625.490868,14805.53653,504.1666667,5327.648402,14131.74658,552.4771689,5487.93379,1366.015982,10611.66667,14529.52055
121,15247.34018,228.2648402,6253.207763,8167.16895,4769.531963,16268.92694,11415.5137,6782.442922,1764.189498,11564.60046,2225.502283,10982.81963,11191.03881,9399.760274,4330,16402.7968,9615.125571,2332.237443,4373.789954,1907.865297,1360.924658,6625.490868,14805.53653,504.1666667,5327.648402,14131.74658,552.4771689,5487.93379,1366.015982,10611.66667,14529.52055
122,15247.34018,228.2648402,6253.207763,8167.16895,4769.531963,16268.92694,11415.5137,6782.442922,1764.189498,11564.60046,2225.502283,10982.81963,11191.03881,9399.760274,4330,16402.7968,9615.125571,2332.237443,4373.789954,1907.865297,1360.924658,6625.490868,14805.53653,504.1666667,5327.648402,14131.74658,552.4771689,5487.93379,1366.015982,10611.66667,14529.52055
123,15247.34018,228.2648402,6253.207763,8167.16895,4769.531963,16268.92694,11415.5137,6782.442922,1764.189498,11564.60046,2225.502283,10982.81963,11191.03881,9399.760274,4330,16402.7968,9615.125571,2332.237443,4373.789954,1907.865297,1360.924658,6625.490868,14805.53653,504.1666667,5327.648402,14131.74658,552.4771689,5487.93379,1366.015982,10611.66667,14529.52055
124,15247.34018,228.2648402,6253.207763,8167.16895,4769.531963,16268.92694,11415.5137,6782.442922,1764.189498,11564.60046,2225.502283,10982.81963,11191.03881,9399.760274,4330,16402.7968,9615.125571,2332.237443,4373.789954,1907.865297,1360.924658,6625.490868,14805.53653,504.1666667,5327.648402,14131.74658,552.4771689,5487.93379,1366.015982,10611.66667,14529.52055
125,15247.34018,228.2648402,6253.207763,8167.16895,4769.531963,16268.92694,11415.5137,6782.442922,1764.189498,11564.60046,2225.502283,10982.81963,11191.03881,9399.760274,4330,16402.7968,9615.125571,2332.237443,4373.789954,1907.865297,1360.924658,6625.490868,14805.53653,504.1666667,5327.648402,14131.74658,552.4771689,5487.93379,1366.015982,10611.66667,14529.52055
126,15247.34018,228.2648402,6253.207763,8167.16895,4769.531963,16268.92694,11415.5137,6782.442922,1764.189498,11564.60046,2225.502283,10982.81963,11191.03881,9399.760274,4330,16402.7968,9615.125571,2332.237443,4373.789954,1907.865297,1360.924658,6625.490868,14805.53653,504.1666667,5327.648402,14131.74658,552.4771689,5487.93379,1366.015982,10611.66667,14529.52055
127,15247.34018,228.2648402,6253.207763,8167.16895,4769.531963,16268.92694,11415.5137,6782.442922,1764.189498,11564.60046,2225.502283,10982.81963,11191.03881,9399.760274,4330,16402.7968,9615.125571,2332.237443,4373.789954,1907.865297,1360.924658,6625.490868,14805.53653,504.1666667,5327.648402,14131.74658,552.4771689,5487.93379,1366.015982,10611.66667,14529.52055
128,15247.34018,228.2648402,6253.207763,8167.16895,4769.531963,16268.92694,11415.5137,6782.442922,1764.189498,11564.60046,2225.502283,10982.81963,11191.03881,9399.760274,4330,16402.7968,9615.125571,2332.237443,4373.789954,1907.865297,1360.924658,6625.490868,14805.53653,504.1666667,5327.648402,14131.74658,552.4771689,5487.93379,1366.015982,10611.66667,14529.52055
129,15247.34018,228.2648402,6253.207763,8167.16895,4769.531963,16268.92694,11415.5137,6782.442922,1764.189498,11564.60046,2225.502283,10982.81963,11191.03881,9399.760274,4330,16402.7968,9615.125571,2332.237443,4373.789954,1907.865297,1360.924658,6625.490868,14805.53653,504.1666667,5327.648402,14131.74658,552.4771689,5487.93379,1366.015982,10611.66667,14529.52055
130,15247.34018,228.2648402,6253.207763,8167.16895,4769.531963,16268.92694,11415.5137,6782.442922,1764.189498,11564.60046,2225.502283,10982.81963,11191.03881,9399.760274,4330,16402.7968,9615.125571,2332.237443,4373.789954,1907.865297,1360.924658,6625.490868,14805.53653,504.1666667,5327.648402,14131.74658,552.4771689,5487.93379,1366.015982,10611.66667,14529.52055
131,15247.34018,228.2648402,6253.207763,8167.16895,4769.531963,16268.92694,11415.5137,6782.442922,1764.189498,11564.60046,2225.502283,10982.81963,11191.03881,9399.760274,4330,16402.7968,9615.125571,2332.237443,4373.789954,1907.865297,1360.924658,6625.490868,14805.53653,504.1666667,5327.648402,14131.74658,552.4771689,5487.93379,1366.015982,10611.66667,14529.52055
132,15247.34018,228.2648402,6253.207763,8167.16895,4769.531963,16268.92694,11415.5137,6782.442922,1764.189498,11564.60046,2225.502283,10982.81963,11191.03881,9399.760274,4330,16402.7968,9615.125571,2332.237443,4373.789954,1907.865297,1360.924658,6625.490868,14805.53653,504.1666667,5327.648402,14131.74658,552.4771689,5487.93379,1366.015982,10611.66667,14529.52055
133,15247.34018,228.2648402,6253.207763,8167.16895,4769.531963,16268.92694,11415.5137,6782.442922,1764.189498,11564.60046,2225.502283,10982.81963,11191.03881,9399.760274,4330,16402.7968,9615.125571,2332.237443,4373.789954,1907.865297,1360.924658,6625.490868,14805.53653,504.1666667,5327.648402,14131.74658,552.4771689,5487.93379,1366.015982,10611.66667,14529.52055
134,15247.34018,228.2648402,6253.207763,8167.16895,4769.531963,16268.92694,11415.5137,6782.442922,1764.189498,11564.60046,2225.502283,10982.81963,11191.03881,9399.760274,4330,16402.7968,9615.125571,2332.237443,4373.789954,1907.865297,1360.924658,6625.490868,14805.53653,504.1666667,5327.648402,14131.74658,552.4771689,5487.93379,1366.015982,10611.66667,14529.52055
135,15247.34018,228.2648402,6253.207763,8167.16895,4769.531963,16268.92694,11415.5137,6782.442922,1764.189498,11564.60046,2225.502283,10982.81963,11191.03881,9399.760274,4330,16402.7968,9615.125571,2332.237443,4373.789954,1907.865297,1360.924658,6625.490868,14805.53653,504.1666667,5327.648402,14131.74658,552.4771689,5487.93379,1366.015982,10611.66667,14529.52055
136,15247.34018,228.2648402,6253.207763,8167.16895,4769.531963,16268.92694,11415.5137,6782.442922,1764.189498,11564.60046,2225.502283,10982.81963,11191.03881,9399.760274,4330,16402.7968,9615.125571,2332.237443,4373.789954,1907.865297,1360.924658,6625.490868,14805.53653,504.1666667,5327.648402,14131.74658,552.4771689,5487.93379,1366.015982,10611.66667,14529.52055
137,15247.34018,228.2648402,6253.207763,8167.16895,4769.531963,16268.92694,11415.5137,6782.442922,1764.189498,11564.60046,2225.502283,10982.81963,11191.03881,9399.760274,4330,16402.7968,9615.125571,2332.237443,4373.789954,1907.865297,1360.924658,6625.490868,14805.53653,504.1666667,5327.648402,14131.74658,552.4771689,5487.93379,1366.015982,10611.66667,14529.52055
138,15247.34018,228.2648402,6253.207763,8167.16895,4769.531963,16268.92694,11415.5137,6782.442922,1764.189498,11564.60046,2225.502283,10982.81963,11191.03881,9399.760274,4330,16402.7968,9615.125571,2332.237443,4373.789954,1907.865297,1360.924658,6625.490868,14805.53653,504.1666667,5327.648402,14131.74658,552.4771689,5487.93379,1366.015982,10611.66667,14529.52055
139,15247.34018,228.2648402,6253.207763,8167.16895,4769.531963,16268.92694,11415.5137,6782.442922,1764.189498,11564.60046,2225.502283,10982.81963,11191.03881,9399.760274,4330,16402.7968,9615.125571,2332.237443,4373.789954,1907.865297,1360.924658,6625.490868,14805.53653,504.1666667,5327.648402,14131.74658,552.4771689,5487.93379,1366.015982,10611.66667,14529.52055
140,15247.34018,228.2648402,6253.207763,8167.16895,4769.531963,16268.92694,11415.5137,6782.442922,1764.189498,11564.60046,2225.502283,10982.81963,11191.03881,9399.760274,4330,16402.7968,9615.125571,2332.237443,4373.789954,1907.865297,1360.924658,6625.490868,14805.53653,504.1666667,5327.648402,14131.74658,552.4771689,5487.93379,1366.015982,10611.66667,14529.52055
141,15247.34018,228.2648402,6253.207763,8167.16895,4769.531963,16268.92694,11415.5137,6782.442922,1764.189498,11564.60046,2225.502283,10982.81963,11191.03881,9399.760274,4330,16402.7968,9615.125571,2332.237443,4373.789954,1907.865297,1360.924658,6625.490868,14805.53653,504.1666667,5327.648402,14131.74658,552.4771689,5487.93379,1366.015982,10611.66667,14529.52055
142,15247.34018,228.2648402,6253.207763,8167.16895,4769.531963,16268.92694,11415.5137,6782.442922,1764.189498,11564.60046,2225.502283,10982.81963,11191.03881,9399.760274,4330,16402.7968,9615.125571,2332.237443,4373.789954,1907.865297,1360.924658,6625.490868,14805.53653,504.1666667,5327.648402,14131.74658,552.4771689,5487.93379,1366.015982,10611.66667,14529.52055
143,15247.34018,228.2648402,6253.207763,8167.16895,4769.531963,16268.92694,11415.5137,6782.442922,1764.189498,11564.60046,2225.502283,10982.81963,11191.03881,9399.760274,4330,16402.7968,9615.125571,2332.237443,4373.789954,1907.865297,1360.924658,6625.490868,14805.53653,504.1666667,5327.648402,14131.74658,552.4771689,5487.93379,1366.015982,10611.66667,14529.52055
144,15247.34018,228.2648402,6253.207763,8167.16895,4769.531963,16268.92694,11415.5137,6782.442922,1764.189498,11564.60046,2225.502283,10982.81963,11191.03881,9399.760274,4330,16402.7968,9615.125571,2332.237443,4373.789954,1907.865297,1360.924658,6625.490868,14805.53653,504.1666667,5327.648402,14131.74658,552.4771689,5487.93379,1366.015982,10611.66667,14529.52055
145,15247.34018,228.2648402,6253.207763,8167.16895,4769.531963,16268.92694,11415.5137,6782.442922,1764.189498,11564.60046,2225.502283,10982.81963,11191.03881,9399.760274,4330,16402.7968,9615.125571,2332.237443,4373.789954,1907.865297,1360.924658,6625.490868,14805.53653,504.1666667,5327.648402,14131.74658,552.4771689,5487.93379,1366.015982,10611.66667,14529.52055
146,15247.34018,228.2648402,6253.207763,8167.16895,4769.531963,16268.92694,11415.5137,6782.442922,1764.189498,11564.60046,2225.502283,10982.81963,11191.03881,9399.760274,4330,16402.7968,9615.125571,2332.237443,4373.789954,1907.865297,1360.924658,6625.490868,14805.53653,504.1666667,5327.648402,14131.74658,552.4771689,5487.93379,1366.015982,10611.66667,14529.52055
147,15247.34018,228.2648402,6253.207763,8167.16895,4769.531963,16268.92694,11415.5137,6782.442922,1764.189498,11564.60046,2225.502283,10982.81963,11191.03881,9399.760274,4330,16402.7968,9615.125571,2332.237443,4373.789954,1907.865297,1360.924658,6625.490868,14805.53653,504.1666667,5327.648402,14131.74658,552.4771689,5487.93379,1366.015982,10611.66667,14529.52055
148,15247.34018,228.2648402,6253.207763,8167.16895,4769.531963,16268.92694,11415.5137,6782.442922,1764.189498,11564.60046,2225.502283,10982.81963,11191.03881,9399.760274,4330,16402.7968,9615.125571,2332.237443,4373.789954,1907.865297,1360.924658,6625.490868,14805.53653,504.1666667,5327.648402,14131.74658,552.4771689,5487.93379,1366.015982,10611.66667,14529.52055
149,15247.34018,228.2648402,6253.207763,8167.16895,4769.531963,16268.92694,11415.5137,6782.442922,1764.189498,11564.60046,2225.502283,10982.81963,11191.03881,9399.760274,4330,16402.7968,9615.125571,2332.237443,4373.789954,1907.865297,1360.924658,6625.490868,14805.53653,504.1666667,5327.648402,14131.74658,552.4771689,5487.93379,1366.015982,10611.66667,14529.52055
150,15247.34018,228.2648402,6253.207763,8167.16895,4769.531963,16268.92694,11415.5137,6782.442922,1764.189498,11564.60046,2225.502283,10982.81963,11191.03881,9399.760274,4330,16402.7968,9615.125571,2332.237443,4373.789954,1907.865297,1360.924658,6625.490868,14805.53653,504.1666667,5327.648402,14131.74658,552.4771689,5487.93379,1366.015982,10611.66667,14529.52055
151,15247.34018,228.2648402,6253.207763,8167.16895,4769.531963,16268.92694,11415.5137,6782.442922,1764.189498,11564.60046,2225.502283,10982.81963,11191.03881,9399.760274,4330,16402.7968,9615.125571,2332.237443,4373.789954,1907.865297,1360.924658,6625.490868,14805.53653,504.1666667,5327.648402,14131.74658,552.4771689,5487.93379,1366.015982,10611.66667,14529.52055
152,15247.34018,228.2648402,6253.207763,8167.16895,4769.531963,16268.92694,11415.5137,6782.442922,1764.189498,11564.60046,2225.502283,10982.81963,11191.03881,9399.760274,4330,16402.7968,9615.125571,2332.237443,4373.789954,1907.865297,1360.924658,6625.490868,14805.53653,504.1666667,5327.648402,14131.74658,552.4771689,5487.93379,1366.015982,10611.66667,14529.52055
153,15247.34018,228.2648402,6253.207763,8167.16895,4769.531963,16268.92694,11415.5137,6782.442922,1764.189498,11564.60046,2225.502283,10982.81963,11191.03881,9399.760274,4330,16402.7968,9615.125571,2332.237443,4373.789954,1907.865297,1360.924658,6625.490868,14805.53653,504.1666667,5327.648402,14131.74658,552.4771689,5487.93379,1366.015982,10611.66667,14529.52055
154,15247.34018,228.2648402,6253.207763,8167.16895,4769.531963,16268.92694,11415.5137,6782.442922,1764.189498,11564.60046,2225.502283,10982.81963,11191.03881,9399.760274,4330,16402.7968,9615.125571,2332.237443,4373.789954,1907.865297,1360.924658,6625.490868,14805.53653,504.1666667,5327.648402,14131.74658,552.4771689,5487.93379,1366.015982,10611.66667,14529.52055
155,15247.34018,228.2648402,6253.207763,8167.16895,4769.531963,16268.92694,11415.5137,6782.442922,1764.189498,11564.60046,2225.502283,10982.81963,11191.03881,9399.760274,4330,16402.7968,9615.125571,2332.237443,4373.789954,1907.865297,1360.924658,6625.490868,14805.53653,504.1666667,5327.648402,14131.74658,552.4771689,5487.93379,1366.015982,10611.66667,14529.52055
156,15247.34018,228.2648402,6253.207763,8167.16895,4769.531963,16268.92694,11415.5137,6782.442922,1764.189498,11564.60046,2225.502283,10982.81963,11191.03881,9399.760274,4330,16402.7968,9615.125571,2332.237443,4373.789954,1907.865297,1360.924658,6625.490868,14805.53653,504.1666667,5327.648402,14131.74658,552.4771689,5487.93379,1366.015982,10611.66667,14529.52055
157,15247.34018,228.2648402,6253.207763,8167.16895,4769.531963,16268.92694,11415.5137,6782.442922,1764.189498,11564.60046,2225.502283,10982.81963,11191.03881,9399.760274,4330,16402.7968,9615.125571,2332.237443,4373.789954,1907.865297,1360.924658,6625.490868,14805.53653,504.1666667,5327.648402,14131.74658,552.4771689,5487.93379,1366.015982,10611.66667,14529.52055
158,15247.34018,228.2648402,6253.207763,8167.16895,4769.531963,16268.92694,11415.5137,6782.442922,1764.189498,11564.60046,2225.502283,10982.81963,11191.03881,9399.760274,4330,16402.7968,9615.125571,2332.237443,4373.789954,1907.865297,1360.924658,6625.490868,14805.53653,504.1666667,5327.648402,14131.74658,552.4771689,5487.93379,1366.015982,10611.66667,14529.52055
159,15247.34018,228.2648402,6253.207763,8167.16895,4769.531963,16268.92694,11415.5137,6782.442922,1764.189498,11564.60046,2225.502283,10982.81963,11191.03881,9399.760274,4330,16402.7968,9615.125571,2332.237443,4373.789954,1907.865297,1360.924658,6625.490868,14805.53653,504.1666667,5327.648402,14131.74658,552.4771689,5487.93379,1366.015982,10611.66667,14529.52055
160,15247.34018,228.2648402,6253.207763,8167.16895,4769.531963,16268.92694,11415.5137,6782.442922,1764.189498,11564.60046,2225.502283,10982.81963,11191.03881,9399.760274,4330,16402.7968,9615.125571,2332.237443,4373.789954,1907.865297,1360.924658,6625.490868,14805.53653,504.1666667,5327.648402,14131.74658,552.4771689,5487.93379,1366.015982,10611.66667,14529.52055
161,15247.34018,228.2648402,6253.207763,8167.16895,4769.531963,16268.92694,11415.5137,6782.442922,1764.189498,11564.60046,2225.502283,10982.81963,11191.03881,9399.760274,4330,16402.7968,9615.125571,2332.237443,4373.789954,1907.865297,1360.924658,6625.490868,14805.53653,504.1666667,5327.648402,14131.74658,552.4771689,5487.93379,1366.015982,10611.66667,14529.52055
162,15247.34018,228.2648402,6253.207763,8167.16895,4769.531963,16268.92694,11415.5137,6782.442922,1764.189498,11564.60046,2225.502283,10982.81963,11191.03881,9399.760274,4330,16402.7968,9615.125571,2332.237443,4373.789954,1907.865297,1360.924658,6625.490868,14805.53653,504.1666667,5327.648402,14131.74658,552.4771689,5487.93379,1366.015982,10611.66667,14529.52055
163,15247.34018,228.2648402,6253.207763,8167.16895,4769.531963,16268.92694,11415.5137,6782.442922,1764.189498,11564.60046,2225.502283,10982.81963,11191.03881,9399.760274,4330,16402.7968,9615.125571,2332.237443,4373.789954,1907.865297,1360.924658,6625.490868,14805.53653,504.1666667,5327.648402,14131.74658,552.4771689,5487.93379,1366.015982,10611.66667,14529.52055
164,15247.34018,228.2648402,6253.207763,8167.16895,4769.531963,16268.92694,11415.5137,6782.442922,1764.189498,11564.60046,2225.502283,10982.81963,11191.03881,9399.760274,4330,16402.7968,9615.125571,2332.237443,4373.789954,1907.865297,1360.924658,6625.490868,14805.53653,504.1666667,5327.648402,14131.74658,552.4771689,5487.93379,1366.015982,10611.66667,14529.52055
165,15247.34018,228.2648402,6253.207763,8167.16895,4769.531963,16268.92694,11415.5137,6782.442922,1764.189498,11564.60046,2225.502283,10982.81963,11191.03881,9399.760274,4330,16402.7968,9615.125571,2332.237443,4373.789954,1907.865297,1360.924658,6625.490868,14805.53653,504.1666667,5327.648402,14131.74658,552.4771689,5487.93379,1366.015982,10611.66667,14529.52055
166,15247.34018,228.2648402,6253.207763,8167.16895,4769.531963,16268.92694,11415.5137,6782.442922,1764.189498,11564.60046,2225.502283,10982.81963,11191.03881,9399.760274,4330,16402.7968,9615.125571,2332.237443,4373.789954,1907.865297,1360.924658,6625.490868,14805.53653,504.1666667,5327.648402,14131.74658,552.4771689,5487.93379,1366.015982,10611.66667,14529.52055
167,15247.34018,228.2648402,6253.207763,8167.16895,4769.531963,16268.92694,11415.5137,6782.442922,1764.189498,11564.60046,2225.502283,10982.81963,11191.03881,9399.760274,4330,16402.7968,9615.125571,2332.237443,4373.789954,1907.865297,1360.924658,6625.490868,14805.53653,504.1666667,5327.648402,14131.74658,552.4771689,5487.93379,1366.015982,10611.66667,14529.52055
168,15247.34018,228.2648402,6253.207763,8167.16895,4769.531963,16268.92694,11415.5137,6782.442922,1764.189498,11564.60046,2225.502283,10982.81963,11191.03881,9399.760274,4330,16402.7968,9615.125571,2332.237443,4373.789954,1907.865297,1360.924658,6625.490868,14805.53653,504.1666667,5327.648402,14131.74658,552.4771689,5487.93379,1366.015982,10611.66667,14529.52055
169,15247.34018,228.2648402,6253.207763,8167.16895,4769.531963,16268.92694,11415.5137,6782.442922,1764.189498,11564.60046,2225.502283,10982.81963,11191.03881,9399.760274,4330,16402.7968,9615.125571,2332.237443,4373.789954,1907.865297,1360.924658,6625.490868,14805.53653,504.1666667,5327.648402,14131.74658,552.4771689,5487.93379,1366.015982,10611.66667,14529.52055
170,15247.34018,228.2648402,6253.207763,8167.16895,4769.531963,16268.92694,11415.5137,6782.442922,1764.189498,11564.60046,2225.502283,10982.81963,11191.03881,9399.760274,4330,16402.7968,9615.125571,2332.237443,4373.789954,1907.865297,1360.924658,6625.490868,14805.53653,504.1666667,5327.648402,14131.74658,552.4771689,5487.93379,1366.015982,10611.66667,14529.52055
171,15247.34018,228.2648402,6253.207763,8167.16895,4769.531963,16268.92694,11415.5137,6782.442922,1764.189498,11564.60046,2225.502283,10982.81963,11191.03881,9399.760274,4330,16402.7968,9615.125571,2332.237443,4373.789954,1907.865297,1360.924658,6625.490868,14805.53653,504.1666667,5327.648402,14131.74658,552.4771689,5487.93379,1366.015982,10611.66667,14529.52055
172,15247.34018,228.2648402,6253.207763,8167.16895,4769.531963,16268.92694,11415.5137,6782.442922,1764.189498,11564.60046,2225.502283,10982.81963,11191.03881,9399.760274,4330,16402.7968,9615.125571,2332.237443,4373.789954,1907.865297,1360.924658,6625.490868,14805.53653,504.1666667,5327.648402,14131.74658,552.4771689,5487.93379,1366.015982,10611.66667,14529.52055
173,15247.34018,228.2648402,6253.207763,8167.16895,4769.531963,16268.92694,11415.5137,6782.442922,1764.189498,11564.60046,2225.502283,10982.81963,11191.03881,9399.760274,4330,16402.7968,9615.125571,2332.237443,4373.789954,1907.865297,1360.924658,6625.490868,14805.53653,504.1666667,5327.648402,14131.74658,552.4771689,5487.93379,1366.015982,10611.66667,14529.52055
174,15247.34018,228.2648402,6253.207763,8167.16895,4769.531963,16268.92694,11415.5137,6782.442922,1764.189498,11564.60046,2225.502283,10982.81963,11191.03881,9399.760274,4330,16402.7968,9615.125571,2332.237443,4373.789954,1907.865297,1360.924658,6625.490868,14805.53653,504.1666667,5327.648402,14131.74658,552.4771689,5487.93379,1366.015982,10611.66667,14529.52055
175,15247.34018,228.2648402,6253.207763,8167.16895,4769.531963,16268.92694,11415.5137,6782.442922,1764.189498,11564.60046,2225.502283,10982.81963,11191.03881,9399.760274,4330,16402.7968,9615.125571,2332.237443,4373.789954,1907.865297,1360.924658,6625.490868,14805.53653,504.1666667,5327.648402,14131.74658,552.4771689,5487.93379,1366.015982,10611.66667,14529.52055
176,15247.34018,228.2648402,6253.207763,8167.16895,4769.531963,16268.92694,11415.5137,6782.442922,1764.189498,11564.60046,2225.502283,10982.81963,11191.03881,9399.760274,4330,16402.7968,9615.125571,2332.237443,4373.789954,1907.865297,1360.924658,6625.490868,14805.53653,504.1666667,5327.648402,14131.74658,552.4771689,5487.93379,1366.015982,10611.66667,14529.52055
177,15247.34018,228.2648402,6253.207763,8167.16895,4769.531963,16268.92694,11415.5137,6782.442922,1764.189498,11564.60046,2225.502283,10982.81963,11191.03881,9399.760274,4330,16402.7968,9615.125571,2332.237443,4373.789954,1907.865297,1360.924658,6625.490868,14805.53653,504.1666667,5327.648402,14131.74658,552.4771689,5487.93379,1366.015982,10611.66667,14529.52055
178,15247.34018,228.2648402,6253.207763,8167.16895,4769.531963,16268.92694,11415.5137,6782.442922,1764.189498,11564.60046,2225.502283,10982.81963,11191.03881,9399.760274,4330,16402.7968,9615.125571,2332.237443,4373.789954,1907.865297,1360.924658,6625.490868,14805.53653,504.1666667,5327.648402,14131.74658,552.4771689,5487.93379,1366.015982,10611.66667,14529.52055
179,15247.34018,228.2648402,6253.207763,8167.16895,4769.531963,16268.92694,11415.5137,6782.442922,1764.189498,11564.60046,2225.502283,10982.81963,11191.03881,9399.760274,4330,16402.7968,9615.125571,2332.237443,4373.789954,1907.865297,1360.924658,6625.490868,14805.53653,504.1666667,5327.648402,14131.74658,552.4771689,5487.93379,1366.015982,10611.66667,14529.52055
180,15247.34018,228.2648402,6253.207763,8167.16895,4769.531963,16268.92694,11415.5137,6782.442922,1764.189498,11564.60046,2225.502283,10982.81963,11191.03881,9399.760274,4330,16402.7968,9615.125571,2332.237443,4373.789954,1907.865297,1360.924658,6625.490868,14805.53653,504.1666667,5327.648402,14131.74658,552.4771689,5487.93379,1366.015982,10611.66667,14529.52055
181,15247.34018,228.2648402,6253.207763,8167.16895,4769.531963,16268.92694,11415.5137,6782.442922,1764.189498,11564.60046,2225.502283,10982.81963,11191.03881,9399.760274,4330,16402.7968,9615.125571,2332.237443,4373.789954,1907.865297,1360.924658,6625.490868,14805.53653,504.1666667,5327.648402,14131.74658,552.4771689,5487.93379,1366.015982,10611.66667,14529.52055
182,15247.34018,228.2648402,6253.207763,8167.16895,4769.531963,16268.92694,11415.5137,6782.442922,1764.189498,11564.60046,2225.502283,10982.81963,11191.03881,9399.760274,4330,16402.7968,9615.125571,2332.237443,4373.789954,1907.865297,1360.924658,6625.490868,14805.53653,504.1666667,5327.648402,14131.74658,552.4771689,5487.93379,1366.015982,10611.66667,14529.52055
183,15247.34018,228.2648402,6253.207763,8167.16895,4769.531963,16268.92694,11415.5137,6782.442922,1764.189498,11564.60046,2225.502283,10982.81963,11191.03881,9399.760274,4330,16402.7968,9615.125571,2332.237443,4373.789954,1907.865297,1360.924658,6625.490868,14805.53653,504.1666667,5327.648402,14131.74658,552.4771689,5487.93379,1366.015982,10611.66667,14529.52055
184,15247.34018,228.2648402,6253.207763,8167.16895,4769.531963,16268.92694,11415.5137,6782.442922,1764.189498,11564.60046,2225.502283,10982.81963,11191.03881,9399.760274,4330,16402.7968,9615.125571,2332.237443,4373.789954,1907.865297,1360.924658,6625.490868,14805.53653,504.1666667,5327.648402,14131.74658,552.4771689,5487.93379,1366.015982,10611.66667,14529.52055
185,15247.34018,228.2648402,6253.207763,8167.16895,4769.531963,16268.92694,11415.5137,6782.442922,1764.189498,11564.60046,2225.502283,10982.81963,11191.03881,9399.760274,4330,16402.7968,9615.125571,2332.237443,4373.789954,1907.865297,1360.924658,6625.490868,14805.53653,504.1666667,5327.648402,14131.74658,552.4771689,5487.93379,1366.015982,10611.66667,14529.52055
186,15247.34018,228.2648402,6253.207763,8167.16895,4769.531963,16268.92694,11415.5137,6782.442922,1764.189498,11564.60046,2225.502283,10982.81963,11191.03881,9399.760274,4330,16402.7968,9615.125571,2332.237443,4373.789954,1907.865297,1360.924658,6625.490868,14805.53653,504.1666667,5327.648402,14131.74658,552.4771689,5487.93379,1366.015982,10611.66667,14529.52055
187,15247.34018,228.2648402,6253.207763,8167.16895,4769.531963,16268.92694,11415.5137,6782.442922,1764.189498,11564.60046,2225.502283,10982.81963,11191.03881,9399.760274,4330,16402.7968,9615.125571,2332.237443,4373.789954,1907.865297,1360.924658,6625.490868,14805.53653,504.1666667,5327.648402,14131.74658,552.4771689,5487.93379,1366.015982,10611.66667,14529.52055
188,15247.34018,228.2648402,6253.207763,8167.16895,4769.531963,16268.92694,11415.5137,6782.442922,1764.189498,11564.60046,2225.502283,10982.81963,11191.03881,9399.760274,4330,16402.7968,9615.125571,2332.237443,4373.789954,1907.865297,1360.924658,6625.490868,14805.53653,504.1666667,5327.648402,14131.74658,552.4771689,5487.93379,1366.015982,10611.66667,14529.52055
189,15247.34018,228.2648402,6253.207763,8167.16895,4769.531963,16268.92694,11415.5137,6782.442922,1764.189498,11564.60046,2225.502283,10982.81963,11191.03881,9399.760274,4330,16402.7968,9615.125571,2332.237443,4373.789954,1907.865297,1360.924658,6625.490868,14805.53653,504.1666667,5327.648402,14131.74658,552.4771689,5487.93379,1366.015982,10611.66667,14529.52055
190,15247.34018,228.2648402,6253.207763,8167.16895,4769.531963,16268.92694,11415.5137,6782.442922,1764.189498,11564.60046,2225.502283,10982.81963,11191.03881,9399.760274,4330,16402.7968,9615.125571,2332.237443,4373.789954,1907.865297,1360.924658,6625.490868,14805.53653,504.1666667,5327.648402,14131.74658,552.4771689,5487.93379,1366.015982,10611.66667,14529.52055
191,15247.34018,228.2648402,6253.207763,8167.16895,4769.531963,16268.92694,11415.5137,6782.442922,1764.189498,11564.60046,2225.502283,10982.81963,11191.03881,9399.760274,4330,16402.7968,9615.125571,2332.237443,4373.789954,1907.865297,1360.924658,6625.490868,14805.53653,504.1666667,5327.648402,14131.74658,552.4771689,5487.93379,1366.015982,10611.66667,14529.52055
192,15247.34018,228.2648402,6253.207763,8167.16895,4769.531963,16268.92694,11415.5137,6782.442922,1764.189498,11564.60046,2225.502283,10982.81963,11191.03881,9399.760274,4330,16402.7968,9615.125571,2332.237443,4373.789954,1907.865297,1360.924658,6625.490868,14805.53653,504.1666667,5327.648402,14131.74658,552.4771689,5487.93379,1366.015982,10611.66667,14529.52055
193,15247.34018,228.2648402,6253.207763,8167.16895,4769.531963,16268.92694,11415.5137,6782.442922,1764.189498,11564.60046,2225.502283,10982.81963,11191.03881,9399.760274,4330,16402.7968,9615.125571,2332.237443,4373.789954,1907.865297,1360.924658,6625.490868,14805.53653,504.1666667,5327.648402,14131.74658,552.4771689,5487.93379,1366.015982,10611.66667,14529.52055
194,15247.34018,228.2648402,6253.207763,8167.16895,4769.531963,16268.92694,11415.5137,6782.442922,1764.189498,11564.60046,2225.502283,10982.81963,11191.03881,9399.760274,4330,16402.7968,9615.125571,2332.237443,4373.789954,1907.865297,1360.924658,6625.490868,14805.53653,504.1666667,5327.648402,14131.74658,552.4771689,5487.93379,1366.015982,10611.66667,14529.52055
195,15247.34018,228.2648402,6253.207763,8167.16895,4769.531963,16268.92694,11415.5137,6782.442922,1764.189498,11564.60046,2225.502283,10982.81963,11191.03881,9399.760274,4330,16402.7968,9615.125571,2332.237443,4373.789954,1907.865297,1360.924658,6625.490868,14805.53653,504.1666667,5327.648402,14131.74658,552.4771689,5487.93379,1366.015982,10611.66667,14529.52055
196,15247.34018,228.2648402,6253.207763,8167.16895,4769.531963,16268.92694,11415.5137,6782.442922,1764.189498,11564.60046,2225.502283,10982.81963,11191.03881,9399.760274,4330,16402.7968,9615.125571,2332.237443,4373.789954,1907.865297,1360.924658,6625.490868,14805.53653,504.1666667,5327.648402,14131.74658,552.4771689,5487.93379,1366.015982,10611.66667,14529.52055
197,15247.34018,228.2648402,6253.207763,8167.16895,4769.531963,16268.92694,11415.5137,6782.442922,1764.189498,11564.60046,2225.502283,10982.81963,11191.03881,9399.760274,4330,16402.7968,9615.125571,2332.237443,4373.789954,1907.865297,1360.924658,6625.490868,14805.53653,504.1666667,5327.648402,14131.74658,552.4771689,5487.93379,1366.015982,10611.66667,14529.52055
198,15247.34018,228.2648402,6253.207763,8167.16895,4769.531963,16268.92694,11415.5137,6782.442922,1764.189498,11564.60046,2225.502283,10982.81963,11191.03881,9399.760274,4330,16402.7968,9615.125571,2332.237443,4373.789954,1907.865297,1360.924658,6625.490868,14805.53653,504.1666667,5327.648402,14131.74658,552.4771689,5487.93379,1366.015982,10611.66667,14529.52055
199,15247.34018,228.2648402,6253.207763,8167.16895,4769.531963,16268.92694,11415.5137,6782.442922,1764.189498,11564.60046,2225.502283,10982.81963,11191.03881,9399.760274,4330,16402.7968,9615.125571,2332.237443,4373.789954,1907.865297,1360.924658,6625.490868,14805.53653,504.1666667,5327.648402,14131.74658,552.4771689,5487.93379,1366.015982,10611.66667,14529.52055
200,15247.34018,228.2648402,6253.207763,8167.16895,4769.531963,16268.92694,11415.5137,6782.442922,1764.189498,11564.60046,2225.502283,10982.81963,11191.03881,9399.760274,4330,16402.7968,9615.125571,2332.237443,4373.789954,1907.865297,1360.924658,6625.490868,14805.53653,504.1666667,5327.648402,14131.74658,552.4771689,5487.93379,1366.015982,10611.66667,14529.52055
201,15247.34018,228.2648402,6253.207763,8167.16895,4769.531963,16268.92694,11415.5137,6782.442922,1764.189498,11564.60046,2225.502283,10982.81963,11191.03881,9399.760274,4330,16402.7968,9615.125571,2332.237443,4373.789954,1907.865297,1360.924658,6625.490868,14805.53653,504.1666667,5327.648402,14131.74658,552.4771689,5487.93379,1366.015982,10611.66667,14529.52055
202,15247.34018,228.2648402,6253.207763,8167.16895,4769.531963,16268.92694,11415.5137,6782.442922,1764.189498,11564.60046,2225.502283,10982.81963,11191.03881,9399.760274,4330,16402.7968,9615.125571,2332.237443,4373.789954,1907.865297,1360.924658,6625.490868,14805.53653,504.1666667,5327.648402,14131.74658,552.4771689,5487.93379,1366.015982,10611.66667,14529.52055
203,15247.34018,228.2648402,6253.207763,8167.16895,4769.531963,16268.92694,11415.5137,6782.442922,1764.189498,11564.60046,2225.502283,10982.81963,11191.03881,9399.760274,4330,16402.7968,9615.125571,2332.237443,4373.789954,1907.865297,1360.924658,6625.490868,14805.53653,504.1666667,5327.648402,14131.74658,552.4771689,5487.93379,1366.015982,10611.66667,14529.52055
204,15247.34018,228.2648402,6253.207763,8167.16895,4769.531963,16268.92694,11415.5137,6782.442922,1764.189498,11564.60046,2225.502283,10982.81963,11191.03881,9399.760274,4330,16402.7968,9615.125571,2332.237443,4373.789954,1907.865297,1360.924658,6625.490868,14805.53653,504.1666667,5327.648402,14131.74658,552.4771689,5487.93379,1366.015982,10611.66667,14529.52055
205,15247.34018,228.2648402,6253.207763,8167.16895,4769.531963,16268.92694,11415.5137,6782.442922,1764.189498,11564.60046,2225.502283,10982.81963,11191.03881,9399.760274,4330,16402.7968,9615.125571,2332.237443,4373.789954,1907.865297,1360.924658,6625.490868,14805.53653,504.1666667,5327.648402,14131.74658,552.4771689,5487.93379,1366.015982,10611.66667,14529.52055
206,15247.34018,228.2648402,6253.207763,8167.16895,4769.531963,16268.92694,11415.5137,6782.442922,1764.189498,11564.60046,2225.502283,10982.81963,11191.03881,9399.760274,4330,16402.7968,9615.125571,2332.237443,4373.789954,1907.865297,1360.924658,6625.490868,14805.53653,504.1666667,5327.648402,14131.74658,552.4771689,5487.93379,1366.015982,10611.66667,14529.52055
207,15247.34018,228.2648402,6253.207763,8167.16895,4769.531963,16268.92694,11415.5137,6782.442922,1764.189498,11564.60046,2225.502283,10982.81963,11191.03881,9399.760274,4330,16402.7968,9615.125571,2332.237443,4373.789954,1907.865297,1360.924658,6625.490868,14805.53653,504.1666667,5327.648402,14131.74658,552.4771689,5487.93379,1366.015982,10611.66667,14529.52055
208,15247.34018,228.2648402,6253.207763,8167.16895,4769.531963,16268.92694,11415.5137,6782.442922,1764.189498,11564.60046,2225.502283,10982.81963,11191.03881,9399.760274,4330,16402.7968,9615.125571,2332.237443,4373.789954,1907.865297,1360.924658,6625.490868,14805.53653,504.1666667,5327.648402,14131.74658,552.4771689,5487.93379,1366.015982,10611.66667,14529.52055
209,15247.34018,228.2648402,6253.207763,8167.16895,4769.531963,16268.92694,11415.5137,6782.442922,1764.189498,11564.60046,2225.502283,10982.81963,11191.03881,9399.760274,4330,16402.7968,9615.125571,2332.237443,4373.789954,1907.865297,1360.924658,6625.490868,14805.53653,504.1666667,5327.648402,14131.74658,552.4771689,5487.93379,1366.015982,10611.66667,14529.52055
210,15247.34018,228.2648402,6253.207763,8167.16895,4769.531963,16268.92694,11415.5137,6782.442922,1764.189498,11564.60046,2225.502283,10982.81963,11191.03881,9399.760274,4330,16402.7968,9615.125571,2332.237443,4373.789954,1907.865297,1360.924658,6625.490868,14805.53653,504.1666667,5327.648402,14131.74658,552.4771689,5487.93379,1366.015982,10611.66667,14529.52055
211,15247.34018,228.2648402,6253.207763,8167.16895,4769.531963,16268.92694,11415.5137,6782.442922,1764.189498,11564.60046,2225.502283,10982.81963,11191.03881,9399.760274,4330,16402.7968,9615.125571,2332.237443,4373.789954,1907.865297,1360.924658,6625.490868,14805.53653,504.1666667,5327.648402,14131.74658,552.4771689,5487.93379,1366.015982,10611.66667,14529.52055
212,15247.34018,228.2648402,6253.207763,8167.16895,4769.531963,16268.92694,11415.5137,6782.442922,1764.189498,11564.60046,2225.502283,10982.81963,11191.03881,9399.760274,4330,16402.7968,9615.125571,2332.237443,4373.789954,1907.865297,1360.924658,6625.490868,14805.53653,504.1666667,5327.648402,14131.74658,552.4771689,5487.93379,1366.015982,10611.66667,14529.52055
213,15247.34018,228.2648402,6253.207763,8167.16895,4769.531963,16268.92694,11415.5137,6782.442922,1764.189498,11564.60046,2225.502283,10982.81963,11191.03881,9399.760274,4330,16402.7968,9615.125571,2332.237443,4373.789954,1907.865297,1360.924658,6625.490868,14805.53653,504.1666667,5327.648402,14131.74658,552.4771689,5487.93379,1366.015982,10611.66667,14529.52055
214,15247.34018,228.2648402,6253.207763,8167.16895,4769.531963,16268.92694,11415.5137,6782.442922,1764.189498,11564.60046,2225.502283,10982.81963,11191.03881,9399.760274,4330,16402.7968,9615.125571,2332.237443,4373.789954,1907.865297,1360.924658,6625.490868,14805.53653,504.1666667,5327.648402,14131.74658,552.4771689,5487.93379,1366.015982,10611.66667,14529.52055
215,15247.34018,228.2648402,6253.207763,8167.16895,4769.531963,16268.92694,11415.5137,6782.442922,1764.189498,11564.60046,2225.502283,10982.81963,11191.03881,9399.760274,4330,16402.7968,9615.125571,2332.237443,4373.789954,1907.865297,1360.924658,6625.490868,14805.53653,504.1666667,5327.648402,14131.74658,552.4771689,5487.93379,1366.015982,10611.66667,14529.52055
216,15247.34018,228.2648402,6253.207763,8167.16895,4769.531963,16268.92694,11415.5137,6782.442922,1764.189498,11564.60046,2225.502283,10982.81963,11191.03881,9399.760274,4330,16402.7968,9615.125571,2332.237443,4373.789954,1907.865297,1360.924658,6625.490868,14805.53653,504.1666667,5327.648402,14131.74658,552.4771689,5487.93379,1366.015982,10611.66667,14529.52055
217,15247.34018,228.2648402,6253.207763,8167.16895,4769.531963,16268.92694,11415.5137,6782.442922,1764.189498,11564.60046,2225.502283,10982.81963,11191.03881,9399.760274,4330,16402.7968,9615.125571,2332.237443,4373.789954,1907.865297,1360.924658,6625.490868,14805.53653,504.1666667,5327.648402,14131.74658,552.4771689,5487.93379,1366.015982,10611.66667,14529.52055
218,15247.34018,228.2648402,6253.207763,8167.16895,4769.531963,16268.92694,11415.5137,6782.442922,1764.189498,11564.60046,2225.502283,10982.81963,11191.03881,9399.760274,4330,16402.7968,9615.125571,2332.237443,4373.789954,1907.865297,1360.924658,6625.490868,14805.53653,504.1666667,5327.648402,14131.74658,552.4771689,5487.93379,1366.015982,10611.66667,14529.52055
219,15247.34018,228.2648402,6253.207763,8167.16895,4769.531963,16268.92694,11415.5137,6782.442922,1764.189498,11564.60046,2225.502283,10982.81963,11191.03881,9399.760274,4330,16402.7968,9615.125571,2332.237443,4373.789954,1907.865297,1360.924658,6625.490868,14805.53653,504.1666667,5327.648402,14131.74658,552.4771689,5487.93379,1366.015982,10611.66667,14529.52055
220,15247.34018,228.2648402,6253.207763,8167.16895,4769.531963,16268.92694,11415.5137,6782.442922,1764.189498,11564.60046,2225.502283,10982.81963,11191.03881,9399.760274,4330,16402.7968,9615.125571,2332.237443,4373.789954,1907.865297,1360.924658,6625.490868,14805.53653,504.1666667,5327.648402,14131.74658,552.4771689,5487.93379,1366.015982,10611.66667,14529.52055
221,15247.34018,228.2648402,6253.207763,8167.16895,4769.531963,16268.92694,11415.5137,6782.442922,1764.189498,11564.60046,2225.502283,10982.81963,11191.03881,9399.760274,4330,16402.7968,9615.125571,2332.237443,4373.789954,1907.865297,1360.924658,6625.490868,14805.53653,504.1666667,5327.648402,14131.74658,552.4771689,5487.93379,1366.015982,10611.66667,14529.52055
222,15247.34018,228.2648402,6253.207763,8167.16895,4769.531963,16268.92694,11415.5137,6782.442922,1764.189498,11564.60046,2225.502283,10982.81963,11191.03881,9399.760274,4330,16402.7968,9615.125571,2332.237443,4373.789954,1907.865297,1360.924658,6625.490868,14805.53653,504.1666667,5327.648402,14131.74658,552.4771689,5487.93379,1366.015982,10611.66667,14529.52055
223,15247.34018,228.2648402,6253.207763,8167.16895,4769.531963,16268.92694,11415.5137,6782.442922,1764.189498,11564.60046,2225.502283,10982.81963,11191.03881,9399.760274,4330,16402.7968,9615.125571,2332.237443,4373.789954,1907.865297,1360.924658,6625.490868,14805.53653,504.1666667,5327.648402,14131.74658,552.4771689,5487.93379,1366.015982,10611.66667,14529.52055
224,15247.34018,228.2648402,6253.207763,8167.16895,4769.531963,16268.92694,11415.5137,6782.442922,1764.189498,11564.60046,2225.502283,10982.81963,11191.03881,9399.760274,4330,16402.7968,9615.125571,2332.237443,4373.789954,1907.865297,1360.924658,6625.490868,14805.53653,504.1666667,5327.648402,14131.74658,552.4771689,5487.93379,1366.015982,10611.66667,14529.52055
225,15247.34018,228.2648402,6253.207763,8167.16895,4769.531963,16268.92694,11415.5137,6782.442922,1764.189498,11564.60046,2225.502283,10982.81963,11191.03881,9399.760274,4330,16402.7968,9615.125571,2332.237443,4373.789954,1907.865297,1360.924658,6625.490868,14805.53653,504.1666667,5327.648402,14131.74658,552.4771689,5487.93379,1366.015982,10611.66667,14529.52055
226,15247.34018,228.2648402,6253.207763,8167.16895,4769.531963,16268.92694,11415.5137,6782.442922,1764.189498,11564.60046,2225.502283,10982.81963,11191.03881,9399.760274,4330,16402.7968,9615.125571,2332.237443,4373.789954,1907.865297,1360.924658,6625.490868,14805.53653,504.1666667,5327.648402,14131.74658,552.4771689,5487.93379,1366.015982,10611.66667,14529.52055
227,15247.34018,228.2648402,6253.207763,8167.16895,4769.531963,16268.92694,11415.5137,6782.442922,1764.189498,11564.60046,2225.502283,10982.81963,11191.03881,9399.760274,4330,16402.7968,9615.125571,2332.237443,4373.789954,1907.865297,1360.924658,6625.490868,14805.53653,504.1666667,5327.648402,14131.74658,552.4771689,5487.93379,1366.015982,10611.66667,14529.52055
228,15247.34018,228.2648402,6253.207763,8167.16895,4769.531963,16268.92694,11415.5137,6782.442922,1764.189498,11564.60046,2225.502283,10982.81963,11191.03881,9399.760274,4330,16402.7968,9615.125571,2332.237443,4373.789954,1907.865297,1360.924658,6625.490868,14805.53653,504.1666667,5327.648402,14131.74658,552.4771689,5487.93379,1366.015982,10611.66667,14529.52055
229,15247.34018,228.2648402,6253.207763,8167.16895,4769.531963,16268.92694,11415.5137,6782.442922,1764.189498,11564.60046,2225.502283,10982.81963,11191.03881,9399.760274,4330,16402.7968,9615.125571,2332.237443,4373.789954,1907.865297,1360.924658,6625.490868,14805.53653,504.1666667,5327.648402,14131.74658,552.4771689,5487.93379,1366.015982,10611.66667,14529.52055
230,15247.34018,228.2648402,6253.207763,8167.16895,4769.531963,16268.92694,11415.5137,6782.442922,1764.189498,11564.60046,2225.502283,10982.81963,11191.03881,9399.760274,4330,16402.7968,9615.125571,2332.237443,4373.789954,1907.865297,1360.924658,6625.490868,14805.53653,504.1666667,5327.648402,14131.74658,552.4771689,5487.93379,1366.015982,10611.66667,14529.52055
231,15247.34018,228.2648402,6253.207763,8167.16895,4769.531963,16268.92694,11415.5137,6782.442922,1764.189498,11564.60046,2225.502283,10982.81963,11191.03881,9399.760274,4330,16402.7968,9615.125571,2332.237443,4373.789954,1907.865297,1360.924658,6625.490868,14805.53653,504.1666667,5327.648402,14131.74658,552.4771689,5487.93379,1366.015982,10611.66667,14529.52055
232,15247.34018,228.2648402,6253.207763,8167.16895,4769.531963,16268.92694,11415.5137,6782.442922,1764.189498,11564.60046,2225.502283,10982.81963,11191.03881,9399.760274,4330,16402.7968,9615.125571,2332.237443,4373.789954,1907.865297,1360.924658,6625.490868,14805.53653,504.1666667,5327.648402,14131.74658,552.4771689,5487.93379,1366.015982,10611.66667,14529.52055
233,15247.34018,228.2648402,6253.207763,8167.16895,4769.531963,16268.92694,11415.5137,6782.442922,1764.189498,11564.60046,2225.502283,10982.81963,11191.03881,9399.760274,4330,16402.7968,9615.125571,2332.237443,4373.789954,1907.865297,1360.924658,6625.490868,14805.53653,504.1666667,5327.648402,14131.74658,552.4771689,5487.93379,1366.015982,10611.66667,14529.52055
234,15247.34018,228.2648402,6253.207763,8167.16895,4769.531963,16268.92694,11415.5137,6782.442922,1764.189498,11564.60046,2225.502283,10982.81963,11191.03881,9399.760274,4330,16402.7968,9615.125571,2332.237443,4373.789954,1907.865297,1360.924658,6625.490868,14805.53653,504.1666667,5327.648402,14131.74658,552.4771689,5487.93379,1366.015982,10611.66667,14529.52055
235,15247.34018,228.2648402,6253.207763,8167.16895,4769.531963,16268.92694,11415.5137,6782.442922,1764.189498,11564.60046,2225.502283,10982.81963,11191.03881,9399.760274,4330,16402.7968,9615.125571,2332.237443,4373.789954,1907.865297,1360.924658,6625.490868,14805.53653,504.1666667,5327.648402,14131.74658,552.4771689,5487.93379,1366.015982,10611.66667,14529.52055
236,15247.34018,228.2648402,6253.207763,8167.16895,4769.531963,16268.92694,11415.5137,6782.442922,1764.189498,11564.60046,2225.502283,10982.81963,11191.03881,9399.760274,4330,16402.7968,9615.125571,2332.237443,4373.789954,1907.865297,1360.924658,6625.490868,14805.53653,504.1666667,5327.648402,14131.74658,552.4771689,5487.93379,1366.015982,10611.66667,14529.52055
237,15247.34018,228.2648402,6253.207763,8167.16895,4769.531963,16268.92694,11415.5137,6782.442922,1764.189498,11564.60046,2225.502283,10982.81963,11191.03881,9399.760274,4330,16402.7968,9615.125571,2332.237443,4373.789954,1907.865297,1360.924658,6625.490868,14805.53653,504.1666667,5327.648402,14131.74658,552.4771689,5487.93379,1366.015982,10611.66667,14529.52055
238,15247.34018,228.2648402,6253.207763,8167.16895,4769.531963,16268.92694,11415.5137,6782.442922,1764.189498,11564.60046,2225.502283,10982.81963,11191.03881,9399.760274,4330,16402.7968,9615.125571,2332.237443,4373.789954,1907.865297,1360.924658,6625.490868,14805.53653,504.1666667,5327.648402,14131.74658,552.4771689,5487.93379,1366.015982,10611.66667,14529.52055
239,15247.34018,228.2648402,6253.207763,8167.16895,4769.531963,16268.92694,11415.5137,6782.442922,1764.189498,11564.60046,2225.502283,10982.81963,11191.03881,9399.760274,4330,16402.7968,9615.125571,2332.237443,4373.789954,1907.865297,1360.924658,6625.490868,14805.53653,504.1666667,5327.648402,14131.74658,552.4771689,5487.93379,1366.015982,10611.66667,14529.52055
240,15247.34018,228.2648402,6253.207763,8167.16895,4769.531963,16268.92694,11415.5137,6782.442922,1764.189498,11564.60046,2225.502283,10982.81963,11191.03881,9399.760274,4330,16402.7968,9615.125571,2332.237443,4373.789954,1907.865297,1360.924658,6625.490868,14805.53653,504.1666667,5327.648402,14131.74658,552.4771689,5487.93379,1366.015982,10611.66667,14529.52055
241,15247.34018,228.2648402,6253.207763,8167.16895,4769.531963,16268.92694,11415.5137,6782.442922,1764.189498,11564.60046,2225.502283,10982.81963,11191.03881,9399.760274,4330,16402.7968,9615.125571,2332.237443,4373.789954,1907.865297,1360.924658,6625.490868,14805.53653,504.1666667,5327.648402,14131.74658,552.4771689,5487.93379,1366.015982,10611.66667,14529.52055
242,15247.34018,228.2648402,6253.207763,8167.16895,4769.531963,16268.92694,11415.5137,6782.442922,1764.189498,11564.60046,2225.502283,10982.81963,11191.03881,9399.760274,4330,16402.7968,9615.125571,2332.237443,4373.789954,1907.865297,1360.924658,6625.490868,14805.53653,504.1666667,5327.648402,14131.74658,552.4771689,5487.93379,1366.015982,10611.66667,14529.52055
243,15247.34018,228.2648402,6253.207763,8167.16895,4769.531963,16268.92694,11415.5137,6782.442922,1764.189498,11564.60046,2225.502283,10982.81963,11191.03881,9399.760274,4330,16402.7968,9615.125571,2332.237443,4373.789954,1907.865297,1360.924658,6625.490868,14805.53653,504.1666667,5327.648402,14131.74658,552.4771689,5487.93379,1366.015982,10611.66667,14529.52055
244,15247.34018,228.2648402,6253.207763,8167.16895,4769.531963,16268.92694,11415.5137,6782.442922,1764.189498,11564.60046,2225.502283,10982.81963,11191.03881,9399.760274,4330,16402.7968,9615.125571,2332.237443,4373.789954,1907.865297,1360.924658,6625.490868,14805.53653,504.1666667,5327.648402,14131.74658,552.4771689,5487.93379,1366.015982,10611.66667,14529.52055
245,15247.34018,228.2648402,6253.207763,8167.16895,4769.531963,16268.92694,11415.5137,6782.442922,1764.189498,11564.60046,2225.502283,10982.81963,11191.03881,9399.760274,4330,16402.7968,9615.125571,2332.237443,4373.789954,1907.865297,1360.924658,6625.490868,14805.53653,504.1666667,5327.648402,14131.74658,552.4771689,5487.93379,1366.015982,10611.66667,14529.52055
246,15247.34018,228.2648402,6253.207763,8167.16895,4769.531963,16268.92694,11415.5137,6782.442922,1764.189498,11564.60046,2225.502283,10982.81963,11191.03881,9399.760274,4330,16402.7968,9615.125571,2332.237443,4373.789954,1907.865297,1360.924658,6625.490868,14805.53653,504.1666667,5327.648402,14131.74658,552.4771689,5487.93379,1366.015982,10611.66667,14529.52055
247,15247.34018,228.2648402,6253.207763,8167.16895,4769.531963,16268.92694,11415.5137,6782.442922,1764.189498,11564.60046,2225.502283,10982.81963,11191.03881,9399.760274,4330,16402.7968,9615.125571,2332.237443,4373.789954,1907.865297,1360.924658,6625.490868,14805.53653,504.1666667,5327.648402,14131.74658,552.4771689,5487.93379,1366.015982,10611.66667,14529.52055
248,15247.34018,228.2648402,6253.207763,8167.16895,4769.531963,16268.92694,11415.5137,6782.442922,1764.189498,11564.60046,2225.502283,10982.81963,11191.03881,9399.760274,4330,16402.7968,9615.125571,2332.237443,4373.789954,1907.865297,1360.924658,6625.490868,14805.53653,504.1666667,5327.648402,14131.74658,552.4771689,5487.93379,1366.015982,10611.66667,14529.52055
249,15247.34018,228.2648402,6253.207763,8167.16895,4769.531963,16268.92694,11415.5137,6782.442922,1764.189498,11564.60046,2225.502283,10982.81963,11191.03881,9399.760274,4330,16402.7968,9615.125571,2332.237443,4373.789954,1907.865297,1360.924658,6625.490868,14805.53653,504.1666667,5327.648402,14131.74658,552.4771689,5487.93379,1366.015982,10611.66667,14529.52055
250,15247.34018,228.2648402,6253.207763,8167.16895,4769.531963,16268.92694,11415.5137,6782.442922,1764.189498,11564.60046,2225.502283,10982.81963,11191.03881,9399.760274,4330,16402.7968,9615.125571,2332.237443,4373.789954,1907.865297,1360.924658,6625.490868,14805.53653,504.1666667,5327.648402,14131.74658,552.4771689,5487.93379,1366.015982,10611.66667,14529.52055
251,15247.34018,228.2648402,6253.207763,8167.16895,4769.531963,16268.92694,11415.5137,6782.442922,1764.189498,11564.60046,2225.502283,10982.81963,11191.03881,9399.760274,4330,16402.7968,9615.125571,2332.237443,4373.789954,1907.865297,1360.924658,6625.490868,14805.53653,504.1666667,5327.648402,14131.74658,552.4771689,5487.93379,1366.015982,10611.66667,14529.52055
252,15247.34018,228.2648402,6253.207763,8167.16895,4769.531963,16268.92694,11415.5137,6782.442922,1764.189498,11564.60046,2225.502283,10982.81963,11191.03881,9399.760274,4330,16402.7968,9615.125571,2332.237443,4373.789954,1907.865297,1360.924658,6625.490868,14805.53653,504.1666667,5327.648402,14131.74658,552.4771689,5487.93379,1366.015982,10611.66667,14529.52055
253,15247.34018,228.2648402,6253.207763,8167.16895,4769.531963,16268.92694,11415.5137,6782.442922,1764.189498,11564.60046,2225.502283,10982.81963,11191.03881,9399.760274,4330,16402.7968,9615.125571,2332.237443,4373.789954,1907.865297,1360.924658,6625.490868,14805.53653,504.1666667,5327.648402,14131.74658,552.4771689,5487.93379,1366.015982,10611.66667,14529.52055
254,15247.34018,228.2648402,6253.207763,8167.16895,4769.531963,16268.92694,11415.5137,6782.442922,1764.189498,11564.60046,2225.502283,10982.81963,11191.03881,9399.760274,4330,16402.7968,9615.125571,2332.237443,4373.789954,1907.865297,1360.924658,6625.490868,14805.53653,504.1666667,5327.648402,14131.74658,552.4771689,5487.93379,1366.015982,10611.66667,14529.52055
255,15247.34018,228.2648402,6253.207763,8167.16895,4769.531963,16268.92694,11415.5137,6782.442922,1764.189498,11564.60046,2225.502283,10982.81963,11191.03881,9399.760274,4330,16402.7968,9615.125571,2332.237443,4373.789954,1907.865297,1360.924658,6625.490868,14805.53653,504.1666667,5327.648402,14131.74658,552.4771689,5487.93379,1366.015982,10611.66667,14529.52055
256,15247.34018,228.2648402,6253.207763,8167.16895,4769.531963,16268.92694,11415.5137,6782.442922,1764.189498,11564.60046,2225.502283,10982.81963,11191.03881,9399.760274,4330,16402.7968,9615.125571,2332.237443,4373.789954,1907.865297,1360.924658,6625.490868,14805.53653,504.1666667,5327.648402,14131.74658,552.4771689,5487.93379,1366.015982,10611.66667,14529.52055
257,15247.34018,228.2648402,6253.207763,8167.16895,4769.531963,16268.92694,11415.5137,6782.442922,1764.189498,11564.60046,2225.502283,10982.81963,11191.03881,9399.760274,4330,16402.7968,9615.125571,2332.237443,4373.789954,1907.865297,1360.924658,6625.490868,14805.53653,504.1666667,5327.648402,14131.74658,552.4771689,5487.93379,1366.015982,10611.66667,14529.52055
258,15247.34018,228.2648402,6253.207763,8167.16895,4769.531963,16268.92694,11415.5137,6782.442922,1764.189498,11564.60046,2225.502283,10982.81963,11191.03881,9399.760274,4330,16402.7968,9615.125571,2332.237443,4373.789954,1907.865297,1360.924658,6625.490868,14805.53653,504.1666667,5327.648402,14131.74658,552.4771689,5487.93379,1366.015982,10611.66667,14529.52055
259,15247.34018,228.2648402,6253.207763,8167.16895,4769.531963,16268.92694,11415.5137,6782.442922,1764.189498,11564.60046,2225.502283,10982.81963,11191.03881,9399.760274,4330,16402.7968,9615.125571,2332.237443,4373.789954,1907.865297,1360.924658,6625.490868,14805.53653,504.1666667,5327.648402,14131.74658,552.4771689,5487.93379,1366.015982,10611.66667,14529.52055
260,15247.34018,228.2648402,6253.207763,8167.16895,4769.531963,16268.92694,11415.5137,6782.442922,1764.189498,11564.60046,2225.502283,10982.81963,11191.03881,9399.760274,4330,16402.7968,9615.125571,2332.237443,4373.789954,1907.865297,1360.924658,6625.490868,14805.53653,504.1666667,5327.648402,14131.74658,552.4771689,5487.93379,1366.015982,10611.66667,14529.52055
261,15247.34018,228.2648402,6253.207763,8167.16895,4769.531963,16268.92694,11415.5137,6782.442922,1764.189498,11564.60046,2225.502283,10982.81963,11191.03881,9399.760274,4330,16402.7968,9615.125571,2332.237443,4373.789954,1907.865297,1360.924658,6625.490868,14805.53653,504.1666667,5327.648402,14131.74658,552.4771689,5487.93379,1366.015982,10611.66667,14529.52055
262,15247.34018,228.2648402,6253.207763,8167.16895,4769.531963,16268.92694,11415.5137,6782.442922,1764.189498,11564.60046,2225.502283,10982.81963,11191.03881,9399.760274,4330,16402.7968,9615.125571,2332.237443,4373.789954,1907.865297,1360.924658,6625.490868,14805.53653,504.1666667,5327.648402,14131.74658,552.4771689,5487.93379,1366.015982,10611.66667,14529.52055
263,15247.34018,228.2648402,6253.207763,8167.16895,4769.531963,16268.92694,11415.5137,6782.442922,1764.189498,11564.60046,2225.502283,10982.81963,11191.03881,9399.760274,4330,16402.7968,9615.125571,2332.237443,4373.789954,1907.865297,1360.924658,6625.490868,14805.53653,504.1666667,5327.648402,14131.74658,552.4771689,5487.93379,1366.015982,10611.66667,14529.52055
264,15247.34018,228.2648402,6253.207763,8167.16895,4769.531963,16268.92694,11415.5137,6782.442922,1764.189498,11564.60046,2225.502283,10982.81963,11191.03881,9399.760274,4330,16402.7968,9615.125571,2332.237443,4373.789954,1907.865297,1360.924658,6625.490868,14805.53653,504.1666667,5327.648402,14131.74658,552.4771689,5487.93379,1366.015982,10611.66667,14529.52055
265,15247.34018,228.2648402,6253.207763,8167.16895,4769.531963,16268.92694,11415.5137,6782.442922,1764.189498,11564.60046,2225.502283,10982.81963,11191.03881,9399.760274,4330,16402.7968,9615.125571,2332.237443,4373.789954,1907.865297,1360.924658,6625.490868,14805.53653,504.1666667,5327.648402,14131.74658,552.4771689,5487.93379,1366.015982,10611.66667,14529.52055
266,15247.34018,228.2648402,6253.207763,8167.16895,4769.531963,16268.92694,11415.5137,6782.442922,1764.189498,11564.60046,2225.502283,10982.81963,11191.03881,9399.760274,4330,16402.7968,9615.125571,2332.237443,4373.789954,1907.865297,1360.924658,6625.490868,14805.53653,504.1666667,5327.648402,14131.74658,552.4771689,5487.93379,1366.015982,10611.66667,14529.52055
267,15247.34018,228.2648402,6253.207763,8167.16895,4769.531963,16268.92694,11415.5137,6782.442922,1764.189498,11564.60046,2225.502283,10982.81963,11191.03881,9399.760274,4330,16402.7968,9615.125571,2332.237443,4373.789954,1907.865297,1360.924658,6625.490868,14805.53653,504.1666667,5327.648402,14131.74658,552.4771689,5487.93379,1366.015982,10611.66667,14529.52055
268,15247.34018,228.2648402,6253.207763,8167.16895,4769.531963,16268.92694,11415.5137,6782.442922,1764.189498,11564.60046,2225.502283,10982.81963,11191.03881,9399.760274,4330,16402.7968,9615.125571,2332.237443,4373.789954,1907.865297,1360.924658,6625.490868,14805.53653,504.1666667,5327.648402,14131.74658,552.4771689,5487.93379,1366.015982,10611.66667,14529.52055
269,15247.34018,228.2648402,6253.207763,8167.16895,4769.531963,16268.92694,11415.5137,6782.442922,1764.189498,11564.60046,2225.502283,10982.81963,11191.03881,9399.760274,4330,16402.7968,9615.125571,2332.237443,4373.789954,1907.865297,1360.924658,6625.490868,14805.53653,504.1666667,5327.648402,14131.74658,552.4771689,5487.93379,1366.015982,10611.66667,14529.52055
270,15247.34018,228.2648402,6253.207763,8167.16895,4769.531963,16268.92694,11415.5137,6782.442922,1764.189498,11564.60046,2225.502283,10982.81963,11191.03881,9399.760274,4330,16402.7968,9615.125571,2332.237443,4373.789954,1907.865297,1360.924658,6625.490868,14805.53653,504.1666667,5327.648402,14131.74658,552.4771689,5487.93379,1366.015982,10611.66667,14529.52055
271,15247.34018,228.2648402,6253.207763,8167.16895,4769.531963,16268.92694,11415.5137,6782.442922,1764.189498,11564.60046,2225.502283,10982.81963,11191.03881,9399.760274,4330,16402.7968,9615.125571,2332.237443,4373.789954,1907.865297,1360.924658,6625.490868,14805.53653,504.1666667,5327.648402,14131.74658,552.4771689,5487.93379,1366.015982,10611.66667,14529.52055
272,15247.34018,228.2648402,6253.207763,8167.16895,4769.531963,16268.92694,11415.5137,6782.442922,1764.189498,11564.60046,2225.502283,10982.81963,11191.03881,9399.760274,4330,16402.7968,9615.125571,2332.237443,4373.789954,1907.865297,1360.924658,6625.490868,14805.53653,504.1666667,5327.648402,14131.74658,552.4771689,5487.93379,1366.015982,10611.66667,14529.52055
273,15247.34018,228.2648402,6253.207763,8167.16895,4769.531963,16268.92694,11415.5137,6782.442922,1764.189498,11564.60046,2225.502283,10982.81963,11191.03881,9399.760274,4330,16402.7968,9615.125571,2332.237443,4373.789954,1907.865297,1360.924658,6625.490868,14805.53653,504.1666667,5327.648402,14131.74658,552.4771689,5487.93379,1366.015982,10611.66667,14529.52055
274,15247.34018,228.2648402,6253.207763,8167.16895,4769.531963,16268.92694,11415.5137,6782.442922,1764.189498,11564.60046,2225.502283,10982.81963,11191.03881,9399.760274,4330,16402.7968,9615.125571,2332.237443,4373.789954,1907.865297,1360.924658,6625.490868,14805.53653,504.1666667,5327.648402,14131.74658,552.4771689,5487.93379,1366.015982,10611.66667,14529.52055
275,15247.34018,228.2648402,6253.207763,8167.16895,4769.531963,16268.92694,11415.5137,6782.442922,1764.189498,11564.60046,2225.502283,10982.81963,11191.03881,9399.760274,4330,16402.7968,9615.125571,2332.237443,4373.789954,1907.865297,1360.924658,6625.490868,14805.53653,504.1666667,5327.648402,14131.74658,552.4771689,5487.93379,1366.015982,10611.66667,14529.52055
276,15247.34018,228.2648402,6253.207763,8167.16895,4769.531963,16268.92694,11415.5137,6782.442922,1764.189498,11564.60046,2225.502283,10982.81963,11191.03881,9399.760274,4330,16402.7968,9615.125571,2332.237443,4373.789954,1907.865297,1360.924658,6625.490868,14805.53653,504.1666667,5327.648402,14131.74658,552.4771689,5487.93379,1366.015982,10611.66667,14529.52055
277,15247.34018,228.2648402,6253.207763,8167.16895,4769.531963,16268.92694,11415.5137,6782.442922,1764.189498,11564.60046,2225.502283,10982.81963,11191.03881,9399.760274,4330,16402.7968,9615.125571,2332.237443,4373.789954,1907.865297,1360.924658,6625.490868,14805.53653,504.1666667,5327.648402,14131.74658,552.4771689,5487.93379,1366.015982,10611.66667,14529.52055
278,15247.34018,228.2648402,6253.207763,8167.16895,4769.531963,16268.92694,11415.5137,6782.442922,1764.189498,11564.60046,2225.502283,10982.81963,11191.03881,9399.760274,4330,16402.7968,9615.125571,2332.237443,4373.789954,1907.865297,1360.924658,6625.490868,14805.53653,504.1666667,5327.648402,14131.74658,552.4771689,5487.93379,1366.015982,10611.66667,14529.52055
279,15247.34018,228.2648402,6253.207763,8167.16895,4769.531963,16268.92694,11415.5137,6782.442922,1764.189498,11564.60046,2225.502283,10982.81963,11191.03881,9399.760274,4330,16402.7968,9615.125571,2332.237443,4373.789954,1907.865297,1360.924658,6625.490868,14805.53653,504.1666667,5327.648402,14131.74658,552.4771689,5487.93379,1366.015982,10611.66667,14529.52055
280,15247.34018,228.2648402,6253.207763,8167.16895,4769.531963,16268.92694,11415.5137,6782.442922,1764.189498,11564.60046,2225.502283,10982.81963,11191.03881,9399.760274,4330,16402.7968,9615.125571,2332.237443,4373.789954,1907.865297,1360.924658,6625.490868,14805.53653,504.1666667,5327.648402,14131.74658,552.4771689,5487.93379,1366.015982,10611.66667,14529.52055
281,15247.34018,228.2648402,6253.207763,8167.16895,4769.531963,16268.92694,11415.5137,6782.442922,1764.189498,11564.60046,2225.502283,10982.81963,11191.03881,9399.760274,4330,16402.7968,9615.125571,2332.237443,4373.789954,1907.865297,1360.924658,6625.490868,14805.53653,504.1666667,5327.648402,14131.74658,552.4771689,5487.93379,1366.015982,10611.66667,14529.52055
282,15247.34018,228.2648402,6253.207763,8167.16895,4769.531963,16268.92694,11415.5137,6782.442922,1764.189498,11564.60046,2225.502283,10982.81963,11191.03881,9399.760274,4330,16402.7968,9615.125571,2332.237443,4373.789954,1907.865297,1360.924658,6625.490868,14805.53653,504.1666667,5327.648402,14131.74658,552.4771689,5487.93379,1366.015982,10611.66667,14529.52055
283,15247.34018,228.2648402,6253.207763,8167.16895,4769.531963,16268.92694,11415.5137,6782.442922,1764.189498,11564.60046,2225.502283,10982.81963,11191.03881,9399.760274,4330,16402.7968,9615.125571,2332.237443,4373.789954,1907.865297,1360.924658,6625.490868,14805.53653,504.1666667,5327.648402,14131.74658,552.4771689,5487.93379,1366.015982,10611.66667,14529.52055
284,15247.34018,228.2648402,6253.207763,8167.16895,4769.531963,16268.92694,11415.5137,6782.442922,1764.189498,11564.60046,2225.502283,10982.81963,11191.03881,9399.760274,4330,16402.7968,9615.125571,2332.237443,4373.789954,1907.865297,1360.924658,6625.490868,14805.53653,504.1666667,5327.648402,14131.74658,552.4771689,5487.93379,1366.015982,10611.66667,14529.52055
285,15247.34018,228.2648402,6253.207763,8167.16895,4769.531963,16268.92694,11415.5137,6782.442922,1764.189498,11564.60046,2225.502283,10982.81963,11191.03881,9399.760274,4330,16402.7968,9615.125571,2332.237443,4373.789954,1907.865297,1360.924658,6625.490868,14805.53653,504.1666667,5327.648402,14131.74658,552.4771689,5487.93379,1366.015982,10611.66667,14529.52055
286,15247.34018,228.2648402,6253.207763,8167.16895,4769.531963,16268.92694,11415.5137,6782.442922,1764.189498,11564.60046,2225.502283,10982.81963,11191.03881,9399.760274,4330,16402.7968,9615.125571,2332.237443,4373.789954,1907.865297,1360.924658,6625.490868,14805.53653,504.1666667,5327.648402,14131.74658,552.4771689,5487.93379,1366.015982,10611.66667,14529.52055
287,15247.34018,228.2648402,6253.207763,8167.16895,4769.531963,16268.92694,11415.5137,6782.442922,1764.189498,11564.60046,2225.502283,10982.81963,11191.03881,9399.760274,4330,16402.7968,9615.125571,2332.237443,4373.789954,1907.865297,1360.924658,6625.490868,14805.53653,504.1666667,5327.648402,14131.74658,552.4771689,5487.93379,1366.015982,10611.66667,14529.52055
288,15247.34018,228.2648402,6253.207763,8167.16895,4769.531963,16268.92694,11415.5137,6782.442922,1764.189498,11564.60046,2225.502283,10982.81963,11191.03881,9399.760274,4330,16402.7968,9615.125571,2332.237443,4373.789954,1907.865297,1360.924658,6625.490868,14805.53653,504.1666667,5327.648402,14131.74658,552.4771689,5487.93379,1366.015982,10611.66667,14529.52055