Time_Index,Demand_MW_Region1Beijing,Demand_MW_Region2Tianjin,Demand_MW_Region3Hebei,Demand_MW_Region4Shanxi,Demand_MW_Region5Innermongolia,Demand_MW_Region6Liaoning,Demand_MW_Region7Jilin,Demand_MW_Region8Heilongjiang,Demand_MW_Region9Shanghai,Demand_MW_Region10Jiangsu,Demand_MW_Region11Zhejiang,Demand_MW_Region12Anhui,Demand_MW_Region13Fujian,Demand_MW_Region14Jiangxi,Demand_MW_Region15Shandong,Demand_MW_Region16Henan,Demand_MW_Region17Hubei,Demand_MW_Region18Hunan,Demand_MW_Region19Guangdong,Demand_MW_Region20Guangxi,Demand_MW_Region21Hainan,Demand_MW_Region22Chongqing,Demand_MW_Region23Sichuan,Demand_MW_Region24Guizhou,Demand_MW_Region25Yunnan,Demand_MW_Region26Tibet,Demand_MW_Region27Shaanxi,Demand_MW_Region28Gansu,Demand_MW_Region29Qinghai,Demand_MW_Region30Ningxia,Demand_MW_Region31Xinjiang
1,20751.023487573628,14726.35863377296,65074.14338273024,45198.448583783196,64058.07759947136,42563.76652966785,13568.711282665749,16930.608392653743,27988.49888780622,128165.66883552977,88601.89595293658,44935.36397491867,40812.55389388906,29666.277516535956,126248.75392245213,54842.85254360113,38560.25983354944,36866.265903056155,121346.75098166426,44566.531550873246,6990.88931860402,24720.618197179763,65883.49654702866,33661.464545992145,36770.09203074065,2410.263477340395,53504.21586060509,36573.92213607219,21313.740612337344,31322.33861030123,81530.27341711141
2,18698.602229523516,14733.146140306346,58173.2533360711,44140.06326628102,63305.261823724984,42076.72436229414,13376.095469294005,17011.765138698367,26263.749385408584,127261.06285334931,84392.07570215342,42350.43947387052,38674.170680625335,29222.795582963914,125511.71847920757,55312.95616626903,37032.387278976305,36247.07256178019,116760.4227396333,43928.94686757159,6706.213223503906,24121.81824683914,64674.555005471484,32881.035384507275,36107.564271346666,2372.504828376919,53070.64249031362,36438.02216566078,21271.564175823216,31293.42338912273,81340.2389775803
3,18590.67016881026,14412.598764248452,58487.56902698541,45056.368140576094,63028.718272041166,42081.179555123206,13324.236714245648,16847.015567786722,23492.41610266805,124025.99930747668,81649.18869526446,41459.875200225186,37325.68564247737,28841.725334998435,124718.39691881608,53905.06634375659,35507.79912767682,35986.19806451444,112200.77446146854,43464.94710475164,6506.465578371887,24034.57807072962,63630.57479813633,32327.09062922288,35101.03842350133,2345.0928309702836,52753.77814215671,36409.8766424615,21196.22217536729,31266.1872191294,80957.95024652945
4,19182.628859381908,14387.154590223248,63434.190504126425,45043.672297969744,63227.22855573921,42291.11599246466,13301.02504005665,16825.612755591566,22672.41521164301,121751.86438148266,80117.58515279151,40931.373241689864,36771.60136908437,28321.63895165707,123528.46466146887,52970.53619943556,33379.13552907042,35803.03341673019,109931.19000846938,43262.20565730071,6486.264849012616,23977.35251389667,63125.45613449384,31944.103931695794,34421.13059229322,2327.2624498206083,52546.70642172692,36380.57847800518,21251.344847509652,31223.732550367327,80406.03140066014
5,19690.66609071067,14306.831525544667,64523.174873046766,45051.37711381575,64335.53414906958,42935.326669167494,13490.754092747226,17114.171364870217,22609.454862604744,120742.75836196488,80025.4338276009,41179.84967318571,36703.035046195306,28258.130078306873,126091.49836739851,52970.53619943556,35812.448095299056,35914.09223042499,107668.56315637658,43170.610724987106,6582.848135259048,25002.191990898897,63755.59225216785,32059.082808379622,34761.99770126914,2329.2413807247167,52569.72642628976,36530.39223174001,21249.38429497427,31244.25557015127,80957.95024652945
6,20592.73827815531,15219.699810476945,67533.74331116978,45615.69599269724,67523.68067816681,44916.98576145347,13814.931927247138,17873.617795084036,22754.298156308163,121142.59802295432,82140.98105406754,42988.62305675968,38022.4382788389,29460.28291331851,128964.37069755288,53437.39213949166,38560.25983354944,36366.724515315924,109931.19000846938,43757.6566763738,6835.886720644991,27091.65938798336,66776.66162459739,31905.76176193339,35438.28958902556,2391.9257507803245,53294.06260067806,36813.704377410504,21350.16494287144,31342.81995336084,81149.46708733514
7,22293.88785662627,16488.311362355922,71712.88831845978,46652.047831968826,71250.15807591198,45027.019919143386,14589.374485503819,19250.439537834853,24422.424363669314,127703.86562192526,89780.0761550107,47257.41429235306,41678.621673484515,32991.19640409168,134237.64891467057,56728.05992891514,41011.39893566476,36709.58176823048,116760.4227396333,45365.07842863424,7160.159864942075,28938.595061223536,68757.85293738011,32480.065619517893,36107.564271346666,2540.9821221151897,54980.36182899604,37276.671105290756,21684.316241083827,31528.388909677746,81908.15933977287
8,24603.78132187701,18338.892774860265,75038.31415264311,46891.80599327001,70784.13303958288,45454.80860428035,15101.430977137035,19781.08355585225,28307.584298705115,137435.1741466831,104154.0391113723,51790.99008105162,45816.98897995273,37004.355770393675,135079.75813573043,61495.808441238456,45319.12548764422,39014.60365532937,149387.77878608584,46888.825688842575,7739.636026680082,32546.676141556112,65410.11049591204,34854.6266685614,37751.78152075525,2625.989940945283,55920.62856357125,37410.632140802154,21641.671299028218,31093.139931565434,82283.18247666772
9,26680.636709384886,20850.893353227446,79643.95278528867,46977.84592835055,71575.74393360264,46534.873390036446,15136.662509390606,19727.353466786844,33302.253279282704,143228.72525308718,115377.19864872293,53637.17780485128,49030.87629340452,41690.59447780431,136343.35068057198,64392.79988653347,49648.363572307215,41522.7242299685,183119.59664297928,47975.72680966076,8318.632918169484,34052.74688475753,69422.53954825149,36040.7737205051,41854.70934095887,2841.0984314344046,58236.05835402763,37920.36993150434,21715.777910893685,31404.54691547746,82635.36975407197
10,28149.851994190623,21834.299593599193,81458.98398855238,48224.26790446439,73337.9683905123,47538.356133700494,15336.509649169424,19891.586166511268,38932.01604410706,149408.98655886707,122013.28835120112,54197.49609588953,51072.203399755934,43404.543678926675,136145.916962107,69771.87491746109,51199.402788519845,42266.10032834974,195404.74742756353,48297.60463865148,8717.553324368297,35704.65653437275,71427.65448042269,39837.037968542565,42770.17341298509,2894.552069932434,58798.11569847884,38053.375897652084,21648.874145551104,31454.56486375202,83208.5776019072
11,29160.48056752849,22230.044460954054,84344.06713355274,48490.171704704764,74189.94637113651,46075.609657102556,15408.503980580406,19915.830727987533,41379.96888534035,156832.1731775389,124705.77586605138,55473.270883402474,53359.85424881323,44890.5467706363,137535.76459210273,71749.03649513141,52442.00640696901,45514.15792964592,202831.93036191273,48777.764214257455,8861.977756461656,34701.52218457569,76247.517785022,40959.88434243579,43072.940155978,2902.681804821972,58883.15647778595,38010.74699559495,21718.882386037625,31527.5230326343,83067.35993941294
12,27690.410897507732,20055.151675249548,81096.17661764834,48503.50655699098,74208.70035150782,44601.68456499296,15446.178435915375,19832.800730816136,39683.464368848494,154257.88691136223,111173.1871427702,55119.18706636867,51785.3714173624,44243.82764138902,136621.14627966308,74855.8856574817,50578.68849814042,41884.87998218159,170956.05244305983,48265.98747141086,8664.63636550321,34598.453259871596,79024.10542217006,41601.73864955753,41854.70934095887,2849.2537646356573,58322.13983130112,38116.97748127808,21786.54034948196,31485.84449481148,82481.36136786139
13,26730.725979295716,19882.184422088074,77415.08626715292,46661.83670053328,70611.66506280452,45221.927366804935,14949.933860256919,19459.11358934375,36928.70101978212,140549.05805133877,110247.46152852397,52406.75814260747,48088.95258304051,40733.64152878975,135357.57112712684,73239.1184925691,48099.85006289093,41143.906088657626,163718.77323179116,47215.76487945673,8229.760905176076,34821.134733967454,73439.06454663498,41198.48877310785,41547.10568943487,2754.6369788518737,57315.963929968144,37670.28008669703,21790.323666480483,31573.90806346287,82189.69199643983
14,26855.859523469902,20959.691244494934,80384.44990024032,47491.369487112475,69907.40936711644,46048.48031304847,15098.018552884256,19698.435980407095,37649.70647547091,148976.89292921344,115470.41238757629,52561.12211606842,47376.90739988411,41179.124534445036,136934.6832396919,67805.87159115824,48409.34727901685,41268.39593682521,188019.3802504121,47363.157270424526,8185.082815538144,35438.60836450312,74370.13376632468,40076.78671080297,42161.07606772533,2751.8530095653728,57286.10692889468,37473.94261258483,21745.359696386713,31646.51013685607,81908.15933977287
15,26941.430223158426,20507.85217509361,81396.21201249596,47621.09921832806,71300.87507231877,47628.59575936522,15235.854655982934,19814.626779558435,37209.70510171111,150575.6445870744,114911.5915295019,52916.63640238221,48517.01361583825,41661.185253818505,138047.30529367877,69771.87491746109,49648.363572307215,40101.477157550114,197875.88357172807,47863.226404444744,8332.24902841736,35474.87384610478,76928.7006900763,39504.66588574979,42466.224658889325,2765.8378775299243,57435.94172664325,37427.28629767389,21592.623800742127,31650.231851871882,82877.40354071303
16,27517.898858605484,20808.28416363291,82622.64080123034,47673.01723940157,73243.60013208982,48979.33985603525,15315.922096551521,20145.19551059852,37230.62503253543,151056.51288579497,114966.09925302623,53913.64855616447,49661.24861839764,42077.959999104336,142212.36571872633,70265.1265916253,51199.402788519845,41604.9578223514,200351.62455912624,47997.57536369674,8598.183774433664,36142.72519357087,77527.11260070323,39892.38667062494,42770.17341298509,2779.9036780957626,57586.27369587353,37432.828693640506,21236.142577755512,31585.965149979427,83719.44418496563
17,28982.000308538947,21797.077800452866,88398.97413315471,48714.994815217826,77027.2276197126,51724.195973798145,15701.461722959975,21464.495954747996,38707.37914189419,152918.71590203847,113485.0344289067,56017.609255971176,52223.23507433182,44933.23374677359,144081.36464915928,69279.32059751086,54308.787459829524,44938.29070180097,207806.080088484,49308.94609151896,9222.689850215429,37600.38823947069,79584.20398043557,39042.234353460095,43374.54225846395,2884.453052932127,58692.313925418865,38028.46559472975,21595.587861009742,31993.253320412314,84207.22779089851
18,30068.878442148496,21386.1460065454,92558.60187207893,50153.28408148861,78989.87114545585,48944.129607236515,16500.267092178226,21069.64528758259,39826.39800832211,153126.26787814032,109681.60125581,58622.92620137515,57682.98950663454,45551.64620895469,149043.52520145205,74855.8856574817,59933.600086025406,48680.54607679622,195404.74742756353,50086.62306125384,9777.303132593288,36469.54142497565,85728.64755222086,41143.44744378636,44569.63663457103,3023.684316451812,60135.51723390413,38803.77273493285,21906.95304256159,32264.494579736405,84780.24309500527
19,29601.49510740558,20336.05157770731,85136.51685916762,49430.56124957119,78972.9790979258,48183.79927695832,16024.672683988389,20972.24423681941,38960.531231643836,154017.30441103072,106721.25203319541,60610.55665714917,58874.945863349385,44880.46139848456,143479.9495058745,83351.1581558902,58107.83554486811,46460.36549805214,217909.8919181186,50509.903368709136,10095.966938580756,33742.29751161233,92957.09556402598,42168.81239390596,45898.58540814504,3070.9080860690506,60617.67046218419,38995.26362797108,22160.69737657553,32008.3010143749,86032.35100901022
20,29034.265700539625,19701.56272094233,83600.00949365254,48780.17855068926,76388.39740410757,46419.20683965908,15785.34157808705,20573.198717707855,38308.33312523897,151634.03736766014,103401.17817928002,56583.11734902479,54489.59577916428,43279.16196703151,136518.2725050341,79436.85681590563,56610.80395498585,43834.082065785784,205316.76171392627,49914.235052546115,9832.210804314027,33021.37464073152,82562.86931912183,42935.929247486616,44865.661261915964,2996.4019353681997,59855.30063345665,38697.728863592856,21893.52488230102,31937.251025906404,85009.96549641906
21,28081.841858198906,19520.567062655522,81311.1854320626,48540.80138298975,76792.20315888803,45114.345892673926,15502.211380924251,20032.151929286065,37335.61792485172,148085.2101210992,100012.09826536698,53476.18141837647,52472.13889382291,40953.43767568475,134635.9178950745,76237.49852352204,53686.14905167724,41142.563069783595,197875.88357172807,49507.07136713105,9405.810350815029,30824.95504559607,79305.37989928036,41546.78991469301,44569.63663457103,2924.0351865067823,59105.97447906177,38435.90004843705,21903.07510607111,31878.029203216243,83123.4041891972
22,26567.820148539486,17989.35067902873,76388.14236782242,47729.83756970773,73952.62673231607,45549.89442275503,15129.593844343142,19389.75678660893,36413.781538016774,147055.81043978734,99011.0976456546,50081.00989279515,51390.44680843112,38068.90715954025,127478.58964316068,72245.04848385545,49648.363572307215,40621.90273337563,170956.05244305983,48649.50947104301,8949.825018839803,28706.37684276389,71969.3568625473,41143.44744378636,44272.52793733342,2787.1170403185597,57663.225398580114,38055.33142277524,21735.896076206034,31764.048202729085,82189.69199643983
23,24247.681170182837,16495.03119213092,71461.36835090362,46383.895115125946,69646.9006152327,44291.005218406426,14575.89769964068,18255.363963090218,33799.22834248057,145357.31282248217,98106.45724295938,47782.94150992408,48758.830133739095,33823.649045608145,125794.21089228327,65364.353290478226,48099.85006289093,40138.09616961606,149387.77878608584,47111.38104057443,8352.645264539717,27656.277919389722,66818.90698063571,40095.2186461677,40928.109887682134,2620.5801729227665,55861.23508993073,37403.58410743465,21521.403147815505,31770.056456457023,81556.81981156033
24,21903.908008944105,15730.896536385862,67445.53271344282,45475.64222371503,65935.94243505168,43123.8512154915,14053.291973549975,17456.6995368362,31041.795344970305,134315.70584570596,93237.80250746416,46660.08397077218,44616.200657365305,31429.685062919445,125183.48322134704,60536.12520861738,39784.84383977575,37959.014982905115,130596.63894301392,45363.431119632005,7559.490384244682,25691.997355785043,67494.33071785956,37779.579671413536,38075.90151185675,2479.3896687773868,54289.53014751684,36919.13770373621,21374.925691607797,31320.55141131432,79811.12706229888
25,19339.037215220436,14350.629294386248,60760.91870681039,44094.95772296641,62527.285418553714,39645.39974756814,13251.706803534911,16615.697557276253,25735.08996226191,121102.30040291107,83385.53506765791,44737.69032587761,36860.1664035597,28933.292043127232,123375.29214575741,52301.896558348715,36997.16698674591,33978.347252072854,112445.23843443311,43094.49491691291,6695.5925861441,23844.551795086638,60307.92861122735,32792.9884433518,36155.1640607367,2310.0394788444532,52345.95742502367,35944.52662394073,20525.554593110443,30541.804097011125,79729.21529520433
26,17426.271268301723,14357.243624005416,54397.993991339354,43062.41219779521,61791.00185511344,39191.75142192022,13063.591054636374,16695.344780561827,24149.203424205818,120247.54837457453,79423.56438548783,42164.13707930297,34928.86944820595,28500.767527952077,122655.0318635218,52750.21953762726,35531.22883487624,33407.65841633966,108195.34489759117,42477.96971431147,6422.9412731369885,23266.97253242803,59201.296996262376,32032.694593437456,35503.71614443405,2273.8509166422386,51921.77004433144,35810.96533711807,20484.93784891902,30513.609426375486,79543.37884319873
27,17325.683355609184,14044.874716015813,54663.4391736614,43956.34608179772,61521.851955195896,39195.90114632342,13012.943870627447,16533.65956645298,21600.995618112636,117190.77317951413,76842.16250644618,41277.490457015134,33710.9749976877,28129.112649203427,121879.7665540603,51407.559474421105,34068.44194850351,33167.219520775514,103970.17418912397,42029.29590631125,6231.631013326895,23182.824034147638,58245.666419330846,31493.04178262534,34514.023022921174,2247.578769717794,51611.7651706717,35783.30416629212,20412.38200939562,30487.051965943214,79169.5351252101
28,17877.362705482887,14020.079726418022,59211.000917257916,43943.960199969326,61714.924572418546,39391.44337997847,12990.274488520043,16512.65484848525,20847.014606688754,115041.96864030563,75400.73081328617,40751.31341367862,33210.549599856386,27621.876403992625,120716.91753319743,50516.32758782152,32026.066638891924,32998.4030742419,101867.0773785375,41833.25102750688,6212.283567305588,23127.626476262052,57783.29477994154,31119.936259281163,33845.485692012204,2230.4898146032083,51409.17613563597,35754.51018985133,20465.466235058066,30445.6552429058,78629.8085347856
29,18350.830962567554,13941.806030003505,60222.547260451924,43951.47690772455,62806.640162485004,39991.4840220991,13175.570919845833,16795.846241737418,20789.12331880474,114088.4757008599,75314.00481859308,40998.696780857856,33148.623407294595,27559.936688807687,123221.61577713197,50516.32758782152,34360.74155374769,33100.76209663512,99770.42778706909,41744.681484227556,6304.787153883065,24116.14698153878,58360.103935371146,31231.948645705164,34180.65227896632,2232.3864572555062,51431.6978034969,35901.74581964569,20463.578184113394,30465.66684093872,79169.5351252101
30,19191.522392282026,14831.38332996288,63056.56861656901,44502.01830651671,65927.18075801039,41837.2714907039,13492.17501919651,17541.166900200045,20922.304994922142,114466.27970389808,77305.0010105202,42799.51325024688,34340.25240544753,28732.38709268725,126029.10061969905,50961.55335475353,36997.16698674591,33517.937435031614,101867.0773785375,42312.33725387502,6547.137332680753,26131.56638474808,61125.50719401558,31082.58332925066,34845.63413798201,2292.4642748452775,52140.35355960994,36180.18248621514,20560.631945251178,30561.775056879513,79356.82123125732
31,20776.918651237993,16067.627438390315,67075.30042935086,45513.068286563925,69580.2452677627,41939.76120256861,14248.524351450913,18892.379634986122,22456.12709045257,120665.94773523441,84494.35091747051,47049.52578982245,37642.36206217126,32176.05983358349,131182.35734809717,54099.75930772593,39348.94581448616,33833.936967722475,108195.34489759117,43866.66571789402,6857.713106647483,27913.049071446952,62939.03486814564,31642.06997128341,35503.71614443405,2435.3225580138824,53790.14780837265,36635.18208440912,20882.426267447583,30742.71974242268,80098.75346577764
32,22929.637321448598,17870.992987904137,70310.79473234188,45746.97290757573,69132.68071630666,42338.21873611229,14748.617717181147,19413.15362665086,26028.485181063934,129860.95181851143,98022.0590919724,51563.15807767707,41379.959761939586,36090.06326377809,132005.29989555958,58646.61050058659,43482.05278173121,35958.394983335624,138429.28853801763,45340.083466025244,7412.712065371521,31393.264473611816,59874.6041267578,33955.36661745052,37120.43617750229,2516.7955668173254,54710.05966325282,36766.83780319135,20841.358343135136,30318.316916429398,80465.49209143147
33,24865.174797645745,20318.90220863696,74731.55011132514,45830.91223334331,69895.48674998639,43344.22933328832,14783.026138580755,19360.42292206356,30621.023568425753,135335.21316214564,108584.46470537798,53401.224299125446,44282.60637121878,40660.51579290792,133240.13267235504,61409.37975628462,47635.799282274784,38270.04195239016,169686.67508574956,46391.08414290804,7967.251998329728,32845.962037923884,63547.470588442484,35110.91071189596,41154.748312070944,2722.959378340877,56975.36506549688,37267.80358752686,20912.724478963715,30621.963818897733,80809.89931696274
34,26234.418540588995,21277.21775373009,76436.76750932306,47046.903623840626,71606.22590010655,44278.90870393607,14978.20426911237,19521.600878835638,35797.523094167314,141174.8726280632,114829.8602993057,53959.077712806145,46126.24637031909,42332.11725202313,133047.19260809105,66539.23374452318,49123.965003483994,38955.185689922706,181070.63632080797,46702.3303176182,8349.321917116507,34439.33016839995,65382.89728138325,38809.230178766105,42054.90253763409,2774.1902982710853,57525.255001267884,37398.52067260056,20848.294827078542,30670.735348908376,81370.44462109962
35,27176.27972648424,21662.8655589887,79128.1888043425,47306.31555494357,72456.56160068752,42916.4548253854,15048.516603976008,19545.394489292856,38048.386452186125,148188.95825652318,117363.82991331986,55229.240282339866,48192.35551871332,43781.404625724084,134405.40686416317,68424.79030327887,50316.1979855372,41948.80672444213,187952.99080655133,47166.63017830261,8487.645828812403,33471.745588986196,69794.86670201289,39903.10677205663,42352.60593353238,2781.981981099095,57608.45481910275,37356.625365358406,20915.71415005003,30741.875442533004,81232.34655096452
36,25806.23973426298,19543.463139228115,76157.78865251865,47319.32484544416,72472.34153667513,41543.588788402376,15085.31087468319,19463.908857519582,36488.47084083754,145756.54408850084,104627.96078315188,54876.71410352218,46770.34945367468,43150.664438453925,133511.60555529306,71387.69423652068,48528.41221542302,38603.82823658803,158415.3998624485,46671.757468317955,8298.640182460022,33372.32929227517,72336.47814918942,40528.401041324105,41154.748312070944,2730.775595047117,57059.58305228473,37461.027745466985,20980.87010965346,30701.235509701954,80659.29307872987
37,24911.855784512172,19374.908984605263,72619.97285176178,45522.618166239656,68966.56358434497,42121.30490291135,14600.660012676019,19097.17233041151,33955.49889056794,132803.22573217022,103756.73647311272,52176.217334654015,43431.900855613356,39727.20694989796,132276.78977494856,69845.83444811952,46150.056884884056,37920.89852721404,151709.01852183382,45656.22382511912,7882.133959093878,33587.11922594644,67224.08636573076,40135.555135284296,40852.28889812022,2640.09318103855,56075.18883126705,37022.0175038903,20984.513518898624,30787.104585293568,80374.0668782716
38,25028.474719915834,20424.92422293246,75428.03762790802,46331.898446871855,68260.8237587661,42891.18559341636,14745.285017063568,19332.043303525403,34618.45478326559,140766.59221244225,108672.19056503756,52329.90225074867,42788.811868674755,40161.68309526842,133818.00631443094,64664.318457724235,46447.00820825095,38035.63646409975,174227.0301554799,45798.74783186401,7839.34308198091,34182.710397978204,68076.36135075793,39042.793329992375,41455.99148708751,2637.424975251022,56045.97817409003,36829.05877391742,20941.212324628283,30857.8974571222,80098.75346577764
39,25108.222831945073,19984.613407003522,76375.51331948086,46458.46091068651,69621.39331049917,44362.9610875534,14879.900868720682,19446.072943386105,34213.87878286561,142277.23469025263,108146.26980728937,52683.852606117056,43818.50741154779,40631.83320319407,134905.3047367406,66539.23374452318,47635.799282274784,36960.128258266304,183360.49979623398,46282.29963641808,7980.292961027448,34217.69067830642,70418.40267326907,38485.43339758256,41756.03689810288,2650.8283219839645,56192.569350459504,36783.20536100612,20794.124630290582,30861.526429158166,81046.5864158161
40,25645.4661347149,20277.380152872058,77561.7323019869,46509.11138688709,71553.95817378341,45621.09198233276,14958.097701479574,19770.493066365147,34233.1144090393,142731.60174263883,108197.56843518568,53676.478837250834,44851.93189923786,41038.310403268595,138975.56706234434,67009.63228950881,49123.965003483994,38345.83377695735,185654.63032200251,46412.21103719577,8234.99456373862,34861.87424681809,70966.17236792146,38863.15086737019,42054.90253763409,2664.309235964577,56339.646935550205,36788.65237865552,20450.82614801501,30798.86121620645,81870.0258205813
41,27009.94400946054,21240.94564000537,82992.35407398512,47525.649754763326,75277.20846180263,48177.748192783925,15334.630003175465,21065.25440386554,35590.972149421556,144491.17644882412,106803.7000365377,55771.184074273224,47165.80932369234,43823.03690487773,140802.02698292243,66069.50024422936,52107.30651640562,41418.05005138344,192562.25679421166,47680.2670693286,8833.121362839673,36267.87961935797,72849.17686187864,38034.93274056278,42649.16416589487,2764.5112203663,57421.74362335107,37374.03904759818,20796.979079068333,31196.000001632274,82347.03396129893
42,28022.866417209316,20840.4983884955,86908.88275354651,48928.824119742785,77220.89746736035,45588.29590946017,16114.772960413638,20677.747994541478,36619.89661273164,144687.289978972,103224.19074024438,58365.04005748725,52096.827789737974,44426.16981770854,145651.2471834585,71387.69423652068,57504.109673304156,44867.15588086707,181070.63632080797,48432.257297264216,9364.307655803002,35177.10853809059,78473.63038520417,40081.93388912964,43824.27227277944,2897.95294507549,58833.70448898534,38136.00403563199,21096.829919358504,31460.48208607594,82907.39097512665
43,27587.285795859254,19817.196142019184,79839.61880963849,48223.746097877796,77187.27301938018,44880.097309059805,15650.289818025314,20582.158612062813,35823.74246804268,145529.22038714192,100438.1295475362,60343.92679494275,53173.35217898647,43771.56843991789,140214.30023950266,79489.36734138886,55752.3549937647,42820.89313038275,201924.89337977293,48841.55661725368,9669.511031168162,32546.51458484368,85090.35155990288,41080.84410925831,45130.99625097111,2943.213047624965,59305.42007165347,38324.19958866693,21341.19074157292,31210.67271578798,84131.83899013333
44,27058.653045984665,19198.89567811689,78425.63570248825,47589.242071533015,74648.26605980343,43236.49341137606,15416.550181423134,20190.535375415227,35224.05411002008,143277.2981364416,97313.52220369416,56334.20445968572,49212.69011747478,42209.833433801956,133411.07322048067,75756.42176531185,54316.00762592051,40400.33959022845,190255.5448641273,48265.563280331065,9416.896015157723,31851.140278349147,75575.76464208245,41828.16911289265,44115.34630541248,2871.805024745399,58559.55401316072,38031.78505844642,21083.898334916033,31141.393251827827,83132.03865546438
45,26171.036098188335,19022.51795565599,76252.9688995585,47355.70914241073,75034.43008215485,42021.099707387046,15140.034727459448,19659.55210580911,34329.654117724254,139924.05114607495,94123.97147264885,53240.936146442036,47390.60868882823,39941.57243962017,131571.56159988808,72705.2947961538,51509.907607316105,37919.660713713,183360.49979623398,47871.848248874325,9008.506812430873,29732.558923214394,72593.94901784044,40474.87000066107,43824.27227277944,2802.447442722889,57826.44925974086,37774.4620187607,21093.095389667462,31083.647202614382,81287.15274588854
46,24760.03474660252,17530.369133439704,71601.62591744497,46564.54448561415,72236.99392588121,42426.7850353642,14776.122618065798,19029.105570431315,33482.03658593801,138951.38295362113,93181.90390874352,49860.70020578125,46413.67030931349,37128.312036982825,124577.13641446925,68897.82127309065,47635.799282274784,37439.78630068263,158415.3998624485,47042.61170104654,8571.782403128762,27689.060363168795,65878.75664377124,40081.93388912964,43532.13229979496,2671.2226508947383,56414.93278898939,37400.44254536531,20932.098670849726,30972.506542557938,80374.0668782716
47,22597.767710772136,16074.175817960628,66904.72612891994,45251.4623447014,67993.32240182102,41254.211040778675,14235.36242242228,17915.812555225202,31077.986194812613,137346.4916394856,92330.52343644948,47572.74117827765,44036.905826705224,32987.94448529428,122931.09465946496,62335.919556409535,46150.056884884056,36993.87872030867,138429.28853801763,45555.28779403074,7999.827655562331,26676.175573288572,61164.17742327851,39060.74971577528,40243.64492881583,2511.6107487171935,54651.951938609025,36759.91105844459,20725.53773011238,30978.365074087367,79755.17526209293
48,20413.47466053422,15329.537347018997,63090.57174111218,44365.38385963375,64352.83520148257,40167.082462054685,13724.966282970936,17132.003358967933,28542.559534730033,126913.40127151532,87748.5065866678,46454.823163978406,40295.458715984394,30653.129845565647,122334.26734448386,57731.390907998386,38172.1108061917,34985.495841304204,121016.59159297726,43865.07281965955,7240.175815268584,24781.506545784352,61782.44161175775,36804.85493632099,37439.135718527155,2376.2912528695115,53114.271240425514,36283.801425170204,20584.477036978533,30540.06143398652,80496.23000802251
49,18711.51263824914,14417.637615147147,64964.947215839034,45327.25645363191,63710.4337975142,40445.52140715185,13113.449775529767,16028.185867256872,25742.560885822728,123197.67056824916,84577.47882730445,41313.75581374793,40365.52035692712,27096.387341879334,125090.52538732628,50933.23604535511,33881.43881184892,32767.84780019128,115654.77360610355,43173.98522901671,6974.621119914085,23419.14442917346,62327.438359828426,32901.76332471738,37020.028832439566,2347.886760578091,52786.155973480505,36184.06572623083,20813.260035482068,30838.139668638323,80413.61510597686
50,16860.813257950453,14424.282829483049,58142.07670144732,44265.854918482946,62961.69002383016,39982.717571571004,12927.296666217902,16105.01685760388,24156.21396324421,122328.12920979268,80558.87426700813,38937.16574778372,38250.55956936334,26691.322761582862,124360.25163839747,51369.82709904045,32538.955107290665,32217.490104101948,111283.57495245754,42556.322809681005,6690.607482344955,22851.86967862501,61183.74937303863,32138.947567613322,36352.997682924026,2311.105291318771,52358.40142774937,36049.61436924307,20772.07396887345,30809.671435779146,80226.18342401551
51,16763.48928165031,14110.455357164807,58432.74338831841,45184.77110539358,62686.65456684544,39986.95104552393,12877.177891812482,15949.048644124416,21607.26640975692,119218.46422218028,77940.5728722607,38118.377344103086,36916.84493832372,26343.263351783884,123574.20815117688,50062.30239290176,31199.357283404097,31985.616991597588,106937.80479323595,42106.821396644475,6491.324661390624,22769.22246211777,60196.117941317105,31597.50471956273,35339.630191847915,2284.402706146191,52045.78959641588,36021.7688606987,20698.501118588556,30782.856298354603,79849.13061173311
52,17297.267411995832,14085.544590719735,63312.35364225187,45172.03908180107,62884.08109025461,40186.439703669734,12854.745022740226,15928.786628490363,20853.06651685601,117032.4800347932,76478.53681996066,37632.4705007936,36368.82973507896,25868.230308409988,122395.19254411332,49194.39267951914,29328.981259525674,31822.81473446764,104774.67908967909,41910.414901614364,6471.170940282224,22715.00967626342,59718.26303041225,31223.16159906852,34655.10083321364,2267.0337685877207,51841.49690739152,35992.78299737233,20752.329422592855,30741.057918573344,79304.77097964392
53,17755.372289589057,14006.90540587618,64395.17395359522,45179.7658550582,63986.463778795965,40798.59033881472,13038.108228838888,16201.9647043073,20795.15842307052,116062.48930255954,76390.57113173933,37860.920739274385,36301.01444203027,25810.222995865133,124934.71252271919,49194.39267951914,31467.040784504497,31921.527153935094,102618.18462883098,41821.681986641,6567.529471705748,23685.894123294434,60314.38758498257,31335.54553241835,34998.28491313841,2268.961485500639,51864.20796916152,36140.99982497059,20750.414906953658,30761.263681571872,79849.13061173311
54,18568.784463985725,14900.636466610395,67419.65818606933,45745.69294649966,67157.38788164868,42681.62940639502,13351.40915053257,16920.93169340697,20928.378761967935,116446.83025191244,78410.02736154375,39523.9143211911,37605.96581029652,26908.23736060831,127781.22861087376,49627.967570160494,33881.43881184892,32323.840365144497,104774.67908967909,42390.384830500225,6819.9792218526145,25665.35670639246,63172.39490031166,31185.6847687555,35679.17374972213,2330.023607518577,52578.8231011374,36421.29203048905,20848.829064720685,30858.304399175584,80038.02439164322
55,20102.736842583963,16142.653049544486,71687.93927706804,46784.99821176292,70863.78684982154,42786.18756097615,14099.867377711867,18224.367121543502,22462.646127658616,122753.76791714206,85702.14450205033,43448.658289563326,41222.101806807244,30133.27965192134,133006.1288352195,52684.051480681104,36035.16183825331,32628.582220754157,111283.57495245754,43947.58034412626,7143.497764023873,27415.056205733443,65046.65151840645,31747.027237170692,36352.997682924026,2475.222455747035,54242.491143967185,36879.32380647282,21175.133958234434,31041.004722553804,80786.32541179666
56,22185.60281755288,17954.43917035954,75115.38492764783,47025.439642932935,70400.35893286087,43192.68674638974,14594.743194978642,18726.727152138817,26036.04127756397,132107.86837730178,99423.22275360252,47616.846249539696,45315.140193672276,33798.792475139424,133840.51239642757,57111.91854302971,39820.19788881649,34677.35511712458,142380.48893154203,45423.71589732479,7721.625451639972,30833.18156402712,61879.60329539298,34067.997126314265,38008.391145877904,2558.030304039633,55170.13891357974,37011.856896461475,21133.490387340655,30612.48407648541,81156.21214125497
57,24058.33482300991,20413.778571810682,79812.5625522611,47111.724777154304,71187.58194589644,44219.000603810244,14628.792628200237,18675.860943776323,30629.912883628036,137676.84801991595,110136.61130964357,49314.2387275437,48493.82472572336,38079.07803242679,135092.51251839972,59802.39035952174,43624.13530782258,36906.648245710465,174530.05804650602,46476.65520632262,8299.274984296713,32259.961751086164,65675.46170515961,35227.37417950342,42139.20773655634,2767.5718672983717,57454.49419472436,37516.16118335994,21205.856857926854,30919.07714998312,81503.57577666828
58,25383.14853094166,21376.568841608805,81633.19786692424,48361.698843322265,72940.15576385002,45172.543631123925,14821.934436267205,18831.339835946936,35807.91515260177,143617.5480786207,116471.28090413593,49829.39763594487,50512.79249433714,39644.55355971629,134896.89009200226,64798.003927180325,44986.97467990492,37567.38331755395,186238.9527735071,46788.47549277526,8697.267079928195,33824.90282010431,67572.35066657144,38937.96103279844,43060.89447895392,2819.642145636878,58009.008379691375,37647.7493844603,21140.52409955491,30968.321891699892,82068.93283141198
59,26294.447645123266,21764.017377086646,84511.43435555302,48628.36042404333,73787.68383419547,43782.59277019057,14891.513192083668,18854.29213208419,38059.431938610054,150752.9947853931,119041.47201947049,51002.35014778085,52775.38593941413,41001.82918493586,136273.98701250958,66634.2183592292,46078.80338250191,40454.35476742635,193317.75096014395,47253.63178166255,8841.35542812008,32874.58078396518,72132.06210820349,40035.46603271831,43365.71921384257,2827.5614860299956,58092.90785879608,37605.57488132298,21208.88843504979,31040.15223074169,81929.64932012187
60,24968.86352508347,19634.718694642997,81320.2896490273,48641.733278384294,73806.31258559135,42382.01961311564,14927.923582692154,18775.68773722981,36499.06348212626,148278.49381918053,106123.5516531851,50676.804050887156,51218.14894440028,40411.13316593857,135367.75957122952,69519.58763533489,44441.576559147594,37228.54318890022,162937.06573884963,46757.846250069386,8644.473261848445,32776.938159717174,74758.78357678064,40662.83441334882,42139.20773655634,2775.516143528476,57539.420404980854,37710.673012767205,21274.957681750806,30999.117984015873,81351.67672650231
61,24103.50107746181,19465.3774992133,77562.33308483704,46794.814976933274,70228.84763921937,42971.39516804527,14448.32915521034,18421.918586067917,33965.35620744749,135101.05092734832,105239.87373978703,48182.9859017571,47562.21822042541,37205.02270951008,134115.7766820026,68018.07595566059,42263.51517857328,36569.943269104806,156039.26351561665,45740.439395770016,8210.609781552968,32987.89605575182,69475.19498250258,40268.68543098528,41829.51321528993,2683.34800475083,56546.74801066161,37268.73714859814,21278.65216044035,31085.820214764917,81064.00212921864
62,24216.335892317395,20520.29564154912,80555.9992962771,47626.71179047706,69528.2439146084,43756.81355572803,14591.445265417055,18648.48479545613,34628.504556934866,143202.20339915733,110225.59115527211,48324.90876477352,46857.97230603153,37611.915015723134,135678.4200873914,62972.152301302034,42535.45865187645,36680.593596646846,179200.0089042933,45883.226296367146,8166.035660381161,33572.861367677986,70356.00979107183,39172.29891683413,42447.65692533489,2680.6360835475753,56517.29170913071,37074.492516005375,21234.744015980366,31157.299963048983,80786.32541179666
63,24293.496290195802,20077.928853872643,81568.35207866745,47756.811229301136,70914.1510138571,45258.29235613518,14724.65664987245,18758.4824802216,34223.811107698406,144738.9837386595,109692.15269118838,48651.77004092264,47985.5905577295,38052.21643092994,136780.83474865797,64798.003927180325,43624.13530782258,35643.40103000553,188594.17604064188,46367.670040458645,8312.859409078435,33607.21756964059,72776.47820254715,38613.09021237261,42754.87969849588,2694.2590283629843,56665.11563061042,37028.33352985671,21085.59460243431,31160.964145627822,81742.29461012567
64,24813.306802876374,20372.06263442747,82826.59497980378,47808.877207880054,72846.66957417286,46541.81479157032,14802.037643444975,19071.4314859592,34243.0523179945,145201.2124680123,109744.18460069453,49568.42705715801,49117.2923720537,38432.8873771342,140907.68416817137,65256.092862835125,44986.97467990492,36979.73994006193,190953.7881529443,46497.82107040044,8578.175309753384,34239.90834779073,73342.5908624416,38992.060577212396,43060.89447895392,2707.960811274247,56813.43005122102,37033.81684715559,20737.484126345826,31097.69091582018,82572.80246239428
65,26133.509288335164,21340.127360159404,88623.87225510403,48853.824242077666,76610.04214548208,49150.069321703355,15174.641527635695,20320.41157238998,35601.30424590047,146991.2321808636,108330.39173027597,51502.81705435607,51651.21653445878,41040.81833142466,142759.53656981816,64340.562633016416,47719.0731392576,39942.50662623511,198058.57966676814,47768.21610592462,9201.22812423163,35620.82937204292,75288.6508454494,38161.095237273,43669.37139183059,2809.804487417023,57904.62653229518,37623.1046106554,21088.48906184586,31498.682988649085,83053.90526627941
66,27113.563787596384,20937.81027441952,92803.40808101455,50296.21238745646,78562.29379646158,46508.356829842494,15946.645137370484,19946.60693782744,36630.527407059555,147190.7389615007,104699.7156007321,53898.15601633524,57051.16845253601,41605.659795034815,147676.17337816118,69519.58763533489,52661.3828032801,43268.73594600808,186238.9527735071,48521.59342374335,9754.550789827761,34549.518587470746,81101.44840549571,40214.88632227628,44872.58916523139,2945.4324979435496,59328.461153881275,38390.14743463122,21392.542893010643,31765.731242708334,83619.07241442004
67,26692.117145208562,19909.729856633738,85279.05925712804,49571.42991872879,78545.33436432724,45785.86539740926,15487.008016689182,19854.3974844462,35834.14213798881,148047.2368539603,101873.82941619593,55725.5915155481,58230.06891308149,40992.617474765684,142163.63891608294,77409.25236579457,51057.15270075773,41295.37256050731,207688.45488189976,48931.64772022695,10072.47304694,31965.856698791675,87939.74132413905,41217.10994401449,46210.57118261157,2991.4341340763985,59804.14358566229,38579.59714784195,21640.328905912822,31513.498066599765,84854.03115609905
68,26180.63778508375,19288.54232241824,83762.18292713376,48919.19374007807,75974.62894176529,44109.0903604083,15255.707020479722,19476.62158877365,35234.27968980798,145756.35076291114,98704.55777630044,52022.7474877705,53892.75303337292,39530.03324522093,135265.82957891596,73773.99225703959,49741.76778294477,38961.05272418413,195686.0270379262,48354.59192996294,9809.330688260661,31282.8884695676,78106.54288247875,41966.91383696238,45170.62595638929,2918.856174672062,59052.005234667085,38285.23392833146,21379.430047340582,31443.54641020824,83845.64848235498
69,25321.822759714058,19111.34102805959,81447.88607485963,48679.13438827649,76376.16905049041,42869.167635809696,14982.07649337333,18964.4132683999,34339.62005225795,142345.08428259878,95469.41442434235,49166.21799711343,51897.39402726418,37405.77865299504,133400.74402512313,70802.70860672102,47171.984369140846,36568.7495534686,188594.17604064188,47960.150668142174,9383.922492968433,29202.10443272615,75024.87627909753,40609.125809344514,44872.58916523139,2848.3622501882182,58312.73550377433,38026.196053712185,21388.756016645522,31385.24007292378,81984.92597432855
70,23956.606418850643,17612.22481891895,76488.07498544447,47865.85946643686,73551.76428905608,43283.04048667618,14621.961133141569,18356.258587347813,33491.756456214775,141355.58651792002,94513.88059733699,46044.68353192139,50827.55007664225,34771.125346008506,126309.07837627726,67094.87083318512,43624.13530782258,36105.97096059793,162937.06573884963,47129.38454508391,8928.998264901764,27195.06364916332,68084.81469171836,40214.88632227628,44573.46093544863,2714.987494382289,56889.34901416921,37649.684064840556,21225.502616674647,31273.021057085734,81064.00212921864
71,21864.50190930622,16149.232005886706,71489.84460604681,46516.0813054106,69269.02621821607,42086.801656914184,14086.842769046372,17282.33031494565,31087.008166743766,139722.92660346007,93650.33017685934,43931.83014397015,48224.75837852663,30893.619711631505,124640.15241580454,60704.68403242002,42263.51517857328,35675.949111146314,142380.48893154203,45639.31718227877,8333.208181994518,26200.24959737619,63212.36006552704,39190.314864243635,41206.309922546265,2552.760538788957,55111.542537332265,37004.8839909672,21016.046323874485,31278.93643173039,80439.79791459747
72,19751.086098564654,15401.116546411104,67427.56220149442,45605.240048162086,65578.03835857587,40977.73269852123,13581.771668429039,16526.235697866217,28550.845469647167,129109.31789507365,89002.8162791033,42899.470370228475,44127.50450672689,28707.036803773084,124035.02766920373,56220.64884517804,34957.43436416172,33739.116103481014,124470.77971584568,43945.98450769799,7541.899018402534,24339.38309915389,63851.32784281451,36926.93724474773,38334.71427299208,2415.223992050889,53560.9308537465,36525.60149982381,20873.008391639247,30836.380097213616,82789.55425998448
73,16133.897994849553,13055.915263917415,67876.82253713942,45992.60752988028,65609.96773311212,41567.129957184094,12938.044310582784,16561.62684710026,19872.100599796413,116750.86782782621,90623.50094115899,42060.594495533325,44644.08791997584,29505.71933861629,123796.70596703472,52838.43471746301,40972.05624272989,31907.213426153932,129141.43164332146,44950.98960099421,8565.871109039997,27101.19364669304,59645.317091258265,32005.65181489246,36872.85927931628,2412.1054498829235,53525.28226077643,37116.37900313984,20953.109072520976,31264.915690245936,82478.86983879669
74,15373.942780423142,12565.421227930847,66554.04801931193,45720.900829232385,65870.79456624549,41120.321482132655,12847.29163614455,16348.896253403092,18259.53899834994,115112.45199352154,86290.91275702354,39817.24399621807,40524.98329405845,28383.108082819585,122667.80560669064,52838.43471746301,39392.13171100237,31083.14583482273,120130.39089655783,44412.06673753029,8270.34937565968,26092.783258465126,58080.402016279404,31916.3247383731,36189.39940938486,2365.1349000664272,52985.626241645994,36882.0836151028,20986.637332245395,31182.342597109033,82182.74035150102
75,14922.733524839814,12580.862608099369,65541.1085900287,45496.08572713908,65229.77325900146,40975.765134755464,12720.340586859906,16307.88414286616,17152.653301614446,111132.29285293458,82724.7914683777,37870.69087684003,38621.67180786617,27469.626891496817,121834.05667342893,51116.80447188652,37815.5089501214,30625.558966451314,115661.90002453887,44044.20801631504,8044.896625597374,25038.611323531197,54792.5144810288,31325.674801174762,34094.819020540766,2315.480865803933,52409.45976947195,36933.24510710332,20955.520461025815,31189.58852431025,81951.19090048679
76,14696.010823539189,12319.111401457507,64878.1598342025,45364.182285369796,66118.95408674116,41195.084237133764,12701.490757672665,16127.88782866461,16604.515974458434,108473.11073852358,80020.27775702925,36368.26741273195,37437.342482870736,26882.662869961296,121237.02026624736,49406.71044311604,36766.32181675812,30361.630247892233,111218.97856571803,43842.79030250628,7963.87392127403,24258.581134763284,53568.99722372231,31415.290066592577,33738.86235180651,2289.886610626976,52110.134549248316,36831.13874588552,20949.69266180185,31132.638956229093,81718.55387259193
77,14650.574737615598,12086.291378954953,65594.56728246289,45353.13861860481,70443.21088277377,42521.32811672375,12966.234239456038,16680.062180324065,16373.14035317193,106437.48818461913,78351.53979283688,35391.70802401568,36814.98019407821,26121.24607163438,121726.28766977199,48981.017083614715,35457.03753121439,30322.10516778171,109007.32752247773,43675.69161662393,8011.817401492391,23562.81596968049,53669.344863854334,30769.064655581908,35150.681863406135,2278.3185559176663,51974.31403633231,36897.25998026049,20905.302492436098,31184.43584482612,81984.33567047831
78,15463.835457254896,12448.197978743376,70374.9320881605,45247.436616060426,72193.281022023,43821.30405652069,13440.018391136993,17609.352469460562,16128.122218612507,105796.2891338584,79089.75673053211,35468.18838395573,38200.55197976711,27115.729005736874,125697.12305365977,50260.300834210015,34672.67091019142,30696.08340344547,106802.33974948371,43865.97228901887,8081.544672409999,22430.297301673047,54365.347777441115,31182.198156628066,35498.773605285,2369.6193234344705,53037.37184420993,37244.5941973569,21063.673808927986,31414.29452809935,82281.6461649805
79,17369.47895919617,13033.920872492248,73354.5233203843,47612.881180660195,74842.51992011562,43089.052159950705,13944.454201056873,18506.584725556702,17665.52504318692,109719.70413376858,83261.49462405946,37167.369933061236,39115.557813192296,27267.28157096531,128263.72915888716,53703.504620121756,35195.48033427705,30225.641175549987,106802.33974948371,44929.5092757454,8420.759844289385,22967.163889109877,53596.398198345654,31737.540813872325,35845.00025039677,2491.825620627624,54429.67834387312,37703.64046764575,21449.85008575864,31547.18137337321,82838.43364515807
80,20141.4542206026,14727.471371610285,75229.20350830664,46591.779009254664,76182.59454410186,43597.34393097853,14183.661121353221,18812.035949915415,21356.676982639325,113186.30345993553,93898.16082307429,38580.08280657304,40861.88099621095,29484.067576590303,134116.32196276903,54137.09117978505,36766.32181675812,30722.268432286102,147443.15401248983,45336.81644227543,9130.616930283999,25649.627852790887,51204.06607079954,34225.24310910367,38882.915165062106,2573.2944547102147,55339.53699762152,37826.655521018336,21474.661629976305,31179.427066063618,83485.65017655646
81,22931.15224767505,17426.32104647871,80666.95383017974,48592.464892275675,81742.4807514519,45439.41671132477,14499.85738869127,18862.368965234877,25546.854254466823,115629.15841576528,102985.67275853296,40605.79429409694,44970.439884813924,33725.28731245733,138984.95269218666,55442.01701119942,40445.05509485176,32264.2780275731,187446.86805186435,46752.337218151486,9632.915587538175,27344.076461881017,57889.26155342122,33836.44063812448,43054.674450678634,2724.0598228432164,56987.22918945531,38053.16081131386,21160.39357178007,31350.21281413891,83885.98076900782
82,24537.681707514243,18536.68363315836,83705.77068251009,49319.684379675426,83228.23518970056,47243.907374699775,14665.884220520846,19200.368623377468,28199.53180651848,129234.90578319995,108116.32070623823,42826.71348184506,49753.41026059599,35896.72718080307,140867.6962016032,62057.673680910666,42555.16823478015,34437.955809086096,197058.94875592313,47254.43465659041,9950.479166339943,28672.800238771877,61866.15651163256,36891.307715914714,43366.290625525406,2812.638916441578,57934.71920228081,38131.67805227889,21265.567750416798,31481.431706581414,84520.01240339973
83,25114.569154326742,20154.002968861118,92370.56042044886,49961.07575908538,78960.89413511909,45014.683260689315,14848.032773335437,19554.466432777997,30201.612907251605,135887.72784476183,108622.82148404204,45385.57695901873,55948.73060011883,37720.02503036972,145949.01210606145,65645.70260294563,44141.36123616466,37885.93242302575,204314.31497410365,47690.530450987484,10029.600047120386,28522.305436583345,66673.9970255001,37830.37900961641,43676.681532917355,2878.4449143529723,58629.284811137906,38406.00606821111,21368.580456615065,31544.667990456393,85050.45232716297
84,24599.618605336927,18640.11667405228,87539.32989743247,50542.61739127226,77955.53302876787,44290.499939220375,14762.848637464993,19334.13160312049,30728.640157236467,135255.44182691112,104815.37478656271,46831.004463492434,54063.38442025621,35435.3334110303,139634.25370070548,68938.75892872154,45200.48556190528,35264.10541483517,175534.56627365333,47069.02834826818,9864.551952404501,29418.640840161795,71556.13009869185,38592.57761027252,41477.542592531165,2864.0548625024335,58478.06444138959,38575.12174274521,21580.405746521228,31479.722197126048,85340.14877376414
85,24147.164343644014,19116.510757424556,82487.61773079704,49486.27583246108,76565.09824618584,45634.262646624156,14383.990214548416,18755.664636860998,31034.534595681682,131338.62182776246,106148.41106043398,46537.11830394973,49470.3879562443,33533.69922544716,136894.10414700775,67001.52461556962,46260.90707911164,35669.33792930328,170802.71980107104,46648.72946960327,9710.53907577671,29439.409008682524,71219.44552979656,37847.73099304819,41795.57571692753,2802.5540965642294,57827.58329263314,38018.57916003547,21497.3524358548,31489.55864986498,84585.77946214018
86,24353.589091274385,19384.311242201013,83238.53874628546,49117.5926173996,76233.30455831243,46685.87186283792,14564.308146297615,18845.210590329796,31524.48434920624,136665.32616978555,112471.01219145629,47235.49760196066,49963.394295384496,33494.31247120634,139504.48776386026,66548.9676090326,46791.595907154464,36165.32450249015,199473.0570927606,46700.82274299113,9771.69708646018,29370.96804497848,72216.70611928747,36664.62096596409,42112.28493326016,2799.2249537747944,57792.17519056217,37955.594827426066,21476.084844765057,31492.418280951224,84188.15407499047
87,24415.44183835211,19543.22298401788,86912.70761209192,49442.398328824616,79596.10228704491,46798.65296523329,14657.176881284175,19038.573880463788,31966.377698424792,138929.23187502625,115007.59001118508,46830.001429214404,51848.38119983519,32906.83462114488,141983.46206757304,65194.999666445416,45995.681565874525,36124.34232542279,211707.76291623095,47128.35607195381,9886.877444538182,29272.466276285573,71916.6784217124,35965.5944258637,43054.674450678634,2856.856133750836,58402.2771537441,38060.37816850743,21447.477113611123,31623.12011827449,84379.40119254738
88,24701.65528156403,19554.084858701146,87451.73698701996,49458.30779463547,80007.38248465229,49823.502191559564,14925.294442288992,19293.44870654243,31304.86274264507,140405.43170917788,111375.23518530103,46230.785111960904,52285.67028722254,31497.746797373977,142040.66685443695,67001.52461556962,44670.759538305225,35982.7094533892,201891.52474296678,47378.00163768944,10111.444182174939,28795.143632265528,71158.45281061623,36716.95472869443,43366.290625525406,2921.4857628484965,59079.41333969028,38098.65151590527,21416.99331635191,31560.859567330263,84474.75636877066
89,24559.63196157851,19279.57185595667,88753.56195547614,49892.760729379355,82352.35948073294,46660.24499460224,15174.798314829719,19773.445232603128,30063.876445099708,137253.66748362445,105594.37433711886,45270.8177452573,52676.69199602383,29898.632551739724,141682.96564905572,67001.52461556962,43347.88597784078,36115.249296378635,194649.23716259454,48061.232028126346,10054.830424729163,27925.23156848077,72494.99290931218,35422.232451733995,43676.681532917355,3024.10152826043,60139.79287043593,38319.10930690184,21472.2241679453,31746.29094996563,84585.77946214018
90,23860.691934016962,18187.750061637587,87592.46717015271,50078.935539853235,81816.42232910669,44766.440556851674,15732.321920424632,20091.876909631243,28371.93169354751,132107.41499266506,96158.14643350837,43382.00675703762,51161.81774435223,27340.14409002626,140160.28771496753,67454.69462238101,42819.32254352654,34357.0769639029,170802.71980107104,47900.999690420074,9915.532072806565,27543.32109885692,73749.3651787102,37309.17637824259,43985.86537663881,2952.4226210021766,59400.97373711929,38542.49134682791,21692.769896530175,31971.388677840772,84680.75057218267
91,23595.598581075017,17703.325276641677,84946.45945175644,50035.111217360456,80982.62139203108,45455.924240914464,15186.047465664104,19421.782806257957,27176.10618125983,123720.78979473135,89794.93273625692,41835.43796163622,49534.51133403377,26685.7979791396,137848.2829275857,66548.96760903261,43612.2941735286,33974.925473644056,177907.66545823004,47398.90490744152,10029.600047120386,28712.51612135465,69928.91219269892,39007.22569314851,45816.58296726753,2822.1586049752173,58035.68074735629,38372.58383083119,21642.595258484893,31711.684864723647,84743.96686700128
92,23657.506182631656,18158.046918514425,83917.31488971051,50379.807424125574,79360.83936882958,45407.851000634786,15094.7401178573,19552.46525936867,27798.312686894762,124819.24412253566,93052.06047386979,45808.40230279567,50308.098879735655,28162.031337663095,136991.8586736155,65194.999666445416,49764.83258087781,39324.54441671963,194649.23716259454,48444.95986964737,10429.89187896656,31304.3678683477,74526.86204608621,39507.24588837314,46417.920222870714,2835.057199372185,58172.214470673556,38322.34131939686,21496.54065822812,31705.661004248,84822.8776760246
93,23285.52483024668,18271.605467234833,82145.63104324556,49574.569099102824,77901.30151377001,46754.97901880536,15134.13109514511,19237.962612593114,28193.416312079196,134722.62329953487,96644.36377540515,49316.1794357849,50661.995361281486,27617.243826676004,134722.46120959325,72180.56306537095,51052.19310129228,38451.56488964023,192243.96046134675,47910.23906681601,10243.496743262178,31710.339668300854,83362.99644485008,40436.28758060359,45816.58296726753,2931.5702549867424,59184.41295262985,38751.23589886277,21844.927722558114,31768.56352399238,84664.93429255998
94,21814.222779461754,17600.029203945345,79710.77655241344,48780.937209025695,74245.14646359702,45017.893859084696,14678.772194136847,18741.427995867893,27193.368571492392,135296.8834315761,99120.13856034914,47827.612628170966,50264.52082452766,26490.111798925955,129192.10874122952,75737.30594333253,49229.21094171507,40382.61998829183,170802.71980107104,47460.1113075602,10035.911628719628,30420.89294695539,79832.51957532007,39438.3428508215,43985.86537663881,2827.400203681966,58091.20033012497,38514.803473062915,21659.50828347668,31715.19610747371,84427.10105508508
95,19547.596714539388,16166.873566002805,75213.23709619911,47537.057212975866,69333.88434073342,43554.74493352362,14062.597884171808,17779.016290123276,25372.984005254584,134519.19342226043,99068.25677679114,45777.82755604168,49611.1807769322,25059.965617633265,125793.35350844133,69512.5135042672,46791.595907154464,39472.62015998793,161397.74911631792,46486.870556795584,9771.69708646018,29103.52963166741,73056.17277473136,37622.04773066188,40191.73383507392,2677.007670843305,56477.85807501506,37972.90794932135,21283.086875860958,31588.473641931065,84188.15407499047
96,17199.76854337003,13865.27273118594,68821.32457103452,46268.5934960943,66338.9566266309,41979.95479586879,13541.320373502605,17019.343169128755,23371.536411321184,128204.12445460889,95188.0585227065,43058.458183636,46802.730059797024,23998.176523720373,124006.37032745655,61167.03055394235,43083.561947069684,33816.774500795866,138247.16191154765,45587.24963320212,9204.912050481327,27919.629315542617,64464.63889002384,35650.2679595246,37885.211772458446,2508.775472362404,54620.15160252023,37390.09142293559,21148.19203985501,31220.203373009033,82090.2808368104
97,17276.436249137023,13212.752204446071,67521.2295766705,45131.74711355807,65380.21879260285,40822.485692638926,12602.374823318636,16434.907319458023,22732.972777528958,120658.38231105724,90468.29514971355,41394.945884842666,47303.50925047955,27449.302302310658,122857.30036696214,57059.769254018436,40327.11869261855,34786.781575439745,125894.85971372716,45604.90858692557,8752.739364260022,27063.72080403689,59275.850151443665,31341.49674320647,37228.35535518359,2373.5169657604965,53082.30805907661,36872.53465529279,20690.90170412457,30966.758085526766,81782.22057951229
98,16462.66403993944,12716.366005221866,66209.51163570015,44865.12604636304,65646.98868395985,40383.68145960851,12513.976670395807,16223.804411289406,20888.259944898327,118965.13062224271,86143.12714655927,39187.09852477383,42939.03205195235,26404.932043965186,121736.9664326158,57059.769254018436,38772.0636146186,33888.34337840369,117110.35348476008,45058.14580946865,8450.770693960692,26056.70474567886,57720.62878608049,31254.023309014185,36538.30615894218,2327.2978434223905,52547.118222732526,36639.77852317547,20724.01039094843,30884.97244999595,81488.59231935976
99,15979.501945968443,12731.992878232082,65207.219908189254,44644.518890563195,65008.40637005177,40241.714731843946,12390.319286876878,16183.106100557465,19622.022272370545,114851.76022784012,82583.11335399601,37271.3514459449,40922.34145105971,25555.116417363013,120909.5442300279,55200.595622577246,37220.258334579405,33389.46012497683,112754.19896249466,44684.93570880487,8220.399592746195,25003.99041514293,54453.1077406961,30675.63005553064,34423.531645655996,2278.438166600963,51975.7200931487,36690.60389831904,20693.282916495078,30892.149276473538,81258.99862687923
100,15736.723647971094,12467.097329918297,64551.50089297998,44515.084333640756,65921.80085304314,40457.10489537418,12371.95850474701,16004.487009023924,18994.97276273226,112103.57840988146,79883.2315117178,35792.705251358275,39667.46234408914,25009.061170147896,120317.03830966326,53353.87985201963,36187.58636402347,33101.7123181917,108422.97104702427,44480.58789560713,8137.609342402445,24225.038774756016,53237.16943843441,30763.385698361406,34064.143151959186,2253.253364298286,51678.87208266363,36589.16834766335,20687.52804639552,30835.742807467945,81028.32654362392
101,15688.0699598097,12231.480507705808,65264.40011465829,44504.24737521609,70312.92855742839,41759.59010075832,12629.833382075687,16552.436457317024,18730.287322273904,109999.82595887422,78217.35150151925,34831.600836784724,39008.0263099648,24300.71172658835,120802.5930090798,52894.17727006397,34898.9114077874,33058.620171278315,106266.92016326552,44311.05836216855,8186.598730781631,23530.23564473694,53336.8954851652,30130.57022777806,35489.5742007712,2241.8703735112445,51544.17561768803,36654.855183810134,20643.693375951272,30887.04573547384,81291.86344299276
102,16558.922557319667,12597.73458698691,70008.31129020856,44400.52383562047,72099.84556549779,43036.27793698367,13091.325499547218,17474.616380571668,18449.995334269504,109337.16672863821,78954.30413643554,34906.870822835626,40476.13576936333,25225.883635782957,124743.29653309737,54275.664742387926,34126.89143307268,33466.349264516495,104117.36503739175,44504.107119213884,8257.84713285937,22399.282911219485,54028.587078448494,30535.130720794557,35841.0219408205,2331.710525689752,52598.43557968953,36999.90751113368,20800.082832568187,31114.7123733532,81586.66273509637
103,18599.516125308055,13190.493600746991,72957.9385835199,46721.69351123194,74713.23997782609,42317.14378935485,13582.674037109025,18364.983559418586,20208.72921263485,113391.89382259198,83118.89732826037,36579.161219996204,41445.64794717413,25366.873663170692,127290.42648078414,57993.950769770105,34641.47135978705,32953.45047868119,104117.36503739175,45583.11577929032,8604.46243328451,22935.40717278608,53264.40068046624,31078.94936207859,36190.58660245996,2451.9617857351195,53979.21937766561,37455.93797434715,21181.42649649474,31246.33194434819,82138.74736730328
104,21567.79160982896,14904.388233044767,74811.72435249168,45719.70368173512,76129.15846373797,42816.329890773035,13815.674883105547,18668.097656197653,24431.275094782533,116974.51615849382,93737.34670516377,37969.51657876444,43295.998546570896,27429.159571526558,133098.60809931203,58462.17715040234,36187.58636402347,33494.89744472455,143736.48297023374,45996.34819666941,9329.805364609605,25614.16209134706,50886.887614554646,33515.02889687444,39257.790453543326,2532.1272942062114,54881.54805877714,37578.14485283119,21205.927548856867,30882.084722887757,82780.49725108538
105,24555.044915536375,17635.6584098387,80200.76457949114,47682.94199709933,81684.83310447578,44625.40330522192,14123.667635570382,18718.045553799817,29224.68811999894,119499.13060183692,102809.29496820235,39963.16926984231,47649.301804586634,31374.785208518737,137930.29423528377,59871.35528431675,39808.4130236689,35176.07060961496,182734.51716366663,47432.46108672454,9843.061888551898,27306.267784957352,57530.672323665836,33134.29453631768,43469.77021797504,2680.480741660248,56515.6039818703,37803.16206599525,20895.592243562634,31051.241774117334,83177.44649251628
106,26275.34237893503,18759.35946168545,83211.05568823074,48396.54985201501,83182.04670121302,46397.56785841585,14285.387004836486,19053.459043480892,32259.25642220301,133560.24636080963,107931.15594269341,42148.94031502348,52717.190834397916,33394.88540311062,139798.7509364816,67015.54577852861,41885.31105740734,37545.91886903388,192104.9534086104,47941.86272582061,10167.553256849524,28633.154334393428,61482.93280457314,36125.76951465075,43784.390725263074,2767.642760832174,57455.25258565841,37881.163470396175,20999.450271717425,31181.20929869906,83806.12284416331
107,26893.082691968193,20396.107187611477,91820.5036422249,49025.93607495401,78833.51259748524,44208.27863893848,14462.809827095407,19404.8475111265,34549.56563902719,140435.7305665044,108436.78926499972,44667.30736224988,59281.56266153907,35091.107524847066,144841.50833020167,70890.2272194683,43446.535933632185,41305.06911961724,199177.92217306021,48384.3025700856,10248.400194531208,28482.86762149117,66260.99163215914,37045.35397002795,44097.77415213195,2832.3960047250052,58144.069982958,38153.68922711189,21101.17387611652,31243.84253028635,84332.0824618711
108,26341.665400627913,18864.035013836175,87011.88047288136,49596.59278022588,77826.24566398127,43497.06852387969,14379.835740481583,19186.198550000823,35152.46597494058,139782.28267792618,104635.86336810667,46089.85961206431,57283.9075494143,32965.64872117959,138574.66815790976,74446.37030156377,44488.98867609029,38446.626978513304,171121.6866246843,47753.75924205909,10079.751502853926,29377.96366137283,71112.88282125526,37791.73604961507,41877.433024584934,2818.236162663752,57994.10111006761,38321.69385842262,21310.3483827125,31179.5160919662,84619.33201734324
109,25857.17013418434,19346.15188178629,82006.55089842352,48560.02315179514,76456.72123064214,44816.758720287195,14010.806562968197,18612.157662253892,35502.3982786269,135734.371311667,105966.61662545615,45800.62447840811,52417.309062460045,31196.54995665078,135855.31166017972,72354.36769985,45532.71819103683,38888.43099253963,166508.79717261478,47327.34611721262,9922.37876741312,29398.703113729927,70778.2838111837,37062.34587931198,42198.53234807538,2757.7192763192184,57349.00333072876,37768.807606604394,21228.33440181574,31189.25873945656,83871.33440823166
110,26078.213058455876,19617.169376466343,82757.72043718636,48198.24071499032,76127.17283345283,45849.529138339894,14186.446258483094,18701.018464376713,36062.883283888215,141239.3541945833,112278.3893918452,46487.95126479784,52939.68349120561,31159.908283507513,138445.88692293383,71865.65529749801,46055.0534927006,39429.17945450529,194458.37187805475,47380.19721108029,9984.870967066247,29330.35678340247,71769.36696988599,35903.78678246344,42518.29499953071,2754.4433926332276,57313.88826542633,37706.237063645865,21207.332953524787,31192.091099695084,83477.06752286511
111,26144.44597018393,19777.990079156247,86394.5718859406,48516.966919403705,79501.98294344524,45960.28985103953,14276.905572083579,18892.902255847002,36568.393480352264,143579.0301660025,114810.62295689406,46088.87245175053,54936.95792609933,30613.3750193229,140906.05004483726,70403.51701133429,45271.66756938246,39384.498710277105,206385.50133360142,47813.950028499385,10102.564035442556,29231.991213185822,71471.19776381853,35219.26586857357,43469.77021797504,2811.1525980440315,57918.9410365502,37810.33200714757,21179.083219738965,31321.54650004935,83666.69929138725
112,26450.927906965426,19788.982434404024,86928.01485595493,48532.57860193816,79915.38818646641,48930.95114979376,14538.06699025348,19145.82693428213,35811.644016139995,145104.63667557697,111184.48906156012,45499.13929834351,55400.296060085624,29302.494332046404,140962.82074505312,72354.36769985,43967.60102344888,39230.08372838786,196816.0400692037,48067.227282361084,10332.029795479766,28755.328563576677,70717.66890529041,35955.034557814455,43784.390725263074,2874.748292486641,58590.47325650608,37848.35390923511,21148.980896953555,31259.879696323955,83761.24905995869
113,26298.847062373272,19511.171786215662,88234.04336127109,48958.89972258489,82239.18054230193,45824.36135641762,14781.097640492926,19622.150817937956,34392.000049579445,141847.38660149643,105413.52876978839,44554.364321372355,55814.61069571162,27814.83121695342,140607.83388100163,72354.36769985,42665.55069987887,39374.585051851536,189755.82115002951,48760.39688276949,10274.180983952434,27886.619327915145,72045.92994027631,34687.17929708107,44097.77415213195,2975.722427001177,59642.07710674538,38067.363353498586,21203.5205892445,31443.542714143172,83871.33440823166
114,25550.410892019896,18406.23425191497,87077.18829718312,49141.58983120207,81674.31893559586,43964.48301878977,15324.156643993794,19938.14604883236,32456.47573070024,136528.8950812526,95993.46176489428,42695.445549970966,54209.496300593746,25434.657989634954,139096.71047227192,72843.74207590346,42145.30733630709,37457.740854743366,166508.79717261478,48597.83358486154,10131.843777061384,27505.236926210484,73292.532126349,36534.966908760485,44409.93887787103,2905.190227642772,58909.37242629958,38289.277835184614,21421.306406882355,31666.49379943544,83965.50335459763
115,25266.544685996192,17915.990211841243,84435.97692308034,49098.58578454346,80848.99859856321,44641.61511467788,14792.054939127542,19273.179099273097,31088.494088246785,127861.57938365864,89641.14598714234,41173.352665629405,52485.25223110249,24825.916884158432,136802.24985319155,71865.65529749801,42925.796869307924,37041.10088550476,173435.12689809085,48088.434639855834,10248.400194531208,28672.81530179281,69495.74455352161,38197.779695099794,46258.306657072324,2777.0101548838898,57555.37857493773,38120.48656459074,21371.759654644222,31409.266649541154,84028.18569950828
116,25332.836336778382,18376.17429350943,83424.71045641768,49436.83018663825,79195.58301070715,44594.40307079758,14703.116503490613,19402.861649482827,31800.27609053523,128996.7976882532,92892.69542461117,45083.4410958386,53304.921919276196,26199.2633618982,135952.32439685846,70403.51701133429,48981.488708257144,42873.51323687808,189755.82115002951,49149.70695781258,10657.424569191038,31261.083293252115,74065.21286729112,38687.423880783244,46865.441484082156,2789.7023995936534,57690.78234779914,38070.57413256511,21227.532782780545,31403.300235560117,84106.42999652961
117,24934.512749856098,18491.096988288715,81675.49949257287,48646.66380114988,77720.22897635966,45917.39829092866,14741.485506449722,19090.76538628356,32252.26051515679,139231.63133995602,96478.84638959766,48535.70434455697,53679.89980030094,25692.445110562225,133700.14778431068,77947.16658731758,50248.58499943137,41921.74889059232,187411.01229184185,48607.20736994784,10466.963141413475,31666.493755664913,82846.61271696862,39597.18686076401,46258.306657072324,2884.6714545036116,58694.6038946779,38496.6509932278,21571.560128702873,31465.602885955625,83949.82066554796
118,23359.01896083345,17811.453273247524,79252.95828987076,47867.88660872939,74029.30743619103,44211.43172184789,14297.94060801816,18598.029951406264,31108.241645645725,139825.11128444775,98950.38105381194,47070.69551179561,53258.747945661926,24643.869157904952,128211.76124741968,81788.0624994988,48454.29824242141,44027.07821000796,166508.79717261478,48150.53143254323,10254.84946606603,30378.82995335735,79338.00503262671,38619.950662630654,44409.93887787103,2782.167899317817,57610.43867871227,38261.77186309491,21388.46102991093,31412.744407354352,83713.99626196038
119,20931.879485688376,16361.081550410694,74786.98146508435,46647.28876841641,69109.4408330351,42774.49402272262,13697.752556078387,17642.982036542537,29025.78676972074,139021.3929035114,98898.58812527715,45053.35022331282,52566.48882636855,23313.39778670131,124838.79676305258,75065.96291183184,46055.0534927006,43034.952547447036,157340.26427111385,47163.13258180226,9984.870967066247,29063.28815740456,72603.6336332536,36841.34581113699,40579.22761613492,2634.1813225976402,56010.4484129304,37723.43644311715,21016.75016269078,31287.23042953529,83477.06752286511
120,18417.787495266464,14031.832249289166,68458.13700044817,45402.567349744306,66125.69727112497,41227.915080911116,13189.999265185239,16889.121473694846,26736.20226203135,132494.96599126546,95025.03526929281,42377.01743815482,49590.740397693,22325.610656835717,123065.37373291624,66053.74795873635,42405.38737053389,36868.677074157335,134771.67500160125,46250.42453360263,9405.721265613214,27881.0248212167,64065.31914425889,34910.48279879041,38250.4680715832,2468.640476404127,54168.11628330476,37144.44886016846,20883.543401702093,30922.472166925992,82520.9180831213
121,20689.609231516628,15943.667742130327,70949.57627188815,45413.46850669081,65148.918889575834,41336.69863919277,12813.175323920279,17303.50657903002,27043.618971998232,132609.2166150183,102974.86283780444,48860.78850248359,51886.596336778784,30962.223292194187,127198.92644331463,68930.18060995058,55938.97960718292,40524.41873956216,128134.21521017721,46033.89185827285,9051.167569131332,28483.552883932003,61083.62471331568,28772.3214374059,37687.4613500272,2397.246220547012,53355.1162038963,37022.757127657555,20872.121995577312,31150.335273712433,82211.24177311208
122,19715.066289386014,15344.684539406933,69568.64095306343,45145.18313746247,65420.55808853791,40892.367089199695,12723.298531046681,17081.246697100345,24849.110077511217,130748.25365757622,98051.77258681403,46254.74178349055,47099.25877537452,29784.19607742243,126039.00128395314,68930.18060995058,53781.91515238448,39477.79458925529,119193.45452926375,45481.98594837268,8738.903154327967,27423.706185065257,59480.972739784105,28692.018515486263,36988.902357430066,2350.565022164877,52817.17584385197,36789.05272328417,20905.520663280768,31068.064796437353,81916.07316903451
123,19136.44956684057,15363.541297428888,68512.07307847207,44923.198907668346,64784.39967268921,40748.612103612104,12597.572724812633,17038.39744496786,23342.767309279865,126227.46682783971,93999.61341455123,43993.4774952532,44887.17741391332,28825.622307558788,125182.33899713602,66684.23437014037,51629.35859172151,38896.62688852441,114759.81488492896,45105.26524117896,8500.677456817553,26315.76376566885,56113.79995745895,28161.03823899187,34848.048108750554,2301.2168703349244,52242.841103759194,36840.0851661974,20874.524063684603,31075.284168589926,81685.27505144432
124,18845.70742285768,15043.895053910963,67820.67918864876,44792.95639435093,65717.73476133155,40966.71538979441,12578.904821039529,16850.338177859496,22596.816122816537,123207.0862209158,90926.49302550452,42248.14802472588,43510.71704751501,28209.6837198328,124568.89464538342,64453.33765842939,50196.907720580755,38561.418740904795,110351.54522954207,44898.99522714551,8415.064439250566,25495.94632801348,54860.77838560232,28241.600235892063,34484.22757903283,2275.7802827704572,51944.46748977282,36738.23635674765,20868.71878982537,31018.54331065841,81453.39288595124
125,18787.44159874817,14759.579093868326,68569.62018572612,44782.05178946407,70162.89608250215,42285.60711094898,12841.093183246698,17427.247234857354,22281.940797479987,120894.96368838595,89030.31751705098,41113.702296498064,42787.390346078195,27410.680765264242,125071.60825141915,63898.00099276567,48409.34727901683,38511.21909245161,108157.14357905499,44727.871011553245,8465.724140730985,24764.692047010554,54963.545843126536,27660.65892733335,35927.23727007875,2264.283490442278,51809.07877357323,36804.190807774205,20824.500195477416,31070.150372769756,81718.31227303347
126,19830.341863646987,15201.533446670968,73561.63271269377,44677.680786786594,71979.9596888468,43578.37651112017,13310.304700494122,18398.165175489354,21948.499597392525,120166.67013992975,89869.14836240829,41202.54770480587,44397.74027793332,28454.254802981668,129151.57139719263,65566.88578186727,47338.454762467976,38986.197913670076,105969.35322978147,44922.73568468946,8539.401786025866,23574.406637712105,55676.332409553186,28032.0561404696,36283.01911951299,2355.0218202583837,52868.75693826616,37150.64891352309,20982.25938181001,31299.16666440073,82014.65805217638
127,22274.079849490852,15916.808555165288,76670.12377933646,47013.33966781406,74561.55987810831,42850.18392222436,13809.87204753747,19335.589040282903,24040.726133055807,124623.0052342518,94609.46553091153,43176.446345420256,45461.185417854955,28613.28852492745,131788.71378832142,70058.70428687915,48052.244315501666,38388.702996725006,105969.35322978147,46011.894056258665,8897.835075949146,24138.65735058575,54888.84011672047,28531.296010182243,36636.894668115165,2476.47529323468,54256.63705665662,37608.53729142288,21366.94302631878,31431.56650276135,82569.63886409324
128,25828.77475187824,17984.94440903994,78625.05289895544,46005.09521737466,76040.82480389785,43355.65792972503,14046.770309351661,19654.722982803134,29063.954861040707,128560.47507506765,106695.83641175224,44817.56116453502,47490.8106222777,30939.502724604397,137802.14941044428,70624.33799702684,50196.907720580755,39019.45475309609,146293.1964366271,46429.01355070309,9647.908869225335,26957.946610122588,52438.8184721872,30767.681336528378,39741.92376455263,2557.442257015779,55163.60311361922,37731.2420532121,21391.658669998073,31065.159950300385,83214.75530235605
129,29406.196778005316,21280.734986126423,84300.53573079665,47980.58845900762,81589.78919670993,45187.51900531683,14359.914870686778,19707.310670580628,34766.29905939841,131335.1446601745,117021.9139233501,47170.78183928004,52265.89163548931,35390.083677610055,142804.5813991902,72326.67406589331,55219.46711092282,40977.916048516265,185984.90837369766,47878.635258661576,10178.665082888087,28738.824500422215,59285.22305028385,30418.1571420089,44005.84633283806,2707.278869243389,56806.05700924241,37957.17600948598,21078.605307497935,31235.31979865004,83613.78689904884
130,31466.360214863733,22636.691408748073,87471.66221825723,48698.650796895825,83095.84964042284,46982.00630395891,14524.339327246053,20060.45105723317,38376.284858986866,146788.96983017764,122851.83401247856,49750.77063913388,57824.79237109894,37668.713298454495,144739.0670649854,80957.10400832132,58100.39588842951,43738.64063597619,195522.02130390855,48392.82859208048,10514.220116228993,30135.322915237466,63358.018216750694,33164.41014816799,44324.34679022378,2795.3122913968277,57750.53478873434,38035.495199575525,21183.37297131777,31366.057796933033,84245.76122275952
131,32206.142742863358,24611.735026918024,96524.55493475361,49331.965774533775,78681.10175587809,44765.14010475317,14704.729909175237,20430.41071344019,41100.88451403387,154345.4491804113,123427.36737391257,52723.341252185695,65025.16537928006,39582.015411125765,149960.02931044734,85637.85359812423,60266.01865902816,48117.814907364474,202720.80053841977,48839.43025351926,10597.823563099126,29977.151776623556,68281.79664484123,34008.61295557505,44641.59491131796,2860.71290636168,58442.89225433818,38309.13125406003,21285.98751713162,31429.06233095082,84774.47997101398
132,31545.78616718924,22763.002127241194,91473.48980315478,49906.18463310774,77672.79427148424,44044.971362048906,14620.367911216103,20200.20596303938,41818.10733931475,153627.27932811118,119100.9917940312,54402.45987708441,62833.96379476185,37184.543542707004,143471.7267046892,89933.7978006397,61712.036737986244,44787.90909191276,174165.5145488438,48202.95571001696,10423.42472575697,30919.206846315385,73281.65914849815,34693.811409399845,42393.872184113185,2846.4115011665413,58292.15264009365,38477.8203533988,21496.994068826058,31364.35455252912,85063.23640837653
133,30965.572887512568,23344.766701081204,86201.39391351285,48863.14452971257,76321.72933613142,45381.28479373764,14245.165965756427,19595.826511139396,42234.39411269443,149178.43503793323,120615.71177322119,54061.05934156062,57495.85600473115,35189.03814260525,140656.27148880254,87406.58608811669,63159.825867108855,45302.58305870084,169470.57330075576,47772.53152357844,10260.68630296061,30941.03434343872,72936.85565249705,34024.21197689052,42718.93135549235,2785.289596768347,57643.73948252723,37922.681586518585,21414.261772326925,31374.154956398983,84311.31488004637
134,31230.285566714465,23671.800222986603,86988.05273226394,48499.10377457028,75994.26661407299,46427.06431475824,14423.743594498927,19689.383684554647,42901.15877520213,155228.66920815976,127800.04009295692,54872.3498994782,58068.841636250654,35147.70712248799,143338.39449906474,86816.20455309018,63884.37313790675,45932.52110163102,197917.3012170767,47825.879762070326,10325.309199551553,30869.102389647123,73958.1645256922,32960.624139593514,43042.637370784454,2781.9809624090904,57608.44394888852,37859.856124777056,21393.076383836815,31377.00410744031,83914.9797107844
135,31309.60360674066,23865.8606132875,90821.01535075194,48819.819531706045,79377.32384009482,46539.220204441175,14515.716025179205,19891.40870261995,43502.524257553225,157800.08274578716,130682.33607966336,54401.294676109326,60259.62566092748,34531.22934188986,145885.49676361773,85049.89078316736,62797.71456646088,45880.47083694146,210056.5845521691,48263.71268201213,10447.015060912963,30765.576309788757,73650.90185737183,32332.21586903654,44005.84633283806,2839.257118553066,58216.60629324018,37964.3751617109,21364.57922608352,31507.22694552012,84105.6062682362
136,31676.634828752332,23879.12495496759,91383.29444753227,48835.52866548565,79792.29222742049,49547.30089287064,14781.245902346696,20157.700672037987,42602.27929761338,159476.79579483072,126554.91619310972,53705.19938559529,60767.85515819966,33052.58408883864,145944.27367064176,87406.58608811669,60988.80398012789,45700.58706781006,200316.90644389688,48519.37239224277,10684.304549270815,30263.90671726501,72874.39213397876,33007.670950326064,44324.34679022378,2903.4886114578403,58891.58974705928,38002.55196891111,21334.213253516846,31445.194568543524,84200.65203525666
137,31494.50853830468,23543.894217161822,92748.648969458,49264.51096784397,82096.85011233234,46401.579511491436,15028.341737398558,20659.198690516587,40913.44119961019,155896.92531778867,119986.16364279173,52590.028213234116,61222.311425731794,31374.532055101034,145576.74200688256,87406.58608811669,59182.690157494624,45868.92204665144,193131.10384260287,49219.06230311766,10624.483359010428,29349.62277109621,74243.16201876501,31843.74634912354,44641.59491131796,3005.472235687136,59948.59814932278,38222.453680020255,21389.230629142912,31629.946377778746,84311.31488004637
138,30598.209575020635,22210.579503458877,91534.22344360006,49448.34146466243,81507.84853967531,44518.273557832945,15580.48451371202,20991.894546382482,38610.90106537201,150051.6538947478,109263.84256725226,50395.84158027134,59461.68258416252,28689.747788940174,144012.2173531611,87997.76731033782,58461.04467799897,43635.91877977397,169470.57330075576,49054.969851057256,10477.293107218675,28948.232072211402,75527.78265105149,33540.06415892374,44957.6093020664,2934.234890103374,59212.12784880728,38445.272263971136,21608.923913642822,31854.21916207573,84405.97782710688
139,30258.262100207543,21619.00796964437,88764.65200407477,49405.06897814252,80690.16733523986,45203.93502385434,15039.482319269056,20291.783510592606,36983.5215465891,140525.8677637029,102033.36646693526,48599.22953227297,57570.38197164253,28003.10089980178,141636.67331433116,86816.20455309018,59543.685577859374,43150.559346897164,176520.10515359615,48540.77923707072,10597.823563099126,30177.064598523662,71615.20195212883,35066.57019565773,46828.771446476974,2804.773336045252,57851.17535973368,38275.79332050043,21558.943208500674,31595.467117751996,84468.98899721011
140,30337.65048391222,22174.306516442663,87694.12508176234,49745.42476945383,79010.9423661963,45156.12828213081,14949.056206347663,20428.319897267746,37830.27227511861,141773.52588057722,105734.41838550619,53214.52735983734,58469.466858020845,29552.206222516947,140756.71253642446,85049.89078316736,67943.7209205373,49944.95393256125,193131.10384260287,49612.03442934636,11020.79379,32901.1197551052,76324.0283444043,35516.076484903315,47443.39355666381,2817.592471572683,57987.27501891628,38225.67754012866,21413.453132349023,31589.465333665405,84547.64375583865
141,29860.633161457772,22312.982337591766,85847.73822226262,48950.32600733117,77523.05467033813,46495.78836866767,14988.067009375785,20099.729072957743,38367.96238192356,153022.08770231943,109816.32799952105,57289.42831319965,58880.775157473356,28980.52612319789,138424.94676897608,94162.88115324473,69701.34893588338,48836.208162946845,190744.58668419826,49064.43181079658,10823.838502457687,33327.79908827772,85373.24031698366,36351.262918605855,46828.771446476974,2913.5109803661812,58996.255548212095,38653.49028144138,21760.493625633775,31652.13732673942,84390.2128682689
142,27973.881150134355,21492.86451444834,83302.47445690329,48166.68753189773,73804.84375415035,44768.33290489259,14537.102915122832,19580.95213838834,37007.0136531055,153674.3499737701,112629.53391464485,55560.19578971821,58418.81923444805,27797.754975595122,132742.60739383695,98802.81665231839,67212.43890303766,51288.78477569425,169470.57330075576,48603.46014418993,10604.492725167267,31972.581146320492,81757.62831801556,35454.13428932122,44957.6093020664,2809.9826450702744,57906.51843622198,38417.65422974165,21575.790861978778,31598.965492415,84153.15135389625
143,25067.23034744648,19742.71855744551,78604.6694224157,46938.47047571078,68880.50242700113,43313.29508384322,13926.875490161878,18575.42910397682,34529.68186099763,152791.02580819078,112570.58099967052,53179.00940645174,57659.48932315049,26297.011851948886,129250.44648796134,90682.28716694331,63884.37313790675,50133.020604044934,160138.95507079872,47606.77331103129,10325.309199551553,30588.022659800237,74817.87436782486,33821.32807982207,41079.657100245786,2660.5165713696106,56298.30527297959,37877.12557627706,21200.824382574243,31472.707442418214,83914.9797107844
144,22056.44848805035,16932.041692320134,71935.73204872238,45685.97925696314,65907.90544801824,41747.23494432282,13410.628986727212,17781.72634950723,31805.944335065822,145618.17678144894,108161.53832477664,50019.982926705816,54395.4300606355,25182.8091905035,127414.35286642304,79795.2188781275,58821.80964714397,42949.69642094464,137168.92689788106,46685.47986059244,9726.413153718371,29343.734762253713,66019.16128994394,32048.74485898799,38722.1789228871,2493.32072924661,54446.50476813059,37295.77913877734,21066.450936421475,31105.786819253364,83154.18944404557
145,22292.270093950796,17631.490570742266,76013.51743380378,45859.21514722291,66733.42673344768,42081.664865387356,12709.224150638056,16946.7043076388,35116.30570324226,148929.17596138443,124575.91024883877,66676.00203911468,57481.5552280478,37061.901715722786,132962.97392005436,72721.26156426678,61197.69213832901,49221.47789140698,131398.6974293083,46010.738874188886,8841.301719803625,35225.18265738336,66530.09679889237,30786.173240237607,38885.04555090299,2432.3443515253416,53756.240452177,37243.34905321335,21133.457081294833,31420.519343585194,82842.13665613427
146,21242.23699564386,16969.09802332712,74541.11511449433,45588.296477655014,67020.4145671114,41629.325612581175,12620.076513327682,16729.027475413506,32266.722395361627,146839.18789855528,118620.10285708417,63119.76028217338,52177.99654701505,35651.798557422626,131750.48649562537,72721.26156426678,58837.84633216174,47950.23479706369,122230.15251277537,45459.11054822159,8536.27765671477,33914.48614039561,64784.54565594022,30700.24970183653,38164.28863934434,2384.979692762293,53214.25585161942,37008.25217273683,21167.273926109792,31337.535289002342,82544.70290731586
147,20618.7993987553,16989.950988694698,73418.31958944976,45364.1334069149,66369.03169737381,41482.979887707785,12495.370699776131,16687.061784680467,30310.72703845868,141762.03659311973,113717.92184468573,60034.01265274603,49727.38529237709,34504.38202629414,130855.00436786447,70351.79085464057,56482.93219831726,47244.34106625991,117683.55679530102,45082.57931465665,8303.575604409,32544.31036716482,61117.14163075219,30132.10469432061,35955.40504794033,2334.9090336314116,52635.603257733535,37059.58868119576,21135.889225149804,31344.817278758645,82312.13362865012
148,20305.535753761586,16636.46646934115,72684.03773282825,45232.612524763885,67359.91909701285,41705.01381149242,12476.854245620387,16502.880342760538,29342.10483110302,138369.94359716435,110000.15268025617,57652.31569486968,48202.50048288227,33767.10114094579,130213.76164967341,67998.19737991554,54915.8194617078,46837.192958026295,113162.97741933298,44876.41304519401,8219.94766208319,31530.45443757643,59752.395401988375,30218.305441053693,35580.023492280925,2309.1000284678157,52334.986468206895,36957.13302809806,21130.011264778783,31287.58427601427,82078.47198302124
149,20242.756535760825,16322.052355243872,73486.85456636599,45221.600887951165,72017.87274149901,43047.67447938468,12736.915516986806,17067.893402783277,28933.237282925584,135773.2726245042,107706.21624327128,56104.237818788344,47401.17708393174,32810.69149641429,130739.25583392175,67412.3178339373,52960.214008235496,46776.219822239356,110912.66888122892,44705.37489741133,8269.432737064139,30626.123235556635,59864.32603689991,29596.70249509022,37068.88730949516,2297.4349113678595,52198.57989840909,37023.480454161574,21085.239019482127,31339.638954690658,82345.42438021403
150,21366.44205954357,16810.792721022295,78815.54691359056,45116.20545297767,73934.02820709538,44363.742052198824,13202.320398759224,18018.790792958072,28500.26183210106,134955.34940017463,108721.00872005058,56225.47729950603,49185.17189337353,34059.853678792686,135004.1034117668,69172.98937425473,51788.649010067675,47353.13518030386,108669.14008081115,44900.14156235201,8341.402047883032,29154.11512168792,60640.66764209907,29994.094793429063,37435.97474191582,2389.5017429279014,53266.224733169925,37372.00285405279,21244.973472655893,31570.641631161358,82644.04433782249
151,23999.477155068438,17601.78802617277,82121.22264260949,47474.789517521844,76544.46587133344,43622.426042644125,13697.834838498511,18936.884762814603,31217.03086744584,139960.11701999948,114455.70270128593,58919.08241355207,50363.28888038186,34250.21766256144,137760.74849344828,73911.85275037983,52569.54050334944,46627.41020362635,108669.14008081115,45988.75213608305,8691.524486610317,29851.915515709174,59782.959234707836,30528.27779812139,37801.09529750179,2512.7334186877747,54664.538946897475,37832.61945877324,21634.473653462846,31704.189846477293,83203.28411173604
152,27829.52623810765,19888.8601350734,84196.64451883432,46456.64884925554,78162.63177611626,44137.009656770446,13932.811183875789,19249.438090298852,37739.72429142407,144382.16364491795,129077.43282640759,61158.566842260225,52611.76963489161,37034.705107940754,144046.68428041876,74508.59566649048,54915.8194617078,47393.52936330417,150020.31598673222,46405.6618381196,9424.206614945813,33338.48825949096,57114.483388109176,32921.193720411495,41004.79205835467,2594.885821442704,55578.323582914905,37956.055329798466,21659.498756087472,31334.605247529766,83853.35121916616
153,31684.062935929443,23533.54851060255,90242.4414457278,48451.53214200785,83866.0352576772,46001.884366186976,14243.415255150105,19300.94140790199,45144.25333400446,147498.3064396886,141569.61266386503,64369.79922955198,57901.75013771307,42362.06782028667,149275.80258082258,76304.5582686319,60410.53969927823,49772.30152961758,190723.25578088147,47854.554451339915,9942.65639380714,35540.873236952364,64571.34210340175,32547.205391817955,45404.20813346216,2746.9161945765745,57233.12546184491,38183.335463675794,21342.52572373582,31506.240986265584,84255.44501254993
154,33903.81098714787,25033.048705066376,93618.23223363482,49176.642474364,85430.0242616067,47828.71175184207,14406.50576327399,19646.79995884671,49831.8421161853,164854.00393016904,148622.47568078508,67890.48204602358,64060.07005461777,45089.59633971189,151297.94989229753,85409.65196926829,63562.298877518006,53125.51296293206,200503.34624469987,48368.48916856138,10270.43104505586,37267.90188197664,69007.28476297397,35485.675997780985,45732.829493187106,2836.2385158654997,58184.70383386236,38262.12130137049,21448.60515961269,31638.11294744665,84892.26915191149
155,34700.898633435165,27217.173681438668,103300.16109478552,49816.173626034986,80785.03839272782,45571.893391463185,14585.432866232,20009.13096215295,53369.75153964847,173340.44455266846,149318.73873376087,71946.88658495524,72036.86306,47379.82641082515,156755.50119631982,90347.83742337338,65931.50754978045,58444.51410560176,207885.52916082708,48814.86620938388,10352.096011807254,37072.29400709158,74370.08791970536,36388.96681966583,46060.158721471074,2902.596662572577,58882.26644918175,38537.38775588036,21552.50451878342,31701.66395460097,85425.04532522897
156,33989.38944162212,25172.73088347821,97883.93724075009,50396.02861273473,79745.27796157706,44838.74583312686,14501.755283216586,19783.67308646525,54301.06979317007,172533.89092816543,144084.81891013382,74238.23145041875,69609.38305960172,44510.04325878817,149973.1797233528,94880.0536347947,67513.46292050683,54399.96786475182,178602.73863062335,48178.71178404628,10181.740891459734,38237.31938290869,79815.75912717929,37122.12414759589,43741.01072098906,2888.085870211275,58730.39357314807,38707.08195197934,21766.153035453215,31636.394929862905,85716.01769991156
157,33364.231614912365,25816.08200970292,92269.79182427913,49342.7507618757,78381.851348843,46199.14218403727,14129.597289116542,19191.75607737909,54841.620730873874,167537.53599123663,145917.28185283183,73772.35229659415,63695.664307377,42121.415532871266,147030.14153183287,92213.84817372654,69097.35583431122,55025.09745489719,173788.1841145326,47748.5040816793,10022.775820229072,38264.31312123397,79440.21150581243,36405.65765824276,44076.399209176765,2826.0690787598332,58077.10563957311,38148.63551330379,21682.38486671255,31646.280338050714,84958.32587260003
158,33649.449497765,26177.73583685557,93119.78748813411,48975.136838927545,78047.8096692282,47263.76864854519,14306.72614707737,19283.384080436477,55707.41874943725,174332.36075791268,154608.66745212412,74879.44885708611,64330.4352800053,42071.94214102403,149833.80553934947,91590.99633072442,69890.01635706883,55790.22826781055,202959.65083167233,47801.825488398616,10085.900331227716,38175.355952809885,80552.5845601972,35267.626460917636,44410.39154240474,2822.7120026172065,58041.544753791895,38085.43571991723,21660.93422079829,31649.15420135331,84558.9491992219
159,33734.91168082516,26392.3397785009,97195.26059624928,49299.00051618501,81543.53564736461,47377.94580147926,14397.952420631307,19481.243296327855,56488.295529999996,177220.23317726795,158095.58296,74236.64140357397,66757.45269486548,41334.015839710446,152496.3303062105,89727.53732727337,68701.2031684514,55727.007349846936,215408.2073342432,48239.43819800802,10204.784246827136,38047.32680252538,80217.92506410505,34595.23421321343,45404.20813346216,2880.826740135531,58654.27926817271,38190.57751046002,21632.08025662322,31780.50653406211,84751.03863835592
160,34130.37391708302,26407.008305156243,97792.92274715517,49314.86383976421,81973.15181094802,50440.237846701115,14661.328097799575,19742.044264305943,55319.321908023405,179103.29605247284,153102.35378564848,73286.74164893999,67320.48484533373,39564.07172026404,152557.77070177253,92213.84817372654,66722.24048544315,55508.51822055852,205420.39092854303,48494.96932286466,10436.571797492375,37426.91954145393,79372.17847809149,35317.96620388078,45732.829493187106,2945.998647642519,59334.337253728954,38228.98178573839,21601.334078630123,31717.93611600416,84846.81379331379
161,33934.139739219296,26036.289491377494,99274.6776945161,49748.05673044384,84317.17248488242,47237.82456046998,14906.419285188573,20233.201278706907,53126.35524205433,175082.8578521465,145155.67334729558,71764.96605666654,67823.9453705015,37555.43690869576,152173.58425940515,92213.84817372654,64746.33748434343,55712.9800412855,198051.51525200813,49194.30732107876,10378.137657555157,36296.23829758854,80862.99362466522,34072.57540393615,46060.158721471074,3049.475416201407,60399.292254762164,38450.19373264977,21657.040314285765,31904.290379765047,84958.32587260003
162,32968.411563743706,24561.827894290516,97970.40581566,49933.69157802163,83674.49636597648,45320.577838069585,15454.082618431443,20559.03686977541,50136.492704366065,168518.22020081824,132184.12989334055,68770.75337820784,65873.4669977079,34341.73969899126,150538.16282506814,92837.5436858027,63956.85154453339,53000.74568109844,173788.1841145326,49030.297400166135,10234.360248025918,35799.844440305125,82262.15641857263,35887.62303840043,46386.2150154959,2977.19508318297,59657.28516383755,38674.33993194582,21879.484328364037,32130.50840584162,85053.7152698105
163,32602.13103898896,23907.631627216528,94987.57578679164,49889.99435923335,82844.03324332193,46018.59623271866,14917.469485359989,19873.36228399958,48023.33038182529,157820.1140277045,123436.91608885872,66319.07561681134,63778.22644838032,33519.82070181543,148054.97048286194,91590.99633072446,65141.26936822769,52411.22189919632,181017.31726550445,48516.365401009265,10352.096011807254,37319.523195658054,78000.71362020411,37520.97331920414,48316.83657004319,2845.838079862257,58286.10102158866,38503.851185603,21828.8778261963,31869.512062064652,85117.20999208899
164,32687.669014697614,24521.714989349646,93862.10642249418,50233.690843417295,81076.31633956662,45969.927922240495,14827.776984544558,20007.083259089166,49122.84141502957,159221.31901157112,127914.33804338382,72617.16487802257,64774.260129518625,35374.10579872081,147135.1340877363,89727.53732727337,74330.97537398897,60663.780561000654,198051.51525200813,49587.081799943386,10765.25899503145,40688.3213526289,83129.39871637481,38001.941756992404,48950.98935972664,2858.844900615306,58423.22387924529,38453.43680141696,21681.566101937668,31863.458221188404,85196.46835289744
165,32173.700922180466,24675.0712604741,91906.61347601854,49430.78795151199,79525.52534110218,47333.731241108544,14866.471299376513,19685.268052885043,49821.03532848928,171854.21954160137,132852.51025071484,78177.82226,65229.9200185828,34689.802496149525,144697.7038389591,99341.73172616879,76253.83451321862,59317.08375241725,195604.19666896865,49039.75460096386,10572.870431990035,41215.98928465895,92985.47636918252,38895.58512503969,48316.83657004319,2956.1677542591706,59439.78993332559,38883.79857050895,22032.951810197643,31926.673803087608,85037.82932956357
166,30140.797112056498,23768.13441886887,89178.92410638268,48639.45783240318,75656.17913761208,45575.14373195654,14419.165802272257,19177.188417603178,48053.83502674346,172586.7544669819,136255.84265569207,75818.09138386218,64718.15114613742,33274.020831797985,138757.86799861322,104236.85836131875,73530.946984349,62296.01471,173788.1841145326,48579.01478244193,10358.610538647285,39540.011581296785,89047.48124516115,37935.66406131811,46386.2150154959,2851.123658487332,58341.86016782874,38646.55734175609,21845.93642530642,31873.04078006412,84798.94858836556
167,27008.990994441996,21832.715139101863,84159.57390001783,47399.18546212897,70579.16021504141,44093.883351530116,13813.889051534523,18192.39949861362,44837.004445374245,171594.72130786584,136184.52318177032,72568.696664452,63876.94229232748,31477.625475294473,135107.459049136,95669.70905863644,69890.01635706883,60892.20874826313,164218.82375038092,47582.82923808276,10085.900331227716,37827.748866520815,81488.94973637145,36188.573374084765,42385.034182128096,2699.4692489425643,56721.5564434166,38102.80806763175,21466.275076014812,31745.68762423612,84558.9491992219
168,23764.98760836617,18724.495409088853,77065.50851571606,46134.40067120088,67535.15441254943,42499.599818498864,13301.830770642518,17415.063076847226,41300.214501874034,163539.1236494517,130850.595178234,68257.85227448784,60260.91780792932,30143.920555586825,133188.16243915888,84183.86448818543,64351.53131293575,52167.25121740778,140663.58694743086,46661.99915695147,9500.890651585174,36288.95668536098,71905.70650998363,34291.92230830073,39952.643062427844,2529.825489073124,54855.83408555102,37517.99780571667,21330.21917054737,31375.584495765448,83497.89084388442
169,23438.566306815523,18178.75148805129,78244.87473501425,45124.996253736535,69144.95818830737,42504.57309264935,12712.186890848632,16778.091309590876,33545.40910148018,163297.51003668286,112705.92542167506,63305.48072608726,56963.129661171944,38808.11633767745,136578.2685499,86125.04926117261,63180.90510076321,47947.40988614264,133262.4634288354,47401.97299847079,8620.014770442469,40143.24452070759,72208.67738379048,30340.666794555287,39102.00940148286,2451.494710305112,53973.920497711966,37362.916137288696,21281.18889041951,31567.270797752484,83184.54824747704
170,22334.53920256395,17495.799048001845,76763.17464535333,44858.41506803435,69440.82415832706,42047.68796476581,12623.018471680394,16562.58027566009,30823.299360227444,161005.8848768494,107317.60610391827,59929.00962529623,51707.403722394745,37331.57452837725,135332.8133063477,86125.04926117261,60744.584567713144,46709.07214577896,123963.87139147955,46833.66499793657,8322.625085926113,38649.55146350919,70314.1372372558,30255.98665493243,38377.23093889736,2403.7571396193644,53429.74118949742,37127.06449524568,21315.24212929174,31483.899161075602,82885.88511506998
171,21679.04367020007,17517.29926510971,75651.33248115993,44637.840910912375,68765.86010088261,41899.87150884433,12498.283587044421,16521.0321269341,28954.803710303582,155438.9020415176,102882.52032783754,56999.24882521576,49278.89450594689,36130.09613233158,134412.9828082686,83318.84407166127,58313.355526027,46021.450044679535,119352.78652245644,46445.748528798125,8095.747280874518,37088.074788252714,66333.70722388443,29696.063268887792,36156.02261229801,2353.2922636556186,52848.74540490615,37178.56581585975,21283.63803598936,31491.2151618097,82652.35455727723
172,21349.671619540557,17152.842998271764,74926.38667589377,44508.42571496319,69786.60357663932,42124.13680758528,12479.7628163826,16338.68321743719,28029.511953103596,151719.54794936848,99518.9919109532,54737.948413505816,47767.762617169836,35358.07740022193,133754.30454928637,80531.44256636237,56695.45789566999,45624.84071748884,114768.08701208881,46233.34837662958,8014.212443481115,35932.666542791,64852.47504649205,29781.01660536326,35778.54656950097,2327.280058764843,52546.91130040578,37075.781236282586,21277.718986187672,31433.71484883129,82417.72711743851
173,21283.664216185076,16828.669836531553,75754.78352840782,44497.59037754353,74595.0017162917,43480.29081621606,12739.88471253435,16898.074621221815,27638.93472986611,148872.35631292322,97443.62895777513,53268.12702125654,46973.66634587273,34356.60540247746,134294.08704438029,79837.57527537903,54676.47779604324,45565.445834221195,112485.8599799371,46057.13852081589,8062.458967666201,34902.0746244045,64973.959359525885,29168.408870234252,37275.7176838315,2315.5230997439317,52409.952367048434,37142.341665968816,21232.633763947826,31486.01265206296,82685.78290958008
174,22465.13104509889,17332.58013362284,81146.08441460988,44393.88235303696,76571.02236569542,44809.584477065386,13205.39808824323,17839.510958859035,27225.328049495245,147975.52179361566,98361.72881334032,53383.23775637997,48741.571324120516,35664.62331451571,138674.8968340405,81922.76906713657,53466.94628623887,46127.42808927982,110210.50884962585,46257.794376783866,8132.62697481473,33224.54800300285,65816.56448422447,29560.050508073884,37644.853325318385,2408.314792837245,53481.92051337814,37491.98297187008,21393.484828552286,31718.09424063941,82985.6371537366
175,25233.560075185826,18148.127011117533,84430.82216540753,46714.70482535798,79281.5932689403,44060.81846189787,13701.028040978283,18748.470257222085,29820.56484618539,153463.13753682983,103550.00310227953,55940.67913582705,49909.06288590484,35863.95651887388,141506.49574584758,87535.08701833234,54273.1438666886,45420.4880620393,110210.50884962585,47379.32144382248,8473.986277883456,34019.773740121054,64885.6476111303,30086.50335514294,38012.01111554155,2532.516697505024,54885.89704833866,37954.07835295471,21785.70778046781,31852.266201049588,83547.1884346762
176,29260.555038589424,20506.187172630445,86476.18960348098,45712.86487467849,80940.64981338804,44580.573488436836,13936.0591634103,19057.913802849023,36051.47139996569,158311.81274404735,116778.52875965621,58066.955967104215,52137.264615166554,38779.6383300757,147963.3476098595,88241.8199866661,56695.45789566999,46166.77669343192,152148.211998219,47808.837311689225,9188.330270255603,37993.13403619689,61989.40785221427,32444.79141189623,41233.58329290681,2615.3159034095124,55803.38195579439,38077.91050593481,21810.90781915092,31480.95543466541,84199.94246595592
177,33313.296800338736,24264.002427347412,92533.36734549051,47675.809526546145,86846.82840209112,46464.18963453243,14246.735641871757,19108.904682834036,43124.765442801654,161728.59361334288,128080.41438346813,61115.858177549104,57379.53483718474,44358.00593515782,153334.64687051813,90368.80959401715,62368.243678187224,48483.97578963964,193428.4844201133,49301.54032429138,9693.80388637562,40503.01111870609,70082.73600258054,32076.215065158915,45657.54644616312,2768.5432436541923,57464.884774844584,38305.92030627788,21491.719011153433,31653.39280859927,84603.69823452792
178,35647.187053042355,25810.04536013701,95904.7532093985,48389.31063915948,88463.69566965937,48309.376092568644,14409.864169217004,19451.32207813477,47602.65912349278,180758.72768109755,134461.25841347745,64458.56786866198,63482.312928868174,47214.04513433581,155411.7768444621,101152.12972112869,65622.14085278522,51750.39138534235,203347.2961987954,49831.01496835921,10013.374739705045,42471.16367211644,74897.3021585008,34972.16308849405,45988.001388813806,2858.568818369653,58420.316459921305,38384.959080218076,21598.539987182146,31785.880685827284,85243.15456054916
179,36485.261935999995,28061.963030115738,105789.19664693259,49018.60271776689,83671.84706287704,46029.877378285186,14588.83298318086,19810.048031418057,50982.30332573285,190063.91999000846,135091.17933130023,68309.91815217036,71387.16331858418,49612.18206,161017.720256,107000.50826059814,68068.1276711732,56931.71341990421,210834.18838366368,50290.889183682346,10092.99573239755,42248.245459652884,80717.83965430128,35862.3823967375,46317.15699041864,2925.4494167257335,59120.70377913718,38661.10925781265,21703.165646845882,31849.728511841025,85778.13285883224
180,35737.16605792503,25954.06311056317,100191.82401205062,49589.174063537524,82595.69673629198,45289.36190484359,14505.13589347196,19586.833372326528,51871.95988818766,189179.5519825835,130355.96386206195,70485.43383669393,68981.5767358273,46607.18573567724,154050.98586208068,112368.09039647727,69701.34893588338,52991.8577975003,181136.04922041265,49635.49925449286,9926.904391987018,43575.929094089675,86628.31828395557,36584.93021134016,43985.0690210329,2910.8243778434885,58968.215910420004,38831.34824488042,21918.307657067784,31784.154644137514,86070.30791029107
181,35079.86183938616,26617.38310590175,94576.3861514016,48552.75948641112,81179.4982500418,46663.42983483662,14132.891142899547,19000.805703119426,52388.3297620206,183701.16055798094,132013.8239679618,70043.10521933284,63121.19375338657,44106.015035214805,151027.92576780426,109210.4571027813,71336.57053297642,53600.80628857941,176253.20481115312,49192.283292517204,9771.918021719453,43606.69163828028,86220.71633629114,35878.83170233432,44322.328850164304,2848.319315146277,58312.28255845395,38271.10895421969,21833.953913375157,31794.086222727874,85309.48431363117
182,35379.74597998545,26990.262246331327,95485.6705779209,48191.03116544875,80833.14865044759,47738.75547895739,14310.06129266416,19091.52204382523,53215.39707876511,191151.53392083026,139877.06699149802,71094.23722828303,63750.23973301464,44054.210646946914,153907.82206113273,108472.80288024608,72154.9185378696,54346.13215596219,205838.44113855093,49247.21698720229,9833.462603550257,43505.314467332704,87428.03439051392,34757.268944585594,44658.18473431925,2844.935808036939,58276.57767273578,38207.70626245794,21812.353318367586,31796.97350858452,84908.45689574309
183,35469.60273463351,27211.527244198303,99532.43141344885,48509.70969442159,84450.00755402238,47854.080078350504,14401.30883264206,19287.412638858106,53961.34203331668,194318.02142967534,143031.7382148295,70483.92416789546,66155.36790228772,43281.51608934785,156642.74150455432,106265.87611610339,70927.57988132686,54284.54767299181,218463.56861790156,49698.0618628174,9949.371000403136,43359.410171089876,87064.81051516334,34094.60687926038,45657.54644616312,2903.5080951095306,58891.79338885,38313.1856031306,21783.297652771325,31928.939330383753,85101.34029859157
184,35885.40013020189,27226.651064824448,100124.9618698329,48525.31904174218,84894.37044741354,50947.14724866179,14664.745907241035,19545.61874046535,52844.66140325759,196382.75775,138514.2796322378,69582.04254977714,66713.3220714693,41428.17899333145,156705.85247896684,109210.4571027813,68884.48562230686,54071.71400187026,208334.0845017092,49961.31952346581,10175.357192669791,42652.38302446433,86146.87644748119,34806.88022156536,45988.001388813806,2969.193114754749,59574.605195209515,38351.713172562915,21752.336545981627,31866.076673367643,85197.51132121465
185,35679.075347210375,26844.425571149375,101740.6936594356,48951.576392774215,87325.93078461026,47712.55066050634,14909.894229629588,20031.88893703984,50749.79514433192,191974.43719674658,131324.78391797125,68137.19384139808,67212.24189123818,39324.90501551013,156311.21991659325,109210.4571027813,66844.55019927466,54270.88345277725,200860.68830701578,50681.80351740458,10118.385587659557,41363.83857349748,87764.93797357845,33579.51146107457,46317.15699041864,3073.484577681245,60643.87261562263,38573.63530446375,21808.43219180056,32053.30131609643,85309.48431363117
186,34663.688229619904,25324.198404616018,100383.00923251358,49134.239174390044,86666.75270621064,45776.03617825881,15457.685232678257,20354.482592987304,47893.68143944745,184776.45885680788,119589.20995182318,65294.34083268323,65279.354863217435,35959.79072253869,154631.33098762383,109949.11049720924,66029.47965496757,51628.853628681485,176253.20481115312,50512.834402089116,9978.206750529509,40798.13930700043,89283.52429245997,35368.293556978286,46645.032555272526,3000.6351663951064,59898.860847734366,38798.50110895477,22032.43118368025,32280.575907276932,85405.26798405347
187,34278.57310540076,24649.696647896515,97238.2203724444,49091.241560327326,85805.0654470219,46481.06945035682,14920.947005793996,19675.63019785659,45875.04954785529,173046.22474451744,111675.4582102053,62966.597198930074,63203.01126727286,35099.146055483856,152080.62005979213,108472.80288024608,67252.28050747905,51054.58931116441,183584.87636498915,49983.36255827244,10092.99573239755,42529.992239103565,84658.35218205367,36978.007640048774,48586.42624806866,2868.2439617532473,58522.12424452447,38627.46502079694,21981.470920644613,32018.36056413961,85469.02514921156
188,34368.50955004943,25282.840441858527,96182.20831250442,49429.43536742658,83981.60870818105,46431.91203782022,14831.233596103602,19808.020702189,46925.374936070155,174582.61466569552,115726.25730836223,68946.31338081643,64190.06173068641,37040.79795224548,151135.77309607292,106265.87611610339,76739.79421537374,59093.53551346949,200860.68830701578,51086.454381467825,10495.817752374014,46369.134521814856,90224.78880744886,37452.015987749415,49224.11737052651,2881.3531879423745,58659.80236627038,38576.88878486915,21833.129425087973,32012.278448429894,85548.61110878251
189,33828.11257992121,25440.956712897547,94277.62462653319,48639.387175955606,82379.34031044572,47809.42117478652,14869.936931250337,19489.407429868337,47592.33576780152,188434.30751082287,120193.90492504119,74225.87541143486,64641.612027806645,36324.25290336642,148632.06854378677,117652.13301539554,78724.966802,57781.69713234721,198378.6568291431,50522.57756179104,10308.244439344035,46970.47428,100922.117772,38332.72745037609,48586.42624806866,2979.442284887101,59680.484893955974,39008.63219935921,22186.971468162563,32075.789282564383,85389.31638241369
190,31690.674331229882,24505.86960878973,91466.23667721172,47860.72647394366,78380.5357145768,46033.160383734656,14422.527159489575,18986.382985790417,45904.189594701995,189237.5156703883,123272.95710659331,71985.43067975373,64134.4587936604,34841.76503859514,142530.72716560087,123449.51625,75913.83957562188,60683.52027469285,176253.20481115312,50047.90627914515,10099.347208612611,45060.500287481365,96648.00074630327,37386.69739603385,46645.032555272526,2873.57115485078,58578.10918135909,38770.62932476444,21998.64876658207,32021.905763231967,85149.44827490626
191,28397.826853676797,22510.37717036533,86365.25677382496,46640.31121209141,73125.66973023361,44537.01377664387,13817.109308260837,18011.39232663126,42831.26105904968,188149.77350226216,123208.43317662267,68900.29527135902,63300.83679401905,32960.73042471083,138781.06273557368,113303.29298805518,72154.9185378696,59316.05097609713,166548.1121388976,49021.59891198243,9833.462603550257,43109.17525074559,88444.32166759645,35664.8888429677,42621.526645820224,2720.7227382356364,56951.24421334912,38225.134382840944,21616.333423778204,31893.95779671335,84908.45689574309
192,24987.012784780993,19305.681922651747,79305.99321647942,45395.77598031327,69971.51159203055,42926.70816784961,13304.931657717236,17241.790094485837,39452.68625783532,179316.99086592073,118382.7386216293,64807.36725983932,59717.42519797652,31564.18644590606,136809.5799979661,99700.40838240174,66436.94967746871,50816.93366202429,142658.76662465103,48072.925543329984,9263.09499941396,41355.54031872333,78043.11451895216,33795.68419829041,40175.56370343157,2549.743337356231,55077.96681583792,37638.446629789,21479.3264299498,31522.126078982223,83027.53010533909
193,17215.655837349517,14809.401418237487,71671.46362461337,44643.369076721225,67667.03882196656,42008.99538718364,12636.262663137159,16791.597674062934,27264.180533462437,139183.80678836285,107257.97096872765,49420.422415054556,52004.19725615337,34111.07869224657,125820.29534217199,64050.844279138146,55283.40405609783,41143.689524512294,131079.2089265607,46325.00590912797,8245.092605896396,31749.643815813906,67928.42948992558,30452.14873253234,39318.31391859669,2425.3050991187915,53676.01735982386,37199.258950195435,21108.026670088868,31366.458953267615,82715.95263202133
194,16404.74656870651,14253.031150405573,70308.71545573586,44379.633159818484,67942.00236610194,41557.4372645342,12547.626807202914,16575.913153737398,25051.773727127293,137230.57974034495,102130.11105548979,46784.52697346835,47206.009198892265,32813.24621279349,124672.94189976135,64050.844279138146,53151.61926726065,40081.07146783322,121932.95680854915,45769.60979758212,7960.6377001712435,30568.26888953609,66146.1902712828,30367.157449250786,38589.526126113204,2378.0775146100405,53134.84158965132,36964.44038641016,21141.8028222587,31283.61767641329,82418.9719302735
195,15923.284292371989,14270.546398685354,69283.1252448034,44161.413230229744,67281.05197275565,41411.34425940225,12423.636908450628,16534.331558749305,23533.145572335605,132485.65825824218,97909.40748879692,44497.362976696466,44988.914157209096,31757.18557439662,123825.56444973337,61963.8810419544,51024.28954239999,39491.02269762833,117397.41588147059,45390.50674367197,7743.627803704799,29333.283305834182,62401.70457649874,29805.17671408403,36356.03051807108,2328.151760951762,52557.0525476078,37015.71612074419,21110.45588728502,31290.88713718482,82186.75689799312
196,15681.360115254232,13973.640466584178,68614.04919159105,44033.379305874194,68221.86162144977,41632.99475992081,12405.226754099065,16351.835858369715,22781.110578870226,129315.53116185899,94708.46457527291,42732.04312962687,43609.33404474921,31078.606086184933,123218.7688448357,59890.90202724377,49608.62624543103,39150.692092508885,112887.82803863524,45182.93229725336,7665.639273195499,28419.46080112008,61008.27404756907,29890.442198036413,35976.466353092896,2302.4174475568666,52256.884383361976,36913.38175857266,21104.58500000898,31233.752606347716,81953.45116262828
197,15632.877596144073,13709.551346691338,69372.52371483613,44022.65961595382,72752.97281230721,42973.33683014227,12663.795058076188,16911.677572266653,22463.667202508615,126888.77664167424,92733.42006409283,41584.60386770985,42884.367924057646,30198.344601038403,123716.03384661334,59374.875781843446,47842.01507626722,39099.7253219928,110642.99099849597,45010.72590803662,7711.787344911419,27604.356623097086,61122.557245808355,29275.58353355261,37481.91951941712,2290.786089535294,52120.68137982466,36979.650640012114,21059.86663026161,31285.71772265194,82219.99694153374
198,16500.666437985932,14120.064129888438,74326.18279074725,43920.05848579018,74595.26037709638,44287.131728049135,13126.528129826069,17853.87176620998,22127.50653237447,126124.37525901756,93607.14100898712,41674.46687939632,44498.367712443614,31348.05002709349,127751.77677574223,60925.62581326197,46783.672859287966,39581.96249549861,108404.91721149412,45206.82288724291,7778.903438365756,26277.586120190324,61915.2160352323,29668.664196087204,37853.09714564862,2382.586477873505,53186.73291547345,37327.76044573804,21219.408871020143,31516.32294882216,82518.16204525437
199,18534.080972314558,14784.453050774868,77354.18505810933,46216.110403684725,77304.47281800651,43547.09587334974,13619.197905707591,18763.562776860657,24236.7967883971,130801.64957361505,98544.62562640029,43670.97384568703,45564.22314972501,31523.257464647944,130360.33679892024,65099.483549435325,47489.09717250364,38975.33700598201,108404.91721149412,46302.86899505971,8105.415531516315,26906.537123232592,61039.48027235629,30197.051410124586,38222.28597953768,2505.4615187393033,54582.96035584481,37787.83175488033,21608.440356633284,31649.64138853931,83076.54999269455
200,21491.913735683578,16705.45733553844,79242.53672081878,45224.96327045286,78756.55162522735,44060.7908695269,13852.825291975876,19073.25542455968,29300.993819218347,134934.33397933128,111133.71369439203,45330.88540417806,47598.44849766991,34086.047444920645,136308.5964828085,65625.0779460714,49608.62624543103,39615.72754675584,149655.55007143755,46722.62631439392,8788.689577608442,30049.102594920634,58314.9182754126,32564.004619976036,41461.67925164559,2587.3761708244188,55495.38130592306,37911.121497793894,21633.435345933434,31280.69267620639,83725.6269266831
201,24468.657554167123,19766.7783838656,84817.89140663132,47166.95706204786,84504.01702863089,45922.44518658295,14161.646238269823,19124.287352206014,35049.84503062407,137846.5680252967,121889.29123475059,47711.059022862646,52384.35222728399,38989.25209148307,141256.8101812443,67206.91135333778,54572.32386955384,41604.116917677915,190259.5229690599,48181.41529521545,9272.177934152513,32034.18637034977,65928.50559648986,32194.073998274853,45910.11488670635,2738.966565067439,57147.71364228751,38138.132568743975,21316.843735065402,31452.033108078325,84127.10825622942
202,26182.90282099499,21026.269191942243,87922.89448045919,47872.84284933831,86050.83392103593,47746.11788258144,14323.80047161179,19466.980393529713,38689.273047455914,154066.57347821508,127961.69941707232,50320.59808726816,57955.85220592311,41499.61814541899,143170.3291441108,75226.42210193821,57419.489670255905,44407.029305369964,200015.83369593922,48698.86033945371,9577.849252591706,33590.81546926898,70457.6831066768,35100.66272044856,46242.39784019055,2828.030385801253,58097.871926907166,38216.82513674654,21422.79552293539,31583.678177729846,84762.96239365957
203,26798.46985534601,22860.804020005507,96990.2397181111,48495.41838074353,81566.15353975112,45493.19674949081,14501.700384598864,19825.995121226093,41436.0939131665,161997.69311476732,128561.17135489325,53327.21545587921,65172.544852419014,43607.50291556162,148334.7045839232,79575.837124983,59559.73247591334,48853.12359122915,207380.06725173755,49148.28626826447,9654.00717988136,33414.50750188174,75933.20191136976,35994.15299746733,46573.37426493339,2894.1964907262477,58794.393535086914,38491.765720284944,21526.569857439416,31647.119842571454,85294.9270495028
204,26248.992510968794,21143.59389814192,91866.71071107735,49059.89991622357,80524.5555131128,44761.31524017325,14418.503180311129,19602.60077432112,42159.16624351637,161243.91734777862,124054.84569872188,55025.56610208835,62976.37691167266,40966.20836787008,141916.72470820718,83567.68584367698,60988.80398012789,45472.33207643163,178168.47617088762,48507.78671894264,9495.139878700158,34464.58412116718,81493.33049137764,36719.35569870114,44228.38565003591,2879.7276928835213,58642.74730644631,38661.25902589534,21739.961285568927,31581.96311607118,85585.45621899267
205,25766.201752409776,21683.97050685287,86696.41288985759,48034.54717773295,79104.46696513607,46119.36236623033,14048.48168176054,19016.101352806498,42578.84815646111,156574.50522152134,125632.56852423912,54680.25528751863,57626.170305605665,38767.76024315696,139131.7844835475,81219.36697338147,62419.625778726295,45994.87099381789,173365.62797185965,48074.64056997952,9346.894543913773,34488.91448690073,81109.88959251286,36010.66274341235,44567.51113327561,2817.89037924664,57990.43430671694,38103.47369750222,21656.293917135983,31591.831515977894,84828.91849764303
206,25986.46702324826,21987.73817069594,87523.71772970262,47676.67964800682,78763.21206053696,47182.150361421394,14224.593673168145,19106.890720171803,43251.05079882069,162924.70202735777,133115.71982070417,55500.838075935804,58200.45460849339,38722.22586190965,141784.83760853298,80670.77656739898,63135.681734886784,46634.435386451434,202466.1659172022,48128.32617777012,9405.76228255456,34408.734394158586,82245.64255586233,34884.978982303925,44905.22490519524,2814.5430185484165,57954.926490201746,38040.34872245161,21634.869083314097,31594.700434671835,84430.15014942182
207,26052.46692027407,22167.992693421067,91254.6571715309,47991.95686389316,82252.11657158956,47296.13034548981,14315.296232249924,19302.93900714498,43857.32088029131,165623.60285891267,136117.90123416603,55024.387555320005,60396.20404299934,38043.052344957934,144304.333394809,79029.49422598744,62061.75823291877,46581.58971964947,214884.45445855134,48568.92791237817,9516.629315999786,34293.33740788568,81903.9491708046,34219.882070975924,45910.11488670635,2872.4895708730296,58566.74659060714,38145.36604211585,21606.04983982722,31725.826769894793,84621.94700051555
208,26357.87061973541,22180.31338171351,91801.09979597198,48007.39960985068,82679.38998828732,50353.134216735045,14577.159914590651,19561.35296467891,42949.73372867691,167383.4451309255,131818.80657972582,54320.31943950184,60905.58544192537,36414.02899903228,144362.47325500945,81219.36697338147,60274.0471315035,46398.95707054953,204920.922863672,48826.20439083939,9732.786379823101,33734.14344283652,81040.42664342835,34934.77254800335,46242.39784019055,2937.47286959752,59245.7896920472,38183.72485294228,21575.340659469974,31663.36400700275,84717.57627205038
209,26206.324812359588,21868.931669287405,93266.36515490951,48429.107439736945,85086.61524443649,47156.25107536028,14820.844075288382,20048.014608789694,41247.12185400794,163626.08939410278,124976.83514197302,53192.37549728773,61361.07173413923,34565.319220269776,143998.9250413979,81219.36697338147,58489.100017181896,46569.86444740979,197569.96419166526,49530.3190756379,9678.292719229086,32715.02234668452,82562.57581258804,33702.89401688167,46573.37426493339,3040.650174352426,60309.15540814007,38404.67492067857,21630.979862435506,31849.39764002784,84828.91849764303
210,25460.52172315647,20630.471790956355,92025.2027645614,48609.820628728754,84507.10724696315,45242.315184870895,15365.363366773114,20370.867952648805,38925.80272987689,157491.01711830514,113808.5327918253,50973.057439148426,59596.45242903865,31607.49262912164,142451.3573102419,81768.70045938385,57775.91184484902,44302.73771303086,173365.62797185965,49365.18891817163,9544.210873164591,32267.60584030612,83991.14627563968,35498.24870711958,46903.063572017265,2968.5790220397685,59568.25565104091,38628.55576711915,21853.156204134073,32075.22644800611,84924.1625990115
211,25177.65418981305,20080.98591019436,89156.71891106603,48567.28193591142,83651.99672300323,45939.128193928,14831.830838145908,19691.46908130085,37285.150676522,147492.9550664065,106277.31425668235,49155.86764239469,57700.86518554748,30851.013811429904,140101.56033536632,80670.776567399,58845.86476023888,43809.961297348884,180577.1838943524,48847.746610563154,9654.00717988136,33637.34349833929,79640.13627291346,37113.87742768911,48855.196667511016,2837.602168470943,58199.11779460278,38458.26885188392,21802.610598021107,31814.67915995803,84987.56060698623
212,25243.712619242495,20596.77934113554,88172.7393927125,48901.86613986123,81946.94011861781,45890.54392719521,14742.653246675038,19823.966159996886,38138.807310028526,148802.47042823155,110132.30671111368,53824.02743269202,58601.98784693318,32557.663009940043,139231.13691229542,79029.49422598744,67147.45608699834,50708.183900766075,197569.96419166526,49925.77632104557,10039.308707413393,36673.754767274935,84876.61631268192,37589.627443414945,49496.4153700708,2850.5713472288417,58336.03601704718,38407.91415017674,21655.47613760099,31808.63573498221,85066.69824252954
213,24846.790378714144,20725.589470374114,86410.52743272136,48120.25027441248,80423.45422142066,47251.99213782618,14781.125424047264,19505.096403973625,38680.88269417611,160608.72111885675,114383.99815125253,57945.60083719073,59014.22837624036,31927.843094534266,136924.64372298485,87497.40656781066,68884.48562230686,49582.494918036835,195128.5961253747,49374.71071446437,9859.893778609556,37149.35965080189,94939.84946729123,38473.5749397556,48855.196667511016,2947.612546619558,59351.084999402345,38837.76644052376,22006.439014753934,31871.74255168266,84908.30085601428
214,23276.839350934886,19963.816567826205,83835.91651143572,47349.90035770574,76611.32584157436,45496.44147707535,14336.387831486125,19001.667025189203,37308.83437927781,161293.32169400752,117314.2157796915,56196.56230581379,58551.22543057157,30624.784224696323,131303.8917370545,91808.89659274055,66424.74431184116,52072.55039146543,173365.62797185965,48910.823905909514,9660.08240260103,35638.74448543691,90919.08537728302,37524.068848958515,46903.063572017265,2842.8724505274895,58254.79372871527,38600.806067023754,21819.64867009732,31818.20180664245,84669.78397473614
215,20858.238820664643,18338.17970452958,79152.77382856654,46142.510806793085,71523.65586866628,44017.73903772074,13734.585871306816,18025.89149849319,34811.29803655496,160366.20348056985,117252.81079338132,53788.10266943231,57790.174498779656,28971.415656669422,127849.58022008222,84263.19215776872,63135.681734886784,50899.124498610545,163819.53496632582,47907.834117912105,9405.76228255456,34095.42441689382,83201.68829917222,35795.933785152796,42857.30043036207,2691.6569318275497,56636.90806356901,38057.70050411554,21440.444176690402,31691.067767539953,84430.15014942182
216,18352.99168367464,15727.460350249221,72646.98054060573,44911.258722718885,68435.43360607036,42426.2086218208,13225.467229642065,17255.669736506487,32065.346331287165,152837.73405330183,112660.3796097776,50592.89383563604,54518.717249168476,27743.898682032264,126033.38689048855,74146.7829237761,58132.448837453805,43606.02890005806,140321.57138971108,46980.71449337507,8860.202461516617,32708.459184276555,73417.02401773783,33919.86104632072,40397.8069088234,2522.5041243366927,54773.97001531587,37473.58256298657,21304.551990656546,31321.601417836806,82008.07897196973
217,17596.544151152248,13603.987912426484,63434.345348031195,44704.60570205125,72581.5369618881,42402.71304085061,13602.910457623662,16892.732906197394,22642.822541853326,113718.7460593275,85040.88589494607,37392.37269272331,39922.82067166785,26834.550807072646,125445.91633961488,56089.44288309316,34918.41849111768,35439.63207078879,123614.8356578476,43798.42056987402,6742.633498368582,21217.911637026846,58606.83604561285,32248.17308136297,40265.97007093577,2432.4369704760584,53757.29523678408,36711.06808562199,21509.85314059651,31493.23182209871,81923.91242888384
218,15856.12294707672,13610.258108551132,56814.96689692292,43657.78441100478,71727.91189578983,41917.51375174294,13409.809166908937,16973.70809637797,21247.49237182574,112916.10788870064,81000.26306476143,35241.3617344123,37831.05523664037,26433.400427763183,124713.56783176838,56570.232066547884,33534.846557422905,34844.39998915605,118942.78463608384,43171.82475601136,6468.0666317613895,20703.956673067536,57531.41894682248,31500.5105831101,39540.4531777874,2394.330956524698,53321.67102851067,36574.65851357648,21467.28862918985,31464.158840828328,81732.96047778497
219,15764.598243593884,13314.14127901455,57083.908753413794,44564.077644328856,71414.91709073806,41921.952086939134,13357.81970478015,16809.327086949572,19005.4711767282,110045.70294171773,78367.6157780772,34500.29037588144,36511.96781818629,26088.70436927074,123925.29113989379,55130.34059258198,32154.248830035274,34593.62069341557,114297.9122517536,42715.82210000231,6275.412292390971,20629.077706323038,56602.74363277806,30969.82344317544,38438.23293773252,2366.666779328573,53003.307885720926,36546.40744948143,21391.253390017067,31436.774071567703,81348.82600585782
220,16266.569977206933,13290.63633495548,61810.78747603592,44551.520517800054,71639.53576104247,42131.094163291906,13334.5495268696,16787.972155013933,18342.086736781297,108027.91007640978,76897.56910818515,34060.50441546466,35969.962847334136,25618.261642843026,122742.92586683384,54174.56836846673,30226.627836717264,34417.54406707865,111985.907135016,42516.57493237686,6255.92891792145,20579.960536251616,56153.41400919707,30602.916611393393,37693.68358062098,2348.672365558503,52795.25669888859,36516.999421921835,21446.883258282105,31394.087772122162,80794.24242233999
221,16697.377622760367,13216.435099731558,62865.30695445052,44559.14115003844,72899.66084405119,42772.86726490499,13524.756780984942,17075.885229445626,18291.15152885317,107132.55118488206,76809.12144861401,34267.270813018185,35902.89130312415,25560.81486383052,125289.66079973592,54174.56836846673,32430.125086840595,34524.30517778925,109680.98966327631,42426.55865271728,6349.082402628282,21459.588759612594,56713.95323480694,30713.068049128236,38066.95827345329,2350.669501862657,52818.38558998124,36667.374951597325,21444.90466626123,31414.72276454039,81348.82600585782
222,17462.320763198797,14059.729047861789,65830.73236655448,45117.29422301076,76515.78917373493,44747.02812250737,13849.751687515398,17833.632701044673,18408.330410394872,107487.32064292513,78839.64244770056,35772.417817347065,37193.530913362716,26648.218947844947,128144.26403965625,54652.03604875545,34918.41849111768,34959.42170632718,111985.907135016,43003.48677743182,6593.135249762153,23252.99595704441,59401.35336794976,30566.18425457264,38807.54790507158,2413.9305439137584,53546.147934517205,36951.74946933423,21546.61261960038,31513.824910406354,81541.26751546192
223,18904.869063681606,15231.653258490956,70060.30777497895,46142.32277586811,80744.98023177312,44856.64593111845,14626.146184758245,19207.37435405147,19757.852077923413,113308.997623148,86171.71370681924,39324.63635323859,40770.00775886152,29842.097162282764,133384.00857183913,58017.50145512476,37138.05864180823,35289.01122667746,118942.78463608384,44583.204370179694,6905.893021443683,24838.23616428784,61163.7272632145,31116.375710900258,39540.4531777874,2564.358176298584,55240.423497968615,37416.45224322206,21883.83851917465,31700.40632225378,82303.62283507666
224,20863.622682272166,16941.192445519442,73476.25582122782,46379.46131492547,80220.16627551164,45282.81594230254,15139.493286028655,19736.831267633424,22900.96408647991,121943.38632494607,99967.97089164771,43097.19187579637,44818.156675961334,33472.18957451356,134220.76267524026,62893.62196053256,41038.93999314303,37504.83443504659,152179.97659223058,46080.68961353131,7464.791210439894,27935.082081776225,58185.7342501994,33391.23976493427,41340.99266241674,2650.1480342314667,56185.13777214046,37550.91560969346,21840.801191401486,31262.78264611121,82680.45663359217
225,22624.763646896175,19261.740678382906,78126.67999961413,46464.56116885687,81112.76090575948,46358.79396093071,15174.813617381156,19683.221378221417,26941.673945049344,127083.88434627157,110740.05899801945,44633.47273172936,47961.97970667579,37711.11407786547,135476.3198173323,65856.46267117036,44959.301210637255,39915.896911190095,186542.27378674207,47148.85782745482,8023.22714871438,29227.7550923567,61755.00097008659,34527.58590872032,45834.00205367446,2867.235439757108,58511.51973744009,38062.56482988541,21915.589674895116,31575.888651935973,83034.34431804801
226,23870.635285088556,20170.19652546113,79909.98823019353,47697.3646107107,83105.34326284377,47358.47970987338,15375.164460655149,19847.086672755802,31496.1775555373,132567.50232601445,117109.43677608459,45099.734235180076,49958.804904407014,39261.46217572247,135280.14161390704,71357.80528407,46363.851820037635,40630.50618260712,199057.04557076556,47465.188042880305,8407.981358291257,30645.602845932957,63538.65618332324,38164.46232465982,46836.50291482015,2921.1808310852552,59076.235659721526,38196.06954564647,21848.070312937656,31626.179495792643,83610.31968966682
227,24727.632547021447,20535.77966286711,82719.11633379312,47960.363118776484,84078.91229516959,45901.26799775985,15447.340249736253,19871.276996691486,33476.58250676601,139153.9422182996,119693.7101831184,46161.35346125981,52196.58386927545,40605.6222390038,136661.15096330905,73379.9081878754,47489.09717250364,43752.871942062084,206623.04952557338,47937.07199483281,8547.277085835405,29784.60431327943,67826.1781464795,39240.16549733714,47168.05488922467,2929.3853563960333,59161.67868896407,38153.28079250121,21918.722715014137,31699.535721025764,83468.42020950191
228,23481.036403497204,18526.646522533745,79636.2008714932,47973.5522730999,84099.05127313887,44432.91996796626,15485.109661420625,19788.432746036724,32104.102658441137,136869.83127933173,106705.01145266363,45866.707265484474,50656.42551765502,40020.634205974755,135752.34886633581,76557.37672854791,45801.76117416418,40264.03812637313,174151.3815285949,47434.11580234813,8356.94355133786,29696.139400328968,70296.09891488403,39855.0712677263,45834.00205367446,2875.465798874181,58598.00838723666,38259.909624327694,21987.00321461996,31657.629787053505,82879.59235885022
229,22667.238566266416,18366.86198381839,75913.30371655777,46152.00469025132,80025.73002528743,45050.815884732816,14987.614329171414,19415.58158056339,29875.48661483879,124706.27108362643,105816.49179420213,43609.595177187766,47040.5903843358,36845.504885205686,134496.80900594837,74903.86008333821,43557.03776650187,39551.7381003927,166778.83077570237,46401.993957239254,7937.511099644319,29887.268756515867,65327.91124945123,39468.75201554344,45497.15330671945,2779.9785752026646,57587.07319048482,37811.53719095497,21990.821342770378,31746.17382640908,82586.51476888213
230,22773.349859339265,19362.246528777312,78855.29335424953,46972.47391658342,79219.71651043088,45874.24130616971,15136.072260952133,19654.36858318876,30458.78329860562,132184.11458894817,110829.5263716508,43738.04712940079,46344.06812720907,37248.465328836704,136063.89199080347,69347.11426118849,43837.30437676779,39671.410497570345,191533.6389489073,46546.84601782732,7894.419588663861,30417.251495070286,66156.14630018995,38394.14511002671,46169.49627654438,2777.168994473913,57557.074963321335,37614.46348491175,21945.44364905971,31819.17201331284,82303.62283507666
231,22845.912477564598,18944.844413878338,79845.26690018468,47100.78620745942,80798.77175608618,47448.37788533934,15274.255772209717,19770.299451749444,30102.82019161113,133602.65385491593,110293.16515368699,44033.88367139151,47459.319481597006,37684.51204413188,137169.43868940917,71357.80528407,44959.301210637255,38549.648605472226,201574.36956896007,47038.296383912675,8036.359732694861,30448.37845872308,68432.12617483128,37846.04503064487,46503.65655084354,2791.2825178227104,57707.6184920836,37567.63221680364,21791.3023960358,31822.91403383138,83277.54667602576
232,23334.748886114437,19222.378951929164,81095.67882192766,47152.13696691345,83015.93441640682,48794.011013995834,15354.52501826679,20100.128667043544,30119.7445105302,134029.3183466401,110345.48215036938,44863.53423468077,48578.60961306472,38061.50450876597,141308.0127774425,71862.26867942365,46363.851820037635,39994.94826576916,204096.3844792304,47170.32981832357,8292.850780564537,31021.600809563046,68964.44504938919,38217.48718702558,46836.50291482015,2805.477718321472,57858.6615439899,37573.195395806724,21431.54110901967,31758.296695824723,84123.6528045848
233,24576.284072123348,20135.81159456042,86776.09230522662,48182.729788941375,87316.20954327211,51528.481099456825,15741.036375657062,21416.47770242226,31314.44528280817,135681.61255178216,108923.94299078,46614.31748552808,51084.74353718597,40644.234627407364,143165.12642158935,70854.05509394803,49179.569236656025,43199.28935981422,211690.1707794464,48459.09887127567,8895.179811192316,32272.725092045213,70794.33604700437,37403.028890595975,47498.33149614417,2910.988907028837,58969.93343550466,38171.065833350796,21794.293729289584,32167.807011431323,84613.79149469135
234,25497.939771488505,19756.199003547707,90874.46767050518,49605.30415927491,89552.28282969362,48758.933994323015,16541.85508895863,21022.510356207276,32219.73662104969,135865.76912568277,105273.37408360696,48782.29774845838,56425.47270789347,41203.61794157193,148095.7317397932,76557.37672854791,54273.1438666886,46796.728654412516,199057.04557076556,49223.372459608945,9430.098034893761,31302.109891665372,76260.1418386883,39416.02162075737,48807.048220052304,3051.501044401088,60419.963215271426,38949.28024266055,22108.52385201138,32440.52815035683,85189.5733929549
235,25101.60599594046,18786.137614165415,83453.5245904162,48890.47787109276,89525.61127716316,48001.48061461401,16065.061971765715,20925.327201463744,31519.24647158495,136656.3674047226,102432.00463274005,50436.27831528309,57591.44384513971,40596.49954299775,142567.53578084352,85245.74867632306,52619.81449106791,44662.46360439891,221982.83233597077,49639.35746628846,9737.445663363702,28961.293820448984,82690.22660490438,40398.33617031719,50262.34540826172,3099.15925446075,60904.39706828869,39141.48919378012,22364.602944798073,32182.936804907094,86447.72665062478
236,24620.604309073024,18200.006381546602,81983.36983338273,48247.20132023821,86590.01359793199,46243.56507157342,15825.127645249459,20527.174387611452,30991.615245464003,134541.74386973825,99245.36828893563,47084.89761453327,53301.696493170646,39148.04848853998,135650.1292837681,81242.47438890826,51264.170733075116,42137.810882643,209154.32470790623,49053.955584571995,9483.055861829522,28342.51974087496,73444.01556142604,41133.24528379616,49131.21707921551,3023.9676759481004,60138.42116707567,38842.83872494907,22094.972136223587,32111.49917103068,85420.4049246989
237,23812.9637508907,18032.805323310215,79704.72506948272,48010.439612007365,87044.03612554324,44943.641479175705,15541.28383432136,19987.337975676543,30204.684236608522,131392.9428832745,95992.49931645869,44499.50170417501,51328.22113419868,37044.320893306634,133779.7448911623,77970.39396492718,48615.73619719117,39550.447053046446,201574.36956896007,48653.809427489265,9071.797458148203,26457.31458477031,70546.30735899799,39802.429579778,48807.048220052304,2950.9351809455593,59385.55063785611,38580.02809654009,22104.610233753763,32051.954236850856,83524.73504838363
238,22529.096963511325,16618.290731332527,74832.78076297804,47208.336472467025,83815.32590148282,45377.54197347336,15167.727136160316,19346.37993602382,29458.9144186773,130479.5778455367,95031.73003984024,41674.25433083403,50270.11045434917,34435.12664414997,126667.931323036,73887.19464035793,44959.301210637255,39049.93499129672,174151.3815285949,47811.027741714875,8632.004774553718,24638.921341313606,64020.528949017,39416.02162075737,48481.69222418527,2812.757440690883,57935.97723462907,38198.032403654215,21935.8929519781,31937.351361365814,82586.51476888213
239,20561.6553096618,15237.860935847322,69900.99181693433,45877.09992309312,78918.73403283402,44123.4161750666,14612.635431413006,18214.524864192874,27343.729025202923,128972.53605361533,94163.44815451332,39761.94692204925,47695.86428358866,30595.089939715126,124994.26382690693,66850.09970190478,43557.03776650187,38584.85055182139,152179.97659223058,46299.409189769845,8056.031671221093,23737.612725624065,59438.93283450495,38411.80317243973,44819.30712655288,2644.688498432423,56125.46336244631,37543.841147406885,21719.426425839258,31943.39239584456,81950.58699285847
240,18574.172237478866,14531.964870245478,65900.1906247787,44978.77069586293,74705.9964538108,42960.6784689102,14088.712506931948,17417.647131184505,25112.953223901313,119175.5466469574,89490.47014010295,38827.57577490026,43643.5461139286,28429.636316895267,124387.41987847789,61912.12491277839,36027.34610186308,36490.09444843712,133037.61270746563,44581.58545279981,7291.04278046009,22051.654425695775,60039.757780104715,36193.38732336718,41695.92802265935,2502.199096177388,54546.32412537047,37057.57815259211,21571.601197563185,31491.434872237867,83958.8145815205
241,21385.866964745797,17554.439864517855,70278.25306742695,45814.21051281395,73055.94465080243,45191.98255084516,13734.706362738918,17267.95287901997,24609.875307079492,116292.2130403445,82586.86646817594,42025.403561314866,39759.46879188939,27451.770984762665,129873.28946736707,60995.78556440964,36476.89417457245,36782.4924360484,132032.04058128787,43823.62041428509,7060.789031749727,23440.840279265274,62321.97376584518,34741.655970401865,41357.13627923249,2530.2457235886573,54860.5294639966,37307.37095102199,22222.209889551297,32239.629095940203,83872.64595919084
242,19270.655249691798,17562.530858240985,62961.238130670434,44741.406262689474,72196.51699815941,44674.86663456136,13539.734151865754,17350.72668336366,23093.32844402334,115471.41108492934,78662.84363359543,39607.875678538316,37676.262216434436,27041.393765392488,129115.09412290447,61518.63108449828,35031.57078396327,36164.70612560881,127041.85937188381,43196.66408246737,6773.266549519151,22873.0399967963,61178.385052644684,33936.182952419214,40611.958627484324,2490.607459570425,54415.96515680912,37168.745659769156,22178.2357396516,32209.867077924235,83677.15181206213
243,19159.421184874387,17180.424882373172,63253.44378329195,45670.19443397052,71881.59655910048,44679.5969254404,13487.240974135875,17182.694456679143,20656.535860183925,112536.04857721715,76106.1664819512,38774.9832818477,36362.5720972135,26688.769369884034,128298.99671637706,59952.787191823074,33589.35434416705,35904.424429391795,122080.70745286762,42740.39906092473,6571.521690233118,22790.316214655963,60190.840212076604,33364.46219177305,39479.869357130876,2461.830900548878,54091.068405617756,37140.03570980265,22099.68238864284,32181.833282954332,83283.87988925652
244,19769.48987920994,17150.094355055735,68475.7028784739,45657.32562930949,72107.57718195493,44902.49646151665,13463.745336080636,17160.865190778404,19935.521140505196,110472.59285074208,74678.54085516339,38280.7064778857,35822.784843680616,26207.50601354206,127074.90212768954,58913.41017836152,31575.699945705936,35721.67599782041,119611.27284356098,42541.03725451648,6551.118980106712,22736.053205255717,59713.027197375784,32969.18550770162,38715.14348129998,2443.112927979462,53878.74748777838,37110.15000365688,22157.154589900263,32138.135307802826,82716.1043622326
245,20293.069675109688,17054.345878212313,69642.91585271468,45665.135411861615,73377.4531820522,45586.485686021246,13655.795470607036,17455.173366379553,19880.16103186439,109556.97189492552,74592.64552406996,38513.09187293706,35755.987735561124,26148.737904002915,129711.51918776189,58913.41017836152,33877.54348501616,35832.48244579179,117149.4084925248,42450.96918312074,6648.667972387898,23707.837094342914,60309.0994863831,33087.85403955222,39098.53353284621,2445.190369514163,53902.351041596885,37262.968103486506,22155.11047147294,32159.259354573238,83283.87988925652
246,21222.73927935069,18142.523329990392,72932.99598311677,46237.14229978625,77018.53061344693,47690.507731577076,13983.939188415601,18229.751861548233,20007.519609092727,109919.76982248465,76564.57190803949,40204.731256076135,37041.34644623142,27261.15331564423,132666.8701765417,59432.64365161117,36476.89417457245,36284.08618670475,119611.27284356098,43028.22924900553,6904.236611351749,25689.133481557703,63166.856224278075,32929.61294337594,39859.192378712,2510.995150095274,54645.048890685895,37551.96175514177,22260.186757757463,32260.710245462393,83480.89902719
247,22975.93273480116,19654.761742262883,77642.81523597185,47287.612898167936,81277.75803761577,47807.33624887601,14767.856018162902,19634.006949448525,21474.27844186151,115873.19195468914,83685.06205392082,44197.08067812486,40603.18945058706,30528.49376513896,138091.54144699516,63092.49826416636,38795.601102922235,36626.16434414918,127041.85937188381,44608.855747532034,7231.7520612746575,27440.453929014788,65040.948515846554,33522.34612690737,40611.958627484324,2667.471506182224,56374.09522866562,38024.21275930668,22608.58080171254,32451.713682268673,84261.38858050155
248,25356.49359630129,21860.7327448772,81454.09174676111,47530.63740936672,80750.63472625002,48261.53991481997,15286.176837819608,20175.22411578698,24890.44241451915,124702.97776554228,97083.20152405255,48437.067522388716,44634.774589774745,34242.08175364441,138957.82718235409,68395.15033995883,42870.586236524374,38925.94838927302,162542.24453041406,46107.20258348562,7817.022223694731,30861.74589040934,61874.1779656064,35973.10648921631,42461.29087282127,2756.710990615595,57338.19740391414,38160.86023250392,22564.118176858272,32003.718218286525,84647.1861679371
249,27496.886962867367,24855.143256614338,86630.97091355598,47617.84951114896,81647.55019606942,49408.29625081411,15321.839380866742,20120.423447987614,29282.181367897047,129959.8057885806,107544.44017017084,50163.69833784029,47765.73406543176,38578.50555012717,140257.69680677677,71617.16124536644,46965.92065990354,41428.369608388486,199244.34580739777,47175.98537831057,8401.80832379307,32289.84786824283,65669.7035713052,37197.31682482517,47076.056178879095,2982.52752199676,59712.322548969845,38680.82024047705,22641.383482513927,32324.244912800572,85009.49181945794
250,29011.05047592213,26027.40492280836,88608.83301039337,48881.2521409013,83651.72183688477,50473.74177735442,15524.131383778009,20287.928504761963,34232.34894230483,135567.51861017142,113730.01721945337,50687.73108667503,49754.388869785216,40164.513128007515,140054.59486975032,77599.72582587365,48433.15904456753,42170.056487872,212611.2758143047,47492.497597381545,8804.71741021416,33856.23872236899,67566.42622188697,41115.402631752935,48105.723778130014,3038.6420677679694,60288.62785519197,38816.493491470246,22571.628034942085,32375.727661920122,85599.16798350752
251,30052.597570363872,26499.14947612518,91720.5346532812,49150.77848665161,84634.51904906453,48920.67402427742,15597.006469783762,20312.656142153082,36384.79786147887,142303.01031820907,116239.71641341067,51880.88822519312,51983.0115327118,41539.59015051308,141484.34429663848,79798.70924895314,49608.62624543103,45410.73332955949,220692.46555082116,47964.65305232469,8950.585896978457,32905.03629350257,72125.73788819752,42274.28097990418,48446.26046866398,3047.176498601591,60375.82438921787,38773.00971479562,22644.62028169904,32450.82244757926,85453.89312408237
252,28537.553533581857,23906.585654484654,88317.79005573493,49164.29500655307,84654.40306946234,47355.737401541264,15635.141821817018,20227.97176192002,34893.08639899127,139967.20971253197,103625.83173478002,51549.73445255025,50449.15503445897,40941.14683663031,140543.46777189602,83254.12224259753,47845.98122002612,41789.70241197319,186009.73055462746,47461.40747913561,8751.271351247986,32807.30321164863,74752.22905746012,42936.73229691912,47076.056178879095,2991.0888254189395,59800.58616230022,38881.37053322092,22715.162074043525,32407.923332753046,84851.0587576025
253,27548.508631712542,23700.401402174615,84172.54216574569,47297.53512557055,80555.26881148176,48014.278789255084,15132.826355831821,19846.838857491082,32470.86351405578,127528.38689197389,102762.95203149995,49012.95918093848,46848.11478426823,37692.98652318155,139243.61603910246,81455.96662660035,45501.071521057,41050.41227867017,178135.16667228087,46428.69179275183,8312.047707371423,33018.4565422732,69469.10370484904,42520.54219150703,46730.0791787282,2891.7620423266235,58768.90404542082,38425.715125510236,22719.106649796264,32498.565887432916,84551.00969728317
254,27677.470431121576,24984.834926302556,87439.23539962097,48138.36906793858,79741.1840863111,48891.86950477484,15282.722667108721,20090.929777080804,33104.833003857726,135175.45476897582,107631.32578950083,49157.32672814796,46154.44248158097,38105.21544007335,140866.00621368972,75413.15252145365,45793.84696522368,41174.619240954635,204575.58395644272,46573.62719537237,8266.922895505852,33603.96377492387,70349.84128747364,41362.844875733936,47420.641948740915,2888.8394878225226,58738.29017956465,38225.44032449112,22672.226151479943,32573.294149166966,84261.38858050155
255,27765.659025805322,24446.223721082082,88536.58604169365,48269.8661746294,81330.6221023837,50569.55349518235,15422.245011037072,20209.435692414096,32717.94626918221,136626.09572519903,107110.4423130351,49489.81833459158,47265.13057109686,38551.29164432962,142010.57106360473,77599.72582587365,46965.92065990354,40010.35212247187,215300.0099174331,47065.360322173736,8415.560577263514,33638.3518049923,72770.09748298973,40772.36477792527,47763.8576214032,2903.5205186288736,58891.92323827598,38177.84836973401,22512.980095500556,32577.124856484304,85258.4792599054
256,28359.763772224313,24804.351307632624,89930.34319363264,48322.49150185632,83567.82699082588,52003.70297546438,15503.291969920372,20546.591046698613,32736.34085658339,137062.41567848498,107161.2496014771,50422.26517404797,48379.84091226123,38936.95529402217,146295.20819011083,78148.31642521734,48433.15904456753,41510.4163363584,217993.75434711535,47197.469723296694,8684.154321529522,34271.62871746168,73336.16050863138,41172.52746550834,48105.723778130014,2918.2865108389183,59046.06607159638,38183.5019122093,22141.304344022792,32510.976071809884,86124.71181228911
257,29868.657001029063,25983.0349773462,96231.24252924837,49378.66447911211,87900.80718776812,54918.04773139803,15893.54815929666,21892.178716940172,34034.829019032506,138752.10147232463,105780.73170685727,52389.975895961266,50875.72050864229,41579.09066055515,148217.86510009842,77051.91081835516,51374.54730525345,44836.174679977936,226104.61818979288,48486.98028197421,9314.904638003056,35653.82904786538,75282.04986971154,40295.09388608029,48785.4872305711,3028.04032450724,60180.14404331026,38791.08364047948,22516.07049481573,32930.191881755876,86626.50948780781
258,30988.78638578854,25493.18696780342,100778.48599450073,50836.54830671969,90155.7730834344,51966.31857368182,16702.12584649441,21489.46060092609,35018.76584535005,138940.4255285331,102235.50703408032,54826.57563279318,56194.597061354725,42151.34032269954,153322.48668065926,83254.12224259753,56695.45789566999,48569.926299588325,212611.2758143047,49251.69360250018,9875.06332491791,34581.52578475693,81094.33778939067,42463.73459405897,50129.66882625173,3174.202481641722,61659.93206289302,39581.938692144955,22840.70719480157,33209.37657817725,87215.98757632915
259,30507.10422566104,24241.43017160344,92528.32437971771,50103.979446474325,90126.30456886995,51159.03957042773,16220.713175226729,21390.118822063887,34257.42192719234,139748.9151283697,99476.13080044859,56685.48951810828,57355.79740400699,41530.25762382677,147599.1836433146,92702.4969275611,54968.33727348116,46354.79077273406,237098.12961654374,49667.917950172094,10196.913350513973,31995.470352573524,87932.0311567718,43522.00335394885,51624.40306545,3223.7770373901267,62154.30771088184,39777.26971936542,23105.267036797493,32945.68025502644,88504.06867029
260,29922.521366844878,23485.092725410614,90903.8043941238,49444.73624645085,87169.04153868434,49285.48755335716,15978.454172544303,20983.122271154807,33683.95372732651,137586.43744415193,96381.45101861373,52918.86236144163,53083.60237629582,40048.49081820794,140437.6405451244,88349.04202697283,53552.188546375946,43734.47520466758,223396.10080477427,49082.17925182742,9930.520001254206,31311.869411238084,78099.69484643685,44313.73687403328,50462.62232674553,3145.561991207747,61372.6120673024,39473.768230403264,22826.7066774279,32872.549531807,87452.30992427595
261,28940.959681535816,23269.338275980866,88372.016989257,49202.09791932737,87624.80848204855,47900.05440316052,15691.860255152651,20431.29505791264,32828.65956214853,134366.37876580132,93222.44987885271,50013.12788474917,51118.2018703568,37896.375488464815,138501.2445210521,84790.7411127234,50785.54932076799,41049.07231161991,215300.0099174331,48681.80286678742,9499.856103145168,29229.157704550566,75018.29842994639,42880.020265270505,50129.66882625173,3069.5928456939687,60604.29075074623,39206.688733259325,22836.663966529388,32811.593368167036,85511.54753051563
262,27380.618964659727,21444.063841587,82963.22824775022,48380.085925019484,84371.05877256412,48362.497066869626,15314.684240132954,19776.10011180111,32018.102389201278,133432.34418282416,92289.40546004417,46837.82360542739,50064.420653347304,35227.16729125773,131138.4331269314,80350.36984825433,46965.92065990354,40529.59510348507,186009.73055462746,47838.53627842801,9039.311516624331,27220.257568008383,68078.84531645593,42463.73459405897,49795.49601887533,2925.858952229047,59124.968473691864,38818.48823244722,22662.359157328385,32694.27437658696,84551.00969728317
263,24989.499145409867,19662.772062439024,77479.50224656146,47015.80699765679,79436.21127934067,47025.874310123836,14754.214361804552,18619.104369620985,29719.164229502236,131891.19787933448,91446.17952976841,44688.57538178866,47500.70750465112,31298.806092252908,129405.69674507565,72697.71523449876,45501.071521057,40046.887922920825,162542.24453041406,46326.04800214537,8436.160748963914,26224.521905416805,63206.817885524615,41381.86828918155,46033.864067056515,2751.0319258439376,57277.298325996395,38153.6708587655,22438.72375886811,32700.458585055967,83899.95503408764
264,22574.02209427508,18751.891362310773,73033.81978652538,46095.180505602766,75193.15134556747,45786.65119538568,14225.21525188085,17804.52645494381,27294.593961965726,121872.50158946606,86908.04934422953,43638.43275356687,43464.97017219994,29083.544977611553,128777.4354028532,67327.79826121387,37635.31534174849,37872.75839544168,142096.4351596794,44607.2358986924,7635.075361392043,24361.93147228696,63845.72964094496,38991.920801821194,42825.8446148027,2602.812997629758,55665.75119994099,37659.50942807657,22286.002899815758,32237.789557929475,83415.91761264829
265,22497.52146864813,19020.111502729742,73891.4395964865,47284.96571297133,73434.13324788056,46653.65318414932,14240.86050815313,17898.893164360983,27843.086134659894,132122.78351218955,91483.0997911128,51856.197000246786,42437.94224290683,31872.949440489105,132519.47713687195,69556.58076105159,42220.170296547665,41645.74084460042,138090.52828730192,45519.213775904595,7194.040226377176,25764.730470007256,69024.34266103245,37803.690110120086,40269.01388163633,2591.534998645011,55541.3289490025,37661.28975468224,22721.843539375768,32617.656999619285,83330.30617641169
266,20272.359353471355,19028.87803723438,66260.14067818107,46177.721658865514,72571.1076760252,46119.81188636683,14038.703142376206,17984.691376293544,26127.29747630884,131190.24782277,87136.38235394181,48873.148855094645,40214.39643066413,31396.479912465787,131745.8334490293,70152.80796440801,40547.2811686229,40946.273057673214,132871.36514764177,44867.99968116805,6901.091620512655,25140.639308414073,67757.76757629884,36927.224912553764,39543.442144755725,2550.936590541356,55091.24775828615,37521.34938557786,22676.88069550182,32587.546005092267,83136.07613931643
267,20155.343252819457,18614.86891344826,66545.82075432986,47136.326343788634,72254.09862986434,46124.695171800944,13984.275475563538,17810.519550908844,23370.36250782391,127855.30169871864,84304.30068042704,47845.422086456194,38812.20703783329,30987.064449406495,130913.10793595958,68367.19693944546,38877.988179991145,40651.5778548918,127682.5633507877,44394.08116741384,6695.539432698756,25049.71441302154,66664.0179828631,36305.11425428798,38441.13858497064,2521.4629867922545,54762.31915499542,37492.367076801645,22596.56118812674,32559.18349800495,82745.34720304412
268,20797.12380680821,18582.006001503098,71981.88150310161,47123.04441705997,72481.65418420268,46354.804077497014,13959.913971556252,17787.892682457725,22554.621887691726,125510.95286307062,82722.89163483618,47235.52157041453,38236.05597281809,30428.29238939035,129664.07223720867,67181.94273689605,36547.28449632379,40444.667085204026,125099.8150400838,44187.00579119297,6674.751682673018,24990.071849229775,66134.81893376811,35874.99896890487,37696.53294541275,2502.2916151878703,54547.36341075293,37462.19785795864,22655.325567156764,32514.9731393551,82181.2430429179
269,21347.919700106468,18478.263203679086,73205.06583163411,47131.10491392478,73752.32706447112,47060.9159641758,14159.04157604456,18092.954355337497,22491.988645788766,124470.69069794522,82627.74368356919,47522.26772403996,38164.75894842357,30360.059524374316,132354.41076365946,67181.94273689605,39211.55261522058,40570.12396184578,122524.98436027652,44093.452867963715,6774.141619315768,26058.19695392468,66794.99536017221,36004.12661923115,38069.83585506194,2504.4193778769363,54571.25987620463,37616.465676642474,22653.23548973817,32536.344877533313,82745.34720304412
270,22325.914275432304,19657.295780469532,76681.96033474781,47721.47470924263,77407.2436393194,49232.98962115083,14499.27811176083,18895.83457105086,22636.07941388528,124882.87540738001,84812.08540617135,49609.62388654417,39536.7083326158,31651.632304569248,135369.977470218,67774.05094046681,42220.170296547665,41081.43711962627,125099.8150400838,44693.047883046886,7034.5333490557505,28235.916130781283,69960.08735580537,35831.93858744503,38810.48146980051,2571.818125107001,55323.17433909806,37908.20088539093,22760.674261512984,32638.985337554757,82941.0923700035
271,24170.240131742496,21295.795410313684,81723.5124505408,48805.66814335344,81679.39018259461,49353.59679128218,15312.084001278135,20351.398642248638,24295.538960509093,131646.7221256212,92699.59268710582,54535.88373367515,43338.50177428227,35445.18635284589,140905.17722798302,71947.56834951942,44903.95694006496,41468.74361655001,132871.36514764177,46334.83089426598,7368.229669808386,30160.85989379378,72035.72746626857,36476.913645838824,39543.442144755725,2732.0847543435584,57073.67752169719,38384.93192945577,23116.901432264338,32832.22839779457,83716.5350986923
272,26674.54445465399,23685.94939787101,85831.09120875288,49056.49437283156,81145.26258583469,49822.491031141624,15849.506083429642,20912.39092123382,28160.51375432555,141678.4847746098,107540.97585828621,59767.70959238014,47641.68243747838,39756.857256196396,141789.11366457978,77994.45083401723,49620.547269087954,44072.596808616705,170000.73858882536,47891.150734832794,7964.545049409084,33921.33367350319,68528.38900471882,39143.67729549974,41344.11773690561,2823.4858562263084,58049.7438589911,38522.87571780479,23071.439130796127,32378.979933363717,84099.83803036291
273,28926.19718376954,26930.372020167575,91366.78130941423,49146.50620969115,82052.59338322992,51006.33757573617,15886.4828696446,20855.587934501775,33129.23319861572,147650.91175566436,119129.09609978083,61898.24255875887,50983.56504884564,44791.67327934278,143115.468326736,81668.67290823445,54360.69087750166,46905.87913053944,208386.9706903614,49001.286138017975,8560.367231465008,35491.01556648171,72732.10150218871,40475.78616781118,45837.466766573605,3054.7722640606034,60453.331045187915,39047.76836024885,23150.441633016017,32703.264984837755,84459.80093036925
274,30519.068129714757,28200.50924889529,93454.39965370912,50450.46734665776,84072.61217523902,52106.24342797202,16096.22977789957,21029.213328125414,38729.74683127063,154021.9886124487,125980.98171628121,62544.859679722635,53106.1894272037,46633.1114645175,142908.2281574093,88490.8940264926,56058.94550876705,47745.62917261486,222367.2622779684,49330.044630045275,8970.880017253192,37212.696090150625,74832.8057362778,44739.20129678908,46840.04340939904,3112.246053243776,61036.788093464245,39184.72868437146,23079.117836974823,32755.351398337785,85045.66411297455
275,31614.755676842906,28711.641137701812,96724.19536282493,50728.64618843832,85049.57009550688,50502.94389929966,16171.790471147664,21054.844469406125,41164.98146408396,161674.36609777933,128761.02498012075,64017.12612772885,55484.94756266963,48229.64818484147,144367.10894240372,90998.50609582361,57419.489670255905,51414.776611295434,230819.26949525022,49820.46839891331,9119.501333769578,36167.192861162795,79882.44508076103,46000.21999970184,47171.62044669029,3120.9872106707603,61125.066705188605,39140.83239601812,23153.751206862096,32831.326712873844,84901.32863414014
276,30020.95843684142,25902.616563513246,93194.43961793734,50742.59662374966,85071.03160050022,48887.391619198555,16211.33119479999,20967.065872539362,39477.291046320956,159020.59875013717,114788.37629931119,63608.50720164312,53847.75985720813,47534.824033169374,143407.0619179494,94938.8883817672,55379.316710661275,47314.986053429544,194545.0653173315,49297.751594340414,8916.42532438316,36059.77066631096,82791.40022946188,46721.057956384444,45837.466766573605,3063.540945001651,60542.68997828805,39250.22118640294,23225.879027479612,32787.92458163888,84302.392333062
277,28980.502188331975,25679.21738362995,88758.5264786719,48815.908900037386,80947.58386942247,49567.23259486812,15690.504298814089,20572.00704966727,36736.839923303596,144888.5098363512,113832.54744444948,60478.31671963795,50004.12857149163,43763.53913127289,142080.72551196712,92888.36054336472,52665.201678095946,46477.94964666516,186309.1652906567,48225.078783334815,8468.912652893398,36291.857425427654,76940.10521063072,46268.185998142115,45500.59255633485,2961.808203281422,59498.20505653739,38790.24317399867,23229.91229120669,32879.62997158983,84004.28345884672
278,29116.167525426914,27070.892027498096,92220.50294776543,49683.73579676093,80139.97604793581,50473.20773843311,15845.924618928984,20825.0166173176,37454.09943360365,153576.55409315485,119225.34101284624,60656.45544845741,49263.72569360027,44242.15857747518,143736.1721286658,85997.43384344029,53004.07452873414,46618.578805262485,213962.8406775693,48375.621926808904,8422.936245680425,36935.41097802057,77915.56104144153,45008.4524205576,46172.9863503352,2958.8148567411163,59467.21128359113,38588.06845303953,23181.97775395383,32955.23446450026,83716.5350986923
279,29208.940233938483,26487.31059402724,93376.40344434715,49819.45430225589,81737.40658884127,52205.15404003673,15990.588668176124,20947.852528022024,37016.384063512814,155224.66720410326,118648.34811924359,61066.72516114473,50449.23743269005,44760.07650389084,144904.05765833892,88490.8940264926,54360.69087750166,45300.37649000275,225179.37296784672,48886.380853341354,8574.379017431827,36973.2081864633,80596.1018342356,44365.92902867412,46507.17188468937,2973.851501125553,59622.75087343283,38540.02501410483,23019.151285019812,32959.11008902965,84707.17836086858
280,29833.927021204137,26875.33930248879,94873.44829317609,49873.76903922734,83965.02232071938,53685.68905290164,16074.62238579518,21297.32693928607,37037.19530595237,155720.3823102388,118704.62835407289,62217.29464773062,51639.04239018375,45207.852278157225,149275.99490620926,89116.4796464647,56058.94550876705,46998.77378078974,227996.72389060847,49023.601740494756,8848.041662231752,37669.26723418799,81223.04167404921,44801.3609564991,46840.04340939904,2988.9751649046493,59778.80656400355,38545.73218927892,22639.118951852597,32892.18567240466,85567.80965471416
281,31421.25372930031,28152.434726633495,101526.8788881774,50963.847913391044,88302.8974116139,56694.29416,16479.260374302045,22692.079989730002,38506.27701810174,157640.0808395433,117175.40147190777,64645.302142915316,54303.061738904915,48275.51035381204,151237.8262378871,87866.19285312486,59463.45447491123,50764.25189054411,236479.76685480573,50363.00515426644,9490.69549725028,39188.49685838822,83378.20021482807,43846.592791240306,47501.92202008817,3101.387507589221,60926.958036404394,39159.0777811748,23022.31116741057,33316.317025062126,86066.36259126905
282,32599.60833717438,27621.68787097755,106333.00185317284,52468.533599999995,90553.22359903445,53647.09550562148,17317.635928120002,22274.64727003301,39619.48208169434,157854.04098234265,113248.28622475715,67651.88352599608,59980.254689410496,48939.9222986366,156446.4552455283,94938.8883817672,65622.14085278522,54991.66667486719,222367.2622779684,51157.30623631388,10061.425497636861,38009.887037795015,89815.56618336834,46206.37153507632,48810.73767333938,3251.090100566723,62425.109694316816,39957.435330781555,23354.246845314756,33598.775320110006,86652.02897914802
283,32092.887952333425,26265.418230831034,97551.57455994599,51712.447375848984,90533.60502771649,52813.70620701549,16818.482140822485,22171.67571926091,38758.113869671484,158772.58826576232,110191.67078288381,69945.64388222327,61219.681537184966,48218.81263068398,150606.5390540211,105713.34813753777,63623.085603110965,52483.65392267451,247977.732,51589.63485,10389.34947618757,35167.453899865235,97388.61404245009,47357.913196941285,50266.14487129513,3301.86548379,62925.6203667,40154.619378510004,23624.75492558718,33331.987008278054,87931.78104506033
284,31477.918008019245,25445.93195435036,95859.46234703416,51032.04075614089,87570.48311769155,50879.556804994194,16567.295360928576,21749.808238267506,38109.30422374208,156315.7378589106,106763.63299176321,65297.90838629611,56659.68183534229,46498.40346275457,143299.07844562706,100748.88322278383,61983.9646807683,49516.889686441784,233646.96509755138,50981.23315304482,10117.92875224347,34416.08177357967,86498.86666068461,48219.427935,49134.93103728022,3221.75586134796,62134.22416068014,39848.238702911425,23339.931546934626,33257.998785925774,86886.82321254227
285,30445.333959664044,25212.163533538587,93170.14853946141,50781.61310825031,88033.27462860005,49449.31378287459,16270.13982718291,21177.81824013582,37141.64271329665,152657.3405807656,103264.34516468042,61712.449909165014,54561.878326150654,43999.68441351444,141323.22806336303,96691.17263468496,58781.71893322045,46476.43251400723,225179.37296784672,50565.365680454175,9679.137366023984,32126.89311266815,83086.08382865436,46659.34748202515,48810.73767333938,3143.9465412567547,61356.368252282795,39578.625538727916,23350.11271101169,33196.32787675667,84958.61023394608
286,28803.8854818355,23234.491586544398,87441.26270224957,49933.212393026224,84777.6935975185,49926.71349920625,15879.064046233676,20498.68363602605,36224.595678241385,151596.15818709345,102230.79347146663,57794.3625074819,53437.10710100715,40900.59335804328,133810.39828744953,91627.59259209414,54360.69087750166,45888.27190411183,194545.0653173315,49689.472001594695,9209.90138310861,29918.83359165542,75400.33254957279,46206.37153507632,48485.35708295595,2996.7310309475233,59858.68811659643,39186.742348588596,23171.888914975625,33077.63325357994,84004.28345884672
287,26288.473338088283,21304.47453560042,81601.22823860798,48525.13656718105,79841.14110229738,48546.859573543654,15297.939619871744,19299.413327264476,33623.626254379924,149845.21946047433,101296.73548834182,55142.351346546035,50700.68446162967,36339.55946520781,132042.3571430288,82900.8832997605,52665.201678095946,45341.74292213599,170000.73858882536,48118.463569821775,8595.367955525937,28824.382170102115,70004.3466632777,45029.15250541894,44822.69513599071,2817.669229414881,57988.089045368855,38515.61814160429,22943.225404058583,33083.88997539446,83357.4386645611
288,23747.437854022402,20317.541735930612,76877.38951893567,47574.955572595274,75586.74714031779,47267.55554328278,14749.445728964976,18455.072184396922,30880.519352934785,138462.70289832551,96269.75923433056,53846.55408125685,46393.07188464665,33767.52483969544,131401.29488212758,76777.29524894325,43560.98453142269,42880.1578345726,148616.74266756282,46333.14837134982,7779.164486332797,26777.137279821727,70711.96969367126,42428.56161048279,41699.079927646664,2665.8600448966654,56356.54319775168,38016.76881632761,22787.07084149105,32615.795891983922,90058.49935549786
