Time_Index,Demand_MW_Region1Beijing,Demand_MW_Region2Tianjin,Demand_MW_Region3Hebei,Demand_MW_Region4Shanxi,Demand_MW_Region5Innermongolia,Demand_MW_Region6Liaoning,Demand_MW_Region7Jilin,Demand_MW_Region8Heilongjiang,Demand_MW_Region9Shanghai,Demand_MW_Region10Jiangsu,Demand_MW_Region11Zhejiang,Demand_MW_Region12Anhui,Demand_MW_Region13Fujian,Demand_MW_Region14Jiangxi,Demand_MW_Region15Shandong,Demand_MW_Region16Henan,Demand_MW_Region17Hubei,Demand_MW_Region18Hunan,Demand_MW_Region19Guangdong,Demand_MW_Region20Guangxi,Demand_MW_Region21Hainan,Demand_MW_Region22Chongqing,Demand_MW_Region23Sichuan,Demand_MW_Region24Guizhou,Demand_MW_Region25Yunnan,Demand_MW_Region26Tibet,Demand_MW_Region27Shaanxi,Demand_MW_Region28Gansu,Demand_MW_Region29Qinghai,Demand_MW_Region30Ningxia,Demand_MW_Region31Xinjiang
1,21246.667042654764,14867.02220273325,66260.33211571311,46426.69133887914,64417.028502271125,42765.2657936983,13569.060824259966,16621.377297283558,28140.315376838265,129223.5860297958,88670.3855009863,45222.84569398232,40473.93199588435,31226.26687440571,129716.82547952402,57531.93578013597,40406.32597438163,38985.449530653226,125298.72514455249,46616.053046332934,7146.976858606839,26549.1030770378,72125.19062629306,35624.041716403124,38163.41719496568,2587.4678260359633,61981.851791324334,42413.78057805957,25126.273578649343,36908.78557863559,95287.4025898708
2,18880.644247362678,14874.793356428823,58274.067329221936,44822.49998325267,63469.32319810445,42131.009880906175,13305.897015123262,16730.7135520905,26246.416250572634,128174.8479060832,83950.09473251337,42321.267830063895,38061.04206628415,30716.46623026636,128736.53915545832,58056.31380469969,38690.64060238318,38277.33936117073,120072.58098743268,45666.326171483495,6802.5638640961715,25828.77796473358,70620.53381867518,34682.482337779235,37334.53280436635,2536.91365892489,61279.49320173579,42148.657760467126,25053.62813067089,36851.44724008366,94913.68352190756
3,18757.14698221648,14508.319443318014,58634.94303393522,46210.27288902153,63121.90360981999,42136.80182144309,13235.28263431526,16508.962249015527,23228.40341776307,124433.55805147481,80890.16694414437,41326.42888301599,36549.108278420696,30278.983594376718,127683.29012581374,56486.728618641086,36983.80137687595,37979.29957207189,114898.32770219591,44978.86502031029,6562.53014720778,25724.012913692593,69324.31387384456,34016.08538043322,36081.32330131916,2500.337833013722,60767.646041983135,42093.834035071,24924.02321127053,36797.47153078837,94163.6879863321
4,19435.63890752411,14479.276210446418,64350.73545598552,46190.9505033642,63371.25151227236,42409.935326422696,13203.708942892787,16480.21312134762,22341.73919928527,121812.31645992785,79187.03035835703,40737.24602933445,35930.09518292871,29682.772415969444,126107.19539274777,55446.290010556026,34609.68541780014,37770.14651506776,112331.04721105006,44679.46745957,6538.3315943372145,25655.31697584401,68698.20418181599,33556.296203842336,35238.98183604764,2476.603905550479,60433.816928138076,42036.7959209479,25018.825567438857,36713.40038335077,93085.16981917933
5,20020.180204666925,14387.63673168819,65617.98128505211,46202.676501866496,64767.02832884278,43250.59345975823,13462.38324590173,16868.953975712644,22273.785425768274,120651.5375439652,79084.68615440183,41014.13942277433,35853.585839813335,29610.037049749535,129507.52704004271,55446.290010556026,37324.446921373514,37896.95249805209,109777.21309025022,44544.40189594461,6654.156613544615,26888.559977192508,69479.38314623457,33694.25071422734,35660.85620312019,2479.2358176066714,60470.902459112185,42328.78598368149,25015.45177490832,36754.031486032494,94163.6879863321
6,21063.03995096654,15433.09723968297,69137.46626244047,47064.150005474636,68815.93912281455,45860.022352061846,13907.478470551598,17903.66106901445,22430.14326813084,121111.30089044523,81437.8805690647,43035.7146273562,37329.361685713244,30989.378963790074,133343.2620285136,55965.91046069854,40406.32597438163,38414.09650236127,112331.04721105006,45412.17885175004,6959.114269743326,29421.816663506026,73239.2900757625,33510.30796681056,36500.40872619869,2562.890988768153,61641.13226256471,42883.20980360485,25189.06493811609,36949.42158838565,94539.11440967368
7,23046.173591929666,16899.90284870967,74060.91056377182,48659.668568816014,73610.27953945192,46005.93755716702,14986.386260952677,19821.15344384327,24237.59431603278,128688.06341917589,89996.46469200113,47846.417223035925,41456.35696119996,35070.330244289944,140449.5843068046,59636.48108410738,43169.10757693135,38806.172343791,120072.58098743268,47813.7759204033,7353.028197596301,31681.00054576336,75717.88271921808,34199.95394556922,37334.53280436635,2763.999544571085,64390.16463765316,43795.504485872065,25767.406825423735,37318.42643935314,96032.31913230715
8,25771.274628475643,19066.63087853509,78008.69787180891,49031.253153978396,73007.15292765401,46574.23338452579,15711.548716489006,20574.08208224958,28491.937778905492,140033.07443761823,106341.4162319261,53012.55994260018,46189.975530077296,39758.03294204237,141592.16585438797,64978.3371713196,48053.50215913465,41449.781903062496,157683.4098785065,50124.29525357875,8065.265180478635,36144.45245578057,71535.55216478757,37069.525691049304,39397.30394841241,2880.0304105347604,65937.80386106056,44060.93419984878,25693.367261658077,36455.2830969853,96773.9200898007
9,28250.936594096936,22054.59853802339,83518.34005936272,49164.82512915342,74032.24540646514,48016.131885349234,15761.781546150101,20497.499792869206,34042.96750664763,146845.5531376985,119301.48792639373,55132.13263152381,49908.62201520295,45291.80944062751,143310.5707183213,68237.08119832241,52996.69114517802,44340.92767661545,197497.06320878147,51792.24102093227,8787.00651288863,38025.88143152109,76551.67714386212,38513.48890812259,44625.10134524129,3177.796989009469,69793.2867818351,45076.873926996515,25822.0732663146,37072.000737010625,97472.47198173859
10,30020.879411356796,23237.893877823506,85702.56758075836,51113.05546366377,76324.53910691012,49364.775371870084,16047.538754376501,20731.82567706382,40395.59902303003,154158.57272127282,127039.36864441716,55777.1604515355,52288.75911632912,47330.57907492403,143041.76199123272,74312.11750665185,54775.53309912703,45200.629311337565,212199.59199880727,52289.323160732354,9289.843272971604,40101.16884747033,79073.58736148682,43179.43456166827,45806.53806965152,3252.685389219417,70738.57881319174,45343.50956419303,25705.868020989485,37171.448642319985,98613.77042688553
11,31245.596297035587,23716.116969380324,89189.0711987303,51531.86431592216,77437.83140118988,47401.775703695945,16150.820757580574,20766.47861646011,43186.16422919273,163002.5554170082,130193.93768628534,57248.765890432864,54972.19855458569,49104.276848043606,144936.50102798486,76552.64683996211,56203.493876944405,48971.28525941171,221136.20887437847,53033.48303882522,9472.969420295856,38839.50579237628,85175.42649230993,44571.93288498474,46198.43131004869,3264.105561659318,70881.92045980925,45257.982289572275,25827.469451876103,37316.70118263189,98332.09493331394
12,29466.039030482345,21102.559011149213,85265.38907950763,51552.896565607065,77462.37415217546,45442.49560468652,16204.939202357451,20647.86827859074,41250.48584903682,159928.25983760448,114427.71439631944,56839.92163197229,53123.5160198553,48331.66989444586,143688.98811306577,80081.17553164072,54063.17360498814,44759.597929942094,183042.5713552447,52240.43311597903,9222.88821419722,38710.12311846304,88715.0558261034,45370.37487438639,44625.10134524129,3189.2000254235495,69937.82623007559,45471.23671655616,25945.160653252457,37233.69514953409,97166.75033367533
13,28311.06819946378,20896.280251085584,80846.01907735456,48674.821598330964,72784.20094305243,46264.66348864324,15496.039849221555,20116.333329378256,38124.28784935177,143689.34789741752,113357.53772845403,53718.52564246338,48815.067532015724,44156.860955959135,141969.56785576878,78243.79467206389,51224.79951935347,43903.31593725913,174493.2107765096,50624.28865822633,8675.592609694286,38989.7143828551,81613.27607287843,44868.541772273114,44229.32597915844,3057.409799005667,68253.71668072387,44577.25321381982,25951.746731306026,37409.16876668909,96588.8276817016
14,28461.35535573679,22185.149419164616,84408.59553832545,49964.50019587933,71875.23521710018,47365.54177341494,15706.68561026165,20456.315285342644,38940.42502730553,153645.7787775255,119409.80424224271,53895.65644021254,47990.41247344436,44684.90029052564,144116.36622538453,72088.19746838,51578.613156896376,44047.090565001585,203348.85822966168,50850.184435325595,8619.667409119153,39766.12876462352,82792.16085337686,43476.29688346242,45019.88615949235,3053.548953824226,68203.92256476133,44186.603927182754,25873.50667018492,37554.08591419251,96032.31913230715
15,28564.18088581616,21643.56951856253,85626.90777534769,50167.18432672654,73675.9776839047,49486.47352286869,15903.441039688982,20621.930898083498,38442.1892860513,155544.23577603945,118760.60498497434,54303.840572487294,49311.66395525612,45256.8936953138,145635.29886701517,74312.11750665185,52996.69114517802,42700.816540650565,215169.0171619719,51618.8407114273,8804.096112705192,39811.780676463655,86042.18148451093,42768.30334163512,45413.6939897904,3072.9531895022283,68453.91482449356,44093.978194189374,25608.294929076674,37561.52076006976,97953.72055711494
16,29258.022601210763,22003.49494387611,87106.66941243187,50248.3737546999,76201.42776657363,51316.275230814455,16018.03707326222,21095.084527004867,38465.865302592465,156115.8436446786,118823.91110964843,55450.300609262194,50642.14478579645,45751.91741967497,151353.37127952292,74870.70253103555,54775.53309912703,44435.96760187443,218147.91277495353,51825.937085051795,9138.915597403047,40653.49969931019,86804.4934446495,43247.94612910176,45806.53806965152,3092.494441650505,68704.99931228996,44104.977254483616,24992.668693883108,37433.21952585885,99635.48620866191
17,31028.889075224557,23192.974022869614,94118.59522778931,51886.838067951016,81168.62056460329,55080.902696538324,16572.930395372918,23011.93538817337,40140.344571625625,158332.02020225528,117105.10500936951,57877.89498421192,53636.843176236005,49155.30964666114,153935.4812973952,73754.570516784,58353.38236720034,48301.10261885058,227140.72885164522,53860.381935724836,9932.781075198087,42497.19330639812,89431.18443255838,42197.11043761866,46589.38631069008,3238.5100346969207,70560.35911560273,45293.52352471694,25613.433527451303,38249.334850494015,100615.02510206359
18,32351.283218857403,22697.74171452792,99209.77378897177,54176.46142408882,83769.89358761879,51268.384055862385,17738.645344188157,22433.527507192728,41413.270461691805,158579.27682921063,112703.92689014366,60899.03376874953,60087.6085097471,49895.132462137146,160838.83327997132,80081.17553164072,64863.31187247725,52668.5114386222,212199.59199880727,55077.89736266338,10646.350399438397,41066.09176295352,97332.23723354304,44800.09827935227,48144.065605226264,3435.0179200021526,73002.42366437482,46859.7665287358,26155.0364001876,38796.799915984266,101770.68830661477
19,31781.82583867352,21438.06467258114,90149.78523331055,53021.922873135554,83747.43436080696,50236.73771146402,17042.020447751274,22291.461422101056,40428.01084336708,159641.34069565195,109291.346035333,63214.73395083685,61507.798483589046,49092.2203211368,153103.5111004954,89775.670644702,62745.12804283705,50073.97289037368,239384.03649734432,55743.99662071255,11059.830451163489,37637.21415632257,106727.72283559362,46077.2494171264,49883.06225698415,3502.188514534161,73823.55689615577,47249.93464090285,26599.049457499757,38279.62387258586,104314.572273556
20,31092.330273001866,20681.129533975494,88288.2206341032,51989.90535897069,80325.52088589917,47861.233800687834,16694.328865333213,21711.98808704962,39687.25839465411,156802.7085259783,105478.0147656219,58532.26398480092,56303.486415933156,47181.178281371416,143548.82534700967,85300.66751714943,61011.952661868774,47018.027410494884,224133.83673831358,54807.3065377098,10717.417178144362,36736.33907575587,93251.25443804688,47035.62934275315,48530.508235809764,3396.3306749341373,72526.40871084682,46644.26498884532,26131.605065067124,38136.69515708314,102235.49923850976
21,29938.67071145249,20465.798450741328,85524.43778836433,51611.73428152904,80858.23864333516,46121.81541826772,16285.519488903225,20932.9549648599,38584.70959294008,152588.26793847323,101601.02657471203,54946.94485641813,53928.91740909164,44417.32276953818,140989.69607132,81653.29988313996,57635.70683354501,43901.7650654494,215169.0171619719,54169.787384702264,10167.51662347965,34006.60676569268,89074.59917118687,45301.951949764814,48144.065605226264,3294.1395328077365,71257.88766501448,46113.90850521545,26148.26895211666,38017.726647934694,98443.84271489707
22,28115.556858885167,18655.030964088015,79618.50286468425,50337.27847958132,77127.3946658109,46700.76756279946,15751.699630475494,20018.093687701607,37542.35667494402,151368.61993773942,100458.99931261159,51057.38162179647,52661.056909614126,41009.68579999961,131356.3219823654,77115.34521182717,52996.69114517802,43300.83918709609,183042.5713552447,52834.402945701964,9584.632657294384,31395.95987982939,79756.6011359114,44800.09827935227,47756.74342493936,3102.525365554756,68833.62575759314,45347.43454971764,25857.04889990845,37789.17936046293,96588.8276817016
23,25348.84800669404,16907.713933776085,73763.38644682258,48245.171042415444,71539.58992857553,45031.94959575979,14967.42617232746,18430.00965405666,34599.872356776534,149359.02517762923,99428.13596562458,48442.34933908964,49592.4726256478,36038.55564526754,129112.06469613034,69332.0462061433,51224.79951935347,42743.0154562103,157683.4098785065,50464.49103713187,8829.705281389475,30110.529542102788,73292.03659138757,43499.13017500436,43434.74757319497,2872.6180867352173,65839.7340827452,44046.953024321374,25484.922305320455,37801.21275012191,95339.65583475486
24,22589.7041119996,16022.260392400029,69034.01375495121,46849.863810385345,66793.31880511611,43497.322385277905,14237.224479372284,17333.56662046268,31520.088865153208,136382.7208315793,93900.59851298983,47170.02213782697,44809.9496093135,33260.29212844525,128300.52001909443,63900.92657989201,41785.04832993043,40237.49574503924,135902.0331586959,47811.29579272755,7842.735711833116,27722.12776295096,74135.97900754026,40642.40027582733,39806.16489301406,2680.530914252553,63259.813500148724,43090.284030536204,25231.777877943936,36905.24054751795,91928.31038126533
25,19615.38257716995,14437.596477316267,61253.38392633051,44754.543313590206,62492.94409933518,38997.85671529745,13136.69143809501,16198.96723839872,25668.247995458103,121064.95353606869,82825.76034821928,45000.238377577356,36028.94998477039,30384.056808487345,125904.63953224717,54702.58329098238,38651.1511361191,35691.43361414683,115175.18735087723,44432.255159181885,6789.766980718543,25495.974452345614,65218.64043844848,34576.454440162146,37393.98003020711,2453.721555052681,60110.6836960059,41191.60267613797,23779.74094751556,35373.729848069124,91769.48408003591
26,17431.019155707847,14445.143165529282,53962.15035667365,43208.13004488183,61571.72478282298,38419.4756214626,12881.913174287565,16305.52485861931,23940.723914779872,120082.42831664416,78416.6031109464,42112.943393290145,33881.051663422215,29888.006102367555,124953.1623756514,55201.173025113334,37009.9919112694,35043.15413013793,110371.29064941796,43527.019643148335,6462.567939204537,24804.222621505985,63858.066269185634,33662.58326246516,36581.80731016276,2405.780533993411,59429.52858689317,40934.11952764694,23710.988614284128,35318.77624105999,91409.5623576916
27,17317.003809290753,14089.254648998769,54263.93998473127,44545.9195971743,61235.66409743998,38424.75732059319,12813.548875256025,16089.409068132378,21187.837146858554,116577.34773244878,75558.3675878868,41123.001493848584,32535.16347967083,29462.322900623953,123930.8667796494,53708.7781802608,35377.29457293768,34770.29675706517,105615.09228554378,42871.76362542859,6234.531240971036,24703.61330686778,62685.96950553097,33015.78287361069,35353.86456878806,2371.0953133583844,58933.133564295604,40880.875579973224,23588.329303136492,35267.04540979486,90687.2559300694
28,17943.402230450698,14061.050313868373,59466.60975203768,44527.29314500023,61476.69692432843,38673.8291103659,12782.981259180704,16061.390561067925,20379.06451073808,114121.60028542875,73967.49165002209,40536.71886486359,31984.13246396259,28882.19225652733,122401.09114336023,52719.5071111379,33106.30574789354,34578.815767641434,103255.23578094771,42586.39178582587,6211.542145229964,24637.64234463658,62119.8147054554,32569.514602227144,34528.50609079691,2348.588193147411,58609.382406643585,40825.48105247924,23678.05114206498,35186.47082542822,89648.55560788135
29,18483.063399545703,13972.057790842502,60631.97768515229,44538.5968087491,62843.18835258248,39440.42940670263,13033.413072082394,16440.252086888362,20317.080332966674,113034.10805708078,73871.89336811626,40812.24926368653,31916.025631724213,28811.41865082861,125701.49206483003,52719.5071111379,35703.14311538049,34694.90747308665,100907.73924427625,42457.653568108115,6321.578165566092,25821.966047199247,62826.189684240184,32703.412318862313,34941.87477780348,2351.084061609348,58645.3483637368,41109.057250723745,23674.858153174853,35225.41205926078,90687.2559300694
30,19445.85407428681,14987.320749461325,63912.03555580622,45369.04266045367,66782.19128326859,41819.9804783999,13464.325623991734,17448.66348420824,20459.702468506075,113464.84388394713,76069.97918380797,42823.87336005535,33229.72685912328,30153.558050427717,129424.50046624125,53213.57324272513,38651.1511361191,35168.356185900426,103255.23578094771,43284.778230148506,6611.2938685184245,28254.735529771515,66226.05616625014,32524.878729768578,35764.5005432564,2430.415095064176,59780.25013794967,41647.50502390534,23839.167278968504,35412.675784882456,91048.82197388692
31,21276.72594661637,16411.758488573483,68600.02426942256,46907.09550444131,71453.76081403719,41953.04127331522,14508.854712351016,19317.425356595802,22108.37275225789,120563.2415656452,84064.43227523523,47610.89550001823,36903.481768406986,34124.44115464562,136321.97842671935,56703.62954849231,41293.92269975849,35527.304178922735,110371.29064941796,45573.86893540158,6985.519759198395,30424.30390946575,68467.30421014759,33194.244461883434,36581.80731016276,2621.1283450276233,62446.29206463104,42533.51140115681,24386.515464771874,35766.33353075819,92486.89902602094
32,23792.598167232314,18515.901775919814,72404.31947848175,47265.29674454098,70877.99295275958,42471.27304005203,15210.910333167469,20051.219321334756,25988.981110782348,131191.97641206262,99332.021690802,52751.608126687635,41117.23858062886,38685.71085885581,137430.98118987586,61782.77947760104,45966.148363751694,37947.54599278904,144943.34442693042,47776.14857627625,7662.1587415951735,34710.703172629444,64685.464463789955,35979.431429444216,38602.98960034618,2731.1615728813854,63947.20965817081,42791.29260263323,24316.443727285478,34939.08877224321,93201.12079524442
33,26081.875728746807,21417.56363978871,77643.4363994681,47394.05786397587,71859.8669109863,43786.14739169003,15259.542526055897,19976.583268345523,31052.364579438214,137574.3439242945,111437.84243576512,54860.74731942224,44427.4909237236,44070.23473341144,139098.88467243634,64881.26233140868,50694.61451321295,40594.40882720249,181540.24496320574,49365.956959518575,8347.827040844773,36517.501125848146,69221.25630799649,37380.93238169063,43725.38601627237,3013.536590118614,67686.2995312241,43777.957432158495,24438.252297089584,35530.15680249082,93873.88282867064
34,27715.925221336212,22566.68014722098,79676.57102026779,49272.118875350956,74071.77562600149,45015.98203602677,15536.194264838727,20204.954073802037,36846.9308095125,144425.65027861323,118665.68801614763,55502.60002053511,46546.23344130487,46054.0162926044,138837.97583688557,70657.53554637799,52396.186916824816,41381.4712875066,195054.87973677836,49839.7525519665,8825.531740026969,38510.46769744125,71501.67393009366,41909.66773952648,44883.003036096685,3084.554007212485,68603.05417238164,44036.90980747163,24328.2745631481,35625.46861731262,94973.04564186314
35,28846.610340704832,23031.090028896047,82898.97926366355,49675.84350827172,75176.2407696668,43225.91296078883,15636.185253513084,20238.726355121133,39392.350745290336,152711.2611878022,121612.3266033993,56966.96155134724,48934.96862319769,47779.87529830339,140677.0312913193,72787.87829965644,53762.11976295543,44833.53142975682,203269.46070509625,50549.0511609625,8999.50514066993,37298.851285135126,77019.21431828268,43261.2172132625,45266.995065178366,3095.383870678316,68742.0684827204,43953.84705130757,24443.359297710093,35764.680028367926,94701.7693343925
36,27203.684580568148,20493.023248846293,79343.48763581764,49696.11824037859,75196.76788165151,41439.235779010116,15688.579248893557,20123.130340247255,37626.71763009849,149831.0636719181,106885.3191089218,56560.12980938821,47289.31456150945,47028.10648574683,139466.1809387603,76142.87812773131,51714.77097990769,40977.70417797373,168253.60692780506,49793.152833602,8761.923132324408,37174.60085983462,80219.89650437463,44036.17961897256,43725.38601627237,3024.350203320191,67826.47548279187,44160.956427211466,24554.74335439368,35685.126259677665,93579.4481274162
37,26137.390527462376,20292.70273684139,75135.16489579574,46921.702767983035,70664.53237825005,42188.97472577907,15002.268517191214,19605.103640392226,34775.14953413934,134617.4081782395,105885.68213066725,53454.09874382421,43454.03423598742,42965.897177738545,137797.2919037478,74395.85748353876,48999.690528538136,40193.77242228614,160394.9937994589,48252.71905106804,8241.981666490303,37443.101521169774,73798.16761635721,43549.10379725873,43337.59013153428,2899.372216713785,66193.20746151156,43292.73358213962,24560.976480427413,35853.30183715582,93022.86181938066
38,26276.13888083055,21544.343630830124,78473.05223150579,48164.931070281935,69759.11335065673,43192.87106112783,15206.202186688735,19936.445409958687,35519.590781563056,143945.2319828461,111539.0191834202,53630.35762360941,42719.94554248026,43479.69465481497,139880.99903946975,68542.98526267185,49338.13516681979,40325.399032810055,186919.24293059343,48468.0324066943,8188.851638540405,38188.71771711283,74864.1649738693,42197.800305343415,44112.2113203303,2895.7109387078913,66144.91657848627,42913.34108324987,24486.929352851814,35992.19180456525,92486.89902602094
39,26371.069634306266,21018.406966547722,79603.42213297379,48360.31513602911,71506.74284824464,45126.959179909296,15396.688131046465,20097.852123552442,35065.12399981403,145723.82840921613,110932.6112852595,54036.532488822595,43896.09278610219,44036.260707845395,141355.29249377924,70657.53554637799,50694.61451321295,39092.87637255971,197784.3895470126,49200.6798437373,8364.062492958827,38232.55874536148,77802.97075197425,41510.62655235378,44498.079338036216,2914.112169000823,66387.36183007061,42823.38441494422,24235.930473927234,35999.31743130697,94337.36417327855
40,27011.639313689004,21367.93614473435,81021.50093232398,48438.580368076684,74003.99538891946,46795.56437853266,15507.632635797274,20558.981186237244,35086.72012821505,146259.34736658123,110991.744646203,55177.34913035699,45080.455780636716,44517.93304552938,146905.3192019931,71188.6500205757,52396.186916824816,40681.41849937279,200522.60464000775,49398.074481723466,8682.147513615493,39040.88913001803,78492.28538946077,41976.16460444842,44883.003036096685,2932.6433333795517,66630.86633648192,42834.06653088098,23653.296031634236,35876.35231265031,95957.04066766537
41,28646.541546172237,22523.057777468654,87553.38150016297,50018.03218685753,78863.28773114514,50228.54672460305,16044.8446394899,22427.117848175567,36614.099923545014,148335.60387836752,109386.23203517265,57592.99378695454,47746.266419928994,47829.531680813896,149411.5448194566,70127.4080573876,55818.62113888776,44219.97484613622,208788.84418274875,51337.21275716995,9436.335153354945,40811.448571060806,80867.45020491276,40956.23057506703,45650.06777095854,3071.111377088788,68430.21474341075,43988.364144967825,24240.793691618434,36658.52497333043,96900.41593491563
42,29867.404422833883,22042.12998084152,92303.18878395991,52225.19028296474,81424.56875787619,46751.89217998444,17173.414832054845,21863.40942938116,37775.201957708836,148567.24976418077,105275.15343668417,60599.26115889099,53488.58722009719,48549.400582980445,156112.01748148352,76142.87812773131,62045.771544828414,48218.366139127604,195054.87973677836,52497.69187487229,10114.239885947702,39437.11482108437,88011.91550528955,43482.67300499931,47173.40217773517,3257.4617653175633,70798.55588543863,45509.47494048129,24753.37172949522,37183.220679902726,98013.41317452364
43,29341.669052139066,20818.838014544228,83753.46088244561,51112.23469436397,81380.1200109543,45811.12879238414,16498.98743939222,21724.953763708774,36876.49531976244,149562.25939511159,102087.509642733,62903.56241649176,54752.807201037715,47768.143950463316,148604.02499806858,85360.60944852153,60019.59763865793,45843.04915627875,220042.9511200782,53132.58672891679,10507.053974747769,36144.25119381953,96507.70999683824,44722.26727900092,48877.33780111563,3321.1603102851345,71594.89995295767,45888.40013022487,25173.589850863184,36687.554259123564,100463.37941203848
44,28705.111832187362,20083.76652936941,82056.2571827714,50117.387307955556,78038.07024866289,43644.8950646207,16162.374825372333,21160.206967932823,36200.816412039276,146902.84649468103,98525.53052096703,58244.141687125695,50120.05001772829,45908.64501858073,139330.1373494195,81105.68167679051,58361.7081379477,43045.311114607954,206024.89457274828,52239.7772769521,10181.754707533091,35279.11130671168,84321.71867858018,45652.464366086104,47552.05349024834,3220.7742648300978,70336.9113317647,45300.18320354386,24731.196094199564,36550.57002378605,98461.06373750894
45,27640.028371418182,19874.65516554925,79457.10697876157,49752.8368009687,78544.53696862275,42058.7108661451,15766.591896493488,20400.97192992902,35195.1241981992,142954.48792034783,94904.09036415609,54676.47112236992,48006.26408777269,43219.33402217651,136846.21710406177,77637.68726487421,55132.1200812169,40192.35258901739,197784.3895470126,51632.12365069719,9659.338488394946,32657.659838571228,80545.010766693,43969.768790165595,47173.40217773517,3123.8653851725876,69106.68562627154,44785.10925227964,24746.96695317616,36436.54947726662,94809.39149623382
46,25956.890228948465,18116.19069767899,73929.27897847856,48524.28301553533,74890.73697071944,42586.660181048916,15249.781864132592,19509.360627730322,34244.33978659541,141811.84335308475,93837.33875608041,50806.054078580775,46877.644250985235,39903.60513016395,127495.95365392382,73322.90383177626,50694.61451321295,39642.20102343378,168253.60692780506,50359.29726897225,9105.587386986386,30150.570009098414,72119.2838023435,43482.67300499931,46793.889048685116,2942.1557585982487,66755.60968223722,44040.72169224198,24471.353564722194,36217.507591228095,93022.86181938066
47,23402.60477295582,16419.34395476175,68400.19289181496,46507.52691655153,69416.5452179221,41064.856849427466,14490.498774741598,17961.63562439724,31560.346512531545,139929.12593489635,92874.42379809411,48203.89416845098,44146.06211307191,35066.55234920652,125317.65177522373,65922.37825648267,48999.690528538136,39131.50975530692,144943.34442693042,48100.40738565866,8388.391701150793,28916.129095751963,66273.75179113599,42219.96214399734,42559.03173113634,2724.132392268219,63852.10050518362,42777.714302858454,24119.1694658233,36229.040505906276,91819.80818578524
48,20855.303449353418,15559.466249901132,63951.52283044544,45162.474401483276,64788.865588059525,39665.42273028797,13783.564488561922,16893.05722308375,28751.115507950417,127772.09074503409,87711.22878342222,46937.82993758555,39888.77170269018,32363.22194907897,124529.95719783341,60758.354663504935,39969.9843844785,36837.69009908144,124921.79878414707,45571.504992971546,7450.751419543105,26622.468531532788,67036.88013106654,39447.239385780296,39003.60723685025,2541.974210115315,61350.065060625006,41848.612285837014,23879.591205780955,35370.332256653106,93261.084077654
49,18895.42289464339,14514.071851590534,66132.96175281292,46623.17768671635,63979.033174862576,40022.78664507998,12949.30901065104,15418.841432697878,25676.41073053212,123477.95509443332,84157.37689972213,41163.44244376212,39967.99334995867,28282.22854543853,128177.09861798213,53182.141454553945,35168.935194287806,34317.43727998874,118815.90239783621,44549.37575108503,7127.222752045528,24986.274254859265,67710.45097189759,34707.449203057884,38476.92130922616,2504.060911070541,60819.89124851788,41655.03465160939,24268.537981025387,35953.40667034713,93099.95511780189
50,16791.233978534496,14521.658514310831,58238.28791591039,45012.19709645765,63037.75467980933,39429.20471346013,12698.164916813796,15520.267346180322,23948.337281567947,122475.84671063001,79677.33221474403,38522.323081090224,37585.265408669235,27820.49232867741,127208.44820297895,53666.87303710636,33675.63368254294,33694.11430638983,113860.15337985531,43641.75409194286,6783.761708426726,24308.351510860368,66297.89330491517,33790.11577510482,37641.22781488822,2455.1363553791566,60130.699625459376,41394.654652391444,24198.37243069438,35897.55252691109,92734.8152618673
51,16681.403432097046,14163.884870463988,58571.975609185385,46405.84331393618,62692.70648623343,39434.62522461722,12630.775769582338,15314.559472611623,21194.575070750037,118900.90474488013,76773.14391425629,37616.785291302964,36092.23133466206,27424.2559183932,126167.701143043,52215.95885773743,32190.031696680835,33431.760995283366,108953.61045524754,42984.770861135046,6544.391440114635,24209.753517171514,65081.01420537828,33140.864948085116,36377.72347023321,2419.73954965555,59628.44795513453,41340.81167612334,24073.191834409387,35844.97397152946,92002.03685881688
52,17284.81063161452,14135.531138092254,64209.150543926524,46386.43915236764,62940.350888163855,39690.243044185,12600.644171520262,15287.890308383443,20385.545237614606,116396.21066017899,75156.69094913169,37080.49010434175,35480.956124566925,26884.25602417335,124610.31451039393,51254.18428019815,30123.644112682232,33247.651359455944,106519.15832565127,42698.646799556496,6520.2597715787315,24145.101406766924,64493.22831203078,32692.9059652812,35528.46235430185,2396.770684331361,59300.87706441636,41284.793924631274,24164.7579225585,35763.078994339645,90948.27749266186
53,17804.664168487976,14046.067225211664,65468.86455045319,46398.214777465204,64326.753035511014,40476.99089872298,12847.503812446086,15648.506248005086,20323.541348313905,115287.04312147015,75059.55570271211,37332.52831841279,35405.403175642765,26818.378208581675,127970.28453184631,51254.18428019815,32486.52341647378,33359.27393711457,104097.45686550355,42569.56923610428,6635.764652660998,25305.748821678288,65226.59178062262,32827.31096063904,35953.80232690713,2399.3177568147244,59337.26736085881,41571.56053716441,24161.499301183103,35802.65836643978,92002.03685881688
54,18732.116737240125,15066.707991339452,69003.67210571757,47263.33419633459,68348.2366758912,42919.08061531639,13272.269806040236,16608.353576873284,20466.208838982675,115726.36414323498,77292.98085536237,39172.63796437909,36862.73129491111,28067.674623426985,131760.48969661334,51734.51799237782,35168.935194287806,33814.49651749416,106519.15832565127,43398.87414602203,6939.879411764001,27689.88383891471,68756.35706235057,32648.10098741191,36800.251590096144,2480.276307103369,60485.5591160225,42116.06619348241,24329.185831862855,35992.990822496795,92368.8448755447
55,20495.788598213127,16498.690920497633,74031.39142727052,48865.60528944661,73110.16918405925,43055.638473985375,14301.899678943717,18387.11777595833,22115.40341479966,122966.24327078115,85415.96335614256,43551.510553497676,40938.137651346595,31763.870433900214,138782.46057902175,55127.5692336757,37573.61032356452,34159.62625844238,113860.15337985531,45693.998748437385,7332.704569097529,29816.07951153095,71083.23653686835,33320.002647712245,37641.22781488822,2674.902137191265,63183.055968075874,43012.040711301706,24887.784862244727,36352.44403294987,93827.77112267115
56,22919.318670614208,18613.979771143175,78100.49965786932,49238.76248932575,72511.23060676684,43587.49025200055,14993.941143071681,19085.572968815377,25997.245841888605,133806.8243451841,100929.01474732948,48253.91738415277,45612.58429273959,36009.61263498187,139911.47978807415,60065.54571939091,41824.89901122568,36486.69716144033,149525.0379943484,47902.08345804312,8042.972942659431,34016.78765686646,67156.90392693001,36115.741446348344,39720.944172124495,2787.1927531416195,64701.681929373,43272.722116792516,24816.272787056958,35511.64303891998,94552.3476562046
57,25124.57097593401,21531.011622489234,83720.94389769612,49372.89976581383,73529.23557771923,44936.921735501826,15041.879643914579,19014.53131231547,31062.23951229412,140316.40177492928,113229.46468984839,50183.2278255231,49284.746364946004,41021.66009751867,141609.48734334516,63077.907174958105,46127.36128442266,39031.66496213726,187278.77525491378,49496.08247482838,8762.71939590972,35787.46519133846,71865.99490492627,37522.55206055722,44991.68677965223,3075.3608386648507,68484.88693495253,44270.48755909729,24940.585154850596,36112.3970264866,95234.86337202054
58,26698.64459248386,22686.21495435441,85912.59411673482,51329.37537157086,75805.83196798549,46199.07852371602,15314.585208379924,19231.904011782673,36858.64846685093,147304.26468361754,120573.51468255473,50770.35508689328,51635.13089984801,42868.212840457505,141343.8693512764,68693.63061464594,47675.633142620776,39788.42824906266,201220.61084583262,49971.126962252005,9264.16632486016,37740.5895730587,74233.54051088207,42068.44477660182,46182.82874801242,3147.835214489507,69412.4577784111,44532.35331488234,24828.346807968814,36209.27073625642,96349.96181243594
59,27787.829236581325,23153.084796700463,89391.86711703581,51749.956700382056,76911.782415763,44361.96339194776,15413.149920562319,19264.04985434266,39404.877869195865,155755.01993435144,123567.52733190478,52109.86269315698,54285.02638403673,44474.684917048246,143216.1180088528,70764.76113235619,48918.50437240997,43107.59605552099,209694.8566709977,50682.295237161336,9446.786315035735,36553.1950678534,79961.88972865716,43425.11466842927,46577.94130555271,3158.887258158105,69553.11222978198,44448.356049384434,24945.797130826337,36350.76343426484,96074.75254975754
60,26205.205145506123,20601.573977870266,85535.40901123153,51771.07796243911,76936.12767402583,42528.32929836142,15464.796565357285,19154.020826111315,37638.68326670032,152817.41587023655,108603.74897228458,51737.71810907915,52459.453043107,43774.919987563306,141983.41295820355,74026.50975010557,47055.60832521242,39400.2047720537,173572.14343325075,49924.404410000774,9197.39632858031,36431.42858237765,83284.8604741534,44203.01306101924,44991.68677965223,3086.3962986866877,68626.71673301513,44657.79553873326,25059.47070767784,36269.9060010746,94936.15996590779
61,25178.04816887253,20400.192376081184,81022.21994991685,48880.822449386134,72289.82096946258,43297.7726584185,14788.275404453132,18660.94176585896,34786.208346289546,137300.52997550118,107588.04050684845,48896.51247094219,48204.86170446162,39993.71549691067,140284.40206219535,72328.04701884379,44585.13886609555,38646.45166848166,165465.11767608518,48379.910142223576,8651.613438600698,36694.5615398675,76617.77639966556,43714.091926279194,44592.660205613975,2958.8543245939168,66974.17882583858,43779.80462924776,25065.831956785827,36440.837507451295,94371.50428742435
62,25311.70392615959,21658.463162100423,84615.01006381157,50175.95920538189,71386.81547818528,44328.05309502719,14989.300153831144,18976.326452412584,35530.88633276463,146814.2709486958,113332.26808881621,49057.7432224854,47390.51512947744,40471.97084524471,142405.7181313941,66637.85361957003,44893.091855869716,38773.011111284206,192827.80462652887,48595.79105012836,8595.842814204203,37425.271824956624,77724.50234989637,42357.668948187835,45389.71466469234,2955.117933592159,66925.31818953725,43396.143721172266,24990.262776620213,36582.003494248565,93827.77112267115
63,25403.150357325223,21129.74063222683,85834.41052461627,50379.50113297247,73175.3203128999,46312.97233548408,15177.068997097187,19129.959982652443,35076.27502646762,148628.31740270118,112716.11077464344,49429.28693623243,48695.250494552565,40990.036237619934,143906.6211814082,68693.63061464594,46127.36128442266,37587.93629622997,204036.4011099173,49330.36969910682,8779.761760401117,37468.23640971817,80775.59116770302,41667.89180036493,45786.757540070255,2973.8966745610574,67170.62389774801,43305.17498259523,24734.10456868092,36589.24589014877,95705.0642543018
64,26020.208675601956,21481.12125256755,87353.06444029634,50461.034169627055,75684.03948768416,48025.43131359963,15286.430983851767,19568.8815381385,35097.878022632816,149174.51003598078,112776.1948417664,50472.83563410079,50009.09983819158,41438.3887148503,149556.8205970458,69209.98292190529,47675.633142620776,39115.325063878714,206861.17183282002,49528.2846567742,9113.655810483695,38260.407139152914,81491.2424700295,42135.193568483715,46182.82874801242,2992.808015280156,67417.00135825659,43315.97727919427,24139.49396619166,36464.26571598225,97348.2227665722
65,27595.10373322485,22642.36151864461,94392.98216026259,52106.43276700846,80617.83584677997,51548.638268180905,15815.98016850214,21347.050636274398,36625.74353855539,151292.14937617592,111144.86988494528,52682.518368492274,52966.36342618183,44520.90630110353,152108.28120502632,68178.23785963721,50789.72842373042,42517.65927114428,215388.70917222396,51472.534377088574,9905.327059368537,39995.570620004095,83957.15527817252,41111.39546401101,46972.10791590308,3134.116801915184,69237.57912744406,44483.26148250866,24739.06775072356,37259.25600613948,98305.2750581994
66,28771.156265472753,22158.886266608013,99510.45941565781,54405.74623282664,83201.77340231733,47980.61133547679,16928.45237907365,20810.48984225881,37787.21481367013,151528.41230323125,106967.69614548534,55432.4663331441,59336.4918826444,45190.97800818844,158929.6910305773,74026.50975010557,56455.85330317683,46362.12637497328,201220.61084583262,52636.072443760975,10616.924091722527,38648.71172434573,91374.58937660548,43647.40945737964,48539.558560360645,3324.29026392256,71633.86281348532,46021.48575103789,25262.18192626936,37792.55001266927,99434.40849610096
67,28264.717396851738,20929.114571422575,90322.73292935098,53246.32146110743,83179.25562236337,47015.1230877429,16263.64505266342,20678.702060788346,36888.2223788826,152543.25393111826,103728.80357073857,57540.29899381733,60738.928973163944,44463.76508949363,151286.18641831665,82988.03700348394,54612.22441493204,44078.25085290129,226998.5611047145,53272.64084016417,11029.261292538164,35421.67704761777,100194.98294077722,44891.70000115905,50292.84068876298,3389.29561720599,72439.60243587673,46404.674092439345,25691.03770990643,37288.76100100298,101919.89426557344
68,27651.52426537413,20190.149441828828,88484.4691783173,52209.936257873764,79780.40064163815,44791.957057296844,15931.833897901417,20141.152896971747,36212.32859915414,149830.8350426983,100109.55735797682,53278.1483046312,55599.67267030877,42732.89767758133,141844.9139113689,78851.37366838298,53103.69991576692,41388.216016844126,212537.39045811683,52377.47799940352,10687.794443219154,34573.83251716068,87543.40109006989,45825.421190088746,48929.17573252138,3286.8501005485346,71166.77161066502,45809.839347692825,25239.55046663259,37149.53197591377,99888.54908259526
69,26625.533447700895,19979.930423432055,85689.19051574565,51830.1646904613,80309.39984604451,43164.08524324188,15541.69643662784,19418.48184709276,35206.31656609191,145803.7799082577,96429.89413586815,50014.663326653725,53254.78662651864,40229.620754770345,139316.16126626183,75479.77111723737,50165.07662169196,38645.08649386649,204036.4011099173,51768.222636929655,10139.413803109916,32004.787531208574,83622.39638675415,44136.35063120472,48539.558560360645,3187.9530855280996,69922.03125805783,45288.970483794954,25255.645498572267,37033.6429504874,96183.93501425059
70,25004.17292276852,18212.151439219713,79737.84825619306,50550.315155753764,76603.60251661055,43705.90996309944,15032.258208563904,18569.80963942171,34255.22979644383,144638.3607638696,95345.99201698908,46474.24454312223,52002.77483737631,37143.25862381165,129797.13444719466,71284.91579085994,46127.36128442266,38116.11385436681,173572.14343325075,50492.04116600917,9558.140916995098,29547.817934778337,74874.7474218756,43647.40945737964,48149.054613188346,3002.5155927803703,67543.21647105062,44536.20808580361,24974.366825245364,36811.01157855104,94371.50428742435
71,22543.63952788116,16506.31656659857,73797.06349053538,48449.35353282198,71053.2942627196,42144.111054459296,14283.805571351666,17096.62149991822,31570.382988237685,142718.1180344217,94367.59596362429,44093.94915909898,48972.548955991035,32640.81074136911,127579.51628980845,64090.08559628321,44585.13886609555,37625.08242781084,149525.0379943484,48227.196992974525,8805.300145835765,28338.055222239378,68805.87499539388,42379.91474816303,43791.55451206251,2780.0193652834737,64605.4506442545,43258.991052427904,24614.943516164538,36822.73348555093,93151.00882082283
72,20089.83392097076,15641.884123737578,69012.94053424701,47048.14110241942,66339.07857778532,40707.89742910397,13586.955031388601,16079.504748845204,28760.258622783003,130318.77535588162,89121.39059189365,42935.83169180792,44249.80919024975,30124.484212224324,126777.60457390889,59069.59448463827,36368.950192037286,35419.56686810742,128870.60653508281,45691.62857480582,7821.058541184778,26090.248141468503,69598.16020248742,39596.68738020015,40133.16381984329,2594.124114609457,62073.895282023565,42319.43604122343,24370.4406800698,35949.95340187913,97778.93389104126
73,15972.983588584242,12969.60023705746,69540.01315495391,47642.4167558336,66379.57680192761,41469.726187001375,12712.628679125177,16126.735545935377,19337.449191447275,116074.04898918937,90947.09111849539,41997.20888978686,44841.940211637186,31041.61636978038,126462.09746625157,55299.310567697496,43124.66527586324,33343.086419846375,134228.48269129096,47191.555483443495,9098.127808524121,29433.432003623057,64403.558195404774,33630.134135002525,38292.268198814956,2589.9390862464097,62016.03616184629,43478.75946125144,24507.266327875717,36794.95244311589,97161.80761259644
74,15122.797845222722,12418.438412719594,67989.59941838062,47225.32599887179,66710.58856353712,40891.90347074466,12590.637161217204,15843.404720991966,17625.350611806636,114202.04300630665,86075.65701030272,39498.179007722945,40148.377631120056,29753.18613670961,124970.02237346472,55299.310567697496,41342.56248354789,32412.155501153833,123910.60665432806,46385.42910514161,8726.448201739538,28207.699444024416,62483.538466439466,33522.97659452399,37436.74650045451,2527.0695420653055,61142.04160523629,43017.46249603811,24564.610120066867,36631.51281364572,96575.07056771348
75,14620.649360146908,12435.746338119976,66805.36805044024,46881.12305971624,65897.67525375797,40705.35968846362,12420.521437749338,15788.938235554968,16458.396272146856,109671.20766064346,82088.6023354998,37343.31129643004,38002.037842357415,28708.255276998723,123870.65178506618,53385.91919844195,39569.392929876776,31896.10160145057,118823.9982145222,45837.581118988295,8444.56479692966,26932.500149450425,58473.05449218351,32815.503366074634,34835.93410629084,2460.946367067381,60212.84589783187,43118.02213355073,24511.389142039,36645.84309100304,96117.29549613665
76,14369.091853343381,12142.74230248354,66031.75205056748,46679.55505697103,67025.83332463635,40988.45843963772,12395.315814608866,15550.494442987552,15883.140176994784,106657.63784140687,79078.96020034708,35689.08031596119,36674.00813344376,28038.521882006364,123084.77171932519,51489.36622846526,38392.39265225182,31598.73748538194,113787.07102936263,45538.440454437885,8343.62229083311,25993.106708414252,56989.01554022099,32922.72253935559,34397.1828140148,2427.0005982100993,59731.72798890702,42917.42345609122,24501.42557594287,36533.27522005458,95658.2603659859
77,14318.740868271136,11882.823671176317,66867.80054228347,46662.69155340294,72566.57100174426,42709.913397488715,12750.586700160864,16285.064073042682,15640.857408144355,104358.21450939524,77228.19527544502,34618.190064586175,35978.509674568246,27171.761362565394,123728.71088372811,51017.89502929982,36927.06265451014,31554.223474753544,111287.60229104351,45290.715954881874,8403.329694637,25158.288704964965,57110.555033562916,32150.532067245094,36142.96047549018,2411.68882707876,59513.78255005124,43047.28220060352,24425.575406561737,36635.652398002145,96182.76877983607
78,15223.076276352554,12287.138476089529,72479.99428728479,46501.38686159499,74833.92334834856,44412.89588489689,13393.078174048545,17541.724640448105,15384.645073984108,103635.28436484703,78046.34188292346,34701.93215806666,37529.14888532929,28304.292373141638,128982.97480974256,52435.51885387116,36051.09825451016,31975.59605750966,108800.9996051566,45572.83984697293,8490.285869546606,23805.873553534206,57954.40552757546,32643.93299812056,36575.657102358324,2533.0585387578662,61225.69175328906,43732.044192393114,24696.526800658445,37091.3728879273,96770.87733757417
79,17366.634826558504,12944.825140372215,76006.52312769838,50154.33688125874,78292.75764431062,43451.75533324676,14086.400124828147,18778.631263339277,16998.234335545865,108068.99652152964,82687.31944907531,36567.93170490095,38557.572256586296,28477.225112231354,132405.443803039,56262.22744942892,36634.801781566064,31445.603647192256,108800.9996051566,47159.345359881125,8915.31388024253,24445.96983674061,57022.200048726605,33308.633732774164,37006.910359962465,2697.342551120109,63488.66312869885,44643.76860028562,25361.163555944273,37355.87832875807,97876.1696348523
80,20540.543254791475,14868.296165919963,78236.09818013178,48566.407199523215,80054.29151408019,44118.4173425975,14418.455694029375,19204.879203496785,20925.464196159464,112006.40694936377,94648.2724385779,38127.125625639,40529.807298694264,31016.72281254287,140285.14102184324,56745.22536761102,38392.39265225182,32005.115389447274,155415.19949028658,47771.231064843625,9815.085716828897,27670.84867991846,54133.87849722188,36306.153859010956,40827.30457715223,2807.9916497942695,64980.11019943386,44889.3895200855,25404.056246057055,36625.74740699337,99167.37530415361
81,23794.38015649467,17994.30015097673,84748.54874774884,51693.276727237506,87445.83370803755,46553.75825022116,14860.568904130838,19275.365319859426,25462.65634595488,114791.9866126281,105001.83447232503,40374.735813272964,45216.52240490767,35924.03473694057,146918.1731811262,58200.324234356325,42529.65639139578,33747.0714537831,202664.26789360706,49916.00219694872,10459.828991090037,29729.497209854515,62249.511427357655,35835.57199883132,46174.772405288626,3015.0585696986213,67706.04165675613,45343.07786721513,24862.464624752924,36964.09385252747,99969.47772112559
82,25692.801323138734,19300.00523581562,88416.19757649602,52845.5176454899,89443.12737555933,48968.15823678723,15094.148207046721,19750.50160189617,28372.8246520066,130464.62237732169,110898.08972468383,42854.336263980214,50749.4985495481,38459.2787430555,149501.8344338639,65609.62128814239,44915.41690451386,36214.18207106768,214186.91601105544,50683.525340304186,10870.744597314664,31354.76881391924,67140.29156386973,39553.06396420482,46578.68251005904,3138.0681273274186,69287.98266299823,45500.77973784335,25043.305176311434,37224.911133615875,101245.18790653998
83,26378.625917595073,21220.55520164447,98978.88868542471,53868.62028421064,83731.36725670153,45989.57273637364,15351.53589458184,20251.60694960386,30586.76327285179,138220.70069257528,111482.07916374147,45730.28186033691,58028.73599204591,40599.12283074001,156525.63371323765,69649.32619353142,46714.55177090054,40153.666038854084,222924.04977096053,51352.99886559696,10973.511504469054,31170.217222378484,73111.12482155461,40704.80902162772,46981.60414149296,3230.0826620532202,70454.24973911607,46053.512517066796,25220.830003171177,37350.868472568494,102317.50779511481
84,25766.33182928029,19422.179581845077,93070.72547875137,54801.768581389806,82396.91946160399,45031.28259448323,15231.018956093372,19939.398188771378,31171.931707380318,137481.0565490564,107100.49163434854,47363.4613817676,55800.77345998072,37919.360386631306,147808.037967507,73369.21760990514,47918.50893682369,37155.26393430284,188471.06204345648,50399.69799229343,10759.311155660685,32271.12307926722,79235.51319892998,41642.61657040059,44139.90745237379,3209.9161811147815,70199.85695202119,46395.60707956425,25587.116722166684,37221.50844132166,102905.08468909435
85,25229.758542692256,19986.059734983748,86943.59810695736,53110.63719387274,80558.54446325751,46813.105452417585,14698.14243071978,19126.020124900286,31512.012758363315,132910.85494367257,108632.33780891601,47030.90800665489,50419.91232581597,35701.06107430823,144061.03708564656,71179.49386664332,49126.01134435319,37617.53706225738,182861.03711273056,49758.06175448444,10560.039021521976,32296.680095752792,78811.25421432173,40726.12925950451,44548.970571987214,3124.0139502962597,69108.58384983402,45273.69120797394,25443.302770592556,37241.08913104914,101377.89116359373
86,25474.396066935864,20303.87084722155,87850.99907212451,52524.48311085656,80121.10544002328,48218.518590470296,14951.12635895158,19251.328962269516,32057.38470049126,139131.0402456852,115929.9090111011,47821.581457368986,50994.20230330314,35655.236698915476,147630.09620490373,70668.52340172706,49731.07097619485,38183.926098203076,217090.34223326133,49837.45437159041,10639.098730274696,32212.46591833189,80068.7121834208,39275.65768888605,44956.9737936175,3119.377234943256,69049.32233014044,45147.426692504705,25406.51730755776,37246.78236877646,100576.64926081567
87,25547.752894984736,20492.737667806792,92307.84291138193,53040.76700524199,84576.72796964753,48369.8091733553,15081.873641651395,19522.671197832977,32549.9588101068,141785.8352946508,118872.10161635967,47362.32595191767,53197.34733543093,34972.334701023006,151037.81643187453,69141.10617139516,48823.80708591917,38137.1024148594,231861.29843064683,50490.46720833935,10788.24615867949,32091.30493614937,79690.14940310089,38421.76628777198,46174.772405288626,3199.837231329685,70072.46169091377,45357.56464263695,25357.062505609265,37507.37350442468,100961.70273435333
88,25887.52208805239,20505.654557850805,92964.0373415792,53066.097645483234,85124.99086228662,52467.52522406373,15461.065675460022,19881.89538455752,31812.81912684665,143520.43377079567,114661.43715234543,46684.53645794717,53710.08873416865,33339.01539073887,151116.66193592298,71179.49386664332,47316.08290358514,37975.315158765196,220002.74157216074,50872.95184935988,11079.976031346743,31504.885337361666,78734.42643377389,39339.67920402397,46578.68251005904,3290.5508291111614,71213.04043476548,45434.41883523421,25304.398018075197,37383.14747324585,101153.91233313776
89,25718.857483989836,20179.501275703955,94551.2562076355,53759.34472499914,88264.58625920104,48184.15653451994,15816.204018491966,20563.19035528699,30433.99171077512,139820.3336473258,107995.3808672684,45600.879211293475,54169.09613757976,31493.651883470106,150623.79572238357,71179.49386664332,45813.952350515036,38126.71387776114,211292.52829896763,51924.14942506335,11006.314343708531,30439.199682310336,80420.03775491426,37759.648390657036,46981.60414149296,3435.6102177764974,73009.69375218624,45878.1342311971,25399.84149573583,37753.624051629704,101377.89116359373
90,24890.718331614098,18888.52398841047,93135.45424108946,54057.31683766793,87545.01678562791,45660.558590085886,16617.566229981767,21018.571649812984,28562.892627030757,133806.29603996617,97211.98546833811,43476.73969467017,52393.56140575048,28560.398472860943,148529.8634514829,71691.37447536977,45214.69746182369,36122.150491230546,182861.03711273056,51677.042378228296,10825.40205550541,29972.608413263904,82005.93861901916,40065.06091712797,47383.55054176598,3334.1518485344523,71756.52237833478,46329.52080961651,25782.091936858586,38205.34155802703,101569.6462531515
91,24577.464266953593,18319.02028430334,89919.25286988224,53987.12783251698,86427.90215530916,46575.71754554698,15832.267015584977,20063.440397630402,27246.81863167422,124081.34047557214,90013.20005695002,41745.65802248126,50494.56210409251,27814.199062242562,145363.3302528486,70668.52340172707,46113.92435639222,35687.54392948424,191290.6398515659,50905.017232856546,10973.511504469054,31403.492051263962,77187.62198180392,42153.90686442113,49775.4517761928,3151.346286595103,69457.16421031604,45986.02633584729,25694.970714018997,37684.371408593535,101697.36713588798
92,24650.577015765604,18853.54501221499,88672.24854482022,54539.995238685275,84263.43021520469,46511.77429603946,15702.013837310255,20248.765437985505,27930.917588797478,125349.5869731342,93690.41466293648,46207.39647115242,51396.2186917809,29500.006073881348,144194.33251662288,69141.10617139516,53130.12642549974,41806.24758415323,211292.52829896763,52517.36133985422,11495.752531128053,34600.463228430744,82990.80586695574,42771.49281919373,50565.50201262034,3169.3552190261134,69686.1417517216,45884.65233076225,25441.89837182817,37672.32191745248,101856.8883552575
93,24211.65461560236,18987.314975415928,86530.7448935197,53251.32557947606,82325.0598014189,48311.20969306281,15758.170833272916,19803.541671994517,28366.084454619882,136858.17250969924,97764.52861848485,50185.4382854933,51809.36273897311,28876.898467019542,141107.12415727825,77042.17623753457,54606.53120033552,40802.82234262268,208407.245659317,51691.281547316314,11252.094119053792,35104.21447050872,94280.68135318389,43921.911008104784,49775.4517761928,3304.750858575461,71390.37445174714,46752.95112708842,26046.861404640553,37798.22254508169,101537.70156835849
94,22484.880794968947,18197.850525652586,83598.62895810994,51991.10532788222,77510.07454688556,45993.83152969196,15112.321077908207,19106.118068800308,27265.778159528323,137529.51877076115,100583.33345955801,48493.041227700734,51345.37351771925,27591.37161927881,133648.41736808294,81083.92631583384,52516.6696641594,43024.880118852416,182861.03711273056,50998.94201264606,10981.715944602789,33506.96042961028,89748.89826385278,42686.32294272338,47383.55054176598,3158.6620991724258,69550.2488077425,46273.47464076545,25724.327401755025,37691.395647556325,101057.83387164546
95,19855.360192350607,16526.766894637643,78217.07468551994,50035.85019432469,71136.71399956886,44062.456179349734,14250.1404574488,17773.86554836872,25272.88306627902,136620.45333106557,100524.17302794091,46172.878357120615,50583.835520226254,25967.574124919698,129110.92457289819,74018.50225393516,49731.07097619485,41976.632480481334,171759.77160100918,49511.623535308056,10639.098730274696,31883.621977033312,81129.07116434338,40448.94259961491,42492.74127346568,2950.1203081715894,66859.92362453567,45182.11997958432,25073.46843816941,37438.22410498023,100576.64926081567
96,17174.405348782013,13885.108729387459,70649.75867068785,48067.29926138904,67305.56060232135,42005.25049058778,13531.552867281336,16740.9327487837,23097.50841418498,129268.19357491453,96110.60026968668,43113.97223884987,47326.70961112899,24767.541553667033,126739.65647425741,64609.106881353764,45514.20966684586,35507.80200869788,144732.48626404998,48148.62191769299,9910.038712888105,30432.349601871374,70359.66504763896,38037.34858988691,39565.5315226596,2720.2900722980503,63800.06772225457,44020.192631530124,24841.511653793317,36706.41522047429,96392.17143535233
97,17261.21494162505,13146.427477436757,69122.7890807157,46325.04987383899,66088.28198971477,40507.77349505357,12263.007785935388,15957.797098700354,22407.11661667431,120554.54535488761,90772.0757307101,41253.99608578021,47905.50607496605,28685.042276131215,125220.19646662255,60007.24424837615,42396.57812179406,36611.31199836799,130502.00351287836,48175.266716494225,9334.406003837008,29387.7826780783,63949.61762163573,32834.430190177714,38738.568497284985,2538.266181864826,61298.36061331228,42998.704259477076,24060.273493758006,36206.19281454539,95783.79763066958
98,16342.461173734326,12587.751125078066,67586.50386621554,45919.49214956995,66426.53928379515,39943.35424606034,12145.330870194117,15677.434355516787,20423.23590141339,118610.27932700855,85910.01603921436,38799.19083328203,42891.28301385402,27494.425290687752,123742.77406097577,60007.24424837615,40644.56312591759,35589.133010975456,120470.57450598145,47352.336578166425,8953.073885175927,28163.95114941065,62043.13091602866,32729.808044810434,37873.075606114966,2476.650972954476,60434.4802878214,42542.500540033805,24116.571381283684,36045.3683985529,95205.38206028863
99,15799.814091839127,12605.29502634736,66415.5994933748,45584.806812240786,65617.4176316921,39761.137627472686,11981.231808225766,15623.538443302738,19071.03677131013,113904.55225079396,81930.63391238902,36682.45721033239,40598.30698952879,26528.822033132466,122654.19966732687,57930.95537498967,38901.33054603527,35022.49649472411,115525.18155233495,46793.06866290798,8663.86997404004,26890.729605434193,58060.914345738835,32039.07394789341,35241.95047775253,2411.847047709265,59516.03762237641,42641.94988420606,24064.321111105673,36059.4693757423,94754.09944324316
100,15527.968311053482,12308.296180223739,65650.98596615132,45388.81239348585,66775.35887200123,40037.66947717867,11956.91765883755,15387.592510513226,18404.46331165104,110774.65764802092,78926.78342685259,35057.50069066628,39179.54734202389,25909.93252299101,121876.03721230713,55872.938446188135,37744.201930648014,34695.9853165619,110628.09059196414,46487.69239054666,8560.305993100224,25952.793102107444,56587.33546014886,32143.756267803557,34798.08549433443,2378.578544382142,59040.48741143043,42443.56604543507,24054.53927244449,35948.70271429372,94301.57463856848
101,15473.556486798203,12044.833824094076,66482.32883308189,45372.41518492601,72398.34670216966,41719.19269727704,12299.623305765983,16114.46702754723,18123.720065626458,108386.47582113469,77079.58004896704,34005.56168313694,38436.53297891781,25108.973518560735,122513.65267413047,55361.32831734648,36303.6115556026,34647.10812772298,108198.01262692714,46234.80405668981,8621.563996974204,25119.269846712188,56708.01829729212,31389.836166020687,36564.21037283372,2363.5722644840844,58825.0641284889,42571.99100097612,23980.07254916976,36049.44174501564,94818.6441435752
102,16450.827124537533,12454.661048040303,72047.55899667474,45215.57075087505,74712.51464019551,43382.6719436772,12919.391108755393,17357.963226729844,17826.836045747652,107635.64033587072,77896.15224385007,34087.82181632163,40093.110633243225,26155.52662102854,127716.31793340787,56899.6422351887,35442.43633536741,35109.782845371796,105780.4435242869,46522.808840794685,8710.778421988814,23768.95220261634,57545.92101468856,31871.563011223407,37001.950123099945,2482.5204807930036,60517.16240132046,43249.19243767608,24246.08200768153,36497.8702068618,95398.41177515182
103,18767.265044220057,13121.314597635848,75535.91699529835,48767.51255758125,78123.23924516635,42443.82649320113,13588.191613762769,18581.912417309246,19696.569866236183,112240.49523615156,82528.19887578012,35920.79929354367,41191.79507523809,26315.330893867427,131105.17711199186,61052.139526811945,36016.28501399458,34527.841592346456,105780.4435242869,48142.3851706818,9146.844401532633,24408.055738405168,56620.286071719995,32520.536630589027,37438.22968148588,2643.5267975108577,62753.94572403164,44150.850365981365,24898.596322915106,36758.14327029411,96488.02812057169
104,22197.151219268726,15071.01018424796,77738.87817421435,47223.49093333103,79983.89801897462,43095.02427422245,13908.503024821628,19003.695122395362,24247.21646890057,116329.89099805307,94466.13462745803,37452.40059761849,43298.771654419266,28662.03855321761,138907.49301221245,61576.25770749576,37744.201930648014,35142.19560578465,151100.53025394154,48767.02567542044,10069.983294530635,27627.93300568332,53752.32250010112,35447.13409622733,41303.15098363577,2751.9682920270457,64228.13314450771,44393.75935007574,24940.70668484571,36039.69524473563,97760.92109741966
105,25713.41215034681,18239.63403791971,84187.64976648804,50263.89897062096,87368.52262460232,45473.87378541548,14334.979552578767,19073.442849081053,29504.65205961387,119222.9949500478,104799.77263007879,39660.235459367126,48305.679427202864,33196.804022149474,145475.38652968704,63155.23712344032,41811.61495762533,37054.89487290733,197037.86014935302,50956.50470988987,10731.470538593981,29683.38870656317,61810.75338780277,34987.686412349365,46712.94409570062,2954.9039374896024,66922.51898113287,44842.43845927581,24408.993259277595,36372.627775741414,98551.64759247057
106,27764.942199535213,19563.141076764983,87817.76788725035,51384.279120063795,89380.89918272219,47832.268131721445,14560.297610911923,19543.601757644785,32876.786613776865,135500.59959621084,110684.68133592604,42095.95511769547,54216.66412275192,35539.580913320446,148033.67534628164,71195.32828282325,44157.095933008466,39763.826955755234,208240.6141025457,51740.0269261729,11153.057614807598,31306.139620803377,66667.061460914,38617.220862899165,47121.56181401273,3075.4592825297254,68486.15310338711,44998.399120995055,24586.535424570448,36629.271694035655,99809.26485214852
107,28506.078986630153,21509.875777995137,98303.89964914374,52379.091809934136,83562.04992643167,44922.77540340375,14808.581997714637,20039.45768837645,35442.17051567113,143556.06507858922,111267.54696621874,44921.00591300843,61993.213305880345,37516.97530504147,154988.49851723234,75578.95542863151,45925.85544514542,44089.45160972693,216735.1857297164,52423.455673333534,11258.49337646385,31121.87425669544,72595.81003336071,39741.7151195389,47529.17953823059,3165.6379986913557,69638.92364835928,45545.029098548344,24760.822341317216,36753.21357730281,100866.37642434289
108,27844.40298807465,19686.981145103426,92428.52788824578,53286.43749787555,82225.6277231499,43986.71424314448,14692.32750839348,19730.519525187116,36120.22982034285,142787.8704285117,106894.39120997151,46525.28351539127,59613.03813703366,35040.651324886865,146356.51253986615,79615.54160860764,47109.48582729066,40797.1518638657,183238.68904514489,51450.283177492056,11038.730248925944,32221.07268069466,78677.03141108714,40657.33372422225,44654.36258384193,3145.873867231628,69387.47480115994,45883.34654605308,25120.42828505069,36625.923448553265,101445.61993255132
109,27264.554722384953,20258.549227674128,86362.91609970598,51642.06781210912,80415.60647711599,45727.20503905766,14178.297786882858,18925.662145910486,36514.29605384938,138041.25754203825,108423.28955356416,46198.61524390646,53864.56082907845,32990.75776273823,142646.30848673178,77239.39467025617,48296.601595624044,41304.736119951,177784.41079854706,50795.27198799523,10834.283021490974,32246.59005992126,78255.76276384997,39762.53091109633,45068.19337591153,3061.685505971977,68308.83036843767,44773.81790806334,24979.23738432767,36645.19082575156,99940.086027988
110,27528.92241958673,20580.693369528253,87269.84788949197,51072.12155458319,79981.28250997188,47100.017504866824,14422.334166763709,19049.65828857163,37146.241487072686,144501.54403705947,115706.81756604264,46975.29636875191,54478.08584328304,32948.41221830008,146180.31822616095,76684.92248647739,48891.44581726905,41926.64152625794,211063.43479941,50876.319549687534,10915.395909282197,32162.50649317466,79504.35769481919,38346.37814354792,45480.95191677872,3057.141299570382,68250.25464787419,44648.947497168425,24943.12285856334,36650.79296542583,99150.20784277648
111,27608.195522784066,20772.13519613316,91677.6422534062,51574.129613474055,84451.36175212015,47247.798675058475,14548.457172965438,19318.15803094639,37717.00784861491,147258.8150457435,118643.34831919114,46524.1681789243,56831.748000239364,32317.353820868477,149554.5734763433,75027.46784791547,47999.49954580001,41875.22827500035,225424.3166250142,51542.94448411489,11068.416693388375,32041.533423741097,79128.46316778411,37512.690193112656,46712.94409570062,3135.996006580742,69261.55381137901,44856.76528413819,24894.570072440994,36907.214356855184,99529.80024531156
112,27975.367318808123,20785.228194767966,92326.46922264594,51598.75983277056,85002.29433207656,51250.46203677539,14914.237923770786,19673.619101686196,36862.85305901145,149060.36959205216,114440.78670997906,45858.37333516165,57379.51948550937,30808.030565667985,149632.64469060645,77239.39467025617,46517.230740383435,41697.58294140282,213894.97949942792,51933.40204389146,11367.722784952892,31456.02332334853,78179.47649448195,38408.88488113709,47121.56181401273,3224.899741308233,70388.93330022665,44932.77091860292,24842.866142817606,36784.976078537,99719.28380644553
113,27793.099806441263,20454.628146046314,93917.43607351727,52272.83784392718,88112.5286932383,47066.45252850353,15256.81571594968,20347.777047434014,35265.14767396785,145217.4443901061,107787.558349483,44793.893266281426,57869.88591142194,29102.760788789787,149144.61859165903,77239.39467025617,45040.46112524595,41863.821473358716,205426.5809867931,53006.51190565504,11292.148104775426,30391.990476960145,79853.20699115066,36866.23830019973,47529.17953823059,3367.064992439617,72164.79499285319,45371.58718941647,24936.568808181713,37149.524624997954,99940.086027988
114,26898.170701214553,19146.049703209716,92508.01292841362,52562.57068957894,87354.42359723328,44601.3932352555,16029.835308269752,20798.38791532416,33097.02637959585,138971.26295837233,97024.91413790983,42707.3440497753,55973.04805203139,26392.190015424945,147071.24945099652,77794.85448338087,44451.32364346493,39662.77461642784,177784.41079854706,52754.253895363756,11106.537528103932,29926.12286041657,81427.92982769986,39117.103739989514,47935.810664868746,3267.630859458725,70926.1258430843,45817.98994406384,25311.847308585562,37594.0141554468,100129.12152603151
115,26559.652495679875,18568.781398302068,89300.42942314927,52494.32249006221,86249.1466369005,45495.32370184751,15272.310596150228,19853.262308127192,31572.03602548189,128870.92091920383,89839.98181632221,41006.89684348453,53944.31062112235,25702.639529875818,143935.812690137,76684.92248647739,45335.36861032825,39185.56875047177,185979.98914510204,51966.135832521504,11258.49337646385,31354.78729159766,76643.5745038062,41156.52666227419,50355.58975258155,3088.472523962912,68653.37681097041,45478.288041907916,25226.315106805618,37081.38010026837,100255.03099072589
116,26638.661834493625,19110.593824432886,88076.15097172114,53031.902485124665,84043.50046472435,45432.863712217746,15146.664218863318,20036.64594351152,32364.730292334087,130188.12214758314,93510.12011967691,45389.6771606312,54907.5676732298,27260.46579839879,142778.294911039,75027.46784791547,52233.11395486317,45904.01603834204,205426.5809867931,53612.08936377634,11794.296992030622,34546.80017582717,82405.85535974153,41759.50025842495,51154.84810524011,3106.1221530232515,68879.7045283498,45378.03332171203,24977.858600667623,37069.523414212184,100412.28977964021
117,26164.340061739396,19246.18760432875,85963.60142818598,51778.86600421484,82085.22097195049,47190.5584978769,15200.835051356491,19596.086197184297,32868.976463256586,142140.94286091634,97576.39399342565,49297.32068686081,55348.93739472698,26684.66240489993,139721.4039924481,83601.19935406037,53684.59212809198,44802.236973196836,202621.4001665545,52768.78988091475,11544.31077591916,35049.7701327176,93616.15554454846,42882.69904085253,50355.58975258155,3238.816460339241,70564.21513367989,46236.74510683928,25571.787594148354,37193.40949359937,100097.62990088806
118,24298.30082691373,18445.959613864245,83048.75627611401,50553.49227251894,77227.6727417702,44926.935407603516,14577.827742758942,18905.968577290503,31594.005228731927,142838.20330787083,100389.7744254683,47634.87350421627,54853.2487971197,25496.728389632488,132335.9442519973,87987.0457895686,51630.01437507195,47242.096604053484,177784.41079854706,52062.01848083209,11266.910885742047,33454.99332823801,89116.31417200145,41676.34553914716,47935.810664868746,3095.642375854987,68745.384194443,45762.56258897907,25255.13635215994,37088.29194369731,99624.56799023776
119,21456.707704157045,16752.092465893165,77709.42192271218,48652.302161984866,70848.12185636292,43040.361214352284,13746.140770029402,17587.67230184635,29284.753769703624,141894.0476440106,100330.72784010798,45355.769903963424,54039.6831263874,23996.204086429247,127843.01118617851,80320.10341635988,48891.44581726905,46091.1017364304,166991.34093914935,50543.69674712133,10915.395909282197,31834.172567294187,80557.24286563428,39491.90261097548,42987.998514815146,2891.261285035547,66086.19258121404,44683.25773070337,24616.148532783234,36839.17142370652,99150.20784277648
120,18559.532135986938,14074.417992133178,70222.76606697234,46738.18389601196,67034.40359717864,41030.87550669827,13052.968222044121,16565.560171005025,26764.055562207504,134257.98824957715,95925.6484062504,42350.99638767867,50560.03295316191,22887.27391252796,125495.02975034891,70109.63459576207,44745.7790906533,38988.208870278504,140714.3927440384,49152.28326665966,10167.40221797848,30385.151020547368,69863.74358589273,37137.36798909151,40026.67183526805,2666.0164835706214,63061.74661318563,43534.159388684064,24388.422453662206,36119.07228465254,97245.23703495429
121,21175.397900893804,16268.245258343068,73158.45670525373,46754.83855455489,65795.28299408515,41171.49458827703,12544.859588249159,17125.350166843167,27101.344359109597,134391.18576839365,104989.44918335522,49667.03478067263,53242.13189534972,32720.034250410106,130983.08995286969,73359.5126029967,60235.23854564484,43188.39705602608,133071.3073493004,48823.89609553152,9713.705972337037,31122.71418344731,66174.40327908608,29779.282134978534,39316.253771542055,2570.016833941679,61740.06252791815,43294.190428780246,24368.927918327998,36568.23912604104,96631.47915439955
122,20048.30593930098,15576.902767327438,71529.39563135276,46345.51819819497,66139.40873276959,40597.82731282725,12424.477997490849,16824.474668736584,24701.846228606137,132223.76672859976,99365.85883580048,46711.614471762754,47669.3293629089,31361.938690786475,129437.67349995105,73359.5126029967,57746.05083551886,41982.5874425437,122842.38107540052,47989.88606702361,9316.878570897734,29826.632771227414,64201.59054313667,29684.39477538638,38437.854298699094,2507.630892995921,60869.95727911867,42834.85168720546,24425.948016766317,36405.806535256284,96047.94463692966
123,19382.607266423685,15598.6127329532,70286.15684762229,46007.727759630565,65334.06432571616,40412.62506943584,12256.607298320496,16766.635459256853,23066.36519398938,126977.94012112316,94763.19734302009,44163.20965168525,45120.91808573846,30260.50849746909,128299.00065206342,70821.22673963984,55269.340805098436,41314.15679871977,117799.62396835865,47423.08819655553,9015.922970973204,28478.24556422162,60080.83399966259,29057.931473504686,35767.492763305,2442.016348715411,59944.89652666903,42934.98444512831,24373.02746006478,36420.04851613546,95592.66819268258
124,19049.11726613792,15231.087024658958,69474.11786679734,45809.9149686797,66516.30205937734,40693.687901858495,12231.734314839834,16513.42652982435,22260.146474289377,123488.81206080396,91288.862252995,42206.87136601902,43544.11002192114,29554.56266778844,127485.02554485324,68305.27852844234,53625.34213200707,40928.989110483715,112806.11981697852,47113.60035335267,8908.150707825387,27484.93722126065,58555.98980097601,29152.87340857387,35317.00868489643,2408.331696490349,59465.91961007278,42735.23731689128,24363.12013622222,36308.17423584888,95136.13856751172
125,18982.366922490866,14905.06155247539,70353.79966900077,45793.365632174995,72204.71840814532,42402.76293074886,12582.316675698159,17293.482859314616,21920.58830992721,120826.52681389806,89152.33663525785,40940.40759932188,42718.32459636428,28640.936471743393,128151.9853943661,67679.82954866186,51578.613156896354,40871.3313177597,110328.19884210023,46857.307143630365,8971.897906933671,26602.206246722904,58680.87115337493,28469.10337546576,37109.470735221774,2393.1377061088847,59248.94403640802,42864.54480596004,24287.69812523524,36409.92061342671,95657.78411018579
126,20181.245140563875,15412.208441175455,76252.43639849137,45635.066046697924,74556.79510116304,44093.49833488649,13216.329162808946,18627.95952363282,21561.50792510587,119989.5142327086,90096.8062231689,41039.44326334463,44559.44335687709,29834.70334954624,133594.08811325335,69560.43514315005,50355.09236539649,41417.12381529409,107863.03300222206,47149.18960972862,9064.737525515384,25172.171509008247,59547.92422408595,28906.006941393214,37553.73823851281,2513.5738213064915,60953.23518094666,43546.399956343295,24557.12005519579,36862.83316647276,96242.6826545212
127,23022.96252997599,16237.168945904148,79955.31997649928,49219.96160924985,77924.44350314696,43139.269873324076,13900.501314888168,19941.459021430284,23822.945708279865,125122.89106655888,95454.35721628138,43246.22478152963,45780.52015503306,30016.98654893341,137138.9096288815,74636.90851256307,51170.391938558045,40730.638996065034,107863.03300222206,48790.571834232585,9518.522877051044,25849.00503863767,58590.08675322522,29494.595456476625,37996.52377494894,2676.594133081606,63206.13625079357,44454.25405850653,25218.005074550598,37125.708848277005,97341.94204674869
128,27230.615627226194,18649.849199650107,82295.34949023098,47661.61505672237,79867.56003400026,43801.13754967246,14228.174732893818,20394.101480426478,29326.939941239074,129681.64697161707,109262.09807563154,45090.16967068493,48122.21183351426,32693.79470039045,145300.30430990405,75277.64872256485,53625.34213200707,41455.359406699696,154075.37478978458,49423.622467452595,10479.173161013972,29258.97036310665,55622.34769494155,32148.881555549142,41919.080354008205,2786.3921000543373,64690.946327399426,44698.83230790632,25260.655644369268,36400.0766523478,98626.10005886201
129,31544.22996959741,22570.910649343572,89136.33456630504,50730.23100663718,87241.08975929779,46218.964582016466,14664.453356522641,20468.952303221493,35685.79346207677,132906.80674900438,121214.26456760353,47748.254250914215,53686.88416176884,37866.44461433158,152170.4659266011,77207.96833338405,59404.147988456556,43711.66793235283,200917.11193380665,51642.58053801955,11167.539682744611,31435.771552770417,63961.1286789735,31732.1841399029,47409.54649914699,2991.8662259643393,67404.74728982591,45150.59473027842,24722.121194865253,36736.3383650614,99423.82444141328
130,34060.96852155443,24208.704426096392,92988.30489952806,51861.005677135945,89264.7922394695,48616.001290978435,14894.950103636194,20973.51041317958,39764.38069581375,151052.67245176344,128020.90987727122,50680.69678895627,60256.34668449699,40538.76907466429,154846.4925073352,87037.06773836052,62736.50669086443,46907.249516456075,212340.42402354628,52436.65205819329,11606.257786327527,33154.322878947845,68986.38607423936,35024.00098568085,47824.25769091012,3113.929573137459,68979.64860060903,45307.62715030497,24901.940939208893,36995.54861184157,100692.57154707071
131,34970.166768537616,26617.72068750237,104095.07691671386,52865.04791418869,83359.55450329806,45658.836436356345,15148.94103512421,21505.645669290658,42867.20529069333,160032.70348175315,128695.06810247124,54081.86781287894,68899.19572675275,42794.314372483794,162121.3910836983,92396.09988319133,65249.48429102316,52009.95643609318,221002.23550055045,53129.28245578786,11715.977889275395,32959.17926012295,75121.39381259143,36043.86432832703,48237.953976260746,3205.236316399652,70140.72574549221,45858.013557287355,25078.46367542847,37120.72986048211,101759.03850055534
132,34158.447975957344,24361.952189262287,97878.37264991492,53780.81165903962,82022.41496254469,44707.43788569011,15030.014563699297,21174.10402906329,43687.316107545754,159176.3393386928,123636.95733056916,56013.31007388374,66253.87140692481,39969.65737299972,153092.14318560358,97330.87065049008,66931.13553687549,48126.2073735617,186846.26482231045,52143.007214187084,11487.284772264318,34123.26975159586,81414.17883376282,36874.28728980292,45320.26658331032,3185.2249594652844,69887.4650156239,46198.65591500261,25442.682782252698,36992.16688534851,102343.40828305854
133,33447.112314496284,25069.247746557983,91442.8235144187,52121.18604845974,80237.63813312189,46476.446675907515,14504.170432055398,20310.35921709282,44163.93810569297,153884.9342546386,125405.32269688888,55620.02346068285,59865.01943344544,37631.414782400156,149211.187836961,94426.00502211582,68617.73866983212,48724.97723988546,181284.603565133,51479.1769868299,11274.529911018037,34150.29356993151,80978.25439218064,36062.74327113377,45740.26858830506,3099.983503228293,68801.0481187387,45081.5026201164,25299.68063045523,37011.62692800829,100824.5504833709
134,33771.42848802884,25467.889880872874,92399.52971489452,51545.95201572863,79806.25534779503,47871.752715467665,14753.815720835286,20443.427544085327,44928.27432507098,161086.699728629,133829.64909887887,56555.09526223588,60546.8905251788,37583.11268644956,152907.84004367873,93748.15671124237,69462.86780939027,49458.60562283091,215218.8199901442,51561.31576883494,11358.938789552692,34061.246061854945,82270.28752024462,34778.359392175174,46159.182352251795,3095.3824542790367,68742.0503149798,44955.77410244803,25263.102813690843,37017.28508666296,100027.681918156
135,33868.677697236846,25704.79246092812,97078.91073549996,52052.61754140966,84285.37478542278,48021.955284600124,14882.837526192323,20731.57208430192,45618.61462977762,164160.43634512095,137226.120357261,56011.96728384273,63162.748309911585,36863.28622849271,156437.3855277923,91721.90028221515,68195.62882898263,49397.95617357453,229862.43669931885,52236.91610800294,11518.177513886401,33933.13124948146,81881.31574922333,34022.24367630172,47409.54649914699,3175.22353867755,69760.63666809768,45165.02000877263,25213.92717378982,37276.27058140556,100410.63369330045
136,34319.110004875045,25720.994589858103,97767.8087312108,52077.47627183534,84838.17231301135,52090.20240649502,15257.025346916045,21113.040483069573,44585.51682049498,166168.76420196058,132365.32341108058,55210.39510176386,63771.54099486137,35141.65346498813,156519.04974146638,94426.00502211582,66089.68492882772,49188.39752124045,218106.11171675875,52632.63076881493,11829.645792424097,33313.05508702797,80899.31414919614,34835.05005996578,47824.25769091012,3265.239352023836,70896.13979473482,45241.547952319896,25161.55996630925,37152.809973028656,100601.79417389043
137,34095.51119611061,25311.88856586376,99443.19095512432,52757.80815859283,87921.38103896537,47837.63777595195,15607.476914423465,21836.523230549243,42653.09666286307,161884.76749998287,124670.01871262,53928.83274124791,64316.53375382797,33196.51129059181,156008.5636679613,94426.00502211582,63991.55404219749,49384.500182746866,209470.9886466367,53720.188928028976,11751.000164422116,32186.20620146545,82631.27316609555,33435.942248372456,48237.953976260746,3409.182919179891,72684.79793904224,45683.37975909258,25256.464685434978,37521.00384771518,100824.5504833709
138,32997.646418900295,23692.568405737868,97952.83054726031,53050.229050945716,87131.25568575895,45332.188411667965,16398.263515386316,22320.103066404707,40030.76007148891,154921.68098454608,112221.65198272704,51416.76791503545,62208.390039914906,30104.657086965395,153839.77377367867,95105.06072066976,63154.53279370629,46788.04350290198,181284.603565133,53464.53452851716,11557.847373939065,31692.835713605386,84260.7800797278,35477.371217632404,48650.64895148767,3308.5049849840616,71437.20322373555,46132.850183852555,25636.5574025029,37969.93808174889,101015.25893553585
139,32582.365239496914,22978.219022209636,94564.7921306234,52981.34766692703,86036.7656802734,46240.765955977666,15623.327927473914,21305.827294204497,38186.28853870777,143662.07281867968,103911.36403579224,49369.54392340252,59953.65327315448,29318.110729900116,150560.03770172116,93748.15671124237,64410.545939652045,46225.1093906993,189641.53522673808,52665.8052835362,11715.977889275395,33205.84250431076,79309.97864558958,37327.03177953323,51106.51276819671,3127.1055945438775,69148.07728384045,45790.81385754357,25549.927960804638,37452.17790713074,101142.28269230807
140,32679.290872653426,23648.6929929855,93259.30398881546,53523.91515358395,83797.91104266213,46177.28255752969,15494.793705825268,21502.628202964086,39145.05001904329,145130.4557357764,108156.3457197968,54646.11645216182,61024.21620462994,31095.069200854643,149349.2485506111,91721.90028221515,74210.56647578083,54150.50056710556,209470.9886466367,54333.91985072643,12273.553677000002,36586.29844935427,85272.72731164287,37873.900439525656,51917.68998617654,3144.975999201193,69376.0358667943,45689.870189070425,25298.2841592291,37440.20265932811,101300.93321315518
141,32097.4110742096,23816.485564057562,91013.13377555588,52259.253409506855,81824.21583381815,47963.77722538508,15550.209595570112,21029.834879511956,39754.93434078432,158455.1606999326,112859.50856802853,59350.656262660654,61514.75407494887,30438.27021218933,146151.67316369963,102203.38084940136,76272.76436724917,52850.79102007735,206610.57984790512,53479.26622584981,12013.40936793035,37118.96164421442,96873.03006400901,38892.588848060295,51106.51276819671,3279.3301524444005,71072.68466884123,46554.4830230849,25899.83230183404,37565.327546073946,100983.48861118188
142,29808.225554549263,22826.231349837715,87928.31322634927,51022.51106059493,76934.20805338585,45663.0646023507,14912.883146362998,20289.224767483884,38212.86022808483,159232.44917113666,116113.5408188682,57349.18174199238,60963.84625964414,29083.23502372386,138426.31922860484,107565.12610017044,73353.70847768625,55728.96229411153,181284.603565133,52762.97889102297,11724.737440779176,35430.03590197958,92216.64072575445,37798.48302457777,48650.64895148767,3134.3651326455793,69240.74765139662,46077.041933177774,25579.118936158204,37459.158866012745,100506.24012773782
143,26322.26785978045,20730.12986176893,82270.90655486358,49103.682329236464,70553.99503220202,43745.5788339139,14062.080759510212,18874.475275371038,35419.82710055023,158179.92809992703,116045.24593386927,54605.29439718476,60059.65018082859,27371.638920020818,133726.6120526204,98192.2051687269,69462.86780939027,54371.195510048456,170279.04136806948,51224.2145495087,11358.938789552692,33713.52867725858,83359.80221151804,35817.29614577388,43629.05301618456,2927.4274805986115,66562.3945138607,44990.32011516865,24931.933935741625,37207.54724827404,100027.681918156
144,22768.123748127644,17416.60113802279,74324.64049785354,47171.80549923592,66757.71253801353,41703.167642195345,13352.97639973988,17777.58025645508,32371.04972703015,149667.44046543082,110950.21136903595,50987.74931304203,56192.37043259604,26106.720677193083,131270.57163505952,85709.79532789464,63572.88245512246,45992.29454732255,143484.75656516835,49814.06714761123,10580.550664641412,32178.962972214802,72294.2796936348,33681.84410973908,40623.56582990224,2699.365138020571,63516.15508249441,43833.32519409925,24701.286499058766,36480.24742842657,98505.24800224305
145,23044.277791053057,18234.745694460224,79171.30646629156,47437.49967530812,67807.7079427159,42137.43275651825,12405.655084129394,16643.046659760013,36079.530240381646,153589.1636189572,130041.58968348983,70336.36773160267,59848.013365718885,39825.60832495502,138724.12370746012,77655.8119937105,66332.64280501762,53302.14517061266,136825.27979131418,48788.822048504066,9446.718139338804,39497.5784582672,72931.5274635271,32170.946101741818,40830.00609122563,2617.123333658244,62391.16441711377,43729.58157878097,24816.215618546215,37103.74607321191,97883.5376328638
146,21817.711925298452,17459.833937767857,77416.79679899574,47022.202887377534,68173.50776709165,41550.30648175914,12286.609312200208,16350.644758194143,32885.12171901476,151112.1255927621,123076.12187493319,66151.02567188651,53583.77959871677,38172.58493838098,137087.37393104733,77655.8119937105,63591.483257267086,51813.96215278538,126307.79313495092,47955.41115503661,9060.797809648053,37852.732286891725,70757.2691536262,32068.4380521072,39917.78652841807,2553.593904751369,61511.88316252332,43265.62346400729,24874.282311598046,36938.93481222343,97292.44223206198
147,21093.260596699216,17484.168197298302,76082.26145619711,46679.48041596905,67343.81855048233,41360.75914675702,12120.601396528536,16294.434482038821,30707.8353577132,145116.92496613084,117375.1926677436,62542.081845352535,50719.180704043945,36831.965086316275,135881.40609909644,74968.87143485124,60864.0644614572,50989.00013422819,121122.77868041111,47389.02046008609,8768.1141796268,36141.50526514438,66215.73868068168,31391.66159294997,37144.61087466761,2486.776694608624,60577.06685138327,43366.763214235434,24820.39040670341,36953.38535331454,96831.2667501819
148,20730.337725398702,17072.2160954891,75211.11074612032,46478.7793870145,68606.75970113992,41648.41608804616,12096.004417040349,16048.356709254242,29634.530938111555,141129.36984873342,113071.82636080212,59771.59776721747,48946.73420877587,35972.71408748381,135019.3254785518,72305.57673260856,59053.64950524421,50513.63486408965,115988.40661883484,47079.75494635784,8663.304110627856,34880.905884958556,64535.19135356647,31494.22860118278,36676.78228213941,2452.4746277271533,60093.03871257395,43165.007314590235,24810.30123554646,36839.872781009115,96368.8218498557
149,20657.696187853566,16706.780765447307,76163.63621769816,46461.988415869266,74606.03318399229,43397.58829629087,12442.696527605072,16806.444208923775,29182.483287001043,138086.77325246518,110425.49199205216,57978.08499548613,48018.491566593846,34860.68227356075,135725.70231471455,71643.49833729076,56799.73725549331,50442.47491726398,113440.5829185797,46823.64585221847,8725.29917449568,33760.63932598056,64672.82444628587,30755.542934369158,38538.25761135928,2437.002142787152,59873.77494547146,43295.615193753154,24733.494865840326,36943.10913714059,96897.22637759523
150,21962.383959210652,17275.231412602367,82523.82582878263,46301.377519396876,77103.07668908389,45127.99060772894,13069.673671414223,18103.337830031152,28704.446056403845,137130.19219732835,111595.32693808722,58118.335141564035,50088.04243288199,36313.69090255033,141489.43052631253,73634.24158650273,55452.36369830927,51116.07970280097,110905.87417864111,47115.318636170065,8815.58703284787,31945.794100143135,65628.4130380289,31227.535543438873,38999.63027852415,2559.6457625238318,61596.03930122034,43984.32746965647,25007.86199141407,37402.65416209159,97489.70347902075
151,25054.90317569795,18199.91288702177,86501.28814177103,49938.6156607743,80531.32855271627,44151.37467392481,13746.253881591456,19379.845067339462,31715.05733101919,142996.87943536462,118231.2742011114,61243.48640239123,51460.621214667946,36535.55923091013,145243.7491840248,79008.01858662565,56350.193219223795,50268.83562832186,110905.87417864111,48755.52172664466,9256.899784533598,32804.757919370124,64572.76997439515,31863.395377434368,39459.46392022476,2725.6541155323766,63872.69914426391,44901.3114721056,25680.877447586066,37669.37940726594,98603.20602528164
152,29633.9116682527,20904.237180789147,89010.49036601362,48357.5158994462,82671.4530520594,44828.77064860929,14070.291259245603,19819.739696755434,39042.42544012881,148206.86030276713,135333.76007235114,63854.80367496788,54092.85230465508,39793.670520926215,153887.47812463055,79686.28374296578,59053.64950524421,51163.269206989826,158421.87684552497,49388.11758977346,10191.145940317758,37132.31663257571,61301.99257545179,34730.855198823585,43533.04656486865,2837.464597688577,65373.16781605722,45148.349340318375,25724.31086166244,36933.121020650564,99904.00293127118
153,34328.23324153833,25299.275321171484,96370.69693281816,51470.936298874534,90303.30831611893,47303.32312748132,14501.728700792395,19892.482485904984,47507.8522787094,151892.73888114412,150137.90223013467,67619.07136927088,60347.94713316088,46089.6275452423,161163.6627859318,81729.6525095602,65417.423833537716,53947.95427941887,206585.0302578426,51605.48160812534,10860.592238760935,39894.87696937696,70492.25352551109,34280.69155690878,49234.9063466352,3046.704911713037,68115.58813617776,45604.65494408862,25175.891700109773,37274.30696508899,100712.06346499587
154,37067.091920378174,27135.045101181495,100512.10633294663,52618.221258527235,92419.62457947177,49756.59751425935,14729.667732121456,20382.830658922263,52937.60179547774,172630.7680940996,158568.72059679744,71771.87327537105,67732.49893207494,49342.28145323977,163997.8411715829,92134.39305890191,69087.10564840276,57891.86896741818,218330.59663091038,52398.98268423237,11287.251876079146,42075.87620485991,76030.64419581961,37836.88414215373,49665.584726731635,3171.005589378733,69707.09813144807,45763.26657197808,25359.01200655326,37537.31309844302,101997.24978471239
155,38056.533397165476,29835.26250035238,112508.67668752673,53636.923381487424,86163.60961096929,46730.05362855217,14980.840243728395,20899.979319269503,57068.33613537513,182893.6097178453,159403.74362039778,76588.46876799723,77447.687385,52087.64727109575,171702.68254026456,97807.27688733445,71854.46325423381,64189.514713352095,227236.75981851466,53091.115510902026,11393.95624717289,41828.22105660593,82792.102753618,38938.65578589912,50095.20912454265,3263.9859174279222,70880.41983021707,46319.18797957618,25538.77478882595,37664.32750694865,103077.53499910746
156,37173.17463186697,27306.8174063809,105776.38193939671,54566.0580698328,84775.5058357379,45756.33399912773,14863.233444346439,20577.77493020884,58160.134852996445,181914.9127018627,153138.6877439297,79323.69614209562,74474.15120953458,48649.57986404877,162139.8107004621,103031.05247334827,73706.34222254253,59396.27925085655,192117.2412860421,52105.548788427586,11171.548916442178,43305.55864510998,89727.44936578276,39835.772520083585,47065.185086171856,3243.607767184142,70624.4882488315,46663.25603174133,25909.679077994377,37533.881849794314,103669.47648750966
157,36399.058524953165,28099.61063105239,98855.18898771236,52882.200488522736,82962.25536388377,47566.84609466627,14343.22436179774,19738.35587788587,58794.653110375955,175867.62264647492,155329.0130115271,78766.74016571877,67292.61875227041,45803.55797821351,158029.49287178705,99956.06340785646,75563.67434031042,60135.26750960514,186398.68427494788,51442.195442566444,10964.641767647323,43339.85434884146,89247.0123114554,38959.05095354419,47501.35798611066,3156.80389836641,69526.61415438201,45534.868004135315,25764.052145007594,37553.62686619867,102130.93877810391
158,36751.99791386069,28546.44050279906,99899.22670127887,52298.567540906675,82519.22010261899,48994.887874657165,14590.099452283588,19867.676583944216,59812.20011378132,184098.17087332296,165763.51672450648,80090.94956094275,68059.09125739038,45744.766464125234,161944.61533692887,99238.51691495226,76494.35297115777,61040.69510670516,221290.1928152791,51524.27521782,11046.730610592072,43226.8448948447,90670.97603298341,37571.514331384016,47936.40074560224,3152.1185156072897,69466.99416820357,45407.87508855691,25726.802948378067,37559.3678831845,101323.74515057985
159,36857.83005937399,28811.97979318158,104924.18788352134,52812.63082190672,87179.0875984039,49148.61439636759,14717.68956234669,20147.706071274933,60731.2376925,187610.99527034527,169970.43966,79321.7945392613,70999.50491271167,44868.620480990445,165682.75515746174,97093.59279099948,75098.8357844486,60965.84292488912,236346.9093479443,52199.39022009432,11201.592549993191,43064.25544896408,90242.28602604628,36754.672681817436,49234.9063466352,3233.4230277818065,70496.32238765054,45619.225291436895,25676.724697621463,37822.145973221974,101711.65884932417
160,37348.01623069697,28830.14043042642,105663.70699038089,52837.852511318015,87755.32433420332,53312.30802104734,15087.725193907609,20518.43112495623,59355.89323883065,189906.2157049371,163949.7798039222,78186.64169570841,71683.8319944567,42773.11313542939,165769.2456844777,99956.06340785646,72779.7144881906,60707.21036452854,224258.9357111177,52594.820607922564,11504.49991048671,42277.32193371067,89160.01141361699,37632.75799769194,49665.584726731635,3325.08876412855,71643.80036822641,45696.52284377043,25623.396298582553,37696.8774021138,101905.2962049715
161,37104.68323232631,28371.58179726453,107499.99506522476,53528.11783261737,90912.74675433795,48959.97255316568,15434.287962474722,21221.538331905398,56783.29718637804,185010.24379546175,154418.25388517018,76371.74692982822,72296.44333742405,40405.55845070629,165228.59014461117,99956.06340785646,70469.1970897154,60949.23584462218,215380.2138165432,53681.59748851954,11428.015911203449,40847.24735840938,91068.82222788272,36121.2836178436,50095.20912454265,3471.6707099581963,73451.32144608459,46142.7979639889,25720.04297835997,38070.46312454889,102130.93877810391
162,35909.92405842767,26556.518718923893,105883.44323140233,53824.80832316108,90044.81083125412,46395.74200559555,16216.299570311741,21691.499044734734,53292.22784696568,177052.47016620438,138999.51027702686,72814.26627566079,69926.73707894597,36642.26854797803,162931.62587465686,100674.88799909309,69547.44708362379,57744.747595179535,186398.68427494788,53426.126745683025,11240.172056889096,40221.11496396641,92864.71946812485,38326.6659048617,50523.79365984064,3369.147424005899,72190.56977494036,46596.78852050765,26107.112235300992,38525.97157180406,102324.1182483733
163,35457.991353108155,25755.819003694844,102198.2707329192,53754.92121130191,88925.77212123253,47325.63599074937,15449.963084165374,20705.788455571117,50836.71621024749,164184.41047177665,128706.25639529989,69915.07367959934,67392.24960916374,35684.91358599447,159458.05907502057,99238.51691495228,70930.60208358767,57049.98701559162,194991.36691685338,52627.97129077905,11393.95624717289,42141.259334137045,87408.38751999177,40324.87828532519,53074.213015105626,3184.423117471198,69877.30303953831,46251.31248120303,26018.8927243195,38000.629293778635,102452.78785774994
164,35563.471364675665,26507.33965989978,100812.14351811755,54305.41065299009,86553.28836383998,47260.663187114056,15322.85514731977,20897.046834247096,52113.09805185348,165862.55404064074,133964.1577430934,77387.53398217632,68595.63990085454,37847.76132424398,158175.71290313939,97093.59279099948,81722.64470515492,66831.3259819508,215380.2138165432,54294.887519994314,11936.206684128094,46431.367938645715,93979.99748619464,40915.667616834406,53916.62213535483,3202.6210733728494,70107.6656411786,46149.353665444134,25762.63004177972,37988.4786799057,102613.49402062467
165,34930.23652398463,26695.414944869422,98409.52847402012,53022.28375257252,84482.71650868155,49089.07140229869,15377.656112569199,20437.568851842305,52925.026033647286,181090.71263759705,139789.56951619696,84049.905585,69147.04000400862,37048.330031763464,154789.16244309564,108188.92120118157,83993.59173600917,65227.25378484054,212439.11222221798,53440.84786007809,11683.212618800959,47107.3663816739,106764.81694578778,42016.16996396597,53074.213015105626,3339.437838455049,71822.20705938248,47022.66154081124,26375.219502500007,38115.43590115049,102291.93627447903
166,32439.01405547639,25585.459108673374,95070.60689201593,51767.48389466061,79361.37066682996,46734.380992959304,14747.4017801682,19717.81664058311,50872.090620376934,181979.03790610566,143820.06524764444,81215.50146740333,68527.77970920222,35399.03161510056,146607.2440339207,113864.67702858448,80779.04994410553,68779.42783,186398.68427494788,52725.07509081596,11402.475036429934,44963.96472907679,101632.95976119694,40834.19320182251,50523.79365984064,3191.8157175143674,69970.95069556679,46540.419030133045,26048.619495268038,38007.712482138115,101808.50406068897
167,28645.395731887733,23235.981523491766,88965.5919236159,49820.638602604275,72742.19689308607,44771.90845128742,13906.040353856471,18342.910925972166,47153.77606549769,180776.1626573001,143735.47412461648,77329.72350319152,67511.3978123137,33315.74051843119,141629.78656284796,103942.83104218733,76494.35297115777,67103.70270090844,175082.65261591235,51187.41616482965,11046.730610592072,42785.55964579976,91871.74198917052,38693.8912292436,45308.856503887444,2981.0850520058693,67264.35202803982,45442.76851574715,25389.555519649013,37752.416252492796,101323.74515057985
168,24777.57305381161,19521.914476351958,80427.89737158919,47860.55469836935,68830.59982659869,42681.57956930638,13204.804597164284,17276.90790689104,43094.99381519444,171047.65368832534,137424.68385514725,72206.70815815363,63164.29521101066,31776.129095154152,139028.59541031954,90729.3889481281,70008.14483013122,56762.652188984306,147532.49482463262,49778.28178279015,10289.737014122711,40838.055036238125,79676.30962527441,36386.93459937117,42187.65220919365,2748.842496078981,64185.98739032463,44274.13819176942,25154.674586857484,37014.46582119908,99191.86179952323
169,24392.124557463292,18877.926290919102,81839.60937431513,46314.76678468677,70893.7746781538,42688.06436662607,12409.61677828606,16416.428901332973,34315.3469122802,170756.95893186887,116202.04428087387,66368.91813754896,59231.92380667233,41880.735496734946,143630.564560135,92954.97392925169,68642.31600651382,51810.658743866035,138972.95187915023,50909.7241604069,9166.48885799066,45734.18702461566,80058.57901281756,31639.893027123642,41105.295821161395,2642.8975374251863,62745.31759875583,43966.31523820088,25070.200059482973,37395.93182181576,98565.81790552285
170,23093.817548378585,18075.68164929247,80066.5056838095,45909.29908484829,71274.30194402051,42093.26580941267,12290.532989586622,16128.008450089712,31277.135609086432,168003.0440687017,109977.86937885285,62419.65784024565,53032.17553889129,40142.41088262866,141935.92567435917,92954.97392925169,65805.71049911603,50364.1176667993,128290.37794826795,50040.084006838035,8792.016543901907,43829.62210279665,77671.84673459223,31539.077101020583,40186.92576509829,2578.742451933932,61861.04524876297,43499.84544830107,25128.861042848814,37229.822699916534,97970.6023764443
171,22326.993471562746,18100.874233025577,78739.26505940572,45574.688039919696,70406.80233204043,41901.24156142757,12124.472059980175,16072.563553437498,29206.31217214998,161337.7155841365,104883.65582926189,59014.282994899026,50197.06550058328,38732.6108120843,140687.30477184232,89738.67262242311,62983.32419054691,49562.23951567974,123023.97713854561,49449.07170450603,8508.015137917995,41848.19489361064,72686.50652779106,30873.472343756363,37395.052421832916,2511.267206165882,60920.92260660739,43601.53272682289,25074.41757499444,37244.3870365839,97506.2123506161
172,21942.843446910992,17674.39165171348,77875.40147143586,45378.73712739055,71719.5468059575,42192.65746462728,12099.867225549287,15829.83646483997,28185.48919425291,156904.44197696156,101038.27095375294,56400.073064628355,48442.86498740041,37829.01974791821,139794.73379776799,86550.67570040344,61109.871388544394,49100.17578989537,117809.01362791816,49126.36208916465,8406.314175158954,40388.54875663425,70841.73190628165,30974.346255214707,36924.06957048325,2476.6273223958983,60434.146961689396,43398.68460514609,25064.225145043514,37129.98057189766,97040.54405807998
173,21865.95314694533,17296.0665935953,78862.63855538933,45362.34355863162,77968.26440449173,43964.687010074944,12446.670050792049,16577.601570216044,27755.54534893708,153521.75188481304,98673.57005884744,54707.72661335996,47524.17789381471,36659.60358023892,140526.09400433314,85758.15961698562,58777.47891395041,49031.007021745114,115221.19812312136,48859.11965964575,8466.470205413341,39091.39378345387,70992.81484957755,30247.854239569973,38798.09559684284,2461.002459853171,60213.63857988123,43529.999540724086,24986.632691626215,37234.029896939064,97572.63173820634
174,23246.951367679194,17884.567776821492,85325.51049893862,45205.53394041578,80566.35923994955,45717.70138277426,13073.847417134411,17856.83621749837,27300.882738430904,152458.2466993023,99718.90649722333,54840.06569716573,49572.42431557861,38187.59204355776,146493.67566841881,88141.10407509419,57383.19040711511,49685.76317761808,112646.70343704878,49163.47177049014,8554.079747202331,36989.98721072242,72041.78595215133,30712.0555600201,39262.57899479378,2584.853910189638,61945.67908593789,44222.44021675097,25263.807859412034,37697.19376153142,98169.23859881383
175,26520.350282970594,18841.864851821072,89294.18343295719,48756.68729822961,84157.95182948305,44728.32350385603,13750.643690376988,19115.962069375968,30164.283941776343,158980.69690455773,105648.62974638009,57788.937168447344,50930.87344779275,38420.90947839319,150380.77831455265,94573.58205869311,58312.28195372735,48862.22646112953,112646.70343704878,50874.9762380523,8982.301311723313,37984.580132347015,70882.98280406807,31337.419112097083,39725.512990649535,2752.497162502479,64235.2620140763,45144.3883869486,25943.711370435143,37966.01942307018,99290.50262202215
176,31367.18239082871,21641.576761156466,91776.8762000375,47213.008411052724,86371.74609710032,45414.57136181437,14074.784548014817,19549.86693400304,37133.36521702678,164773.0358173342,120931.000758299,60252.95838370465,53536.00773037829,41847.14960114825,159330.2215293611,95385.47389661278,61109.871388544394,49731.63223767173,160908.53898517252,51535.07171780962,9888.83380812058,42995.4538941111,67292.57684475779,34157.54512646438,43826.561109180664,2865.4087873191393,65744.24784946212,45392.76361482607,25987.589308832285,37223.96312571461,100600.36650790588
177,36336.072176249814,26191.637806708757,99178.78581589968,50252.74154811066,94345.28768193061,47921.46009675618,14506.359767307275,19621.619230957516,45184.857483998894,168870.9122703713,134159.6269750817,63804.89577410766,59726.71113805048,48467.997892597195,166863.75270487863,97831.41175432276,67695.22951638036,52438.39699422988,209827.68325242255,53848.82691413879,10538.421521566632,46194.21837643367,77380.93311546237,33714.81243747723,49566.864760780256,3076.709761772005,68502.23506740939,45851.5394662295,25433.557287676565,37567.83585197803,101414.05948784792
178,39235.12514919605,28092.159326164572,103329.63797068101,51372.8729990849,96552.62265969186,50406.79268777825,14734.371590014329,20105.290645440757,50349.10815670173,191926.98419110844,141693.20397572752,67723.45140380907,67035.24461980254,51888.499015185276,169798.17125239543,110286.01575206374,71492.68802439974,56271.954112068175,221757.61340017975,54676.82232803573,10952.424644550192,48719.594129317135,83460.54919514048,37212.30214838468,50000.44692038343,3202.234589233517,70102.77900736892,46011.009751113605,25618.55176016421,37832.913114317525,102708.20397656644
179,40282.438497999996,30887.61948147079,115619.97426731954,52367.46486355716,90041.236430709,47340.69938902357,14985.624312514205,20615.397622100063,54277.86168901344,203336.9794302121,142439.36051380212,72268.35814638688,76650.4226323903,54775.534380000005,177775.520008,117076.52833363754,74356.40379464065,62393.38081239981,230803.57179315036,55399.0429066159,11055.963716458837,48432.83460354463,90882.75441992619,38295.88659871997,50432.967991395555,3296.130615022523,71282.76087375285,46569.94068463032,25800.154345509935,37960.92773988909,103796.01913224123
180,39347.412578443786,28269.99042788158,108638.58925251385,53274.609141750996,88591.69295860552,46354.25566199116,14867.97995589188,20297.580484838738,55316.27464793899,202248.88621955112,136841.05690838312,74849.30009055774,73707.49673934073,51160.051836215345,167874.42534285347,123329.45275672527,76272.76436724917,57734.26838772254,195132.8012566223,54370.63254792823,10840.153919976308,50143.44158778105,98495.84047532166,39178.19442431737,47382.51450470781,3275.5517747348244,71025.3765388456,46915.87137728132,26174.854697703195,37829.45484516385,104392.08664642744
181,38528.018858536816,29090.74725718222,101691.57094942813,51630.60446800558,86691.41293875955,48188.42665473982,14347.804810613736,19469.591266722655,55919.766821453544,195525.6458860156,138798.27901212976,74323.76021986913,66599.8926702728,48167.16623240911,163618.73242891493,119648.6525554644,78194.76796556241,58452.57847387746,189324.48316267718,53678.442524871316,10639.38450502271,50183.15253183938,97968.45390860277,38315.94509872553,47821.62823006703,3187.893035772497,69921.27054269615,45781.37472898019,26027.737328957446,37849.355350245496,102842.82482596835
182,38901.60147256044,29553.337826020103,102812.4898430761,51060.784725360776,86227.94814645202,49635.12939467012,14594.758739629004,19597.15109515298,56887.55875745624,204676.18328359802,148122.30116116465,75573.27519744034,67358.47492672545,48105.34089051113,167672.32624491348,118789.740468545,79157.85241354557,59332.67063715674,224763.6647580817,53764.09039546658,10719.03824858947,50052.29905407244,99531.57093187302,36951.31285702756,48259.60419518938,3183.1615099797596,69861.31213347348,45653.694326887155,25990.106901098847,37855.14157677277,102030.00479484675
183,39013.62368037058,29828.243285914006,107819.83002515923,51562.68135007859,91092.35074594259,49790.864740284334,14722.389595061066,19873.3675994398,57761.658091040576,208581.66201115565,151881.50655404144,74847.50575105869,70268.61927066208,47183.98300749286,171542.6778353845,116222.23958350625,77713.74393735854,59259.91294915202,240056.7183907403,54468.55336668098,10869.30633334748,49864.03697785452,99060.98826363603,36147.95499709236,49566.864760780256,3265.2667330099734,70896.48316523651,45866.188691342475,25939.516118668704,38119.98899999301,102420.62237894864
184,39532.48056344018,29847.044489783195,108555.53154024962,51587.30610203632,91693.6867154764,54008.967501320345,15092.543395955985,20239.04472635771,56453.563951867975,211133.4361875,146501.5893683254,73776.38324961168,70945.90172809416,44980.34086460775,171632.22738806796,119648.6525554644,75313.87186618072,59008.51737619711,227779.00639841447,54881.1735350664,11163.228191077591,48952.84783747306,97872.95106509981,37011.545560300976,50000.44692038343,3357.835220609081,72050.47461581224,45943.90470028518,25885.641923936204,37993.73395999425,102615.60945029894
185,39274.915155705756,29372.311459668887,110564.88220214695,52261.23448347202,94998.27651140685,49599.75781662873,15439.216837896334,20932.578170616063,54006.76030955594,205690.20533332348,137984.4465098686,72063.86089411273,71552.2067054709,42490.612880645946,171072.44976361268,119648.6525554644,72922.9032766903,59243.77056378107,218760.92002954325,56015.193765357944,11089.013028001533,47296.966625537985,99968.29565349937,35525.021429478154,50432.967991395555,3505.860748745978,73868.25578973674,46392.59576729536,25983.277745382482,38370.261607046916,102842.82482596835
186,38010.275193883106,27493.227013939948,108876.12853717162,52550.9030151362,94100.09090206532,47002.01914332027,16221.47817787535,21396.139727962178,50686.39403320463,196842.9325649698,124206.62718399195,68707.04634813967,69206.89476188736,38533.12533324451,168694.24569894891,120509.09454200255,71969.05834421674,56128.94945087515,189324.48316267718,55748.6174369536,10906.741410259056,46571.96886245025,101939.69247058545,37693.99897289547,50864.44218878942,3402.3277831851574,72600.34766912136,46849.04403875002,26374.308507588412,38829.357106574214,103037.3508203299
187,37531.90920039452,26664.284814332186,104977.32224677468,52482.669965140565,92928.5825512376,47944.06453373967,15454.896965371645,20423.85093161937,48350.94972171478,182536.5147878304,115008.82249496963,65971.38793587657,66698.4979036368,37526.36783158451,165097.824635795,118789.740468545,73400.37418779913,55453.62947674461,198052.04047611853,54915.765313451084,11055.963716458837,48795.30115692075,95950.15409696191,39659.22641020466,53432.05733515877,3215.7842571065785,70273.9500556217,46501.6977367062,26285.18610377584,38299.87784662586,103166.91729896862
188,37643.55867814363,27442.313298614812,103672.19895355155,53020.13062988322,90459.35669379927,47878.24269690187,15327.7484371371,20612.50506685711,49564.9202306274,184402.23685909077,119707.15697955903,73022.3506469491,67889.50021195985,39800.82534410368,163770.12401886962,116222.23958350625,84568.19094678022,64961.26962184553,218760.92002954325,56655.14416837583,11582.128731152328,53762.81149383469,103163.95825023128,40240.26344876115,54280.14626301543,3234.161431854174,70505.6202726762,46399.186958575556,26026.30067104892,38287.631548715966,103328.74363636175
189,36973.28628999105,27637.022422958613,101323.6150014197,51767.37229407802,88300.84323075207,49730.54366714063,15382.566902845978,20159.283503276823,50337.14731278208,201332.55922610118,124912.60516317529,79308.91917145737,68435.22407245684,38960.14087206738,160263.7969180892,129503.48584989642,86918.21134600001,63402.08214563826,215773.65356121768,55763.978493886745,11336.639530908096,54545.549080000004,117198.142292,41322.59955504859,53432.05733515877,3372.325608858696,72229.89400320326,47277.22255741201,26645.159749751918,38415.588536686664,103004.94452755165
190,34336.35362917247,26487.915941684783,97869.48098346632,50542.27056699655,82960.50951352685,47345.083301337756,14752.111301355282,19449.331699122933,48384.59442682376,202320.17917153682,128514.15943976844,76634.39472675844,67822.33858911876,37225.73344808436,151792.49770287165,136297.43625,83591.74063467018,66854.86020294695,189324.48316267718,55017.09031920531,11064.229802697093,52063.70751210947,111564.78716858615,40160.133950322714,50864.44218878942,3223.249661658968,70368.12928716486,46792.36938753794,26315.217116814165,38307.016813900205,102518.14263311235
191,30320.84871678261,24055.566984457502,91642.00315055608,48641.502476675196,76047.63419758134,45356.966116774165,13910.481189784805,18093.147199290972,44848.09456029134,200982.84967106485,128438.57084193759,72967.80107222729,66816.4195670938,35034.93795111658,146638.99586384147,124420.86305712299,79157.85241354557,65226.02476801311,177830.82990201775,53412.58772029181,10719.03824858947,49541.33552418539,100849.678745087,38055.16242589273,45614.34416026408,3010.4436583003585,67646.16705752957,45688.776652493776,25649.407874392095,38049.710169462065,102030.00479484675
192,26226.799279206254,20210.496418064144,83112.43139293909,46727.80910066635,71957.87466652677,43239.32182702755,13209.02149638142,17041.659263872058,40987.774871187554,190166.91339443484,122799.40008029876,68133.75864129496,62514.06706481911,33415.87771580528,143945.80491924164,108604.20833630911,72445.79738192113,55174.33477671089,149848.2322502528,51942.196764280314,9984.500257166726,47286.32284944382,87462.47818235752,35786.287250243935,42472.095649083014,2775.913909071252,64550.328589330726,44513.81985286464,25412.12302541451,37305.94850286142,98252.70874898309
193,17192.39003347952,14962.132508254264,74011.89863174797,45583.06451085828,68999.1621004138,42042.98186779968,12308.200899381112,16434.55059936505,27343.563953467547,142084.77477843233,109909.19606920968,50304.185914357586,53379.978554245856,36373.38211638667,129146.7521105845,67851.93554750002,59477.96799146141,43903.06585618257,136457.44607295794,49265.5439802859,8694.797035799069,35153.027001012684,74679.0035901106,31772.678704466052,41380.06495150655,2607.6620052376925,62260.79066144286,43642.41765018664,24772.577468154588,36996.345110630115,97632.59226699169
194,16277.299573409093,14326.295157950139,72401.86633606536,45184.00257873783,69350.86269640995,41457.171634261234,12190.090306495069,16145.811767775176,24922.620190742608,139793.27593973366,104022.08742229336,47310.85214013508,47792.74774512943,34863.64871077022,127623.00186446872,67851.93554750002,57020.07406554261,42677.302862430806,125968.23406167836,48423.98972048122,8339.594425839057,33689.10632202808,72452.6489561408,31671.439676078076,40455.556033367444,2544.3622455953596,61383.3467695707,43179.384319289835,24830.54205365212,36832.0109143574,97043.01226556355
195,15736.8161651425,14346.26211672683,71193.16289844067,44854.67787506537,68506.06547864617,41268.049168860176,12025.386486896812,16090.305666845208,23272.521964169035,134247.1377180311,99203.74778545303,44729.75523309544,45237.73849812673,33639.23858364585,126500.29281802528,65504.215358385925,54574.500951362104,41997.81122633178,120797.15872094447,47852.06474831508,8070.207245952927,32166.106380046655,67802.30112593481,31003.04152193165,37645.02035973228,2477.786590583461,60450.483868252115,43280.32247284935,24776.74491514276,36846.41962673343,96583.01910558181
196,15466.054303475847,14008.243586740113,70406.02868758158,44661.8226863887,69709.19635070051,41555.061328254145,12000.982732076496,15847.310637696755,22459.097625121805,130558.26503051771,95566.60729571848,42748.320157131835,43656.847995917495,32854.47053542406,125697.72936168227,63177.15578819941,52951.17044222771,41606.269897294624,115676.58962889048,47539.77736099064,7973.7396406097605,31044.1671174675,66081.48703853278,31104.338779026693,37170.88921457067,2443.608531277826,59967.46716378445,43078.96872287482,24766.673485319734,36733.23562932465,96121.75978157946
197,15411.859433173058,13708.393403858523,71298.41982166783,44645.68811087033,75562.01246418944,43300.312773918355,12344.951359135946,16595.90118285147,22116.5046430125,127743.57002250977,93329.96528213234,41465.609621762356,42828.92456878505,31838.8336175052,126355.33866364438,62598.663342455206,50930.1727105331,41547.65800049742,113135.61536074913,47281.16579155103,8030.800144543643,30047.1247130149,66222.41788946623,30374.797836057878,39057.442203483864,2428.1919818986835,59748.661574391364,43209.31626806148,24690.002176009744,36836.173156221994,96648.80963139511
198,16385.233441265907,14174.823484631237,77161.10388068037,44491.355844094935,77968.60336311386,45026.83639542534,12967.003205087687,17876.54794626025,21754.2149596412,126858.64037920738,94318.69218685044,41565.91575997157,44674.810081881486,33165.89026029167,131721.14497535507,64338.07960981828,49722.03388298332,42102.482110593,110607.72079537083,47575.688548245846,8113.901449313199,28431.904091479104,67200.90286510499,30840.947307429593,39525.03044952714,2550.3922249132597,61467.32705401066,43896.65576916403,24963.886839870873,37294.387976456426,97239.76779116214
199,18692.43512655902,14933.551189421456,80773.15675351484,47986.40642590418,81535.06974927564,44052.40954237076,13638.268454277164,19137.06371665236,24035.864453911443,132285.89133409836,99927.29502392629,43801.00686724954,45899.04831161219,33368.52624819946,135216.26931331216,69033.42901506969,50527.083602828105,41404.6375439427,110607.72079537083,49231.91827664642,8520.087465305196,29196.385852356732,66119.96606204116,31468.935372894673,39991.05893646747,2715.8004306042635,63739.22954564247,44811.811994506075,25635.71882995183,37560.341155435075,98350.41563569661
200,22108.64546234922,17152.526935320195,83036.24459803352,46467.11529732399,83459.78594947935,44728.28713665952,13959.760315531483,19571.44755834435,29589.0509052636,137105.6256220026,114382.05889960675,45668.60671349591,48246.80275209319,36344.21279547085,143263.2440497145,69626.06467865441,52951.17044222771,42141.350413238084,157995.98399796107,49870.695316307996,9379.971351561106,33047.933066941536,62770.81918944487,34300.89683634795,44119.52058900978,2827.2066996005674,65236.56280975687,45058.35745482636,25679.07586840814,36826.21395145757,99647.87767084483
201,25610.88615577803,20758.78194633522,89763.34734633633,49458.82531340724,91165.39652619576,47197.29291594596,14387.808545960379,19643.279060920606,36004.73699130506,140515.41844416183,126894.29723056327,48360.79040214191,53825.88230750032,42094.41374068282,150037.08836496528,71411.46260691206,58657.32581004146,44434.99566395462,206029.65818074992,52109.72548714951,9996.13239346743,35506.62450834496,72181.28342011332,33856.30609556718,49898.195409354405,3035.690575705443,67973.252516575,45513.75352807682,25131.621076210482,37166.41229483869,100453.86656871339
202,27654.23622646138,22265.083770522608,93538.09003045177,50561.26040560512,93262.41455410515,49645.06829789754,14613.956973543016,20127.48438855711,40119.7767984723,159700.0935907855,134019.89813363415,51330.85163628354,60412.353511647954,45065.115971333136,152675.59797401293,80502.62741502165,61947.790478620605,47683.456785438044,217743.64840531797,52910.979965572675,10388.831624579361,37447.723887263266,77852.37672003415,37368.47400212668,50334.675857135444,3159.5418861139046,69561.43686249721,45672.04900355619,25314.41937419002,37428.65712738413,101735.75803866233
203,28392.41791036878,24480.689691463005,104670.65704183809,51540.139244204875,87209.4054154623,46625.308398329296,14863.156367875325,20638.154459946134,43250.33304034245,169194.21092522374,134725.64703632414,54775.65441682944,69077.57934125999,47572.50365835488,159848.50497604863,85459.32206559634,64429.175210785936,52870.60178753227,226625.86874313184,53609.875712196656,10487.042753122427,37227.309663066975,84775.84322997023,38456.60601825403,50770.08812345865,3252.186075086645,70732.3067660816,46226.86232156995,25493.866052047404,37555.30387841097,102813.27371105958
204,27733.380184378468,22406.02787990071,98360.57893568478,52432.952034255206,85815.43105138968,45653.77135759964,14746.473443506558,20319.986492048887,44077.77363784164,168288.8218872497,129430.51602179832,56731.87409069332,66425.40613867318,44432.46023408269,150945.84402599896,90023.60740724625,66089.68492882772,48922.58559605348,191600.76363417564,52614.67888897143,10282.33815926728,38542.14693070261,91877.3642396258,39342.61669588529,47699.24382252297,3231.881595185255,70476.90998416279,46570.2445605613,25864.1181234321,37425.235810870225,103403.69763096173
205,27155.843923015203,23056.537488202226,92044.70016138729,50814.92011264642,83922.28937605511,47460.22519744311,14230.549357748267,19491.083276700225,44558.65546847258,162694.49592509193,131281.7460004355,56333.542219353534,60020.01309391483,41833.14170715844,147119.29833568327,87336.82898687618,67755.08427941342,49531.26372874284,185897.58008398148,51944.84383120961,10091.89999465903,38572.67026520438,91385.4156715271,38476.74869937574,48141.29281191642,3145.391536534775,69381.33002815876,45444.105690845994,25718.74726857183,37444.923673105746,101869.10429175076
206,27419.15751814259,23423.17423004343,93051.70872389307,50254.10264789938,83468.63518145865,48885.0660274372,14475.485089891898,19618.783915333905,45329.82298029713,170308.54605440976,140100.83162731896,57280.60954391421,60703.64958550066,41779.44645184213,150764.12475069458,86709.87116956801,68589.5885517457,50277.03197683584,220695.28817058797,52027.72561863269,10167.454892961317,38472.09132991814,92843.49828093576,37106.389396072926,48582.19643569308,3140.7230921997966,69321.83462502963,45317.36590372263,25681.563572906252,37450.64807207275,101063.9800775835
207,27498.114539067396,23641.05684356724,97610.14917064349,50748.070075796626,88129.90575237657,49038.447971757785,14602.07289978836,19895.305328326038,46026.3332353339,173558.2470849159,143656.45962979578,56730.51407473573,63326.279962594694,40979.24793700037,154244.1872218415,84835.73902573688,67338.28115537667,50215.37891846025,235711.52703686806,52709.4372574837,10309.990439359794,38327.38597317937,92404.5366455427,36299.66001975842,49898.195409354405,3221.7336752797755,70349.01194078625,45528.294833100175,25631.57338240312,37712.66552139864,101450.89927666618
208,27863.82232660648,23655.958167964345,98280.09941797558,50772.3057944449,88704.25437995362,53192.80869366018,14969.201669877066,20261.38611736262,44984.002063713924,175681.5471331205,138567.8884565406,55918.65896300751,63936.648843586845,39065.38666497994,154324.70653134532,87336.82898687618,65258.81294192694,50002.35255162797,223656.05005780087,53108.73144711032,10588.787581530592,37627.01151506078,91296.33018836252,37166.874882764256,50334.675857135444,3313.068025013847,71494.09212969925,45605.43831219337,25578.338758850903,37587.75955424675,101644.04020157307
209,27682.28156173908,23279.697640555027,100079.40674572991,51435.58714118025,91954.09065716669,48850.228968500625,15313.041971001248,20955.68513638315,43034.31080615024,171152.301386297,130511.98608259513,54620.6561422447,64483.05261725687,36903.060090424784,153821.37729690297,87336.82898687618,63187.05951768635,50201.70026188264,214801.19724132167,54206.12736608905,10518.391403678641,36354.23854716495,93250.8770710215,35674.11213686688,50770.08812345865,3459.1200531616687,73297.83617737093,46050.82389513967,25674.815489978137,37960.26389082615,101869.10429175076
210,26790.9207692686,21790.386259743038,98555.02265261016,51720.67935436139,91169.57628847315,46291.74613355211,16088.910388237797,21419.758408098573,40388.53695288176,163790.5940417872,117480.29584800976,52076.36541490932,62369.45080921629,33465.98561990371,151682.9930905321,87964.9035453972,62360.56120493864,47562.27818608578,185897.58008398148,53948.16038536593,10345.499171308113,35796.97782822442,95089.80491355955,37852.192402344466,51204.446518316996,3356.967405637709,72039.71899673303,46503.909535603365,26061.20410379831,38414.45381769248,102061.78850516677
211,26453.752322976266,21133.389148880204,95043.48626549712,51653.524281894264,90014.45555956579,47219.55576501929,15328.593954800766,20446.396325715705,38527.58036531682,151886.39897725667,108780.59245442298,50002.87871013198,60108.87641126184,32591.617611030695,148449.23778955668,86709.87116956807,63600.783896757246,46990.02880696052,194467.16262032432,53142.20604960468,10487.042753122427,37505.915173883994,89502.7365041225,39825.66746729801,53789.224936881204,3172.9109076502427,69731.28610719649,46159.12211594097,25973.139722686206,37890.63220192669,102190.12824250381
212,26532.44663121394,21750.033429488114,93842.68014998511,52182.493892535065,87720.1450486701,47154.728597666144,15202.484530349418,20635.258711681538,39494.910823403974,153438.843468845,113224.49160663836,55347.14149226593,61182.211086053874,34566.981969586326,147255.4234856427,84835.73902573688,73277.59969158199,55046.56700870012,214801.19724132167,54825.4099343022,10986.132217035323,41324.13161899886,96231.80555460003,40409.14299060726,54642.982931278,3191.04307496824,69961.1673387931,46057.36652945195,25717.32766604573,37878.51675937105,102350.42240078803
213,26060.016101489342,21904.354601957122,91697.0405445728,50949.527216852555,85680.36932953961,48979.038443074394,15256.854999719702,20181.53684780048,40110.24601618155,167526.35741551078,118148.04203625294,60112.033262308185,61674.018984526825,33836.84824156064,144102.6770051851,94530.30648743559,75313.87186618072,53725.35025311956,211868.00234623463,53963.025341686225,10753.27547072034,41925.773351175405,109322.9557269222,41496.02142366118,53789.224936881204,3327.365225092392,71672.12601886356,46928.933685092474,26328.839916951827,38005.10648867201,102029.68903663968
214,24201.4172455343,20993.603962614747,88573.7136270964,49743.78021789793,80619.52946808515,46629.626062966236,14631.551709543523,19470.801345054806,38554.38954047086,168348.14387968593,121554.55641893602,58084.88292335288,61121.684840129004,32330.516912137067,136485.6298735194,99489.51055339117,72431.51401458618,56651.14865275393,185897.58008398148,53240.258663513174,10494.883480715669,40018.13599443539,104068.13665976837,40328.67720627445,51204.446518316996,3180.276782236497,69824.73807531403,46447.652403638254,26002.814220503282,37897.6948872015,101547.49620463634
215,21371.154286171215,19065.790131608577,82928.48913990038,47873.04134785042,73964.70543077125,44671.55239572786,13796.799703800387,18113.119786018953,35736.39354237845,167235.36837661007,121483.06127381182,55305.79575354729,60215.147750463315,30427.812940849843,131851.8109747013,90820.27592564985,68589.5885517457,55270.913946179164,174611.9698354378,51687.57507198174,10167.454892961317,38079.34542294522,94073.0351941428,38214.87157897886,45919.25410984117,2970.307942511683,67123.79516748757,45352.18977963692,25344.90917795157,37643.137641182075,101063.9800775835
216,18485.530502915153,16018.291458746431,75167.18002866795,45989.58139180344,69982.90646562126,42585.90897766102,13101.072592844464,17060.471138549645,32660.367571559393,158235.56023118604,116149.27623806323,51641.84316870116,56337.85541307754,29021.660543812406,129430.20339852913,79275.00200076518,62773.65142208938,46753.36141252569,147135.87640563527,50264.671854447966,9470.714968935035,36346.05733803513,81585.39412914784,35936.47443286241,42756.001178828104,2738.904981366818,64051.86313866651,44185.88882645202,25110.44127225598,36907.32329033971,96229.6817885209
217,17624.221954808425,13588.750943647961,64350.91542314634,45675.885973759985,75338.84431168862,42555.291262012586,13615.931052209316,16570.41702711669,22309.79727043532,112612.78555771385,84675.71538007415,36815.79831111963,39467.74381690151,27983.685209866282,128649.10227019474,58923.06173985429,36325.38957561513,37355.44445396593,127891.00281322554,45472.62262426389,6846.475830793021,22367.2840146984,63128.639660509325,33921.27851629457,42587.54639668189,2617.24786667847,62392.87910925494,42682.01852932791,25464.93244283803,37248.402111885924,96063.42392558877
218,15661.593613589139,13595.853931097223,56717.858036095604,44097.63735585073,74229.62537203469,41924.14950239562,13351.858223068792,16679.418062706583,20808.30359519321,111698.85548457228,80168.0773974023,34453.63149515025,37114.838702332316,27526.823017444673,127676.88486437555,59460.11925925482,34782.98407290892,36676.94079627195,122556.7361131498,44546.191299560654,6516.543988368109,21760.419205628346,61811.66653924577,33024.72393171963,41662.57282154849,2566.1118545929144,61685.86288910264,42415.21899250751,25391.307859421006,37190.53617407935,95686.66128667675
219,15559.15198322053,13260.88956064708,57025.56261208954,45462.96741003639,73823.74955035417,41929.91300490041,13280.999926180826,16458.34663748482,18415.606372084883,108438.48262965765,77246.00174578994,33643.735756292815,35640.49182114518,27134.769224503074,126632.3053225171,57852.581401020194,33248.53127834397,36391.36222988915,117275.43384375211,43875.592665543525,6286.602703575407,21672.155973358367,60677.130864436105,32390.17951442693,40264.08385544968,2529.1150651546996,61170.62145894367,42360.04854480604,25259.956089073567,37136.06380679372,94930.55778172151
220,16121.964600472944,13234.343474100042,62467.480890275736,45443.95750305028,74114.9780534806,42201.70544304153,13249.317172964515,16429.685653133016,17712.65408827821,106154.18356078817,75619.59279339043,33164.08356332177,35036.86748648284,26600.469495295685,125069.18371703403,56786.98491952843,31114.195007191967,36190.9539879077,114655.03945317325,43583.53893288117,6263.421600481589,21614.280513383055,60129.119097773044,31952.36740871248,39324.0931818988,2505.1079759085937,60834.57858604906,42302.649703893956,25356.036217616762,37051.21907791227,93843.25615436387
221,16606.844677988818,13150.583186634925,63689.9843440536,45455.49387049482,75753.07089589904,43038.23600240831,13508.884988332478,16817.234648447557,17658.779961758177,105142.61476627199,75521.85927575716,33389.50173792198,34962.260177413285,26535.287076913442,128441.52660492322,56786.98491952843,33554.77248718135,36312.458136527996,112048.36962192859,43451.7863497492,6374.376653267245,22653.27216557784,60812.857538211516,32083.727949063377,39794.87372257961,2507.770179529074,60871.9100465314,42596.4864026772,25352.616952177435,37092.22404806262,94930.55778172151
222,17471.902317364482,14106.154670341244,67143.6979321422,46303.03575610982,80493.50456703462,45634.85277722689,13955.517660187319,17848.769384123672,17782.741321751422,105543.27870646409,77769.04044412768,35035.260731203365,36401.34800863936,27771.396089704944,132245.68894846627,57319.169826047924,36325.38957561513,36807.980039192815,114655.03945317325,44298.277879054614,6666.512092332705,24787.508927569044,64103.77167861302,31908.577324217116,40731.752143251346,2592.388166294321,62049.90012825204,43154.416571423135,25528.570121613204,37289.41203425705,95309.04168072708
223,19116.92209313514,15446.843870371187,72108.86967291754,47872.75183680692,86110.04667652523,45780.051548649506,15038.152212132727,19760.382828000125,19215.69848356481,112146.10068412479,85942.05366782824,38951.640909837086,40425.74554636897,31428.575362835138,139293.51777225398,61078.49508654596,38809.13724642764,37183.66295403918,122556.7361131498,46640.96693275603,7043.863557128669,26690.84281381184,66273.19654245322,32565.259502768007,41662.57282154849,2795.8113483527386,64817.16247503997,44072.48088924722,26114.70706082359,37661.81228678743,96814.4070740459
224,21377.407722290245,17427.27594065528,76151.05111227179,48238.32721278187,85408.92637000873,46345.5570823437,15765.819522649917,20511.003026730017,22588.56545056454,122032.78880524824,101550.65237500759,43157.383947260445,45041.685629046806,35629.50009005139,140426.69451955485,66549.51760237267,43200.22036920527,39716.74160872268,160945.68714171654,48894.81226794827,7726.153899684972,30451.24467249648,62612.54987768686,35297.67103472787,43964.47260567964,2913.177652720483,66375.06473481587,44339.589263360154,26039.669571341212,36790.72672293934,97562.0476354112
225,23434.300352426995,20158.337198167676,81697.98861186365,48369.739082364606,86602.06982949794,47780.37596009385,15816.225866469971,20434.655534628295,26989.452441689697,127969.5703676461,113926.8627174549,44882.922431707346,48667.885990194925,40588.64106521193,142130.95487486752,69887.05827250196,47644.159810216595,42487.00683978943,201583.03635810118,50521.845521090036,8417.548972900953,32036.324821221653,67002.98744251512,36672.61548498307,49798.30721887754,3214.3713272617515,70256.11495889701,45361.95410959201,26170.110311123284,37413.11909605643,98266.28853930143
226,24902.47721970139,21239.892431357996,83838.04038368848,50286.46293331014,89277.57859709635,49122.39769928686,16102.970136782767,20668.262987964146,32025.853752988478,134342.55173619077,121316.14586562644,45408.037863126796,50988.85251664714,42415.701850001096,141864.35876218515,76108.98935501465,49243.34324034625,43310.763832448836,216589.74252113237,51006.73489029351,8899.24351212371,33784.72825729908,69210.32665371367,41115.53758000576,51116.70308103322,3290.1216433492477,71207.67561303728,45630.27603355859,26052.33881936408,37513.482072189974,99416.88172771755
227,25918.38631178023,21676.997750637875,87223.20951875263,50698.49887274262,90590.77918757734,47169.03622529612,16206.608896515238,20702.809683267533,34238.22924294701,142049.70147092533,124328.5991083504,46606.06793400313,53605.581237445724,44005.21622711357,143743.50185108942,78403.69483374422,50527.083602828105,46923.7663890193,225711.2470907588,51732.64150608964,9074.669956961276,32721.793068782372,74551.05158506247,42441.477063086386,51554.02690538306,3301.6732544087836,71351.96781745282,45544.20785782953,26175.57922796615,37660.07115510046,99132.9122667713
228,24442.234208296824,19288.154330153695,83509.02675354773,50719.19099209626,90617.98459696026,45219.37605763977,16260.914277136535,20584.56299846701,32703.61274474006,139370.58537872374,109272.6564914662,46273.228911399434,51802.85723506963,43312.837920497805,142506.25744596674,82017.54357933802,48602.93024761602,42888.17223818697,186829.4987129914,50959.04405398565,8835.103638619561,32612.78980017472,77649.16450240089,43201.75500451738,49798.30721887754,3225.9056050711606,70401.61290805395,45758.81097219316,26294.856703903202,37576.301341218285,97958.07709179731
229,23484.17983504687,19099.61148295503,79051.7339447616,47887.6598138417,85149.46600543092,46037.507153488245,15549.566245001775,20054.657707503087,30225.145724515427,125219.07353637918,108250.69211832654,43732.10874447044,47601.51743977469,39571.547307187124,140800.99005518123,80135.7347307323,46051.22474270627,42067.69191027774,178103.2623002514,49382.54149250451,8310.819566814262,32848.34190905537,71433.22675448448,42723.908595033674,49356.65122985511,3092.598560449969,68706.33533110764,44859.17363949936,26301.531550938227,37753.38958049104,97375.44783332443
230,23608.84382087557,20277.66327336353,82571.50740639865,49156.48192598494,84075.61103353662,47132.9802011359,15760.939618288901,20393.59729663962,30872.183781523123,133895.67391615265,114030.29929867676,43876.31045545401,46797.36343288658,40044.75425748856,142930.1177299083,73831.29478516088,46369.30410060332,42205.45523441998,207555.89787456449,49602.896343530636,8257.245791266245,33502.46121921505,72465.0630915966,41398.21043275891,50238.85782543692,3088.6932794980585,68656.21100974883,44466.05376516925,26222.23694863533,37899.64018447296,96814.4070740459
231,23694.138138384336,19782.64858346723,83760.24912194812,49355.88828000861,86181.9744428675,49243.498320683204,15958.374680002278,20558.705140606675,30477.179737275063,135550.09736494083,113410.34697499142,44208.61207108694,48085.76839949942,40557.35102245218,144436.54775571488,76108.98935501465,47644.159810216595,40915.469736191466,219620.60146608856,50352.69849293621,8433.92002522374,33540.92237833518,75309.69170928912,40724.05767066501,50678.318190280996,3108.3208450746256,68907.86107164493,44372.842238207166,25953.45061033376,37907.1434421536,98751.45640675763
232,24269.68348717104,20111.627507166802,85264.78943712053,49435.76472494665,89157.17419093907,51064.315827325074,16073.36655100931,21030.408105342463,30495.95021380071,136048.22898558262,113470.80110930507,45141.94213552554,49383.17327181092,41000.97075226666,150107.5536554176,76681.08100172198,49243.34324034625,42578.073088650555,222661.12679290742,50554.71506510974,8754.661725527674,34250.06002377474,75976.91652523217,41180.77442143436,51116.70308103322,3128.087004090274,69160.61060462164,44383.91085998257,25329.526794485304,37777.66164294464,100446.91837063768
233,25738.626532576243,21198.8347997039,92141.62650420237,51047.732043441756,94985.01796766913,54810.45922953579,16630.176584735633,22941.382002405764,31823.48661577098,137979.53133605956,111829.42856628017,47118.24025471379,52303.422999333685,44050.94970456174,152668.40984762058,75537.9608425655,52459.83881056938,46281.604487466524,231839.9932565221,52539.25766146773,9515.148419993373,35803.348601025646,78275.9666550873,40180.16672931928,51990.30372367141,3275.7831398864814,71028.27406685574,45579.97386680883,25958.6584681584,38601.28646031818,101434.43463628151
234,26835.55942338378,20746.182721464193,97144.37324906186,53300.327960183924,98044.54207559451,51016.659794768224,17799.91814424136,22364.747489621655,32832.66928367523,138195.00482944044,107626.52695877069,49577.741297927365,58593.82131378097,44713.94822637116,159514.93906178002,82017.54357933802,58312.28195372735,50466.40931949655,216589.74252113237,53726.90903755848,10198.715084424808,34597.663626161695,85191.47995745618,42658.73657428212,53725.21064381885,3474.552700777425,73486.53295659513,47156.122279137424,26507.561214198555,39153.78903069251,102599.50957081233
235,26363.191534245434,19594.813108973864,88111.00468687734,52164.46043043191,98007.93320106754,49990.078763399244,17100.886967214097,22223.116971688374,32051.550022955686,139120.5477130174,104367.68553679189,51462.94665253195,59978.70514628399,43994.41166776481,151843.28775146187,91946.4522165622,56408.02931632516,47980.3499873715,244336.59999176918,54376.66975757195,10594.809997932438,31708.87755091808,93415.0176681646,43874.8422536074,55665.80208016914,3542.4963843561927,74313.11146276159,47548.757935900416,26957.558802292933,38631.85418712809,105164.11094824308
236,25791.25133949123,18902.959492375594,86334.94740783647,51149.13254596468,93995.63975888799,47626.23841443957,16751.994389094496,21645.420271459698,31464.277395159635,136646.80212506428,100726.14781910152,47650.96031637807,54903.77307765425,42281.8150554734,142367.24838559102,87363.24322150076,54849.900251176994,45052.17542475161,228770.89221593665,53462.95544937131,10266.79379692221,30949.901674018227,81619.53941739611,44787.4133941987,54156.451991404516,3435.4201911465507,73007.36135085383,46939.257840425686,26483.814065063187,38487.610311722376,103068.1059264928
237,24834.284671156198,18706.14264360833,83591.35768450884,50777.07719345814,94613.96000434128,45895.36045737345,16341.772903977737,20868.77562392318,30590.170622808135,132974.0987997053,97023.82097423017,44732.16155690279,52588.23622180576,39804.962381416226,139829.18377682666,83627.68200019916,51814.646684825355,42066.2058813505,219620.60146608856,52841.073802041836,9740.014302412212,28650.13668059782,77963.86013200016,43136.60256893848,53725.21064381885,3332.052896669498,71730.4282168354,46405.54721729985,26500.702552590927,38367.547112732216,99245.57012314258
238,23322.002150701283,17051.06551669965,77763.94681615129,49523.23169618894,90234.85727539005,46471.46998645171,15806.109125858544,19956.71926341021,29763.787479146602,131911.22813512816,95933.24293224316,41565.67848033619,51351.89492948865,36751.179466903624,130275.10377374651,78979.9992889433,47644.159810216595,41490.40507515154,186829.4987129914,51538.444585608195,9181.638213389568,26450.699652960655,69808.14455997362,42658.73657428212,53292.987783922326,3138.2333772838056,69290.09002513126,45634.22584191346,26205.55735597955,38136.89684527241,97375.44783332443
239,21027.002619835705,15453.98335587943,71921.03624154233,47464.95750112865,83675.31977697629,44810.84580155265,15019.126631600051,18373.50421203759,27430.969679109297,130159.95291725875,94948.8207841715,39436.787659341,48359.59612312438,32296.25880838211,128049.3193847887,71008.49960563164,46051.22474270627,40955.904289728416,160945.68714171654,49226.66349671922,8458.452433529008,25367.740829018014,64149.9388464129,41419.952335264075,48469.9605921458,2905.6800179842076,66276.34461520248,44325.519666526554,25828.415136234747,38149.04096027808,96116.1027212989
240,18738.278260964544,14644.661389324609,67224.86928574785,46092.21496465592,78113.74337067253,43283.75350576968,14286.402677138269,17280.422815221064,24989.300336927616,118851.66297151764,89670.30321094186,38400.98947130985,43695.96736508053,29806.49427785047,127244.45468225783,65446.05515256962,37564.864471542896,38555.141863598736,138713.6803265192,46638.547639347664,7512.980881377795,23355.542496724654,64888.611926108024,38699.768833143615,44420.73113093325,2711.3820493919743,63679.315511209905,43362.800400225286,25571.858758256705,37244.82446113154,100115.68964257695
241,21985.019951976203,18144.40298258548,72365.92784824505,47368.42867982386,75956.73500027215,46224.8921816947,13796.965504993492,17077.123869870702,24441.454252079013,115549.60263020582,81934.81813171078,41957.88203005569,39283.35518437863,28687.861708140306,134562.10730992848,64416.84162765873,38068.136089514126,38889.58855046345,137554.74041106514,45510.00043882382,7231.952671575066,25012.241952970646,67703.69312932207,36932.359777251644,43985.20712740962,2749.4131114755655,64193.6826258343,43856.27543986019,26707.04178036719,38746.480730889176,99942.71784950246
242,19536.774386829537,18153.887258748484,63801.34636048926,45731.69727324727,74838.12884456337,45539.32620565582,13529.381621049935,17189.458048525757,22796.495827385086,114611.838270144,77573.08942760673,39265.79001667076,36941.44256430176,28219.503116426007,133545.20458319466,65003.97250902579,36451.73215639152,38183.219546870954,131817.40428051734,44582.80760145075,6883.444690500935,24333.614658426137,66291.27644267873,35956.220966281995,43029.87727791183,2695.694843562703,63466.2602741858,43582.1357815874,26629.8259923499,38686.287506023786,99550.74054348652
243,19408.985410196034,17706.625509124875,64140.70645239255,47147.62031266606,74429.08055173839,45545.58670285776,13457.581207684363,16961.626479385235,20175.18111937664,111266.43849208228,74745.59944411735,38342.77567428286,35473.983657419616,27817.58375127767,132452.61379223762,63246.55345158524,34843.66247045355,37885.912605197576,126137.03469454794,43911.65774540287,6640.557031220414,24234.914193960383,65074.518793778676,35265.35011060824,41585.49195769891,2656.8297978561136,62936.14777872959,43525.447498467125,26492.06724406069,38629.6243363378,98764.1035887253
244,20111.05592719507,17671.17980157474,70243.41034964078,47127.90598410765,74722.5594787576,45840.81617435915,13425.477207483968,16932.08907068832,19405.063135883192,108922.56742638386,73171.83628044647,37796.13018372294,34873.17938427743,27269.83899831732,130817.6475662493,62081.60448660612,32606.929304471396,37677.27383281231,123318.63729174479,43619.363948947626,6616.070763453953,24170.194892006217,64486.79156441112,34788.67485217672,40614.652170666915,2631.610403551908,62590.405927427964,43466.46951514515,26592.83389690874,38541.36727116628,97632.89385957296
245,20715.910893606448,17559.338734209035,71616.89719960181,47139.8698373942,76376.06227468951,46749.48190702545,13688.496179973345,17331.488928145132,19346.041443182527,107884.61803493084,73077.26633253743,38053.03264438343,34798.920631734436,27203.016341103736,134344.99099545518,62081.60448660612,35164.59590435303,37803.7680136764,120515.00150746797,43487.50306716614,6733.272913910538,25332.048542844437,65220.08183965096,34931.69583926725,41100.88303732735,2634.4070425836003,62628.81486063277,43768.39017495004,26589.247849109426,38584.02140384638,98764.1035887253
246,21795.011548946004,18835.26719525272,75506.33136513404,48018.81780974402,81157.13069257427,49570.008494757036,14141.067182525874,18394.566968268577,19481.847065823255,108295.73084817104,75251.70772359028,39928.65574255609,36231.28521476799,28470.23058215894,138324.00128361976,62663.40844973435,38068.136089514126,38319.64041712554,123318.63729174479,44334.69039982713,7041.856442316348,27718.66134039148,68749.49483310198,34740.99766470039,42068.50843191122,2723.2980510513185,63840.80447422218,44341.6699775422,26773.78353001326,38789.14001496143,99157.87166384817
247,23847.06199885797,20625.424746938104,81118.54841229567,49646.700501692,86822.98992601149,49727.727954661575,15238.096207601697,20364.635646622693,21051.72044885322,115070.7471305422,83160.16588147145,44392.03899263033,40236.8812430383,32219.438466774696,145695.76433328877,66773.24002979566,40671.04401284651,38710.752186704856,131817.40428051734,46679.30510883424,7440.45391076572,29847.06672249817,71076.14207337884,35455.97137849777,43029.87727791183,2936.993655143754,66687.93644453988,45284.99184893718,27388.510616356314,39176.51768462642,100724.02767429197
248,26666.86430193619,23269.800062365302,85696.6705985395,50025.82245531795,86117.60705725364,50341.997803320795,15975.438424143553,21138.2090631493,24746.858180181585,125215.26915854156,98263.52450824184,49185.20057836291,44831.25619942966,36526.07451977732,146881.02445854936,72754.36152173938,45272.793694024906,41347.86139759917,173107.11252605706,48935.003071126586,8161.159217786191,34052.140573575154,67150.20133112562,38430.93017049547,45407.32203249942,3060.286699024857,68290.80338470785,45559.44884115607,27309.813004603424,38270.39827812908,101501.85992952419
249,29232.698165614464,26916.454286283883,91965.1027143014,50162.103857184775,87318.53000095837,51900.54307365868,16026.514959729075,21059.526940807937,29568.24121465219,131306.87542722622,110239.12505695412,51151.746015104865,48440.51538124541,41610.0064400956,148663.61649198606,76403.08279360377,49929.93552761287,44231.89815814697,216815.11308507316,50563.37372122743,8891.481878733786,35824.65833517338,71858.82231822613,39927.92395527179,51432.61453041508,3376.6899898328493,72283.86973933667,46609.94073074574,27446.61628476298,38917.822401708836,102234.53993487259
250,31064.149097339185,28360.602764706244,94374.63036299143,52149.8528651534,90014.0847112536,53358.28918136924,16317.071719387322,21300.277877312004,35085.86070500707,137846.05711124235,117389.22196669481,51750.2046207683,50750.63862651266,43483.04305887224,148384.76701624054,83205.12493679627,51605.84136541666,45089.48588005376,232955.7603962492,51048.66166222813,9400.297245341404,37779.81255710913,74226.13163125716,44765.229754251515,52794.27820863429,3456.2655298116806,73262.89464575505,46885.64465969524,27323.100223685284,39022.221836325465,103431.59710492
251,32331.426694955557,28944.24839127895,98181.2882411685,52577.15700155799,91341.94447993182,51236.48667809981,16422.088437489543,21335.88097613717,37509.62429509133,145754.20079892033,120304.16407807791,53115.56424050269,53355.14230012463,45112.55569424262,150350.2797910501,85713.78071673626,52951.17044222771,48850.870195262505,242766.50677897717,51775.16496238743,9585.600717925337,36591.18401830061,79953.90913105255,46208.86856074504,53245.95435866664,3468.4004717520716,73411.35145858162,46797.20859805991,27452.35196032167,39174.706527058996,103136.1602096537
252,30490.02719769264,25754.541120661564,94019.57156912934,52598.6158777011,91368.85038451214,49118.70464986801,16477.115850620135,21214.018425530536,35828.37822724306,143005.21631797595,105735.57242722814,52736.23740023189,51560.84041113701,44402.75450255015,149056.16882196564,89664.57206120188,50934.703925582835,44649.53894685687,200946.7642858871,51000.9316247673,9332.546107236663,36469.290983532155,83276.54822740373,47036.63389541983,51432.61453041508,3388.806723232213,72433.56709750052,47017.71581908826,27577.44746334169,39087.56760846415,101913.88209781953
253,29294.919432652725,25502.7889608609,88981.29823781879,49662.1609012415,85856.46962482734,50007.3843081329,15756.30989003063,20667.909158740065,33113.09858772867,128484.64867637781,104746.68836909605,49840.197518461864,47379.12877860742,40567.31871488702,147272.52346741763,87607.30994693254,48260.57782380866,43795.362458461444,191561.15342885902,49423.13320179862,8778.743291384559,36732.697409452434,76610.12956134204,46516.370618643814,50976.46404042755,3248.7679668729584,70689.35986919446,46093.32789138305,27584.447891049156,39271.77808895774,101307.72473624631
254,29450.429288507057,27075.784632661012,92948.81168128333,50977.99984875459,84770.04945178673,51197.32149370369,15970.493637637332,21017.21318280995,33821.959850697895,137387.52521121048,110339.21346403207,50004.53996533348,46578.73168415788,41052.43336107352,149499.5106875962,80715.06610329199,48593.91735368449,43938.783560031756,223239.2977214876,49643.66918121108,8722.15315380483,37464.16710604472,77716.7450547727,45072.994554217046,51887.62336091044,3244.6654778462666,70637.78884341271,45689.39260238876,27501.28551622587,39423.91068761378,100724.02767429197
255,29556.828156895637,26414.81541974181,94286.47656349614,51184.795304551546,86893.79544932554,53489.832474839226,16170.55375291631,21187.369860140298,33389.21395167222,139085.09419632,109739.32858956138,50383.2543386929,47861.117375105256,41577.9290202418,151075.17966009898,83205.12493679627,49929.93552761287,42595.81987708071,236215.63799690304,50394.08765675049,8908.77466972704,37507.17634297629,80767.52935861412,44338.99945015515,52341.506169558415,3265.2841921948793,70896.70211102843,45593.616663445995,27219.38851991041,39431.715715820596,102739.30015791419
256,30274.781891749182,26854.08509133533,95988.941766246,51267.63161094348,89900.91679437137,55467.66156332666,16287.074530787118,21673.497031556457,33409.77791008608,139596.21653946818,109797.82586328463,51446.94314988984,49152.46092525591,42032.711918365356,157006.8378758581,83830.55640478687,51605.84136541666,44326.70439056669,239485.91239341113,50596.270283519894,9247.57507649484,38300.17035843379,81483.1092353517,44836.257457326334,52794.27820863429,3286.0484986455717,71156.74658301576,45604.98980234728,26565.031417057897,39297.02633980438,104503.22933882575
257,32107.188578657664,28305.780491685582,103732.75421669135,52939.33118135156,95783.00008180145,59536.840030422136,16851.287789410355,23642.906606393095,34864.15778828087,141577.88512222454,108209.58347058114,53699.27196374248,52059.06759133637,45159.44000081717,159685.3968370919,82580.85572597838,54976.6514937896,48182.33546092289,249358.3550664447,52582.44414416113,10050.879421337817,40037.13715741817,83948.77593302981,43746.82908382539,53696.54914143618,3441.2029635483254,73078.31515395125,46833.958592442264,27224.85040271026,40153.77619500589,105530.62411069528
258,33475.53786251373,27701.376028571543,109367.70023748204,55275.39816181391,98873.61987527976,55415.89608595784,18036.581977841128,23048.63918473785,35969.7658630911,141798.9779263337,104142.72702548286,56502.2929318573,58320.07790862309,45839.12210000203,166846.60808970802,89664.57206120188,61109.871388544394,52539.005297422715,232955.7603962492,53771.071751890515,10772.93291093029,38688.878500240935,91365.46973434126,46445.41349016616,55488.39315890246,3650.0099488681235,75607.52510920494,48453.46960169046,27800.527114390516,40728.499645758806,106742.74783788552
259,32886.291001346835,26164.007780558033,99172.59320664161,54097.44049496766,98833.10310142898,54300.79156937418,17328.25663458116,22902.677746679747,35114.012202720805,142748.6579461012,100989.37215825309,58650.80600231914,59698.491727606626,45101.47925087603,158822.35025466094,100519.21736193921,59114.26034634084,49950.84643727242,262799.23407805513,54421.36656548161,11191.329139695908,35458.490035692266,100184.98297900095,47769.46890436362,57492.671956335005,3721.384638614448,76457.96059235149,48856.90735144625,28272.474346659004,40185.57331302104,109410.91456968499
260,32172.834451307324,25240.20905346558,97180.30402146872,53044.4891300034,94784.3451948457,51733.11403680515,16974.725256755668,22307.315656946183,34470.626837458105,140210.39980533524,97465.70862285253,54306.39734272968,54647.2691415514,43345.787160760505,148910.77058933722,95508.68601370743,57481.378497307436,46902.415194952395,246057.34570967554,53506.90119780822,10844.844656314477,34609.764358626984,87534.66381961013,48763.04600878984,55933.78721421571,3608.9013338095833,75114.52349713948,48230.638843329805,27775.621644660863,40035.52815075692,107230.26734788505
261,30979.083524278056,24977.40901889249,94085.71298735918,52658.64708108775,95406.09050294441,49852.98010816077,16559.04955614726,21506.921989897895,33513.00089272696,136441.91643355702,93883.22366436022,50979.92828222992,52342.55020010887,40806.607404702554,146256.05076450086,91424.83414861932,54300.50563730592,43793.81540007679,236215.63799690304,52884.50837308121,10288.405918078062,32038.049419405743,83614.05045222765,46965.69809062675,55488.39315890246,3500.3142189431424,73800.73510478054,47682.24490837795,27793.333906141343,39910.63617788284,103253.36748681222
262,29092.613785615067,22767.464449121093,87518.17920731803,51358.33971437272,90985.59682011728,50478.76834921701,16016.263709138593,20566.975854607805,32607.65847496958,135351.327275932,92827.9469167407,47371.18069365406,51111.98494812684,37675.97963780175,136262.84353696805,86343.81778072623,49929.93552761287,43194.36713309935,200946.7642858871,51580.80841494667,9698.591603596913,29578.526347251278,74867.27454658532,46445.41349016616,55041.98537948572,3296.7072413070487,71289.96308056217,46889.70313417966,27483.79233893441,39670.70947936671,101307.72473624631
263,26229.757734140425,20634.957757196906,80923.0955676697,49223.79514378149,84363.77676657194,48674.946271519315,15218.817667095333,18935.347664400546,30051.944550414715,133554.38073457126,91875.3898665281,44944.94646759336,48133.66580798222,33108.956144865166,133934.75704036216,77629.08338858077,48260.57782380866,42637.91503009679,173107.11252605706,49267.12707663603,8934.688325185443,28367.50635431168,68799.00782400723,45096.66641449722,50060.67351813961,3052.410450270806,68189.2339729782,45544.99216512896,27088.254159421296,39683.34201368718,99997.52395364863
264,23374.72953355491,19554.309214536417,75625.93243630529,47800.184948852264,78752.89714381985,47016.1707202149,14476.351574572687,17808.840927561036,27376.978534263522,121951.18307645213,86767.73443750326,43764.47775106334,43491.82497207754,30556.539620663312,133092.8989273964,71548.01609819605,39367.07602020625,40138.55611938562,149195.20426815082,46676.883826802936,7935.983927993968,26117.363175926148,69591.21395706377,42135.02109466655,45878.55429251267,2848.300862798486,65517.248572531695,44555.78680959597,26819.18366724307,38742.759192026926,99027.92762091526
265,23284.95127083074,19871.803894573015,76644.24384036666,49642.57603381687,76450.03561978728,48175.3187463636,14498.16577216668,17938.382708672423,27980.201540445658,133824.2043177372,91917.0744649025,53087.27118633311,42320.08563447554,33773.27444194352,138124.92869487454,74068.38460743315,44536.06782795837,44483.10754082669,144551.166277105,48046.00702803158,7394.381243000813,27810.179408517306,76052.03874047018,40672.019301021195,42591.43434163442,2832.886583840575,65312.22796825123,44559.33479029804,27589.305371233047,39514.33797918689,98856.83517510387
266,20691.945723963243,19882.191101921417,67645.71896503397,47927.265529279844,75325.27220768465,47460.82579984649,14216.982528940505,18056.382291232927,26097.078393439177,132738.12901789884,87023.94903626782,49681.097855878696,39797.13559202288,33221.89130240753,137081.10127995294,74743.48501343203,42645.03026747331,43675.140948186105,138522.01289048904,47067.14714775875,7038.045824985779,27055.63901792437,74465.46105754965,39597.03961383945,41666.37632288675,2777.537404103875,64572.13061728622,44280.80040292109,27509.53876987716,39452.95187684879,98469.11672230424
267,20556.600834563083,19392.34870883776,67979.97025530782,49411.16670779455,74912.97031430216,47467.35045429087,14141.53301831387,17817.060382490992,23096.23756479774,128863.64175673004,83851.98120516358,48513.25261840646,38216.23736393509,32748.72487540837,135959.58179641786,72722.75274258676,40763.742976794965,43335.07212380319,132552.72352915475,46358.59802911203,6789.7029453373225,26945.897650890685,73098.6685596108,38836.21325598016,40267.75968453211,2737.4923973702525,64032.781155846824,44223.20335071114,27367.229179568898,39395.1657864553,97691.02661776479
268,21300.183410913665,19353.52846493022,74379.27210461124,49390.50589886145,75208.88264285441,47775.0369241045,14107.79740328414,17786.0332993905,22214.61832210331,126149.07871842798,82086.48383537972,47821.60861742111,37568.98897668311,32103.883023684895,134281.3263209516,71383.2600601474,38146.979714233654,43096.42467868672,129590.97440738625,46050.016406098905,6764.66671967243,26873.938671686672,72438.47039388718,38311.27129645804,39327.68319641092,2711.5073304194984,63681.014912087376,44163.27989214696,27471.32464545855,39305.15968947686,96572.10753942153
269,21940.802270918062,19231.03979665141,75829.12619482768,49403.04413398948,76865.58018936659,48722.04316336257,14384.183733524338,18205.576282825194,22147.05119455063,124946.97374989926,81980.39227208214,48146.65482894696,37488.98978231748,32025.21491087904,137902.06375871514,71383.2600601474,41139.204311355665,43241.1126134373,126644.73772210482,45910.80768731826,6884.501212835227,28165.76043388636,73262.18056157368,38468.77415797245,39798.506716060496,2714.388876724659,63720.093103256295,44470.04063791074,27467.620133044762,39348.65911918343,97691.02661776479
270,23083.708041792484,20628.440426790607,79969.46228744033,50324.19019610766,81670.99201432981,51661.579871473514,14859.755656662617,19322.26905136364,22302.519386116634,125423.10559167432,84419.74950528769,50519.789678430476,39032.08078178166,33517.06448737615,141986.4269075698,72052.23541842708,44536.06782795837,43831.18333558432,129590.97440738625,46805.20382325775,7200.01548096801,30819.346234121436,77226.79521259932,38258.76646056475,40735.47066717565,2805.9786579260417,64953.201077436424,45052.510681160304,27658.251925746223,39557.84266237318,98080.51638287462
271,25257.092229564943,22589.026280269693,86021.5001292723,52030.22716126422,87361.22385377905,51825.95419220829,16012.53875644433,21391.695155195743,24099.686330322646,133269.6160303959,93291.70838645584,56167.09181907463,43347.32234243445,37930.883408954964,149553.37324890372,76777.84099690759,47581.22043408747,44278.54900735286,138522.01289048904,49280.47021967123,7607.565388725875,33185.840834714814,79840.33456140499,39046.13625937198,41666.37632288675,3026.162160846151,67849.94301051644,46010.9549325455,28293.28644003504,39952.89717767343,99629.65602920765
272,28243.62393906428,25485.1539589954,90992.91409135378,52427.55067258817,86645.57838911815,52466.14272178064,16787.354760903534,22204.28257358369,28329.823268000073,145018.53214675374,110235.13452960484,62231.646477944814,48296.85734724204,43000.94414821025,150770.01568680356,83655.11091351975,52964.82617318483,47294.95563435785,181911.83329433782,51661.86505826497,8344.457628758004,37861.30569086007,75430.29747742612,42322.33041911802,43968.48625435913,3153.1984394009564,69480.73916859346,46289.81174104464,28211.98906309256,39028.82077634775,100399.03709772296
273,30961.170551043833,29478.980467289817,97747.5681989992,52570.37491317884,87861.96203823441,54090.44970521363,16841.027148481724,22121.632237751663,33849.26853573401,152073.5487229038,123669.74258143967,64719.8209483764,52185.123940931575,48986.08970335437,152599.80568067904,87850.51825826199,58413.23541752994,50593.805587595976,227842.94724624863,53380.97529655543,9091.183227042819,39832.10211316863,80719.52483229354,43970.90528612219,49802.85345583125,3479.2078826060633,73543.38286464017,47357.144051717216,28353.31162150796,39689.07520855517,101123.75649782862
274,32900.911601690204,31060.61615876991,100310.60785378724,54653.5552933264,90582.2688001731,55609.70437679161,17146.350813038556,22374.52508255329,40165.7546077724,159646.9264397721,131690.94779150595,65477.02156850998,54673.82718705295,51191.15400578734,152313.57306494538,95671.70695438134,60373.88449922378,51574.74080139411,244804.5538497403,53893.30550088669,9611.42651040691,42005.965207312234,83378.74017585562,49298.02210204329,51121.36967830283,3561.1993733234835,74539.46682896567,47637.26778657265,28225.715223698382,39795.54357591294,102307.80758129769
275,34243.12085014988,31699.82657788978,104341.78036925121,55101.37420292986,91903.8997678824,53398.37392068043,17256.70477364996,22411.92376966285,42940.441949921136,168805.7726196307,134961.02218994027,67204.54481069335,57479.66742104589,53109.52554566971,154331.12702048893,98556.23336799041,61947.790478620605,55877.127872902885,255114.30273541494,54660.29258787351,9800.89187116945,40684.37344530614,89812.7932707019,50887.839426350125,51558.733427257386,3573.702737796116,74690.51043335402,47547.41400764544,28359.236774349672,39951.05012754391,102015.58062281171
276,32292.84299470288,28206.44972643658,99990.98739115884,55123.86331477552,91932.97636812113,51191.23358070167,17314.5288333892,22283.915266164575,41015.77726621175,165622.02596477183,118617.5145804244,66724.60097503247,55546.66019089327,52273.899987720026,153002.75167841482,103098.96979237215,59588.71806837885,51071.515967419364,211167.48903259827,53842.91574713633,9542.15369191036,40548.84512393719,93545.13733638861,51799.4217858761,49802.85345583125,3491.692485717818,73695.68863029673,47771.456176911604,28488.464790757112,39862.18433597919,100806.58262436149
277,31027.070840157085,27930.730015273002,94557.31560991965,52046.42981103623,86381.02303845975,52117.4104473137,16557.08950353001,21710.26380687384,37907.366826770776,148804.9762593081,117508.15311870287,63060.38230785024,51041.688719981146,47758.567796738316,151171.88047448482,100733.46913031269,56460.247024535594,50094.482627433375,201304.49927628634,52177.19583090225,8975.912547944747,40841.71690952017,86056.70196133309,51226.4782165437,49361.15714670779,3347.4020869952556,71921.08939468363,46832.24939900796,28495.69647666747,40050.04540228062,100207.01119311969
278,31191.775690260074,29653.479534616516,98794.6910031337,53425.44188343793,85301.89926292733,53357.55618908624,16782.15866655589,22077.184449553002,38718.86031637792,159115.87600533274,123782.02492704357,63268.31682747756,50179.41834058747,48329.67728716133,153457.83197406319,92808.5638583382,56850.22230142809,50258.532094721995,234593.88420994816,52410.020992726386,8918.051404369638,41655.01079706426,87299.77099475256,49636.950238774,50243.444281578,3343.1750444764134,71868.61976753904,46421.83862893253,28409.78684379742,40205.19288425965,99629.65602920765
279,31304.46571606453,28929.584094679074,100214.69801606234,53642.16554145154,87439.02820862028,55746.79804630098,16992.386394867866,22255.92272080098,38223.4594557884,161081.9218725243,123109.05507204926,63747.48573848916,51560.93659437701,48948.32601377955,155075.22017364303,95671.70695438134,58413.23541752994,48722.40892760186,248230.238109599,53202.25590817528,9108.864411525981,41702.831164288415,90726.73864364263,48828.63300100985,50682.94476607796,3364.419752669021,72132.04447954829,46324.527307225355,28118.577417514287,40213.1525883846,101623.03247556726
280,32064.8706539401,29410.673540229745,102057.60187642404,53728.97879983969,90436.95824405566,57808.08023143161,17114.8290836505,22766.566978721523,38247.00075963043,161673.88012529057,123174.67916675539,65093.319551964974,52952.10517886791,49483.72693651445,161163.9318063097,96390.8465046325,60373.88449922378,50702.24787226537,251666.84797596018,53415.704992179715,9455.274224572953,42584.531648444114,91530.5545950648,49376.241856421,51121.36967830283,3385.8144732082537,72396.62010664408,46336.082768760476,27442.603714365145,40075.79400959971,103367.79647688766
281,34005.62397170879,31000.57464296105,110298.7100314728,55480.93628170208,96332.64029881079,62048.9548,17707.71723368708,24835.300738150003,39911.95251285097,163968.95700372473,121392.93853917798,67943.08185541333,56083.40194404794,53164.72089515488,163913.4113806247,94953.90380171042,64317.40903006453,55112.4372811313,262041.4312009818,55512.556724702554,10276.620664418264,44515.80028070907,94300.25548648772,48176.50124679437,51995.05007456611,3545.679500479504,74351.67112456245,47584.753140684006,28124.219732889625,40949.522479991196,104384.02855269941
282,35454.881077941274,30338.629084568493,116301.16108247833,57929.1573,99420.40949216261,57754.13054643291,18953.2513786,24211.06234050299,41177.6356607882,164225.01646145363,116830.61015149234,71489.60820697458,62828.40861525193,53964.88823779557,171264.23111294582,103098.96979237215,71492.68802439974,60095.73024154471,244804.5538497403,56767.41960855254,11014.891367000591,43016.721740861045,102631.48024295902,51148.3361829343,53730.11537957425,3760.825963866807,76924.95139794906,49230.22650872279,28718.91384855649,41535.635495915005,105582.9824944075
283,34830.793199980195,28654.898825293014,105364.99457215234,56694.646156801784,99393.40507531099,56591.974985079316,18208.926965851922,24057.739558719215,40197.98201010175,165324.89192713203,113293.07677124496,74208.01749029547,64313.37828205684,53096.48561381751,163027.51378254333,115579.9611386953,69158.01451885128,57135.31453132408,276165.95160000003,57453.95155500001,11442.684712259443,39424.97323118243,112538.50203088057,52606.461460784274,55670.88397834215,3834.3676226899997,77790.20532755,49640.131763515,29206.451795186553,40981.949736462324,108222.15945998077
284,34075.151356678994,27643.15172286939,103273.73313392773,55591.1428392553,95331.93809970445,53915.95611881196,17837.42813739421,23432.35128506981,39461.4443228366,162385.19877104115,109340.11939661542,68711.24812308406,58871.6798477627,51029.56715895768,152853.50371466303,109818.70439882619,67247.69937726956,53648.42511342813,258572.5231067448,56488.52837199678,11088.418239391542,38481.30679007804,98328.30878556363,53700.64519050001,54161.39609647708,3718.469271962801,76423.3594599446,49003.8235535292,28693.18562993024,40828.93105858486,106065.20508032161
285,32810.816267327056,27355.33234652862,99961.12817747756,55186.776602414146,95964.00711338827,51956.49127155453,17400.6266383471,22591.590977507625,38365.16884521608,158020.7156639309,105321.1742862499,64502.428312274824,56388.798675636324,48040.27448768,150128.4944691862,105122.9710629457,63526.383232133645,50092.71305446894,248230.238109599,55831.45322933166,10519.481970620544,35621.91281884659,93924.2559795662,51721.303235123356,53730.11537957425,3606.585401329042,75086.67891017886,48446.63832292298,28711.483013624736,40701.56404269223,102131.51443698746
286,30812.80325507522,24934.994507332543,92951.28070788085,53824.04177842837,91535.71577266276,52608.684203927645,16830.25490074514,21604.24008464918,37328.74674648554,156757.64575339397,104137.33140231129,59936.45518378086,55063.10674839997,44354.689559016326,139870.69557371494,99280.66856837293,58413.23541752994,49407.04568901157,211167.48903259827,54455.10568490183,9916.420515172309,32887.26080226155,84098.94056051674,51148.3361829343,53297.85306075538,3396.7968202990833,72532.15784028055,47641.39132240591,28391.715781709143,40456.88260384767,100207.01119311969
287,27780.67211307015,22599.466861344175,85874.0476851673,51587.01821449746,84903.29411126375,50728.75113208314,15992.280426740928,19890.323201617393,34403.00468747179,154676.50539786444,103068.72272882031,56866.65880492217,51854.55390289766,38978.083265421985,137480.96797678794,89260.20990571317,56460.247024535594,48770.558658374466,181911.83329433782,52012.496395312206,9135.360083796126,31540.772817127097,77282.41350649788,49663.01904033485,48474.38556034845,3145.0830640384047,69377.39995666266,46275.123310242285,27983.111050780433,40469.76548304746,98911.045808162
288,24756.83166749868,21415.937376283928,80203.00693188318,50095.060821906285,79270.06839896968,48999.984722014364,15212.080136632903,18707.002806256354,31340.744665059807,141238.21864660128,97338.79307112515,55373.06904658971,46853.88375252289,35973.207383105524,136616.819858501,82268.01936195174,46055.7029559226,45911.71506161021,156783.697279089,49277.91401373031,8114.224935757776,29038.92249905432,78172.3042751827,46401.486434851926,44424.786432823166,2934.7766137017175,66658.85644173478,45270.060017213844,27705.15185050128,39510.54268883711,100127.14174732256
