variable,description,province_code,province_name_cn,year,value,unit,source_file,source_sheet,source_range
domestic_iron_ore_production_raw,Raw provincial domestic iron ore production before model conversion,he,河北,2016,52203.34,"10,000 tonnes",input-MR-demand.xlsx,ore,ore!A13:G38
domestic_iron_ore_production_raw,Raw provincial domestic iron ore production before model conversion,he,河北,2017,58163.52,"10,000 tonnes",input-MR-demand.xlsx,ore,ore!A13:G38
domestic_iron_ore_production_raw,Raw provincial domestic iron ore production before model conversion,he,河北,2018,24642.44,"10,000 tonnes",input-MR-demand.xlsx,ore,ore!A13:G38
domestic_iron_ore_production_raw,Raw provincial domestic iron ore production before model conversion,he,河北,2019,29952.2,"10,000 tonnes",input-MR-demand.xlsx,ore,ore!A13:G38
domestic_iron_ore_production_raw,Raw provincial domestic iron ore production before model conversion,he,河北,2020,32117.59,"10,000 tonnes",input-MR-demand.xlsx,ore,ore!A13:G38
domestic_iron_ore_production_avg_2018_2020,Average of 2018-2020 raw provincial production used for MAXore conversion,he,河北,2018-2020_avg,28904.076666666664,"10,000 tonnes",input-MR-demand.xlsx,ore,ore!G13:G38
domestic_iron_ore_production_raw,Raw provincial domestic iron ore production before model conversion,ln,辽宁,2016,9711.97,"10,000 tonnes",input-MR-demand.xlsx,ore,ore!A13:G38
domestic_iron_ore_production_raw,Raw provincial domestic iron ore production before model conversion,ln,辽宁,2017,12193.97,"10,000 tonnes",input-MR-demand.xlsx,ore,ore!A13:G38
domestic_iron_ore_production_raw,Raw provincial domestic iron ore production before model conversion,ln,辽宁,2018,13170.37,"10,000 tonnes",input-MR-demand.xlsx,ore,ore!A13:G38
domestic_iron_ore_production_raw,Raw provincial domestic iron ore production before model conversion,ln,辽宁,2019,12567,"10,000 tonnes",input-MR-demand.xlsx,ore,ore!A13:G38
domestic_iron_ore_production_raw,Raw provincial domestic iron ore production before model conversion,ln,辽宁,2020,13311.26,"10,000 tonnes",input-MR-demand.xlsx,ore,ore!A13:G38
domestic_iron_ore_production_avg_2018_2020,Average of 2018-2020 raw provincial production used for MAXore conversion,ln,辽宁,2018-2020_avg,13016.210000000001,"10,000 tonnes",input-MR-demand.xlsx,ore,ore!G13:G38
domestic_iron_ore_production_raw,Raw provincial domestic iron ore production before model conversion,sc,四川,2016,20437.3,"10,000 tonnes",input-MR-demand.xlsx,ore,ore!A13:G38
domestic_iron_ore_production_raw,Raw provincial domestic iron ore production before model conversion,sc,四川,2017,14440.36,"10,000 tonnes",input-MR-demand.xlsx,ore,ore!A13:G38
domestic_iron_ore_production_raw,Raw provincial domestic iron ore production before model conversion,sc,四川,2018,10044.18,"10,000 tonnes",input-MR-demand.xlsx,ore,ore!A13:G38
domestic_iron_ore_production_raw,Raw provincial domestic iron ore production before model conversion,sc,四川,2019,10928.8,"10,000 tonnes",input-MR-demand.xlsx,ore,ore!A13:G38
domestic_iron_ore_production_raw,Raw provincial domestic iron ore production before model conversion,sc,四川,2020,10796.36,"10,000 tonnes",input-MR-demand.xlsx,ore,ore!A13:G38
domestic_iron_ore_production_avg_2018_2020,Average of 2018-2020 raw provincial production used for MAXore conversion,sc,四川,2018-2020_avg,10589.78,"10,000 tonnes",input-MR-demand.xlsx,ore,ore!G13:G38
domestic_iron_ore_production_raw,Raw provincial domestic iron ore production before model conversion,sx,山西,2016,6304.97,"10,000 tonnes",input-MR-demand.xlsx,ore,ore!A13:G38
domestic_iron_ore_production_raw,Raw provincial domestic iron ore production before model conversion,sx,山西,2017,6629.52,"10,000 tonnes",input-MR-demand.xlsx,ore,ore!A13:G38
domestic_iron_ore_production_raw,Raw provincial domestic iron ore production before model conversion,sx,山西,2018,5053.58,"10,000 tonnes",input-MR-demand.xlsx,ore,ore!A13:G38
domestic_iron_ore_production_raw,Raw provincial domestic iron ore production before model conversion,sx,山西,2019,5782.16,"10,000 tonnes",input-MR-demand.xlsx,ore,ore!A13:G38
domestic_iron_ore_production_raw,Raw provincial domestic iron ore production before model conversion,sx,山西,2020,4986.71,"10,000 tonnes",input-MR-demand.xlsx,ore,ore!A13:G38
domestic_iron_ore_production_avg_2018_2020,Average of 2018-2020 raw provincial production used for MAXore conversion,sx,山西,2018-2020_avg,5274.150000000001,"10,000 tonnes",input-MR-demand.xlsx,ore,ore!G13:G38
domestic_iron_ore_production_raw,Raw provincial domestic iron ore production before model conversion,nm,内蒙古,2016,7713.19,"10,000 tonnes",input-MR-demand.xlsx,ore,ore!A13:G38
domestic_iron_ore_production_raw,Raw provincial domestic iron ore production before model conversion,nm,内蒙古,2017,2693.68,"10,000 tonnes",input-MR-demand.xlsx,ore,ore!A13:G38
domestic_iron_ore_production_raw,Raw provincial domestic iron ore production before model conversion,nm,内蒙古,2018,2542.4,"10,000 tonnes",input-MR-demand.xlsx,ore,ore!A13:G38
domestic_iron_ore_production_raw,Raw provincial domestic iron ore production before model conversion,nm,内蒙古,2019,3323.88,"10,000 tonnes",input-MR-demand.xlsx,ore,ore!A13:G38
domestic_iron_ore_production_raw,Raw provincial domestic iron ore production before model conversion,nm,内蒙古,2020,4272.62,"10,000 tonnes",input-MR-demand.xlsx,ore,ore!A13:G38
domestic_iron_ore_production_avg_2018_2020,Average of 2018-2020 raw provincial production used for MAXore conversion,nm,内蒙古,2018-2020_avg,3379.6333333333337,"10,000 tonnes",input-MR-demand.xlsx,ore,ore!G13:G38
domestic_iron_ore_production_raw,Raw provincial domestic iron ore production before model conversion,sd,山东,2016,1863.43,"10,000 tonnes",input-MR-demand.xlsx,ore,ore!A13:G38
domestic_iron_ore_production_raw,Raw provincial domestic iron ore production before model conversion,sd,山东,2017,1896.62,"10,000 tonnes",input-MR-demand.xlsx,ore,ore!A13:G38
domestic_iron_ore_production_raw,Raw provincial domestic iron ore production before model conversion,sd,山东,2018,1987.49,"10,000 tonnes",input-MR-demand.xlsx,ore,ore!A13:G38
domestic_iron_ore_production_raw,Raw provincial domestic iron ore production before model conversion,sd,山东,2019,2458.63,"10,000 tonnes",input-MR-demand.xlsx,ore,ore!A13:G38
domestic_iron_ore_production_raw,Raw provincial domestic iron ore production before model conversion,sd,山东,2020,3147.63,"10,000 tonnes",input-MR-demand.xlsx,ore,ore!A13:G38
domestic_iron_ore_production_avg_2018_2020,Average of 2018-2020 raw provincial production used for MAXore conversion,sd,山东,2018-2020_avg,2531.25,"10,000 tonnes",input-MR-demand.xlsx,ore,ore!G13:G38
domestic_iron_ore_production_raw,Raw provincial domestic iron ore production before model conversion,xj,新疆,2016,#N/A,"10,000 tonnes",input-MR-demand.xlsx,ore,ore!A13:G38
domestic_iron_ore_production_raw,Raw provincial domestic iron ore production before model conversion,xj,新疆,2017,2413.47,"10,000 tonnes",input-MR-demand.xlsx,ore,ore!A13:G38
domestic_iron_ore_production_raw,Raw provincial domestic iron ore production before model conversion,xj,新疆,2018,2369.13,"10,000 tonnes",input-MR-demand.xlsx,ore,ore!A13:G38
domestic_iron_ore_production_raw,Raw provincial domestic iron ore production before model conversion,xj,新疆,2019,2686.48,"10,000 tonnes",input-MR-demand.xlsx,ore,ore!A13:G38
domestic_iron_ore_production_raw,Raw provincial domestic iron ore production before model conversion,xj,新疆,2020,3076.88,"10,000 tonnes",input-MR-demand.xlsx,ore,ore!A13:G38
domestic_iron_ore_production_avg_2018_2020,Average of 2018-2020 raw provincial production used for MAXore conversion,xj,新疆,2018-2020_avg,2710.8300000000004,"10,000 tonnes",input-MR-demand.xlsx,ore,ore!G13:G38
domestic_iron_ore_production_raw,Raw provincial domestic iron ore production before model conversion,ah,安徽,2016,5357.44,"10,000 tonnes",input-MR-demand.xlsx,ore,ore!A13:G38
domestic_iron_ore_production_raw,Raw provincial domestic iron ore production before model conversion,ah,安徽,2017,3726.03,"10,000 tonnes",input-MR-demand.xlsx,ore,ore!A13:G38
domestic_iron_ore_production_raw,Raw provincial domestic iron ore production before model conversion,ah,安徽,2018,2660.72,"10,000 tonnes",input-MR-demand.xlsx,ore,ore!A13:G38
domestic_iron_ore_production_raw,Raw provincial domestic iron ore production before model conversion,ah,安徽,2019,2863.46,"10,000 tonnes",input-MR-demand.xlsx,ore,ore!A13:G38
domestic_iron_ore_production_raw,Raw provincial domestic iron ore production before model conversion,ah,安徽,2020,2615.67,"10,000 tonnes",input-MR-demand.xlsx,ore,ore!A13:G38
domestic_iron_ore_production_avg_2018_2020,Average of 2018-2020 raw provincial production used for MAXore conversion,ah,安徽,2018-2020_avg,2713.2833333333333,"10,000 tonnes",input-MR-demand.xlsx,ore,ore!G13:G38
domestic_iron_ore_production_raw,Raw provincial domestic iron ore production before model conversion,yn,云南,2016,2335.05,"10,000 tonnes",input-MR-demand.xlsx,ore,ore!A13:G38
domestic_iron_ore_production_raw,Raw provincial domestic iron ore production before model conversion,yn,云南,2017,2717.45,"10,000 tonnes",input-MR-demand.xlsx,ore,ore!A13:G38
domestic_iron_ore_production_raw,Raw provincial domestic iron ore production before model conversion,yn,云南,2018,1840.91,"10,000 tonnes",input-MR-demand.xlsx,ore,ore!A13:G38
domestic_iron_ore_production_raw,Raw provincial domestic iron ore production before model conversion,yn,云南,2019,2043.76,"10,000 tonnes",input-MR-demand.xlsx,ore,ore!A13:G38
domestic_iron_ore_production_raw,Raw provincial domestic iron ore production before model conversion,yn,云南,2020,2170.29,"10,000 tonnes",input-MR-demand.xlsx,ore,ore!A13:G38
domestic_iron_ore_production_avg_2018_2020,Average of 2018-2020 raw provincial production used for MAXore conversion,yn,云南,2018-2020_avg,2018.32,"10,000 tonnes",input-MR-demand.xlsx,ore,ore!G13:G38
domestic_iron_ore_production_raw,Raw provincial domestic iron ore production before model conversion,fj,福建,2016,1776.68,"10,000 tonnes",input-MR-demand.xlsx,ore,ore!A13:G38
domestic_iron_ore_production_raw,Raw provincial domestic iron ore production before model conversion,fj,福建,2017,1989.83,"10,000 tonnes",input-MR-demand.xlsx,ore,ore!A13:G38
domestic_iron_ore_production_raw,Raw provincial domestic iron ore production before model conversion,fj,福建,2018,2067.88,"10,000 tonnes",input-MR-demand.xlsx,ore,ore!A13:G38
domestic_iron_ore_production_raw,Raw provincial domestic iron ore production before model conversion,fj,福建,2019,1894.23,"10,000 tonnes",input-MR-demand.xlsx,ore,ore!A13:G38
domestic_iron_ore_production_raw,Raw provincial domestic iron ore production before model conversion,fj,福建,2020,2080.08,"10,000 tonnes",input-MR-demand.xlsx,ore,ore!A13:G38
domestic_iron_ore_production_avg_2018_2020,Average of 2018-2020 raw provincial production used for MAXore conversion,fj,福建,2018-2020_avg,2014.0633333333335,"10,000 tonnes",input-MR-demand.xlsx,ore,ore!G13:G38
domestic_iron_ore_production_raw,Raw provincial domestic iron ore production before model conversion,bj,北京,2016,1653.6,"10,000 tonnes",input-MR-demand.xlsx,ore,ore!A13:G38
domestic_iron_ore_production_raw,Raw provincial domestic iron ore production before model conversion,bj,北京,2017,1818.73,"10,000 tonnes",input-MR-demand.xlsx,ore,ore!A13:G38
domestic_iron_ore_production_raw,Raw provincial domestic iron ore production before model conversion,bj,北京,2018,1569.52,"10,000 tonnes",input-MR-demand.xlsx,ore,ore!A13:G38
domestic_iron_ore_production_raw,Raw provincial domestic iron ore production before model conversion,bj,北京,2019,1559.93,"10,000 tonnes",input-MR-demand.xlsx,ore,ore!A13:G38
domestic_iron_ore_production_raw,Raw provincial domestic iron ore production before model conversion,bj,北京,2020,1457.64,"10,000 tonnes",input-MR-demand.xlsx,ore,ore!A13:G38
domestic_iron_ore_production_avg_2018_2020,Average of 2018-2020 raw provincial production used for MAXore conversion,bj,北京,2018-2020_avg,1529.03,"10,000 tonnes",input-MR-demand.xlsx,ore,ore!G13:G38
domestic_iron_ore_production_raw,Raw provincial domestic iron ore production before model conversion,sn,陕西,2016,2206.37,"10,000 tonnes",input-MR-demand.xlsx,ore,ore!A13:G38
domestic_iron_ore_production_raw,Raw provincial domestic iron ore production before model conversion,sn,陕西,2017,2395.22,"10,000 tonnes",input-MR-demand.xlsx,ore,ore!A13:G38
domestic_iron_ore_production_raw,Raw provincial domestic iron ore production before model conversion,sn,陕西,2018,2201.58,"10,000 tonnes",input-MR-demand.xlsx,ore,ore!A13:G38
domestic_iron_ore_production_raw,Raw provincial domestic iron ore production before model conversion,sn,陕西,2019,2049.65,"10,000 tonnes",input-MR-demand.xlsx,ore,ore!A13:G38
domestic_iron_ore_production_raw,Raw provincial domestic iron ore production before model conversion,sn,陕西,2020,1355.97,"10,000 tonnes",input-MR-demand.xlsx,ore,ore!A13:G38
domestic_iron_ore_production_avg_2018_2020,Average of 2018-2020 raw provincial production used for MAXore conversion,sn,陕西,2018-2020_avg,1869.0666666666666,"10,000 tonnes",input-MR-demand.xlsx,ore,ore!G13:G38
domestic_iron_ore_production_raw,Raw provincial domestic iron ore production before model conversion,gs,甘肃,2016,1648.38,"10,000 tonnes",input-MR-demand.xlsx,ore,ore!A13:G38
domestic_iron_ore_production_raw,Raw provincial domestic iron ore production before model conversion,gs,甘肃,2017,1962.23,"10,000 tonnes",input-MR-demand.xlsx,ore,ore!A13:G38
domestic_iron_ore_production_raw,Raw provincial domestic iron ore production before model conversion,gs,甘肃,2018,912.08,"10,000 tonnes",input-MR-demand.xlsx,ore,ore!A13:G38
domestic_iron_ore_production_raw,Raw provincial domestic iron ore production before model conversion,gs,甘肃,2019,896.04,"10,000 tonnes",input-MR-demand.xlsx,ore,ore!A13:G38
domestic_iron_ore_production_raw,Raw provincial domestic iron ore production before model conversion,gs,甘肃,2020,970.02,"10,000 tonnes",input-MR-demand.xlsx,ore,ore!A13:G38
domestic_iron_ore_production_avg_2018_2020,Average of 2018-2020 raw provincial production used for MAXore conversion,gs,甘肃,2018-2020_avg,926.0466666666666,"10,000 tonnes",input-MR-demand.xlsx,ore,ore!G13:G38
domestic_iron_ore_production_raw,Raw provincial domestic iron ore production before model conversion,jx,江西,2016,2212.01,"10,000 tonnes",input-MR-demand.xlsx,ore,ore!A13:G38
domestic_iron_ore_production_raw,Raw provincial domestic iron ore production before model conversion,jx,江西,2017,1716.7,"10,000 tonnes",input-MR-demand.xlsx,ore,ore!A13:G38
domestic_iron_ore_production_raw,Raw provincial domestic iron ore production before model conversion,jx,江西,2018,941.85,"10,000 tonnes",input-MR-demand.xlsx,ore,ore!A13:G38
domestic_iron_ore_production_raw,Raw provincial domestic iron ore production before model conversion,jx,江西,2019,950.14,"10,000 tonnes",input-MR-demand.xlsx,ore,ore!A13:G38
domestic_iron_ore_production_raw,Raw provincial domestic iron ore production before model conversion,jx,江西,2020,756.64,"10,000 tonnes",input-MR-demand.xlsx,ore,ore!A13:G38
domestic_iron_ore_production_avg_2018_2020,Average of 2018-2020 raw provincial production used for MAXore conversion,jx,江西,2018-2020_avg,882.8766666666667,"10,000 tonnes",input-MR-demand.xlsx,ore,ore!G13:G38
domestic_iron_ore_production_raw,Raw provincial domestic iron ore production before model conversion,hi,海南,2016,408.08,"10,000 tonnes",input-MR-demand.xlsx,ore,ore!A13:G38
domestic_iron_ore_production_raw,Raw provincial domestic iron ore production before model conversion,hi,海南,2017,434.71,"10,000 tonnes",input-MR-demand.xlsx,ore,ore!A13:G38
domestic_iron_ore_production_raw,Raw provincial domestic iron ore production before model conversion,hi,海南,2018,284.58,"10,000 tonnes",input-MR-demand.xlsx,ore,ore!A13:G38
domestic_iron_ore_production_raw,Raw provincial domestic iron ore production before model conversion,hi,海南,2019,434.46,"10,000 tonnes",input-MR-demand.xlsx,ore,ore!A13:G38
domestic_iron_ore_production_raw,Raw provincial domestic iron ore production before model conversion,hi,海南,2020,612.97,"10,000 tonnes",input-MR-demand.xlsx,ore,ore!A13:G38
domestic_iron_ore_production_avg_2018_2020,Average of 2018-2020 raw provincial production used for MAXore conversion,hi,海南,2018-2020_avg,444.00333333333333,"10,000 tonnes",input-MR-demand.xlsx,ore,ore!G13:G38
domestic_iron_ore_production_raw,Raw provincial domestic iron ore production before model conversion,jl,吉林,2016,1835.27,"10,000 tonnes",input-MR-demand.xlsx,ore,ore!A13:G38
domestic_iron_ore_production_raw,Raw provincial domestic iron ore production before model conversion,jl,吉林,2017,1559.94,"10,000 tonnes",input-MR-demand.xlsx,ore,ore!A13:G38
domestic_iron_ore_production_raw,Raw provincial domestic iron ore production before model conversion,jl,吉林,2018,431.64,"10,000 tonnes",input-MR-demand.xlsx,ore,ore!A13:G38
domestic_iron_ore_production_raw,Raw provincial domestic iron ore production before model conversion,jl,吉林,2019,503.79,"10,000 tonnes",input-MR-demand.xlsx,ore,ore!A13:G38
domestic_iron_ore_production_raw,Raw provincial domestic iron ore production before model conversion,jl,吉林,2020,608.3,"10,000 tonnes",input-MR-demand.xlsx,ore,ore!A13:G38
domestic_iron_ore_production_avg_2018_2020,Average of 2018-2020 raw provincial production used for MAXore conversion,jl,吉林,2018-2020_avg,514.5766666666667,"10,000 tonnes",input-MR-demand.xlsx,ore,ore!G13:G38
domestic_iron_ore_production_raw,Raw provincial domestic iron ore production before model conversion,ha,河南,2016,1334.45,"10,000 tonnes",input-MR-demand.xlsx,ore,ore!A13:G38
domestic_iron_ore_production_raw,Raw provincial domestic iron ore production before model conversion,ha,河南,2017,1139.43,"10,000 tonnes",input-MR-demand.xlsx,ore,ore!A13:G38
domestic_iron_ore_production_raw,Raw provincial domestic iron ore production before model conversion,ha,河南,2018,731.59,"10,000 tonnes",input-MR-demand.xlsx,ore,ore!A13:G38
domestic_iron_ore_production_raw,Raw provincial domestic iron ore production before model conversion,ha,河南,2019,741.79,"10,000 tonnes",input-MR-demand.xlsx,ore,ore!A13:G38
domestic_iron_ore_production_raw,Raw provincial domestic iron ore production before model conversion,ha,河南,2020,601.34,"10,000 tonnes",input-MR-demand.xlsx,ore,ore!A13:G38
domestic_iron_ore_production_avg_2018_2020,Average of 2018-2020 raw provincial production used for MAXore conversion,ha,河南,2018-2020_avg,691.5733333333334,"10,000 tonnes",input-MR-demand.xlsx,ore,ore!G13:G38
domestic_iron_ore_production_raw,Raw provincial domestic iron ore production before model conversion,gd,广东,2016,1456.46,"10,000 tonnes",input-MR-demand.xlsx,ore,ore!A13:G38
domestic_iron_ore_production_raw,Raw provincial domestic iron ore production before model conversion,gd,广东,2017,1618.68,"10,000 tonnes",input-MR-demand.xlsx,ore,ore!A13:G38
domestic_iron_ore_production_raw,Raw provincial domestic iron ore production before model conversion,gd,广东,2018,420.78,"10,000 tonnes",input-MR-demand.xlsx,ore,ore!A13:G38
domestic_iron_ore_production_raw,Raw provincial domestic iron ore production before model conversion,gd,广东,2019,526.28,"10,000 tonnes",input-MR-demand.xlsx,ore,ore!A13:G38
domestic_iron_ore_production_raw,Raw provincial domestic iron ore production before model conversion,gd,广东,2020,593.37,"10,000 tonnes",input-MR-demand.xlsx,ore,ore!A13:G38
domestic_iron_ore_production_avg_2018_2020,Average of 2018-2020 raw provincial production used for MAXore conversion,gd,广东,2018-2020_avg,513.4766666666666,"10,000 tonnes",input-MR-demand.xlsx,ore,ore!G13:G38
domestic_iron_ore_production_raw,Raw provincial domestic iron ore production before model conversion,hb,湖北,2016,2904.99,"10,000 tonnes",input-MR-demand.xlsx,ore,ore!A13:G38
domestic_iron_ore_production_raw,Raw provincial domestic iron ore production before model conversion,hb,湖北,2017,1672.09,"10,000 tonnes",input-MR-demand.xlsx,ore,ore!A13:G38
domestic_iron_ore_production_raw,Raw provincial domestic iron ore production before model conversion,hb,湖北,2018,1427.14,"10,000 tonnes",input-MR-demand.xlsx,ore,ore!A13:G38
domestic_iron_ore_production_raw,Raw provincial domestic iron ore production before model conversion,hb,湖北,2019,1600.3,"10,000 tonnes",input-MR-demand.xlsx,ore,ore!A13:G38
domestic_iron_ore_production_raw,Raw provincial domestic iron ore production before model conversion,hb,湖北,2020,591.48,"10,000 tonnes",input-MR-demand.xlsx,ore,ore!A13:G38
domestic_iron_ore_production_avg_2018_2020,Average of 2018-2020 raw provincial production used for MAXore conversion,hb,湖北,2018-2020_avg,1206.3066666666666,"10,000 tonnes",input-MR-demand.xlsx,ore,ore!G13:G38
domestic_iron_ore_production_raw,Raw provincial domestic iron ore production before model conversion,hl,黑龙江,2016,437.46,"10,000 tonnes",input-MR-demand.xlsx,ore,ore!A13:G38
domestic_iron_ore_production_raw,Raw provincial domestic iron ore production before model conversion,hl,黑龙江,2017,537.63,"10,000 tonnes",input-MR-demand.xlsx,ore,ore!A13:G38
domestic_iron_ore_production_raw,Raw provincial domestic iron ore production before model conversion,hl,黑龙江,2018,337.09,"10,000 tonnes",input-MR-demand.xlsx,ore,ore!A13:G38
domestic_iron_ore_production_raw,Raw provincial domestic iron ore production before model conversion,hl,黑龙江,2019,288.49,"10,000 tonnes",input-MR-demand.xlsx,ore,ore!A13:G38
domestic_iron_ore_production_raw,Raw provincial domestic iron ore production before model conversion,hl,黑龙江,2020,255.69,"10,000 tonnes",input-MR-demand.xlsx,ore,ore!A13:G38
domestic_iron_ore_production_avg_2018_2020,Average of 2018-2020 raw provincial production used for MAXore conversion,hl,黑龙江,2018-2020_avg,293.75666666666666,"10,000 tonnes",input-MR-demand.xlsx,ore,ore!G13:G38
domestic_iron_ore_production_raw,Raw provincial domestic iron ore production before model conversion,hn,湖南,2016,811.32,"10,000 tonnes",input-MR-demand.xlsx,ore,ore!A13:G38
domestic_iron_ore_production_raw,Raw provincial domestic iron ore production before model conversion,hn,湖南,2017,520.53,"10,000 tonnes",input-MR-demand.xlsx,ore,ore!A13:G38
domestic_iron_ore_production_raw,Raw provincial domestic iron ore production before model conversion,hn,湖南,2018,322.41,"10,000 tonnes",input-MR-demand.xlsx,ore,ore!A13:G38
domestic_iron_ore_production_raw,Raw provincial domestic iron ore production before model conversion,hn,湖南,2019,142.1,"10,000 tonnes",input-MR-demand.xlsx,ore,ore!A13:G38
domestic_iron_ore_production_raw,Raw provincial domestic iron ore production before model conversion,hn,湖南,2020,109.77,"10,000 tonnes",input-MR-demand.xlsx,ore,ore!A13:G38
domestic_iron_ore_production_avg_2018_2020,Average of 2018-2020 raw provincial production used for MAXore conversion,hn,湖南,2018-2020_avg,191.42666666666665,"10,000 tonnes",input-MR-demand.xlsx,ore,ore!G13:G38
domestic_iron_ore_production_raw,Raw provincial domestic iron ore production before model conversion,gz,贵州,2016,442.93,"10,000 tonnes",input-MR-demand.xlsx,ore,ore!A13:G38
domestic_iron_ore_production_raw,Raw provincial domestic iron ore production before model conversion,gz,贵州,2017,231.77,"10,000 tonnes",input-MR-demand.xlsx,ore,ore!A13:G38
domestic_iron_ore_production_raw,Raw provincial domestic iron ore production before model conversion,gz,贵州,2018,143.4,"10,000 tonnes",input-MR-demand.xlsx,ore,ore!A13:G38
domestic_iron_ore_production_raw,Raw provincial domestic iron ore production before model conversion,gz,贵州,2019,110.8,"10,000 tonnes",input-MR-demand.xlsx,ore,ore!A13:G38
domestic_iron_ore_production_raw,Raw provincial domestic iron ore production before model conversion,gz,贵州,2020,99.83,"10,000 tonnes",input-MR-demand.xlsx,ore,ore!A13:G38
domestic_iron_ore_production_avg_2018_2020,Average of 2018-2020 raw provincial production used for MAXore conversion,gz,贵州,2018-2020_avg,118.00999999999999,"10,000 tonnes",input-MR-demand.xlsx,ore,ore!G13:G38
domestic_iron_ore_production_raw,Raw provincial domestic iron ore production before model conversion,js,江苏,2016,98.34,"10,000 tonnes",input-MR-demand.xlsx,ore,ore!A13:G38
domestic_iron_ore_production_raw,Raw provincial domestic iron ore production before model conversion,js,江苏,2017,72.87,"10,000 tonnes",input-MR-demand.xlsx,ore,ore!A13:G38
domestic_iron_ore_production_raw,Raw provincial domestic iron ore production before model conversion,js,江苏,2018,70.59,"10,000 tonnes",input-MR-demand.xlsx,ore,ore!A13:G38
domestic_iron_ore_production_raw,Raw provincial domestic iron ore production before model conversion,js,江苏,2019,70.76,"10,000 tonnes",input-MR-demand.xlsx,ore,ore!A13:G38
domestic_iron_ore_production_raw,Raw provincial domestic iron ore production before model conversion,js,江苏,2020,61.95,"10,000 tonnes",input-MR-demand.xlsx,ore,ore!A13:G38
domestic_iron_ore_production_avg_2018_2020,Average of 2018-2020 raw provincial production used for MAXore conversion,js,江苏,2018-2020_avg,67.76666666666667,"10,000 tonnes",input-MR-demand.xlsx,ore,ore!G13:G38
domestic_iron_ore_production_raw,Raw provincial domestic iron ore production before model conversion,gx,广西,2016,490.09,"10,000 tonnes",input-MR-demand.xlsx,ore,ore!A13:G38
domestic_iron_ore_production_raw,Raw provincial domestic iron ore production before model conversion,gx,广西,2017,278,"10,000 tonnes",input-MR-demand.xlsx,ore,ore!A13:G38
domestic_iron_ore_production_raw,Raw provincial domestic iron ore production before model conversion,gx,广西,2018,82.96,"10,000 tonnes",input-MR-demand.xlsx,ore,ore!A13:G38
domestic_iron_ore_production_raw,Raw provincial domestic iron ore production before model conversion,gx,广西,2019,12.48,"10,000 tonnes",input-MR-demand.xlsx,ore,ore!A13:G38
domestic_iron_ore_production_raw,Raw provincial domestic iron ore production before model conversion,gx,广西,2020,7.13,"10,000 tonnes",input-MR-demand.xlsx,ore,ore!A13:G38
domestic_iron_ore_production_avg_2018_2020,Average of 2018-2020 raw provincial production used for MAXore conversion,gx,广西,2018-2020_avg,34.19,"10,000 tonnes",input-MR-demand.xlsx,ore,ore!G13:G38
domestic_iron_ore_production_raw,Raw provincial domestic iron ore production before model conversion,qh,青海,2016,14.13,"10,000 tonnes",input-MR-demand.xlsx,ore,ore!A13:G38
domestic_iron_ore_production_raw,Raw provincial domestic iron ore production before model conversion,qh,青海,2017,6.1,"10,000 tonnes",input-MR-demand.xlsx,ore,ore!A13:G38
domestic_iron_ore_production_raw,Raw provincial domestic iron ore production before model conversion,qh,青海,2018,1.31,"10,000 tonnes",input-MR-demand.xlsx,ore,ore!A13:G38
domestic_iron_ore_production_raw,Raw provincial domestic iron ore production before model conversion,qh,青海,2019,6,"10,000 tonnes",input-MR-demand.xlsx,ore,ore!A13:G38
domestic_iron_ore_production_raw,Raw provincial domestic iron ore production before model conversion,qh,青海,2020,0.89,"10,000 tonnes",input-MR-demand.xlsx,ore,ore!A13:G38
domestic_iron_ore_production_avg_2018_2020,Average of 2018-2020 raw provincial production used for MAXore conversion,qh,青海,2018-2020_avg,2.733333333333334,"10,000 tonnes",input-MR-demand.xlsx,ore,ore!G13:G38
domestic_iron_ore_production_raw,Raw provincial domestic iron ore production before model conversion,zj,浙江,2016,108.53,"10,000 tonnes",input-MR-demand.xlsx,ore,ore!A13:G38
domestic_iron_ore_production_raw,Raw provincial domestic iron ore production before model conversion,zj,浙江,2017,89.15,"10,000 tonnes",input-MR-demand.xlsx,ore,ore!A13:G38
domestic_iron_ore_production_raw,Raw provincial domestic iron ore production before model conversion,zj,浙江,2018,74.65,"10,000 tonnes",input-MR-demand.xlsx,ore,ore!A13:G38
domestic_iron_ore_production_raw,Raw provincial domestic iron ore production before model conversion,zj,浙江,2019,26.56,"10,000 tonnes",input-MR-demand.xlsx,ore,ore!A13:G38
domestic_iron_ore_production_raw,Raw provincial domestic iron ore production before model conversion,zj,浙江,2020,0,"10,000 tonnes",input-MR-demand.xlsx,ore,ore!A13:G38
domestic_iron_ore_production_avg_2018_2020,Average of 2018-2020 raw provincial production used for MAXore conversion,zj,浙江,2018-2020_avg,33.73666666666667,"10,000 tonnes",input-MR-demand.xlsx,ore,ore!G13:G38
MAXore,"Domestic iron ore available in model, converted to imported-ore equivalent",bj,北京,2021,0.04704707692307692,100 million tonnes (imported-ore equivalent),input-MR-demand.xlsx,ore,ore!A44:AO74
MAXore,"Domestic iron ore available in model, converted to imported-ore equivalent",bj,北京,2022,0.04704707692307692,100 million tonnes (imported-ore equivalent),input-MR-demand.xlsx,ore,ore!A44:AO74
MAXore,"Domestic iron ore available in model, converted to imported-ore equivalent",bj,北京,2023,0.04704707692307692,100 million tonnes (imported-ore equivalent),input-MR-demand.xlsx,ore,ore!A44:AO74
MAXore,"Domestic iron ore available in model, converted to imported-ore equivalent",bj,北京,2024,0.04704707692307692,100 million tonnes (imported-ore equivalent),input-MR-demand.xlsx,ore,ore!A44:AO74
MAXore,"Domestic iron ore available in model, converted to imported-ore equivalent",bj,北京,2025,0.04704707692307692,100 million tonnes (imported-ore equivalent),input-MR-demand.xlsx,ore,ore!A44:AO74
MAXore,"Domestic iron ore available in model, converted to imported-ore equivalent",bj,北京,2026,0.04704707692307692,100 million tonnes (imported-ore equivalent),input-MR-demand.xlsx,ore,ore!A44:AO74
MAXore,"Domestic iron ore available in model, converted to imported-ore equivalent",bj,北京,2027,0.04704707692307692,100 million tonnes (imported-ore equivalent),input-MR-demand.xlsx,ore,ore!A44:AO74
MAXore,"Domestic iron ore available in model, converted to imported-ore equivalent",bj,北京,2028,0.04704707692307692,100 million tonnes (imported-ore equivalent),input-MR-demand.xlsx,ore,ore!A44:AO74
MAXore,"Domestic iron ore available in model, converted to imported-ore equivalent",bj,北京,2029,0.04704707692307692,100 million tonnes (imported-ore equivalent),input-MR-demand.xlsx,ore,ore!A44:AO74
MAXore,"Domestic iron ore available in model, converted to imported-ore equivalent",bj,北京,2030,0.04704707692307692,100 million tonnes (imported-ore equivalent),input-MR-demand.xlsx,ore,ore!A44:AO74
MAXore,"Domestic iron ore available in model, converted to imported-ore equivalent",bj,北京,2031,0.04704707692307692,100 million tonnes (imported-ore equivalent),input-MR-demand.xlsx,ore,ore!A44:AO74
MAXore,"Domestic iron ore available in model, converted to imported-ore equivalent",bj,北京,2032,0.04704707692307692,100 million tonnes (imported-ore equivalent),input-MR-demand.xlsx,ore,ore!A44:AO74
MAXore,"Domestic iron ore available in model, converted to imported-ore equivalent",bj,北京,2033,0.04704707692307692,100 million tonnes (imported-ore equivalent),input-MR-demand.xlsx,ore,ore!A44:AO74
MAXore,"Domestic iron ore available in model, converted to imported-ore equivalent",bj,北京,2034,0.04704707692307692,100 million tonnes (imported-ore equivalent),input-MR-demand.xlsx,ore,ore!A44:AO74
MAXore,"Domestic iron ore available in model, converted to imported-ore equivalent",bj,北京,2035,0.04704707692307692,100 million tonnes (imported-ore equivalent),input-MR-demand.xlsx,ore,ore!A44:AO74
MAXore,"Domestic iron ore available in model, converted to imported-ore equivalent",bj,北京,2036,0.04704707692307692,100 million tonnes (imported-ore equivalent),input-MR-demand.xlsx,ore,ore!A44:AO74
MAXore,"Domestic iron ore available in model, converted to imported-ore equivalent",bj,北京,2037,0.04704707692307692,100 million tonnes (imported-ore equivalent),input-MR-demand.xlsx,ore,ore!A44:AO74
MAXore,"Domestic iron ore available in model, converted to imported-ore equivalent",bj,北京,2038,0.04704707692307692,100 million tonnes (imported-ore equivalent),input-MR-demand.xlsx,ore,ore!A44:AO74
MAXore,"Domestic iron ore available in model, converted to imported-ore equivalent",bj,北京,2039,0.04704707692307692,100 million tonnes (imported-ore equivalent),input-MR-demand.xlsx,ore,ore!A44:AO74
MAXore,"Domestic iron ore available in model, converted to imported-ore equivalent",bj,北京,2040,0.04704707692307692,100 million tonnes (imported-ore equivalent),input-MR-demand.xlsx,ore,ore!A44:AO74
MAXore,"Domestic iron ore available in model, converted to imported-ore equivalent",bj,北京,2041,0.04704707692307692,100 million tonnes (imported-ore equivalent),input-MR-demand.xlsx,ore,ore!A44:AO74
MAXore,"Domestic iron ore available in model, converted to imported-ore equivalent",bj,北京,2042,0.04704707692307692,100 million tonnes (imported-ore equivalent),input-MR-demand.xlsx,ore,ore!A44:AO74
MAXore,"Domestic iron ore available in model, converted to imported-ore equivalent",bj,北京,2043,0.04704707692307692,100 million tonnes (imported-ore equivalent),input-MR-demand.xlsx,ore,ore!A44:AO74
MAXore,"Domestic iron ore available in model, converted to imported-ore equivalent",bj,北京,2044,0.04704707692307692,100 million tonnes (imported-ore equivalent),input-MR-demand.xlsx,ore,ore!A44:AO74
MAXore,"Domestic iron ore available in model, converted to imported-ore equivalent",bj,北京,2045,0.04704707692307692,100 million tonnes (imported-ore equivalent),input-MR-demand.xlsx,ore,ore!A44:AO74
MAXore,"Domestic iron ore available in model, converted to imported-ore equivalent",bj,北京,2046,0.04704707692307692,100 million tonnes (imported-ore equivalent),input-MR-demand.xlsx,ore,ore!A44:AO74
MAXore,"Domestic iron ore available in model, converted to imported-ore equivalent",bj,北京,2047,0.04704707692307692,100 million tonnes (imported-ore equivalent),input-MR-demand.xlsx,ore,ore!A44:AO74
MAXore,"Domestic iron ore available in model, converted to imported-ore equivalent",bj,北京,2048,0.04704707692307692,100 million tonnes (imported-ore equivalent),input-MR-demand.xlsx,ore,ore!A44:AO74
MAXore,"Domestic iron ore available in model, converted to imported-ore equivalent",bj,北京,2049,0.04704707692307692,100 million tonnes (imported-ore equivalent),input-MR-demand.xlsx,ore,ore!A44:AO74
MAXore,"Domestic iron ore available in model, converted to imported-ore equivalent",bj,北京,2050,0.04704707692307692,100 million tonnes (imported-ore equivalent),input-MR-demand.xlsx,ore,ore!A44:AO74
MAXore,"Domestic iron ore available in model, converted to imported-ore equivalent",bj,北京,2051,0.04704707692307692,100 million tonnes (imported-ore equivalent),input-MR-demand.xlsx,ore,ore!A44:AO74
MAXore,"Domestic iron ore available in model, converted to imported-ore equivalent",bj,北京,2052,0.04704707692307692,100 million tonnes (imported-ore equivalent),input-MR-demand.xlsx,ore,ore!A44:AO74
MAXore,"Domestic iron ore available in model, converted to imported-ore equivalent",bj,北京,2053,0.04704707692307692,100 million tonnes (imported-ore equivalent),input-MR-demand.xlsx,ore,ore!A44:AO74
MAXore,"Domestic iron ore available in model, converted to imported-ore equivalent",bj,北京,2054,0.04704707692307692,100 million tonnes (imported-ore equivalent),input-MR-demand.xlsx,ore,ore!A44:AO74
MAXore,"Domestic iron ore available in model, converted to imported-ore equivalent",bj,北京,2055,0.04704707692307692,100 million tonnes (imported-ore equivalent),input-MR-demand.xlsx,ore,ore!A44:AO74
MAXore,"Domestic iron ore available in model, converted to imported-ore equivalent",bj,北京,2056,0.04704707692307692,100 million tonnes (imported-ore equivalent),input-MR-demand.xlsx,ore,ore!A44:AO74
MAXore,"Domestic iron ore available in model, converted to imported-ore equivalent",bj,北京,2057,0.04704707692307692,100 million tonnes (imported-ore equivalent),input-MR-demand.xlsx,ore,ore!A44:AO74
MAXore,"Domestic iron ore available in model, converted to imported-ore equivalent",bj,北京,2058,0.04704707692307692,100 million tonnes (imported-ore equivalent),input-MR-demand.xlsx,ore,ore!A44:AO74
MAXore,"Domestic iron ore available in model, converted to imported-ore equivalent",bj,北京,2059,0.04704707692307692,100 million tonnes (imported-ore equivalent),input-MR-demand.xlsx,ore,ore!A44:AO74
MAXore,"Domestic iron ore available in model, converted to imported-ore equivalent",bj,北京,2060,0.04704707692307692,100 million tonnes (imported-ore equivalent),input-MR-demand.xlsx,ore,ore!A44:AO74
MAXore,"Domestic iron ore available in model, converted to imported-ore equivalent",tj,天津,2021,0,100 million tonnes (imported-ore equivalent),input-MR-demand.xlsx,ore,ore!A44:AO74
MAXore,"Domestic iron ore available in model, converted to imported-ore equivalent",tj,天津,2022,0,100 million tonnes (imported-ore equivalent),input-MR-demand.xlsx,ore,ore!A44:AO74
MAXore,"Domestic iron ore available in model, converted to imported-ore equivalent",tj,天津,2023,0,100 million tonnes (imported-ore equivalent),input-MR-demand.xlsx,ore,ore!A44:AO74
MAXore,"Domestic iron ore available in model, converted to imported-ore equivalent",tj,天津,2024,0,100 million tonnes (imported-ore equivalent),input-MR-demand.xlsx,ore,ore!A44:AO74
MAXore,"Domestic iron ore available in model, converted to imported-ore equivalent",tj,天津,2025,0,100 million tonnes (imported-ore equivalent),input-MR-demand.xlsx,ore,ore!A44:AO74
MAXore,"Domestic iron ore available in model, converted to imported-ore equivalent",tj,天津,2026,0,100 million tonnes (imported-ore equivalent),input-MR-demand.xlsx,ore,ore!A44:AO74
MAXore,"Domestic iron ore available in model, converted to imported-ore equivalent",tj,天津,2027,0,100 million tonnes (imported-ore equivalent),input-MR-demand.xlsx,ore,ore!A44:AO74
MAXore,"Domestic iron ore available in model, converted to imported-ore equivalent",tj,天津,2028,0,100 million tonnes (imported-ore equivalent),input-MR-demand.xlsx,ore,ore!A44:AO74
MAXore,"Domestic iron ore available in model, converted to imported-ore equivalent",tj,天津,2029,0,100 million tonnes (imported-ore equivalent),input-MR-demand.xlsx,ore,ore!A44:AO74
MAXore,"Domestic iron ore available in model, converted to imported-ore equivalent",tj,天津,2030,0,100 million tonnes (imported-ore equivalent),input-MR-demand.xlsx,ore,ore!A44:AO74
MAXore,"Domestic iron ore available in model, converted to imported-ore equivalent",tj,天津,2031,0,100 million tonnes (imported-ore equivalent),input-MR-demand.xlsx,ore,ore!A44:AO74
MAXore,"Domestic iron ore available in model, converted to imported-ore equivalent",tj,天津,2032,0,100 million tonnes (imported-ore equivalent),input-MR-demand.xlsx,ore,ore!A44:AO74
MAXore,"Domestic iron ore available in model, converted to imported-ore equivalent",tj,天津,2033,0,100 million tonnes (imported-ore equivalent),input-MR-demand.xlsx,ore,ore!A44:AO74
MAXore,"Domestic iron ore available in model, converted to imported-ore equivalent",tj,天津,2034,0,100 million tonnes (imported-ore equivalent),input-MR-demand.xlsx,ore,ore!A44:AO74
MAXore,"Domestic iron ore available in model, converted to imported-ore equivalent",tj,天津,2035,0,100 million tonnes (imported-ore equivalent),input-MR-demand.xlsx,ore,ore!A44:AO74
MAXore,"Domestic iron ore available in model, converted to imported-ore equivalent",tj,天津,2036,0,100 million tonnes (imported-ore equivalent),input-MR-demand.xlsx,ore,ore!A44:AO74
MAXore,"Domestic iron ore available in model, converted to imported-ore equivalent",tj,天津,2037,0,100 million tonnes (imported-ore equivalent),input-MR-demand.xlsx,ore,ore!A44:AO74
MAXore,"Domestic iron ore available in model, converted to imported-ore equivalent",tj,天津,2038,0,100 million tonnes (imported-ore equivalent),input-MR-demand.xlsx,ore,ore!A44:AO74
MAXore,"Domestic iron ore available in model, converted to imported-ore equivalent",tj,天津,2039,0,100 million tonnes (imported-ore equivalent),input-MR-demand.xlsx,ore,ore!A44:AO74
MAXore,"Domestic iron ore available in model, converted to imported-ore equivalent",tj,天津,2040,0,100 million tonnes (imported-ore equivalent),input-MR-demand.xlsx,ore,ore!A44:AO74
MAXore,"Domestic iron ore available in model, converted to imported-ore equivalent",tj,天津,2041,0,100 million tonnes (imported-ore equivalent),input-MR-demand.xlsx,ore,ore!A44:AO74
MAXore,"Domestic iron ore available in model, converted to imported-ore equivalent",tj,天津,2042,0,100 million tonnes (imported-ore equivalent),input-MR-demand.xlsx,ore,ore!A44:AO74
MAXore,"Domestic iron ore available in model, converted to imported-ore equivalent",tj,天津,2043,0,100 million tonnes (imported-ore equivalent),input-MR-demand.xlsx,ore,ore!A44:AO74
MAXore,"Domestic iron ore available in model, converted to imported-ore equivalent",tj,天津,2044,0,100 million tonnes (imported-ore equivalent),input-MR-demand.xlsx,ore,ore!A44:AO74
MAXore,"Domestic iron ore available in model, converted to imported-ore equivalent",tj,天津,2045,0,100 million tonnes (imported-ore equivalent),input-MR-demand.xlsx,ore,ore!A44:AO74
MAXore,"Domestic iron ore available in model, converted to imported-ore equivalent",tj,天津,2046,0,100 million tonnes (imported-ore equivalent),input-MR-demand.xlsx,ore,ore!A44:AO74
MAXore,"Domestic iron ore available in model, converted to imported-ore equivalent",tj,天津,2047,0,100 million tonnes (imported-ore equivalent),input-MR-demand.xlsx,ore,ore!A44:AO74
MAXore,"Domestic iron ore available in model, converted to imported-ore equivalent",tj,天津,2048,0,100 million tonnes (imported-ore equivalent),input-MR-demand.xlsx,ore,ore!A44:AO74
MAXore,"Domestic iron ore available in model, converted to imported-ore equivalent",tj,天津,2049,0,100 million tonnes (imported-ore equivalent),input-MR-demand.xlsx,ore,ore!A44:AO74
MAXore,"Domestic iron ore available in model, converted to imported-ore equivalent",tj,天津,2050,0,100 million tonnes (imported-ore equivalent),input-MR-demand.xlsx,ore,ore!A44:AO74
MAXore,"Domestic iron ore available in model, converted to imported-ore equivalent",tj,天津,2051,0,100 million tonnes (imported-ore equivalent),input-MR-demand.xlsx,ore,ore!A44:AO74
MAXore,"Domestic iron ore available in model, converted to imported-ore equivalent",tj,天津,2052,0,100 million tonnes (imported-ore equivalent),input-MR-demand.xlsx,ore,ore!A44:AO74
MAXore,"Domestic iron ore available in model, converted to imported-ore equivalent",tj,天津,2053,0,100 million tonnes (imported-ore equivalent),input-MR-demand.xlsx,ore,ore!A44:AO74
MAXore,"Domestic iron ore available in model, converted to imported-ore equivalent",tj,天津,2054,0,100 million tonnes (imported-ore equivalent),input-MR-demand.xlsx,ore,ore!A44:AO74
MAXore,"Domestic iron ore available in model, converted to imported-ore equivalent",tj,天津,2055,0,100 million tonnes (imported-ore equivalent),input-MR-demand.xlsx,ore,ore!A44:AO74
MAXore,"Domestic iron ore available in model, converted to imported-ore equivalent",tj,天津,2056,0,100 million tonnes (imported-ore equivalent),input-MR-demand.xlsx,ore,ore!A44:AO74
MAXore,"Domestic iron ore available in model, converted to imported-ore equivalent",tj,天津,2057,0,100 million tonnes (imported-ore equivalent),input-MR-demand.xlsx,ore,ore!A44:AO74
MAXore,"Domestic iron ore available in model, converted to imported-ore equivalent",tj,天津,2058,0,100 million tonnes (imported-ore equivalent),input-MR-demand.xlsx,ore,ore!A44:AO74
MAXore,"Domestic iron ore available in model, converted to imported-ore equivalent",tj,天津,2059,0,100 million tonnes (imported-ore equivalent),input-MR-demand.xlsx,ore,ore!A44:AO74
MAXore,"Domestic iron ore available in model, converted to imported-ore equivalent",tj,天津,2060,0,100 million tonnes (imported-ore equivalent),input-MR-demand.xlsx,ore,ore!A44:AO74
MAXore,"Domestic iron ore available in model, converted to imported-ore equivalent",he,河北,2021,0.889356205128205,100 million tonnes (imported-ore equivalent),input-MR-demand.xlsx,ore,ore!A44:AO74
MAXore,"Domestic iron ore available in model, converted to imported-ore equivalent",he,河北,2022,0.889356205128205,100 million tonnes (imported-ore equivalent),input-MR-demand.xlsx,ore,ore!A44:AO74
MAXore,"Domestic iron ore available in model, converted to imported-ore equivalent",he,河北,2023,0.889356205128205,100 million tonnes (imported-ore equivalent),input-MR-demand.xlsx,ore,ore!A44:AO74
MAXore,"Domestic iron ore available in model, converted to imported-ore equivalent",he,河北,2024,0.889356205128205,100 million tonnes (imported-ore equivalent),input-MR-demand.xlsx,ore,ore!A44:AO74
MAXore,"Domestic iron ore available in model, converted to imported-ore equivalent",he,河北,2025,0.889356205128205,100 million tonnes (imported-ore equivalent),input-MR-demand.xlsx,ore,ore!A44:AO74
MAXore,"Domestic iron ore available in model, converted to imported-ore equivalent",he,河北,2026,0.889356205128205,100 million tonnes (imported-ore equivalent),input-MR-demand.xlsx,ore,ore!A44:AO74
MAXore,"Domestic iron ore available in model, converted to imported-ore equivalent",he,河北,2027,0.889356205128205,100 million tonnes (imported-ore equivalent),input-MR-demand.xlsx,ore,ore!A44:AO74
MAXore,"Domestic iron ore available in model, converted to imported-ore equivalent",he,河北,2028,0.889356205128205,100 million tonnes (imported-ore equivalent),input-MR-demand.xlsx,ore,ore!A44:AO74
MAXore,"Domestic iron ore available in model, converted to imported-ore equivalent",he,河北,2029,0.889356205128205,100 million tonnes (imported-ore equivalent),input-MR-demand.xlsx,ore,ore!A44:AO74
MAXore,"Domestic iron ore available in model, converted to imported-ore equivalent",he,河北,2030,0.889356205128205,100 million tonnes (imported-ore equivalent),input-MR-demand.xlsx,ore,ore!A44:AO74
MAXore,"Domestic iron ore available in model, converted to imported-ore equivalent",he,河北,2031,0.889356205128205,100 million tonnes (imported-ore equivalent),input-MR-demand.xlsx,ore,ore!A44:AO74
MAXore,"Domestic iron ore available in model, converted to imported-ore equivalent",he,河北,2032,0.889356205128205,100 million tonnes (imported-ore equivalent),input-MR-demand.xlsx,ore,ore!A44:AO74
MAXore,"Domestic iron ore available in model, converted to imported-ore equivalent",he,河北,2033,0.889356205128205,100 million tonnes (imported-ore equivalent),input-MR-demand.xlsx,ore,ore!A44:AO74
MAXore,"Domestic iron ore available in model, converted to imported-ore equivalent",he,河北,2034,0.889356205128205,100 million tonnes (imported-ore equivalent),input-MR-demand.xlsx,ore,ore!A44:AO74
MAXore,"Domestic iron ore available in model, converted to imported-ore equivalent",he,河北,2035,0.889356205128205,100 million tonnes (imported-ore equivalent),input-MR-demand.xlsx,ore,ore!A44:AO74
MAXore,"Domestic iron ore available in model, converted to imported-ore equivalent",he,河北,2036,0.889356205128205,100 million tonnes (imported-ore equivalent),input-MR-demand.xlsx,ore,ore!A44:AO74
MAXore,"Domestic iron ore available in model, converted to imported-ore equivalent",he,河北,2037,0.889356205128205,100 million tonnes (imported-ore equivalent),input-MR-demand.xlsx,ore,ore!A44:AO74
MAXore,"Domestic iron ore available in model, converted to imported-ore equivalent",he,河北,2038,0.889356205128205,100 million tonnes (imported-ore equivalent),input-MR-demand.xlsx,ore,ore!A44:AO74
MAXore,"Domestic iron ore available in model, converted to imported-ore equivalent",he,河北,2039,0.889356205128205,100 million tonnes (imported-ore equivalent),input-MR-demand.xlsx,ore,ore!A44:AO74
MAXore,"Domestic iron ore available in model, converted to imported-ore equivalent",he,河北,2040,0.889356205128205,100 million tonnes (imported-ore equivalent),input-MR-demand.xlsx,ore,ore!A44:AO74
MAXore,"Domestic iron ore available in model, converted to imported-ore equivalent",he,河北,2041,0.889356205128205,100 million tonnes (imported-ore equivalent),input-MR-demand.xlsx,ore,ore!A44:AO74
MAXore,"Domestic iron ore available in model, converted to imported-ore equivalent",he,河北,2042,0.889356205128205,100 million tonnes (imported-ore equivalent),input-MR-demand.xlsx,ore,ore!A44:AO74
MAXore,"Domestic iron ore available in model, converted to imported-ore equivalent",he,河北,2043,0.889356205128205,100 million tonnes (imported-ore equivalent),input-MR-demand.xlsx,ore,ore!A44:AO74
MAXore,"Domestic iron ore available in model, converted to imported-ore equivalent",he,河北,2044,0.889356205128205,100 million tonnes (imported-ore equivalent),input-MR-demand.xlsx,ore,ore!A44:AO74
MAXore,"Domestic iron ore available in model, converted to imported-ore equivalent",he,河北,2045,0.889356205128205,100 million tonnes (imported-ore equivalent),input-MR-demand.xlsx,ore,ore!A44:AO74
MAXore,"Domestic iron ore available in model, converted to imported-ore equivalent",he,河北,2046,0.889356205128205,100 million tonnes (imported-ore equivalent),input-MR-demand.xlsx,ore,ore!A44:AO74
MAXore,"Domestic iron ore available in model, converted to imported-ore equivalent",he,河北,2047,0.889356205128205,100 million tonnes (imported-ore equivalent),input-MR-demand.xlsx,ore,ore!A44:AO74
MAXore,"Domestic iron ore available in model, converted to imported-ore equivalent",he,河北,2048,0.889356205128205,100 million tonnes (imported-ore equivalent),input-MR-demand.xlsx,ore,ore!A44:AO74
MAXore,"Domestic iron ore available in model, converted to imported-ore equivalent",he,河北,2049,0.889356205128205,100 million tonnes (imported-ore equivalent),input-MR-demand.xlsx,ore,ore!A44:AO74
MAXore,"Domestic iron ore available in model, converted to imported-ore equivalent",he,河北,2050,0.889356205128205,100 million tonnes (imported-ore equivalent),input-MR-demand.xlsx,ore,ore!A44:AO74
MAXore,"Domestic iron ore available in model, converted to imported-ore equivalent",he,河北,2051,0.889356205128205,100 million tonnes (imported-ore equivalent),input-MR-demand.xlsx,ore,ore!A44:AO74
MAXore,"Domestic iron ore available in model, converted to imported-ore equivalent",he,河北,2052,0.889356205128205,100 million tonnes (imported-ore equivalent),input-MR-demand.xlsx,ore,ore!A44:AO74
MAXore,"Domestic iron ore available in model, converted to imported-ore equivalent",he,河北,2053,0.889356205128205,100 million tonnes (imported-ore equivalent),input-MR-demand.xlsx,ore,ore!A44:AO74
MAXore,"Domestic iron ore available in model, converted to imported-ore equivalent",he,河北,2054,0.889356205128205,100 million tonnes (imported-ore equivalent),input-MR-demand.xlsx,ore,ore!A44:AO74
MAXore,"Domestic iron ore available in model, converted to imported-ore equivalent",he,河北,2055,0.889356205128205,100 million tonnes (imported-ore equivalent),input-MR-demand.xlsx,ore,ore!A44:AO74
MAXore,"Domestic iron ore available in model, converted to imported-ore equivalent",he,河北,2056,0.889356205128205,100 million tonnes (imported-ore equivalent),input-MR-demand.xlsx,ore,ore!A44:AO74
MAXore,"Domestic iron ore available in model, converted to imported-ore equivalent",he,河北,2057,0.889356205128205,100 million tonnes (imported-ore equivalent),input-MR-demand.xlsx,ore,ore!A44:AO74
MAXore,"Domestic iron ore available in model, converted to imported-ore equivalent",he,河北,2058,0.889356205128205,100 million tonnes (imported-ore equivalent),input-MR-demand.xlsx,ore,ore!A44:AO74
MAXore,"Domestic iron ore available in model, converted to imported-ore equivalent",he,河北,2059,0.889356205128205,100 million tonnes (imported-ore equivalent),input-MR-demand.xlsx,ore,ore!A44:AO74
MAXore,"Domestic iron ore available in model, converted to imported-ore equivalent",he,河北,2060,0.889356205128205,100 million tonnes (imported-ore equivalent),input-MR-demand.xlsx,ore,ore!A44:AO74
MAXore,"Domestic iron ore available in model, converted to imported-ore equivalent",sx,山西,2021,0.16228153846153848,100 million tonnes (imported-ore equivalent),input-MR-demand.xlsx,ore,ore!A44:AO74
MAXore,"Domestic iron ore available in model, converted to imported-ore equivalent",sx,山西,2022,0.16228153846153848,100 million tonnes (imported-ore equivalent),input-MR-demand.xlsx,ore,ore!A44:AO74
MAXore,"Domestic iron ore available in model, converted to imported-ore equivalent",sx,山西,2023,0.16228153846153848,100 million tonnes (imported-ore equivalent),input-MR-demand.xlsx,ore,ore!A44:AO74
MAXore,"Domestic iron ore available in model, converted to imported-ore equivalent",sx,山西,2024,0.16228153846153848,100 million tonnes (imported-ore equivalent),input-MR-demand.xlsx,ore,ore!A44:AO74
MAXore,"Domestic iron ore available in model, converted to imported-ore equivalent",sx,山西,2025,0.16228153846153848,100 million tonnes (imported-ore equivalent),input-MR-demand.xlsx,ore,ore!A44:AO74
MAXore,"Domestic iron ore available in model, converted to imported-ore equivalent",sx,山西,2026,0.16228153846153848,100 million tonnes (imported-ore equivalent),input-MR-demand.xlsx,ore,ore!A44:AO74
MAXore,"Domestic iron ore available in model, converted to imported-ore equivalent",sx,山西,2027,0.16228153846153848,100 million tonnes (imported-ore equivalent),input-MR-demand.xlsx,ore,ore!A44:AO74
MAXore,"Domestic iron ore available in model, converted to imported-ore equivalent",sx,山西,2028,0.16228153846153848,100 million tonnes (imported-ore equivalent),input-MR-demand.xlsx,ore,ore!A44:AO74
MAXore,"Domestic iron ore available in model, converted to imported-ore equivalent",sx,山西,2029,0.16228153846153848,100 million tonnes (imported-ore equivalent),input-MR-demand.xlsx,ore,ore!A44:AO74
MAXore,"Domestic iron ore available in model, converted to imported-ore equivalent",sx,山西,2030,0.16228153846153848,100 million tonnes (imported-ore equivalent),input-MR-demand.xlsx,ore,ore!A44:AO74
MAXore,"Domestic iron ore available in model, converted to imported-ore equivalent",sx,山西,2031,0.16228153846153848,100 million tonnes (imported-ore equivalent),input-MR-demand.xlsx,ore,ore!A44:AO74
MAXore,"Domestic iron ore available in model, converted to imported-ore equivalent",sx,山西,2032,0.16228153846153848,100 million tonnes (imported-ore equivalent),input-MR-demand.xlsx,ore,ore!A44:AO74
MAXore,"Domestic iron ore available in model, converted to imported-ore equivalent",sx,山西,2033,0.16228153846153848,100 million tonnes (imported-ore equivalent),input-MR-demand.xlsx,ore,ore!A44:AO74
MAXore,"Domestic iron ore available in model, converted to imported-ore equivalent",sx,山西,2034,0.16228153846153848,100 million tonnes (imported-ore equivalent),input-MR-demand.xlsx,ore,ore!A44:AO74
MAXore,"Domestic iron ore available in model, converted to imported-ore equivalent",sx,山西,2035,0.16228153846153848,100 million tonnes (imported-ore equivalent),input-MR-demand.xlsx,ore,ore!A44:AO74
MAXore,"Domestic iron ore available in model, converted to imported-ore equivalent",sx,山西,2036,0.16228153846153848,100 million tonnes (imported-ore equivalent),input-MR-demand.xlsx,ore,ore!A44:AO74
MAXore,"Domestic iron ore available in model, converted to imported-ore equivalent",sx,山西,2037,0.16228153846153848,100 million tonnes (imported-ore equivalent),input-MR-demand.xlsx,ore,ore!A44:AO74
MAXore,"Domestic iron ore available in model, converted to imported-ore equivalent",sx,山西,2038,0.16228153846153848,100 million tonnes (imported-ore equivalent),input-MR-demand.xlsx,ore,ore!A44:AO74
MAXore,"Domestic iron ore available in model, converted to imported-ore equivalent",sx,山西,2039,0.16228153846153848,100 million tonnes (imported-ore equivalent),input-MR-demand.xlsx,ore,ore!A44:AO74
MAXore,"Domestic iron ore available in model, converted to imported-ore equivalent",sx,山西,2040,0.16228153846153848,100 million tonnes (imported-ore equivalent),input-MR-demand.xlsx,ore,ore!A44:AO74
MAXore,"Domestic iron ore available in model, converted to imported-ore equivalent",sx,山西,2041,0.16228153846153848,100 million tonnes (imported-ore equivalent),input-MR-demand.xlsx,ore,ore!A44:AO74
MAXore,"Domestic iron ore available in model, converted to imported-ore equivalent",sx,山西,2042,0.16228153846153848,100 million tonnes (imported-ore equivalent),input-MR-demand.xlsx,ore,ore!A44:AO74
MAXore,"Domestic iron ore available in model, converted to imported-ore equivalent",sx,山西,2043,0.16228153846153848,100 million tonnes (imported-ore equivalent),input-MR-demand.xlsx,ore,ore!A44:AO74
MAXore,"Domestic iron ore available in model, converted to imported-ore equivalent",sx,山西,2044,0.16228153846153848,100 million tonnes (imported-ore equivalent),input-MR-demand.xlsx,ore,ore!A44:AO74
MAXore,"Domestic iron ore available in model, converted to imported-ore equivalent",sx,山西,2045,0.16228153846153848,100 million tonnes (imported-ore equivalent),input-MR-demand.xlsx,ore,ore!A44:AO74
MAXore,"Domestic iron ore available in model, converted to imported-ore equivalent",sx,山西,2046,0.16228153846153848,100 million tonnes (imported-ore equivalent),input-MR-demand.xlsx,ore,ore!A44:AO74
MAXore,"Domestic iron ore available in model, converted to imported-ore equivalent",sx,山西,2047,0.16228153846153848,100 million tonnes (imported-ore equivalent),input-MR-demand.xlsx,ore,ore!A44:AO74
MAXore,"Domestic iron ore available in model, converted to imported-ore equivalent",sx,山西,2048,0.16228153846153848,100 million tonnes (imported-ore equivalent),input-MR-demand.xlsx,ore,ore!A44:AO74
MAXore,"Domestic iron ore available in model, converted to imported-ore equivalent",sx,山西,2049,0.16228153846153848,100 million tonnes (imported-ore equivalent),input-MR-demand.xlsx,ore,ore!A44:AO74
MAXore,"Domestic iron ore available in model, converted to imported-ore equivalent",sx,山西,2050,0.16228153846153848,100 million tonnes (imported-ore equivalent),input-MR-demand.xlsx,ore,ore!A44:AO74
MAXore,"Domestic iron ore available in model, converted to imported-ore equivalent",sx,山西,2051,0.16228153846153848,100 million tonnes (imported-ore equivalent),input-MR-demand.xlsx,ore,ore!A44:AO74
MAXore,"Domestic iron ore available in model, converted to imported-ore equivalent",sx,山西,2052,0.16228153846153848,100 million tonnes (imported-ore equivalent),input-MR-demand.xlsx,ore,ore!A44:AO74
MAXore,"Domestic iron ore available in model, converted to imported-ore equivalent",sx,山西,2053,0.16228153846153848,100 million tonnes (imported-ore equivalent),input-MR-demand.xlsx,ore,ore!A44:AO74
MAXore,"Domestic iron ore available in model, converted to imported-ore equivalent",sx,山西,2054,0.16228153846153848,100 million tonnes (imported-ore equivalent),input-MR-demand.xlsx,ore,ore!A44:AO74
MAXore,"Domestic iron ore available in model, converted to imported-ore equivalent",sx,山西,2055,0.16228153846153848,100 million tonnes (imported-ore equivalent),input-MR-demand.xlsx,ore,ore!A44:AO74
MAXore,"Domestic iron ore available in model, converted to imported-ore equivalent",sx,山西,2056,0.16228153846153848,100 million tonnes (imported-ore equivalent),input-MR-demand.xlsx,ore,ore!A44:AO74
MAXore,"Domestic iron ore available in model, converted to imported-ore equivalent",sx,山西,2057,0.16228153846153848,100 million tonnes (imported-ore equivalent),input-MR-demand.xlsx,ore,ore!A44:AO74
MAXore,"Domestic iron ore available in model, converted to imported-ore equivalent",sx,山西,2058,0.16228153846153848,100 million tonnes (imported-ore equivalent),input-MR-demand.xlsx,ore,ore!A44:AO74
MAXore,"Domestic iron ore available in model, converted to imported-ore equivalent",sx,山西,2059,0.16228153846153848,100 million tonnes (imported-ore equivalent),input-MR-demand.xlsx,ore,ore!A44:AO74
MAXore,"Domestic iron ore available in model, converted to imported-ore equivalent",sx,山西,2060,0.16228153846153848,100 million tonnes (imported-ore equivalent),input-MR-demand.xlsx,ore,ore!A44:AO74
MAXore,"Domestic iron ore available in model, converted to imported-ore equivalent",nm,内蒙古,2021,0.10398871794871796,100 million tonnes (imported-ore equivalent),input-MR-demand.xlsx,ore,ore!A44:AO74
MAXore,"Domestic iron ore available in model, converted to imported-ore equivalent",nm,内蒙古,2022,0.10398871794871796,100 million tonnes (imported-ore equivalent),input-MR-demand.xlsx,ore,ore!A44:AO74
MAXore,"Domestic iron ore available in model, converted to imported-ore equivalent",nm,内蒙古,2023,0.10398871794871796,100 million tonnes (imported-ore equivalent),input-MR-demand.xlsx,ore,ore!A44:AO74
MAXore,"Domestic iron ore available in model, converted to imported-ore equivalent",nm,内蒙古,2024,0.10398871794871796,100 million tonnes (imported-ore equivalent),input-MR-demand.xlsx,ore,ore!A44:AO74
MAXore,"Domestic iron ore available in model, converted to imported-ore equivalent",nm,内蒙古,2025,0.10398871794871796,100 million tonnes (imported-ore equivalent),input-MR-demand.xlsx,ore,ore!A44:AO74
MAXore,"Domestic iron ore available in model, converted to imported-ore equivalent",nm,内蒙古,2026,0.10398871794871796,100 million tonnes (imported-ore equivalent),input-MR-demand.xlsx,ore,ore!A44:AO74
MAXore,"Domestic iron ore available in model, converted to imported-ore equivalent",nm,内蒙古,2027,0.10398871794871796,100 million tonnes (imported-ore equivalent),input-MR-demand.xlsx,ore,ore!A44:AO74
MAXore,"Domestic iron ore available in model, converted to imported-ore equivalent",nm,内蒙古,2028,0.10398871794871796,100 million tonnes (imported-ore equivalent),input-MR-demand.xlsx,ore,ore!A44:AO74
MAXore,"Domestic iron ore available in model, converted to imported-ore equivalent",nm,内蒙古,2029,0.10398871794871796,100 million tonnes (imported-ore equivalent),input-MR-demand.xlsx,ore,ore!A44:AO74
MAXore,"Domestic iron ore available in model, converted to imported-ore equivalent",nm,内蒙古,2030,0.10398871794871796,100 million tonnes (imported-ore equivalent),input-MR-demand.xlsx,ore,ore!A44:AO74
MAXore,"Domestic iron ore available in model, converted to imported-ore equivalent",nm,内蒙古,2031,0.10398871794871796,100 million tonnes (imported-ore equivalent),input-MR-demand.xlsx,ore,ore!A44:AO74
MAXore,"Domestic iron ore available in model, converted to imported-ore equivalent",nm,内蒙古,2032,0.10398871794871796,100 million tonnes (imported-ore equivalent),input-MR-demand.xlsx,ore,ore!A44:AO74
MAXore,"Domestic iron ore available in model, converted to imported-ore equivalent",nm,内蒙古,2033,0.10398871794871796,100 million tonnes (imported-ore equivalent),input-MR-demand.xlsx,ore,ore!A44:AO74
MAXore,"Domestic iron ore available in model, converted to imported-ore equivalent",nm,内蒙古,2034,0.10398871794871796,100 million tonnes (imported-ore equivalent),input-MR-demand.xlsx,ore,ore!A44:AO74
MAXore,"Domestic iron ore available in model, converted to imported-ore equivalent",nm,内蒙古,2035,0.10398871794871796,100 million tonnes (imported-ore equivalent),input-MR-demand.xlsx,ore,ore!A44:AO74
MAXore,"Domestic iron ore available in model, converted to imported-ore equivalent",nm,内蒙古,2036,0.10398871794871796,100 million tonnes (imported-ore equivalent),input-MR-demand.xlsx,ore,ore!A44:AO74
MAXore,"Domestic iron ore available in model, converted to imported-ore equivalent",nm,内蒙古,2037,0.10398871794871796,100 million tonnes (imported-ore equivalent),input-MR-demand.xlsx,ore,ore!A44:AO74
MAXore,"Domestic iron ore available in model, converted to imported-ore equivalent",nm,内蒙古,2038,0.10398871794871796,100 million tonnes (imported-ore equivalent),input-MR-demand.xlsx,ore,ore!A44:AO74
MAXore,"Domestic iron ore available in model, converted to imported-ore equivalent",nm,内蒙古,2039,0.10398871794871796,100 million tonnes (imported-ore equivalent),input-MR-demand.xlsx,ore,ore!A44:AO74
MAXore,"Domestic iron ore available in model, converted to imported-ore equivalent",nm,内蒙古,2040,0.10398871794871796,100 million tonnes (imported-ore equivalent),input-MR-demand.xlsx,ore,ore!A44:AO74
MAXore,"Domestic iron ore available in model, converted to imported-ore equivalent",nm,内蒙古,2041,0.10398871794871796,100 million tonnes (imported-ore equivalent),input-MR-demand.xlsx,ore,ore!A44:AO74
MAXore,"Domestic iron ore available in model, converted to imported-ore equivalent",nm,内蒙古,2042,0.10398871794871796,100 million tonnes (imported-ore equivalent),input-MR-demand.xlsx,ore,ore!A44:AO74
MAXore,"Domestic iron ore available in model, converted to imported-ore equivalent",nm,内蒙古,2043,0.10398871794871796,100 million tonnes (imported-ore equivalent),input-MR-demand.xlsx,ore,ore!A44:AO74
MAXore,"Domestic iron ore available in model, converted to imported-ore equivalent",nm,内蒙古,2044,0.10398871794871796,100 million tonnes (imported-ore equivalent),input-MR-demand.xlsx,ore,ore!A44:AO74
MAXore,"Domestic iron ore available in model, converted to imported-ore equivalent",nm,内蒙古,2045,0.10398871794871796,100 million tonnes (imported-ore equivalent),input-MR-demand.xlsx,ore,ore!A44:AO74
MAXore,"Domestic iron ore available in model, converted to imported-ore equivalent",nm,内蒙古,2046,0.10398871794871796,100 million tonnes (imported-ore equivalent),input-MR-demand.xlsx,ore,ore!A44:AO74
MAXore,"Domestic iron ore available in model, converted to imported-ore equivalent",nm,内蒙古,2047,0.10398871794871796,100 million tonnes (imported-ore equivalent),input-MR-demand.xlsx,ore,ore!A44:AO74
MAXore,"Domestic iron ore available in model, converted to imported-ore equivalent",nm,内蒙古,2048,0.10398871794871796,100 million tonnes (imported-ore equivalent),input-MR-demand.xlsx,ore,ore!A44:AO74
MAXore,"Domestic iron ore available in model, converted to imported-ore equivalent",nm,内蒙古,2049,0.10398871794871796,100 million tonnes (imported-ore equivalent),input-MR-demand.xlsx,ore,ore!A44:AO74
MAXore,"Domestic iron ore available in model, converted to imported-ore equivalent",nm,内蒙古,2050,0.10398871794871796,100 million tonnes (imported-ore equivalent),input-MR-demand.xlsx,ore,ore!A44:AO74
MAXore,"Domestic iron ore available in model, converted to imported-ore equivalent",nm,内蒙古,2051,0.10398871794871796,100 million tonnes (imported-ore equivalent),input-MR-demand.xlsx,ore,ore!A44:AO74
MAXore,"Domestic iron ore available in model, converted to imported-ore equivalent",nm,内蒙古,2052,0.10398871794871796,100 million tonnes (imported-ore equivalent),input-MR-demand.xlsx,ore,ore!A44:AO74
MAXore,"Domestic iron ore available in model, converted to imported-ore equivalent",nm,内蒙古,2053,0.10398871794871796,100 million tonnes (imported-ore equivalent),input-MR-demand.xlsx,ore,ore!A44:AO74
MAXore,"Domestic iron ore available in model, converted to imported-ore equivalent",nm,内蒙古,2054,0.10398871794871796,100 million tonnes (imported-ore equivalent),input-MR-demand.xlsx,ore,ore!A44:AO74
MAXore,"Domestic iron ore available in model, converted to imported-ore equivalent",nm,内蒙古,2055,0.10398871794871796,100 million tonnes (imported-ore equivalent),input-MR-demand.xlsx,ore,ore!A44:AO74
MAXore,"Domestic iron ore available in model, converted to imported-ore equivalent",nm,内蒙古,2056,0.10398871794871796,100 million tonnes (imported-ore equivalent),input-MR-demand.xlsx,ore,ore!A44:AO74
MAXore,"Domestic iron ore available in model, converted to imported-ore equivalent",nm,内蒙古,2057,0.10398871794871796,100 million tonnes (imported-ore equivalent),input-MR-demand.xlsx,ore,ore!A44:AO74
MAXore,"Domestic iron ore available in model, converted to imported-ore equivalent",nm,内蒙古,2058,0.10398871794871796,100 million tonnes (imported-ore equivalent),input-MR-demand.xlsx,ore,ore!A44:AO74
MAXore,"Domestic iron ore available in model, converted to imported-ore equivalent",nm,内蒙古,2059,0.10398871794871796,100 million tonnes (imported-ore equivalent),input-MR-demand.xlsx,ore,ore!A44:AO74
MAXore,"Domestic iron ore available in model, converted to imported-ore equivalent",nm,内蒙古,2060,0.10398871794871796,100 million tonnes (imported-ore equivalent),input-MR-demand.xlsx,ore,ore!A44:AO74
MAXore,"Domestic iron ore available in model, converted to imported-ore equivalent",ln,辽宁,2021,0.40049876923076927,100 million tonnes (imported-ore equivalent),input-MR-demand.xlsx,ore,ore!A44:AO74
MAXore,"Domestic iron ore available in model, converted to imported-ore equivalent",ln,辽宁,2022,0.40049876923076927,100 million tonnes (imported-ore equivalent),input-MR-demand.xlsx,ore,ore!A44:AO74
MAXore,"Domestic iron ore available in model, converted to imported-ore equivalent",ln,辽宁,2023,0.40049876923076927,100 million tonnes (imported-ore equivalent),input-MR-demand.xlsx,ore,ore!A44:AO74
MAXore,"Domestic iron ore available in model, converted to imported-ore equivalent",ln,辽宁,2024,0.40049876923076927,100 million tonnes (imported-ore equivalent),input-MR-demand.xlsx,ore,ore!A44:AO74
MAXore,"Domestic iron ore available in model, converted to imported-ore equivalent",ln,辽宁,2025,0.40049876923076927,100 million tonnes (imported-ore equivalent),input-MR-demand.xlsx,ore,ore!A44:AO74
MAXore,"Domestic iron ore available in model, converted to imported-ore equivalent",ln,辽宁,2026,0.40049876923076927,100 million tonnes (imported-ore equivalent),input-MR-demand.xlsx,ore,ore!A44:AO74
MAXore,"Domestic iron ore available in model, converted to imported-ore equivalent",ln,辽宁,2027,0.40049876923076927,100 million tonnes (imported-ore equivalent),input-MR-demand.xlsx,ore,ore!A44:AO74
MAXore,"Domestic iron ore available in model, converted to imported-ore equivalent",ln,辽宁,2028,0.40049876923076927,100 million tonnes (imported-ore equivalent),input-MR-demand.xlsx,ore,ore!A44:AO74
MAXore,"Domestic iron ore available in model, converted to imported-ore equivalent",ln,辽宁,2029,0.40049876923076927,100 million tonnes (imported-ore equivalent),input-MR-demand.xlsx,ore,ore!A44:AO74
MAXore,"Domestic iron ore available in model, converted to imported-ore equivalent",ln,辽宁,2030,0.40049876923076927,100 million tonnes (imported-ore equivalent),input-MR-demand.xlsx,ore,ore!A44:AO74
MAXore,"Domestic iron ore available in model, converted to imported-ore equivalent",ln,辽宁,2031,0.40049876923076927,100 million tonnes (imported-ore equivalent),input-MR-demand.xlsx,ore,ore!A44:AO74
MAXore,"Domestic iron ore available in model, converted to imported-ore equivalent",ln,辽宁,2032,0.40049876923076927,100 million tonnes (imported-ore equivalent),input-MR-demand.xlsx,ore,ore!A44:AO74
MAXore,"Domestic iron ore available in model, converted to imported-ore equivalent",ln,辽宁,2033,0.40049876923076927,100 million tonnes (imported-ore equivalent),input-MR-demand.xlsx,ore,ore!A44:AO74
MAXore,"Domestic iron ore available in model, converted to imported-ore equivalent",ln,辽宁,2034,0.40049876923076927,100 million tonnes (imported-ore equivalent),input-MR-demand.xlsx,ore,ore!A44:AO74
MAXore,"Domestic iron ore available in model, converted to imported-ore equivalent",ln,辽宁,2035,0.40049876923076927,100 million tonnes (imported-ore equivalent),input-MR-demand.xlsx,ore,ore!A44:AO74
MAXore,"Domestic iron ore available in model, converted to imported-ore equivalent",ln,辽宁,2036,0.40049876923076927,100 million tonnes (imported-ore equivalent),input-MR-demand.xlsx,ore,ore!A44:AO74
MAXore,"Domestic iron ore available in model, converted to imported-ore equivalent",ln,辽宁,2037,0.40049876923076927,100 million tonnes (imported-ore equivalent),input-MR-demand.xlsx,ore,ore!A44:AO74
MAXore,"Domestic iron ore available in model, converted to imported-ore equivalent",ln,辽宁,2038,0.40049876923076927,100 million tonnes (imported-ore equivalent),input-MR-demand.xlsx,ore,ore!A44:AO74
MAXore,"Domestic iron ore available in model, converted to imported-ore equivalent",ln,辽宁,2039,0.40049876923076927,100 million tonnes (imported-ore equivalent),input-MR-demand.xlsx,ore,ore!A44:AO74
MAXore,"Domestic iron ore available in model, converted to imported-ore equivalent",ln,辽宁,2040,0.40049876923076927,100 million tonnes (imported-ore equivalent),input-MR-demand.xlsx,ore,ore!A44:AO74
MAXore,"Domestic iron ore available in model, converted to imported-ore equivalent",ln,辽宁,2041,0.40049876923076927,100 million tonnes (imported-ore equivalent),input-MR-demand.xlsx,ore,ore!A44:AO74
MAXore,"Domestic iron ore available in model, converted to imported-ore equivalent",ln,辽宁,2042,0.40049876923076927,100 million tonnes (imported-ore equivalent),input-MR-demand.xlsx,ore,ore!A44:AO74
MAXore,"Domestic iron ore available in model, converted to imported-ore equivalent",ln,辽宁,2043,0.40049876923076927,100 million tonnes (imported-ore equivalent),input-MR-demand.xlsx,ore,ore!A44:AO74
MAXore,"Domestic iron ore available in model, converted to imported-ore equivalent",ln,辽宁,2044,0.40049876923076927,100 million tonnes (imported-ore equivalent),input-MR-demand.xlsx,ore,ore!A44:AO74
MAXore,"Domestic iron ore available in model, converted to imported-ore equivalent",ln,辽宁,2045,0.40049876923076927,100 million tonnes (imported-ore equivalent),input-MR-demand.xlsx,ore,ore!A44:AO74
MAXore,"Domestic iron ore available in model, converted to imported-ore equivalent",ln,辽宁,2046,0.40049876923076927,100 million tonnes (imported-ore equivalent),input-MR-demand.xlsx,ore,ore!A44:AO74
MAXore,"Domestic iron ore available in model, converted to imported-ore equivalent",ln,辽宁,2047,0.40049876923076927,100 million tonnes (imported-ore equivalent),input-MR-demand.xlsx,ore,ore!A44:AO74
MAXore,"Domestic iron ore available in model, converted to imported-ore equivalent",ln,辽宁,2048,0.40049876923076927,100 million tonnes (imported-ore equivalent),input-MR-demand.xlsx,ore,ore!A44:AO74
MAXore,"Domestic iron ore available in model, converted to imported-ore equivalent",ln,辽宁,2049,0.40049876923076927,100 million tonnes (imported-ore equivalent),input-MR-demand.xlsx,ore,ore!A44:AO74
MAXore,"Domestic iron ore available in model, converted to imported-ore equivalent",ln,辽宁,2050,0.40049876923076927,100 million tonnes (imported-ore equivalent),input-MR-demand.xlsx,ore,ore!A44:AO74
MAXore,"Domestic iron ore available in model, converted to imported-ore equivalent",ln,辽宁,2051,0.40049876923076927,100 million tonnes (imported-ore equivalent),input-MR-demand.xlsx,ore,ore!A44:AO74
MAXore,"Domestic iron ore available in model, converted to imported-ore equivalent",ln,辽宁,2052,0.40049876923076927,100 million tonnes (imported-ore equivalent),input-MR-demand.xlsx,ore,ore!A44:AO74
MAXore,"Domestic iron ore available in model, converted to imported-ore equivalent",ln,辽宁,2053,0.40049876923076927,100 million tonnes (imported-ore equivalent),input-MR-demand.xlsx,ore,ore!A44:AO74
MAXore,"Domestic iron ore available in model, converted to imported-ore equivalent",ln,辽宁,2054,0.40049876923076927,100 million tonnes (imported-ore equivalent),input-MR-demand.xlsx,ore,ore!A44:AO74
MAXore,"Domestic iron ore available in model, converted to imported-ore equivalent",ln,辽宁,2055,0.40049876923076927,100 million tonnes (imported-ore equivalent),input-MR-demand.xlsx,ore,ore!A44:AO74
MAXore,"Domestic iron ore available in model, converted to imported-ore equivalent",ln,辽宁,2056,0.40049876923076927,100 million tonnes (imported-ore equivalent),input-MR-demand.xlsx,ore,ore!A44:AO74
MAXore,"Domestic iron ore available in model, converted to imported-ore equivalent",ln,辽宁,2057,0.40049876923076927,100 million tonnes (imported-ore equivalent),input-MR-demand.xlsx,ore,ore!A44:AO74
MAXore,"Domestic iron ore available in model, converted to imported-ore equivalent",ln,辽宁,2058,0.40049876923076927,100 million tonnes (imported-ore equivalent),input-MR-demand.xlsx,ore,ore!A44:AO74
MAXore,"Domestic iron ore available in model, converted to imported-ore equivalent",ln,辽宁,2059,0.40049876923076927,100 million tonnes (imported-ore equivalent),input-MR-demand.xlsx,ore,ore!A44:AO74
MAXore,"Domestic iron ore available in model, converted to imported-ore equivalent",ln,辽宁,2060,0.40049876923076927,100 million tonnes (imported-ore equivalent),input-MR-demand.xlsx,ore,ore!A44:AO74
MAXore,"Domestic iron ore available in model, converted to imported-ore equivalent",jl,吉林,2021,0.015833128205128208,100 million tonnes (imported-ore equivalent),input-MR-demand.xlsx,ore,ore!A44:AO74
MAXore,"Domestic iron ore available in model, converted to imported-ore equivalent",jl,吉林,2022,0.015833128205128208,100 million tonnes (imported-ore equivalent),input-MR-demand.xlsx,ore,ore!A44:AO74
MAXore,"Domestic iron ore available in model, converted to imported-ore equivalent",jl,吉林,2023,0.015833128205128208,100 million tonnes (imported-ore equivalent),input-MR-demand.xlsx,ore,ore!A44:AO74
MAXore,"Domestic iron ore available in model, converted to imported-ore equivalent",jl,吉林,2024,0.015833128205128208,100 million tonnes (imported-ore equivalent),input-MR-demand.xlsx,ore,ore!A44:AO74
MAXore,"Domestic iron ore available in model, converted to imported-ore equivalent",jl,吉林,2025,0.015833128205128208,100 million tonnes (imported-ore equivalent),input-MR-demand.xlsx,ore,ore!A44:AO74
MAXore,"Domestic iron ore available in model, converted to imported-ore equivalent",jl,吉林,2026,0.015833128205128208,100 million tonnes (imported-ore equivalent),input-MR-demand.xlsx,ore,ore!A44:AO74
MAXore,"Domestic iron ore available in model, converted to imported-ore equivalent",jl,吉林,2027,0.015833128205128208,100 million tonnes (imported-ore equivalent),input-MR-demand.xlsx,ore,ore!A44:AO74
MAXore,"Domestic iron ore available in model, converted to imported-ore equivalent",jl,吉林,2028,0.015833128205128208,100 million tonnes (imported-ore equivalent),input-MR-demand.xlsx,ore,ore!A44:AO74
MAXore,"Domestic iron ore available in model, converted to imported-ore equivalent",jl,吉林,2029,0.015833128205128208,100 million tonnes (imported-ore equivalent),input-MR-demand.xlsx,ore,ore!A44:AO74
MAXore,"Domestic iron ore available in model, converted to imported-ore equivalent",jl,吉林,2030,0.015833128205128208,100 million tonnes (imported-ore equivalent),input-MR-demand.xlsx,ore,ore!A44:AO74
MAXore,"Domestic iron ore available in model, converted to imported-ore equivalent",jl,吉林,2031,0.015833128205128208,100 million tonnes (imported-ore equivalent),input-MR-demand.xlsx,ore,ore!A44:AO74
MAXore,"Domestic iron ore available in model, converted to imported-ore equivalent",jl,吉林,2032,0.015833128205128208,100 million tonnes (imported-ore equivalent),input-MR-demand.xlsx,ore,ore!A44:AO74
MAXore,"Domestic iron ore available in model, converted to imported-ore equivalent",jl,吉林,2033,0.015833128205128208,100 million tonnes (imported-ore equivalent),input-MR-demand.xlsx,ore,ore!A44:AO74
MAXore,"Domestic iron ore available in model, converted to imported-ore equivalent",jl,吉林,2034,0.015833128205128208,100 million tonnes (imported-ore equivalent),input-MR-demand.xlsx,ore,ore!A44:AO74
MAXore,"Domestic iron ore available in model, converted to imported-ore equivalent",jl,吉林,2035,0.015833128205128208,100 million tonnes (imported-ore equivalent),input-MR-demand.xlsx,ore,ore!A44:AO74
MAXore,"Domestic iron ore available in model, converted to imported-ore equivalent",jl,吉林,2036,0.015833128205128208,100 million tonnes (imported-ore equivalent),input-MR-demand.xlsx,ore,ore!A44:AO74
MAXore,"Domestic iron ore available in model, converted to imported-ore equivalent",jl,吉林,2037,0.015833128205128208,100 million tonnes (imported-ore equivalent),input-MR-demand.xlsx,ore,ore!A44:AO74
MAXore,"Domestic iron ore available in model, converted to imported-ore equivalent",jl,吉林,2038,0.015833128205128208,100 million tonnes (imported-ore equivalent),input-MR-demand.xlsx,ore,ore!A44:AO74
MAXore,"Domestic iron ore available in model, converted to imported-ore equivalent",jl,吉林,2039,0.015833128205128208,100 million tonnes (imported-ore equivalent),input-MR-demand.xlsx,ore,ore!A44:AO74
MAXore,"Domestic iron ore available in model, converted to imported-ore equivalent",jl,吉林,2040,0.015833128205128208,100 million tonnes (imported-ore equivalent),input-MR-demand.xlsx,ore,ore!A44:AO74
MAXore,"Domestic iron ore available in model, converted to imported-ore equivalent",jl,吉林,2041,0.015833128205128208,100 million tonnes (imported-ore equivalent),input-MR-demand.xlsx,ore,ore!A44:AO74
MAXore,"Domestic iron ore available in model, converted to imported-ore equivalent",jl,吉林,2042,0.015833128205128208,100 million tonnes (imported-ore equivalent),input-MR-demand.xlsx,ore,ore!A44:AO74
MAXore,"Domestic iron ore available in model, converted to imported-ore equivalent",jl,吉林,2043,0.015833128205128208,100 million tonnes (imported-ore equivalent),input-MR-demand.xlsx,ore,ore!A44:AO74
MAXore,"Domestic iron ore available in model, converted to imported-ore equivalent",jl,吉林,2044,0.015833128205128208,100 million tonnes (imported-ore equivalent),input-MR-demand.xlsx,ore,ore!A44:AO74
MAXore,"Domestic iron ore available in model, converted to imported-ore equivalent",jl,吉林,2045,0.015833128205128208,100 million tonnes (imported-ore equivalent),input-MR-demand.xlsx,ore,ore!A44:AO74
MAXore,"Domestic iron ore available in model, converted to imported-ore equivalent",jl,吉林,2046,0.015833128205128208,100 million tonnes (imported-ore equivalent),input-MR-demand.xlsx,ore,ore!A44:AO74
MAXore,"Domestic iron ore available in model, converted to imported-ore equivalent",jl,吉林,2047,0.015833128205128208,100 million tonnes (imported-ore equivalent),input-MR-demand.xlsx,ore,ore!A44:AO74
MAXore,"Domestic iron ore available in model, converted to imported-ore equivalent",jl,吉林,2048,0.015833128205128208,100 million tonnes (imported-ore equivalent),input-MR-demand.xlsx,ore,ore!A44:AO74
MAXore,"Domestic iron ore available in model, converted to imported-ore equivalent",jl,吉林,2049,0.015833128205128208,100 million tonnes (imported-ore equivalent),input-MR-demand.xlsx,ore,ore!A44:AO74
MAXore,"Domestic iron ore available in model, converted to imported-ore equivalent",jl,吉林,2050,0.015833128205128208,100 million tonnes (imported-ore equivalent),input-MR-demand.xlsx,ore,ore!A44:AO74
MAXore,"Domestic iron ore available in model, converted to imported-ore equivalent",jl,吉林,2051,0.015833128205128208,100 million tonnes (imported-ore equivalent),input-MR-demand.xlsx,ore,ore!A44:AO74
MAXore,"Domestic iron ore available in model, converted to imported-ore equivalent",jl,吉林,2052,0.015833128205128208,100 million tonnes (imported-ore equivalent),input-MR-demand.xlsx,ore,ore!A44:AO74
MAXore,"Domestic iron ore available in model, converted to imported-ore equivalent",jl,吉林,2053,0.015833128205128208,100 million tonnes (imported-ore equivalent),input-MR-demand.xlsx,ore,ore!A44:AO74
MAXore,"Domestic iron ore available in model, converted to imported-ore equivalent",jl,吉林,2054,0.015833128205128208,100 million tonnes (imported-ore equivalent),input-MR-demand.xlsx,ore,ore!A44:AO74
MAXore,"Domestic iron ore available in model, converted to imported-ore equivalent",jl,吉林,2055,0.015833128205128208,100 million tonnes (imported-ore equivalent),input-MR-demand.xlsx,ore,ore!A44:AO74
MAXore,"Domestic iron ore available in model, converted to imported-ore equivalent",jl,吉林,2056,0.015833128205128208,100 million tonnes (imported-ore equivalent),input-MR-demand.xlsx,ore,ore!A44:AO74
MAXore,"Domestic iron ore available in model, converted to imported-ore equivalent",jl,吉林,2057,0.015833128205128208,100 million tonnes (imported-ore equivalent),input-MR-demand.xlsx,ore,ore!A44:AO74
MAXore,"Domestic iron ore available in model, converted to imported-ore equivalent",jl,吉林,2058,0.015833128205128208,100 million tonnes (imported-ore equivalent),input-MR-demand.xlsx,ore,ore!A44:AO74
MAXore,"Domestic iron ore available in model, converted to imported-ore equivalent",jl,吉林,2059,0.015833128205128208,100 million tonnes (imported-ore equivalent),input-MR-demand.xlsx,ore,ore!A44:AO74
MAXore,"Domestic iron ore available in model, converted to imported-ore equivalent",jl,吉林,2060,0.015833128205128208,100 million tonnes (imported-ore equivalent),input-MR-demand.xlsx,ore,ore!A44:AO74
MAXore,"Domestic iron ore available in model, converted to imported-ore equivalent",hl,黑龙江,2021,0.009038666666666667,100 million tonnes (imported-ore equivalent),input-MR-demand.xlsx,ore,ore!A44:AO74
MAXore,"Domestic iron ore available in model, converted to imported-ore equivalent",hl,黑龙江,2022,0.009038666666666667,100 million tonnes (imported-ore equivalent),input-MR-demand.xlsx,ore,ore!A44:AO74
MAXore,"Domestic iron ore available in model, converted to imported-ore equivalent",hl,黑龙江,2023,0.009038666666666667,100 million tonnes (imported-ore equivalent),input-MR-demand.xlsx,ore,ore!A44:AO74
MAXore,"Domestic iron ore available in model, converted to imported-ore equivalent",hl,黑龙江,2024,0.009038666666666667,100 million tonnes (imported-ore equivalent),input-MR-demand.xlsx,ore,ore!A44:AO74
MAXore,"Domestic iron ore available in model, converted to imported-ore equivalent",hl,黑龙江,2025,0.009038666666666667,100 million tonnes (imported-ore equivalent),input-MR-demand.xlsx,ore,ore!A44:AO74
MAXore,"Domestic iron ore available in model, converted to imported-ore equivalent",hl,黑龙江,2026,0.009038666666666667,100 million tonnes (imported-ore equivalent),input-MR-demand.xlsx,ore,ore!A44:AO74
MAXore,"Domestic iron ore available in model, converted to imported-ore equivalent",hl,黑龙江,2027,0.009038666666666667,100 million tonnes (imported-ore equivalent),input-MR-demand.xlsx,ore,ore!A44:AO74
MAXore,"Domestic iron ore available in model, converted to imported-ore equivalent",hl,黑龙江,2028,0.009038666666666667,100 million tonnes (imported-ore equivalent),input-MR-demand.xlsx,ore,ore!A44:AO74
MAXore,"Domestic iron ore available in model, converted to imported-ore equivalent",hl,黑龙江,2029,0.009038666666666667,100 million tonnes (imported-ore equivalent),input-MR-demand.xlsx,ore,ore!A44:AO74
MAXore,"Domestic iron ore available in model, converted to imported-ore equivalent",hl,黑龙江,2030,0.009038666666666667,100 million tonnes (imported-ore equivalent),input-MR-demand.xlsx,ore,ore!A44:AO74
MAXore,"Domestic iron ore available in model, converted to imported-ore equivalent",hl,黑龙江,2031,0.009038666666666667,100 million tonnes (imported-ore equivalent),input-MR-demand.xlsx,ore,ore!A44:AO74
MAXore,"Domestic iron ore available in model, converted to imported-ore equivalent",hl,黑龙江,2032,0.009038666666666667,100 million tonnes (imported-ore equivalent),input-MR-demand.xlsx,ore,ore!A44:AO74
MAXore,"Domestic iron ore available in model, converted to imported-ore equivalent",hl,黑龙江,2033,0.009038666666666667,100 million tonnes (imported-ore equivalent),input-MR-demand.xlsx,ore,ore!A44:AO74
MAXore,"Domestic iron ore available in model, converted to imported-ore equivalent",hl,黑龙江,2034,0.009038666666666667,100 million tonnes (imported-ore equivalent),input-MR-demand.xlsx,ore,ore!A44:AO74
MAXore,"Domestic iron ore available in model, converted to imported-ore equivalent",hl,黑龙江,2035,0.009038666666666667,100 million tonnes (imported-ore equivalent),input-MR-demand.xlsx,ore,ore!A44:AO74
MAXore,"Domestic iron ore available in model, converted to imported-ore equivalent",hl,黑龙江,2036,0.009038666666666667,100 million tonnes (imported-ore equivalent),input-MR-demand.xlsx,ore,ore!A44:AO74
MAXore,"Domestic iron ore available in model, converted to imported-ore equivalent",hl,黑龙江,2037,0.009038666666666667,100 million tonnes (imported-ore equivalent),input-MR-demand.xlsx,ore,ore!A44:AO74
MAXore,"Domestic iron ore available in model, converted to imported-ore equivalent",hl,黑龙江,2038,0.009038666666666667,100 million tonnes (imported-ore equivalent),input-MR-demand.xlsx,ore,ore!A44:AO74
MAXore,"Domestic iron ore available in model, converted to imported-ore equivalent",hl,黑龙江,2039,0.009038666666666667,100 million tonnes (imported-ore equivalent),input-MR-demand.xlsx,ore,ore!A44:AO74
MAXore,"Domestic iron ore available in model, converted to imported-ore equivalent",hl,黑龙江,2040,0.009038666666666667,100 million tonnes (imported-ore equivalent),input-MR-demand.xlsx,ore,ore!A44:AO74
MAXore,"Domestic iron ore available in model, converted to imported-ore equivalent",hl,黑龙江,2041,0.009038666666666667,100 million tonnes (imported-ore equivalent),input-MR-demand.xlsx,ore,ore!A44:AO74
MAXore,"Domestic iron ore available in model, converted to imported-ore equivalent",hl,黑龙江,2042,0.009038666666666667,100 million tonnes (imported-ore equivalent),input-MR-demand.xlsx,ore,ore!A44:AO74
MAXore,"Domestic iron ore available in model, converted to imported-ore equivalent",hl,黑龙江,2043,0.009038666666666667,100 million tonnes (imported-ore equivalent),input-MR-demand.xlsx,ore,ore!A44:AO74
MAXore,"Domestic iron ore available in model, converted to imported-ore equivalent",hl,黑龙江,2044,0.009038666666666667,100 million tonnes (imported-ore equivalent),input-MR-demand.xlsx,ore,ore!A44:AO74
MAXore,"Domestic iron ore available in model, converted to imported-ore equivalent",hl,黑龙江,2045,0.009038666666666667,100 million tonnes (imported-ore equivalent),input-MR-demand.xlsx,ore,ore!A44:AO74
MAXore,"Domestic iron ore available in model, converted to imported-ore equivalent",hl,黑龙江,2046,0.009038666666666667,100 million tonnes (imported-ore equivalent),input-MR-demand.xlsx,ore,ore!A44:AO74
MAXore,"Domestic iron ore available in model, converted to imported-ore equivalent",hl,黑龙江,2047,0.009038666666666667,100 million tonnes (imported-ore equivalent),input-MR-demand.xlsx,ore,ore!A44:AO74
MAXore,"Domestic iron ore available in model, converted to imported-ore equivalent",hl,黑龙江,2048,0.009038666666666667,100 million tonnes (imported-ore equivalent),input-MR-demand.xlsx,ore,ore!A44:AO74
MAXore,"Domestic iron ore available in model, converted to imported-ore equivalent",hl,黑龙江,2049,0.009038666666666667,100 million tonnes (imported-ore equivalent),input-MR-demand.xlsx,ore,ore!A44:AO74
MAXore,"Domestic iron ore available in model, converted to imported-ore equivalent",hl,黑龙江,2050,0.009038666666666667,100 million tonnes (imported-ore equivalent),input-MR-demand.xlsx,ore,ore!A44:AO74
MAXore,"Domestic iron ore available in model, converted to imported-ore equivalent",hl,黑龙江,2051,0.009038666666666667,100 million tonnes (imported-ore equivalent),input-MR-demand.xlsx,ore,ore!A44:AO74
MAXore,"Domestic iron ore available in model, converted to imported-ore equivalent",hl,黑龙江,2052,0.009038666666666667,100 million tonnes (imported-ore equivalent),input-MR-demand.xlsx,ore,ore!A44:AO74
MAXore,"Domestic iron ore available in model, converted to imported-ore equivalent",hl,黑龙江,2053,0.009038666666666667,100 million tonnes (imported-ore equivalent),input-MR-demand.xlsx,ore,ore!A44:AO74
MAXore,"Domestic iron ore available in model, converted to imported-ore equivalent",hl,黑龙江,2054,0.009038666666666667,100 million tonnes (imported-ore equivalent),input-MR-demand.xlsx,ore,ore!A44:AO74
MAXore,"Domestic iron ore available in model, converted to imported-ore equivalent",hl,黑龙江,2055,0.009038666666666667,100 million tonnes (imported-ore equivalent),input-MR-demand.xlsx,ore,ore!A44:AO74
MAXore,"Domestic iron ore available in model, converted to imported-ore equivalent",hl,黑龙江,2056,0.009038666666666667,100 million tonnes (imported-ore equivalent),input-MR-demand.xlsx,ore,ore!A44:AO74
MAXore,"Domestic iron ore available in model, converted to imported-ore equivalent",hl,黑龙江,2057,0.009038666666666667,100 million tonnes (imported-ore equivalent),input-MR-demand.xlsx,ore,ore!A44:AO74
MAXore,"Domestic iron ore available in model, converted to imported-ore equivalent",hl,黑龙江,2058,0.009038666666666667,100 million tonnes (imported-ore equivalent),input-MR-demand.xlsx,ore,ore!A44:AO74
MAXore,"Domestic iron ore available in model, converted to imported-ore equivalent",hl,黑龙江,2059,0.009038666666666667,100 million tonnes (imported-ore equivalent),input-MR-demand.xlsx,ore,ore!A44:AO74
MAXore,"Domestic iron ore available in model, converted to imported-ore equivalent",hl,黑龙江,2060,0.009038666666666667,100 million tonnes (imported-ore equivalent),input-MR-demand.xlsx,ore,ore!A44:AO74
MAXore,"Domestic iron ore available in model, converted to imported-ore equivalent",sh,上海,2021,0,100 million tonnes (imported-ore equivalent),input-MR-demand.xlsx,ore,ore!A44:AO74
MAXore,"Domestic iron ore available in model, converted to imported-ore equivalent",sh,上海,2022,0,100 million tonnes (imported-ore equivalent),input-MR-demand.xlsx,ore,ore!A44:AO74
MAXore,"Domestic iron ore available in model, converted to imported-ore equivalent",sh,上海,2023,0,100 million tonnes (imported-ore equivalent),input-MR-demand.xlsx,ore,ore!A44:AO74
MAXore,"Domestic iron ore available in model, converted to imported-ore equivalent",sh,上海,2024,0,100 million tonnes (imported-ore equivalent),input-MR-demand.xlsx,ore,ore!A44:AO74
MAXore,"Domestic iron ore available in model, converted to imported-ore equivalent",sh,上海,2025,0,100 million tonnes (imported-ore equivalent),input-MR-demand.xlsx,ore,ore!A44:AO74
MAXore,"Domestic iron ore available in model, converted to imported-ore equivalent",sh,上海,2026,0,100 million tonnes (imported-ore equivalent),input-MR-demand.xlsx,ore,ore!A44:AO74
MAXore,"Domestic iron ore available in model, converted to imported-ore equivalent",sh,上海,2027,0,100 million tonnes (imported-ore equivalent),input-MR-demand.xlsx,ore,ore!A44:AO74
MAXore,"Domestic iron ore available in model, converted to imported-ore equivalent",sh,上海,2028,0,100 million tonnes (imported-ore equivalent),input-MR-demand.xlsx,ore,ore!A44:AO74
MAXore,"Domestic iron ore available in model, converted to imported-ore equivalent",sh,上海,2029,0,100 million tonnes (imported-ore equivalent),input-MR-demand.xlsx,ore,ore!A44:AO74
MAXore,"Domestic iron ore available in model, converted to imported-ore equivalent",sh,上海,2030,0,100 million tonnes (imported-ore equivalent),input-MR-demand.xlsx,ore,ore!A44:AO74
MAXore,"Domestic iron ore available in model, converted to imported-ore equivalent",sh,上海,2031,0,100 million tonnes (imported-ore equivalent),input-MR-demand.xlsx,ore,ore!A44:AO74
MAXore,"Domestic iron ore available in model, converted to imported-ore equivalent",sh,上海,2032,0,100 million tonnes (imported-ore equivalent),input-MR-demand.xlsx,ore,ore!A44:AO74
MAXore,"Domestic iron ore available in model, converted to imported-ore equivalent",sh,上海,2033,0,100 million tonnes (imported-ore equivalent),input-MR-demand.xlsx,ore,ore!A44:AO74
MAXore,"Domestic iron ore available in model, converted to imported-ore equivalent",sh,上海,2034,0,100 million tonnes (imported-ore equivalent),input-MR-demand.xlsx,ore,ore!A44:AO74
MAXore,"Domestic iron ore available in model, converted to imported-ore equivalent",sh,上海,2035,0,100 million tonnes (imported-ore equivalent),input-MR-demand.xlsx,ore,ore!A44:AO74
MAXore,"Domestic iron ore available in model, converted to imported-ore equivalent",sh,上海,2036,0,100 million tonnes (imported-ore equivalent),input-MR-demand.xlsx,ore,ore!A44:AO74
MAXore,"Domestic iron ore available in model, converted to imported-ore equivalent",sh,上海,2037,0,100 million tonnes (imported-ore equivalent),input-MR-demand.xlsx,ore,ore!A44:AO74
MAXore,"Domestic iron ore available in model, converted to imported-ore equivalent",sh,上海,2038,0,100 million tonnes (imported-ore equivalent),input-MR-demand.xlsx,ore,ore!A44:AO74
MAXore,"Domestic iron ore available in model, converted to imported-ore equivalent",sh,上海,2039,0,100 million tonnes (imported-ore equivalent),input-MR-demand.xlsx,ore,ore!A44:AO74
MAXore,"Domestic iron ore available in model, converted to imported-ore equivalent",sh,上海,2040,0,100 million tonnes (imported-ore equivalent),input-MR-demand.xlsx,ore,ore!A44:AO74
MAXore,"Domestic iron ore available in model, converted to imported-ore equivalent",sh,上海,2041,0,100 million tonnes (imported-ore equivalent),input-MR-demand.xlsx,ore,ore!A44:AO74
MAXore,"Domestic iron ore available in model, converted to imported-ore equivalent",sh,上海,2042,0,100 million tonnes (imported-ore equivalent),input-MR-demand.xlsx,ore,ore!A44:AO74
MAXore,"Domestic iron ore available in model, converted to imported-ore equivalent",sh,上海,2043,0,100 million tonnes (imported-ore equivalent),input-MR-demand.xlsx,ore,ore!A44:AO74
MAXore,"Domestic iron ore available in model, converted to imported-ore equivalent",sh,上海,2044,0,100 million tonnes (imported-ore equivalent),input-MR-demand.xlsx,ore,ore!A44:AO74
MAXore,"Domestic iron ore available in model, converted to imported-ore equivalent",sh,上海,2045,0,100 million tonnes (imported-ore equivalent),input-MR-demand.xlsx,ore,ore!A44:AO74
MAXore,"Domestic iron ore available in model, converted to imported-ore equivalent",sh,上海,2046,0,100 million tonnes (imported-ore equivalent),input-MR-demand.xlsx,ore,ore!A44:AO74
MAXore,"Domestic iron ore available in model, converted to imported-ore equivalent",sh,上海,2047,0,100 million tonnes (imported-ore equivalent),input-MR-demand.xlsx,ore,ore!A44:AO74
MAXore,"Domestic iron ore available in model, converted to imported-ore equivalent",sh,上海,2048,0,100 million tonnes (imported-ore equivalent),input-MR-demand.xlsx,ore,ore!A44:AO74
MAXore,"Domestic iron ore available in model, converted to imported-ore equivalent",sh,上海,2049,0,100 million tonnes (imported-ore equivalent),input-MR-demand.xlsx,ore,ore!A44:AO74
MAXore,"Domestic iron ore available in model, converted to imported-ore equivalent",sh,上海,2050,0,100 million tonnes (imported-ore equivalent),input-MR-demand.xlsx,ore,ore!A44:AO74
MAXore,"Domestic iron ore available in model, converted to imported-ore equivalent",sh,上海,2051,0,100 million tonnes (imported-ore equivalent),input-MR-demand.xlsx,ore,ore!A44:AO74
MAXore,"Domestic iron ore available in model, converted to imported-ore equivalent",sh,上海,2052,0,100 million tonnes (imported-ore equivalent),input-MR-demand.xlsx,ore,ore!A44:AO74
MAXore,"Domestic iron ore available in model, converted to imported-ore equivalent",sh,上海,2053,0,100 million tonnes (imported-ore equivalent),input-MR-demand.xlsx,ore,ore!A44:AO74
MAXore,"Domestic iron ore available in model, converted to imported-ore equivalent",sh,上海,2054,0,100 million tonnes (imported-ore equivalent),input-MR-demand.xlsx,ore,ore!A44:AO74
MAXore,"Domestic iron ore available in model, converted to imported-ore equivalent",sh,上海,2055,0,100 million tonnes (imported-ore equivalent),input-MR-demand.xlsx,ore,ore!A44:AO74
MAXore,"Domestic iron ore available in model, converted to imported-ore equivalent",sh,上海,2056,0,100 million tonnes (imported-ore equivalent),input-MR-demand.xlsx,ore,ore!A44:AO74
MAXore,"Domestic iron ore available in model, converted to imported-ore equivalent",sh,上海,2057,0,100 million tonnes (imported-ore equivalent),input-MR-demand.xlsx,ore,ore!A44:AO74
MAXore,"Domestic iron ore available in model, converted to imported-ore equivalent",sh,上海,2058,0,100 million tonnes (imported-ore equivalent),input-MR-demand.xlsx,ore,ore!A44:AO74
MAXore,"Domestic iron ore available in model, converted to imported-ore equivalent",sh,上海,2059,0,100 million tonnes (imported-ore equivalent),input-MR-demand.xlsx,ore,ore!A44:AO74
MAXore,"Domestic iron ore available in model, converted to imported-ore equivalent",sh,上海,2060,0,100 million tonnes (imported-ore equivalent),input-MR-demand.xlsx,ore,ore!A44:AO74
MAXore,"Domestic iron ore available in model, converted to imported-ore equivalent",js,江苏,2021,0.002085128205128205,100 million tonnes (imported-ore equivalent),input-MR-demand.xlsx,ore,ore!A44:AO74
MAXore,"Domestic iron ore available in model, converted to imported-ore equivalent",js,江苏,2022,0.002085128205128205,100 million tonnes (imported-ore equivalent),input-MR-demand.xlsx,ore,ore!A44:AO74
MAXore,"Domestic iron ore available in model, converted to imported-ore equivalent",js,江苏,2023,0.002085128205128205,100 million tonnes (imported-ore equivalent),input-MR-demand.xlsx,ore,ore!A44:AO74
MAXore,"Domestic iron ore available in model, converted to imported-ore equivalent",js,江苏,2024,0.002085128205128205,100 million tonnes (imported-ore equivalent),input-MR-demand.xlsx,ore,ore!A44:AO74
MAXore,"Domestic iron ore available in model, converted to imported-ore equivalent",js,江苏,2025,0.002085128205128205,100 million tonnes (imported-ore equivalent),input-MR-demand.xlsx,ore,ore!A44:AO74
MAXore,"Domestic iron ore available in model, converted to imported-ore equivalent",js,江苏,2026,0.002085128205128205,100 million tonnes (imported-ore equivalent),input-MR-demand.xlsx,ore,ore!A44:AO74
MAXore,"Domestic iron ore available in model, converted to imported-ore equivalent",js,江苏,2027,0.002085128205128205,100 million tonnes (imported-ore equivalent),input-MR-demand.xlsx,ore,ore!A44:AO74
MAXore,"Domestic iron ore available in model, converted to imported-ore equivalent",js,江苏,2028,0.002085128205128205,100 million tonnes (imported-ore equivalent),input-MR-demand.xlsx,ore,ore!A44:AO74
MAXore,"Domestic iron ore available in model, converted to imported-ore equivalent",js,江苏,2029,0.002085128205128205,100 million tonnes (imported-ore equivalent),input-MR-demand.xlsx,ore,ore!A44:AO74
MAXore,"Domestic iron ore available in model, converted to imported-ore equivalent",js,江苏,2030,0.002085128205128205,100 million tonnes (imported-ore equivalent),input-MR-demand.xlsx,ore,ore!A44:AO74
MAXore,"Domestic iron ore available in model, converted to imported-ore equivalent",js,江苏,2031,0.002085128205128205,100 million tonnes (imported-ore equivalent),input-MR-demand.xlsx,ore,ore!A44:AO74
MAXore,"Domestic iron ore available in model, converted to imported-ore equivalent",js,江苏,2032,0.002085128205128205,100 million tonnes (imported-ore equivalent),input-MR-demand.xlsx,ore,ore!A44:AO74
MAXore,"Domestic iron ore available in model, converted to imported-ore equivalent",js,江苏,2033,0.002085128205128205,100 million tonnes (imported-ore equivalent),input-MR-demand.xlsx,ore,ore!A44:AO74
MAXore,"Domestic iron ore available in model, converted to imported-ore equivalent",js,江苏,2034,0.002085128205128205,100 million tonnes (imported-ore equivalent),input-MR-demand.xlsx,ore,ore!A44:AO74
MAXore,"Domestic iron ore available in model, converted to imported-ore equivalent",js,江苏,2035,0.002085128205128205,100 million tonnes (imported-ore equivalent),input-MR-demand.xlsx,ore,ore!A44:AO74
MAXore,"Domestic iron ore available in model, converted to imported-ore equivalent",js,江苏,2036,0.002085128205128205,100 million tonnes (imported-ore equivalent),input-MR-demand.xlsx,ore,ore!A44:AO74
MAXore,"Domestic iron ore available in model, converted to imported-ore equivalent",js,江苏,2037,0.002085128205128205,100 million tonnes (imported-ore equivalent),input-MR-demand.xlsx,ore,ore!A44:AO74
MAXore,"Domestic iron ore available in model, converted to imported-ore equivalent",js,江苏,2038,0.002085128205128205,100 million tonnes (imported-ore equivalent),input-MR-demand.xlsx,ore,ore!A44:AO74
MAXore,"Domestic iron ore available in model, converted to imported-ore equivalent",js,江苏,2039,0.002085128205128205,100 million tonnes (imported-ore equivalent),input-MR-demand.xlsx,ore,ore!A44:AO74
MAXore,"Domestic iron ore available in model, converted to imported-ore equivalent",js,江苏,2040,0.002085128205128205,100 million tonnes (imported-ore equivalent),input-MR-demand.xlsx,ore,ore!A44:AO74
MAXore,"Domestic iron ore available in model, converted to imported-ore equivalent",js,江苏,2041,0.002085128205128205,100 million tonnes (imported-ore equivalent),input-MR-demand.xlsx,ore,ore!A44:AO74
MAXore,"Domestic iron ore available in model, converted to imported-ore equivalent",js,江苏,2042,0.002085128205128205,100 million tonnes (imported-ore equivalent),input-MR-demand.xlsx,ore,ore!A44:AO74
MAXore,"Domestic iron ore available in model, converted to imported-ore equivalent",js,江苏,2043,0.002085128205128205,100 million tonnes (imported-ore equivalent),input-MR-demand.xlsx,ore,ore!A44:AO74
MAXore,"Domestic iron ore available in model, converted to imported-ore equivalent",js,江苏,2044,0.002085128205128205,100 million tonnes (imported-ore equivalent),input-MR-demand.xlsx,ore,ore!A44:AO74
MAXore,"Domestic iron ore available in model, converted to imported-ore equivalent",js,江苏,2045,0.002085128205128205,100 million tonnes (imported-ore equivalent),input-MR-demand.xlsx,ore,ore!A44:AO74
MAXore,"Domestic iron ore available in model, converted to imported-ore equivalent",js,江苏,2046,0.002085128205128205,100 million tonnes (imported-ore equivalent),input-MR-demand.xlsx,ore,ore!A44:AO74
MAXore,"Domestic iron ore available in model, converted to imported-ore equivalent",js,江苏,2047,0.002085128205128205,100 million tonnes (imported-ore equivalent),input-MR-demand.xlsx,ore,ore!A44:AO74
MAXore,"Domestic iron ore available in model, converted to imported-ore equivalent",js,江苏,2048,0.002085128205128205,100 million tonnes (imported-ore equivalent),input-MR-demand.xlsx,ore,ore!A44:AO74
MAXore,"Domestic iron ore available in model, converted to imported-ore equivalent",js,江苏,2049,0.002085128205128205,100 million tonnes (imported-ore equivalent),input-MR-demand.xlsx,ore,ore!A44:AO74
MAXore,"Domestic iron ore available in model, converted to imported-ore equivalent",js,江苏,2050,0.002085128205128205,100 million tonnes (imported-ore equivalent),input-MR-demand.xlsx,ore,ore!A44:AO74
MAXore,"Domestic iron ore available in model, converted to imported-ore equivalent",js,江苏,2051,0.002085128205128205,100 million tonnes (imported-ore equivalent),input-MR-demand.xlsx,ore,ore!A44:AO74
MAXore,"Domestic iron ore available in model, converted to imported-ore equivalent",js,江苏,2052,0.002085128205128205,100 million tonnes (imported-ore equivalent),input-MR-demand.xlsx,ore,ore!A44:AO74
MAXore,"Domestic iron ore available in model, converted to imported-ore equivalent",js,江苏,2053,0.002085128205128205,100 million tonnes (imported-ore equivalent),input-MR-demand.xlsx,ore,ore!A44:AO74
MAXore,"Domestic iron ore available in model, converted to imported-ore equivalent",js,江苏,2054,0.002085128205128205,100 million tonnes (imported-ore equivalent),input-MR-demand.xlsx,ore,ore!A44:AO74
MAXore,"Domestic iron ore available in model, converted to imported-ore equivalent",js,江苏,2055,0.002085128205128205,100 million tonnes (imported-ore equivalent),input-MR-demand.xlsx,ore,ore!A44:AO74
MAXore,"Domestic iron ore available in model, converted to imported-ore equivalent",js,江苏,2056,0.002085128205128205,100 million tonnes (imported-ore equivalent),input-MR-demand.xlsx,ore,ore!A44:AO74
MAXore,"Domestic iron ore available in model, converted to imported-ore equivalent",js,江苏,2057,0.002085128205128205,100 million tonnes (imported-ore equivalent),input-MR-demand.xlsx,ore,ore!A44:AO74
MAXore,"Domestic iron ore available in model, converted to imported-ore equivalent",js,江苏,2058,0.002085128205128205,100 million tonnes (imported-ore equivalent),input-MR-demand.xlsx,ore,ore!A44:AO74
MAXore,"Domestic iron ore available in model, converted to imported-ore equivalent",js,江苏,2059,0.002085128205128205,100 million tonnes (imported-ore equivalent),input-MR-demand.xlsx,ore,ore!A44:AO74
MAXore,"Domestic iron ore available in model, converted to imported-ore equivalent",js,江苏,2060,0.002085128205128205,100 million tonnes (imported-ore equivalent),input-MR-demand.xlsx,ore,ore!A44:AO74
MAXore,"Domestic iron ore available in model, converted to imported-ore equivalent",zj,浙江,2021,0.0010380512820512822,100 million tonnes (imported-ore equivalent),input-MR-demand.xlsx,ore,ore!A44:AO74
MAXore,"Domestic iron ore available in model, converted to imported-ore equivalent",zj,浙江,2022,0.0010380512820512822,100 million tonnes (imported-ore equivalent),input-MR-demand.xlsx,ore,ore!A44:AO74
MAXore,"Domestic iron ore available in model, converted to imported-ore equivalent",zj,浙江,2023,0.0010380512820512822,100 million tonnes (imported-ore equivalent),input-MR-demand.xlsx,ore,ore!A44:AO74
MAXore,"Domestic iron ore available in model, converted to imported-ore equivalent",zj,浙江,2024,0.0010380512820512822,100 million tonnes (imported-ore equivalent),input-MR-demand.xlsx,ore,ore!A44:AO74
MAXore,"Domestic iron ore available in model, converted to imported-ore equivalent",zj,浙江,2025,0.0010380512820512822,100 million tonnes (imported-ore equivalent),input-MR-demand.xlsx,ore,ore!A44:AO74
MAXore,"Domestic iron ore available in model, converted to imported-ore equivalent",zj,浙江,2026,0.0010380512820512822,100 million tonnes (imported-ore equivalent),input-MR-demand.xlsx,ore,ore!A44:AO74
MAXore,"Domestic iron ore available in model, converted to imported-ore equivalent",zj,浙江,2027,0.0010380512820512822,100 million tonnes (imported-ore equivalent),input-MR-demand.xlsx,ore,ore!A44:AO74
MAXore,"Domestic iron ore available in model, converted to imported-ore equivalent",zj,浙江,2028,0.0010380512820512822,100 million tonnes (imported-ore equivalent),input-MR-demand.xlsx,ore,ore!A44:AO74
MAXore,"Domestic iron ore available in model, converted to imported-ore equivalent",zj,浙江,2029,0.0010380512820512822,100 million tonnes (imported-ore equivalent),input-MR-demand.xlsx,ore,ore!A44:AO74
MAXore,"Domestic iron ore available in model, converted to imported-ore equivalent",zj,浙江,2030,0.0010380512820512822,100 million tonnes (imported-ore equivalent),input-MR-demand.xlsx,ore,ore!A44:AO74
MAXore,"Domestic iron ore available in model, converted to imported-ore equivalent",zj,浙江,2031,0.0010380512820512822,100 million tonnes (imported-ore equivalent),input-MR-demand.xlsx,ore,ore!A44:AO74
MAXore,"Domestic iron ore available in model, converted to imported-ore equivalent",zj,浙江,2032,0.0010380512820512822,100 million tonnes (imported-ore equivalent),input-MR-demand.xlsx,ore,ore!A44:AO74
MAXore,"Domestic iron ore available in model, converted to imported-ore equivalent",zj,浙江,2033,0.0010380512820512822,100 million tonnes (imported-ore equivalent),input-MR-demand.xlsx,ore,ore!A44:AO74
MAXore,"Domestic iron ore available in model, converted to imported-ore equivalent",zj,浙江,2034,0.0010380512820512822,100 million tonnes (imported-ore equivalent),input-MR-demand.xlsx,ore,ore!A44:AO74
MAXore,"Domestic iron ore available in model, converted to imported-ore equivalent",zj,浙江,2035,0.0010380512820512822,100 million tonnes (imported-ore equivalent),input-MR-demand.xlsx,ore,ore!A44:AO74
MAXore,"Domestic iron ore available in model, converted to imported-ore equivalent",zj,浙江,2036,0.0010380512820512822,100 million tonnes (imported-ore equivalent),input-MR-demand.xlsx,ore,ore!A44:AO74
MAXore,"Domestic iron ore available in model, converted to imported-ore equivalent",zj,浙江,2037,0.0010380512820512822,100 million tonnes (imported-ore equivalent),input-MR-demand.xlsx,ore,ore!A44:AO74
MAXore,"Domestic iron ore available in model, converted to imported-ore equivalent",zj,浙江,2038,0.0010380512820512822,100 million tonnes (imported-ore equivalent),input-MR-demand.xlsx,ore,ore!A44:AO74
MAXore,"Domestic iron ore available in model, converted to imported-ore equivalent",zj,浙江,2039,0.0010380512820512822,100 million tonnes (imported-ore equivalent),input-MR-demand.xlsx,ore,ore!A44:AO74
MAXore,"Domestic iron ore available in model, converted to imported-ore equivalent",zj,浙江,2040,0.0010380512820512822,100 million tonnes (imported-ore equivalent),input-MR-demand.xlsx,ore,ore!A44:AO74
MAXore,"Domestic iron ore available in model, converted to imported-ore equivalent",zj,浙江,2041,0.0010380512820512822,100 million tonnes (imported-ore equivalent),input-MR-demand.xlsx,ore,ore!A44:AO74
MAXore,"Domestic iron ore available in model, converted to imported-ore equivalent",zj,浙江,2042,0.0010380512820512822,100 million tonnes (imported-ore equivalent),input-MR-demand.xlsx,ore,ore!A44:AO74
MAXore,"Domestic iron ore available in model, converted to imported-ore equivalent",zj,浙江,2043,0.0010380512820512822,100 million tonnes (imported-ore equivalent),input-MR-demand.xlsx,ore,ore!A44:AO74
MAXore,"Domestic iron ore available in model, converted to imported-ore equivalent",zj,浙江,2044,0.0010380512820512822,100 million tonnes (imported-ore equivalent),input-MR-demand.xlsx,ore,ore!A44:AO74
MAXore,"Domestic iron ore available in model, converted to imported-ore equivalent",zj,浙江,2045,0.0010380512820512822,100 million tonnes (imported-ore equivalent),input-MR-demand.xlsx,ore,ore!A44:AO74
MAXore,"Domestic iron ore available in model, converted to imported-ore equivalent",zj,浙江,2046,0.0010380512820512822,100 million tonnes (imported-ore equivalent),input-MR-demand.xlsx,ore,ore!A44:AO74
MAXore,"Domestic iron ore available in model, converted to imported-ore equivalent",zj,浙江,2047,0.0010380512820512822,100 million tonnes (imported-ore equivalent),input-MR-demand.xlsx,ore,ore!A44:AO74
MAXore,"Domestic iron ore available in model, converted to imported-ore equivalent",zj,浙江,2048,0.0010380512820512822,100 million tonnes (imported-ore equivalent),input-MR-demand.xlsx,ore,ore!A44:AO74
MAXore,"Domestic iron ore available in model, converted to imported-ore equivalent",zj,浙江,2049,0.0010380512820512822,100 million tonnes (imported-ore equivalent),input-MR-demand.xlsx,ore,ore!A44:AO74
MAXore,"Domestic iron ore available in model, converted to imported-ore equivalent",zj,浙江,2050,0.0010380512820512822,100 million tonnes (imported-ore equivalent),input-MR-demand.xlsx,ore,ore!A44:AO74
MAXore,"Domestic iron ore available in model, converted to imported-ore equivalent",zj,浙江,2051,0.0010380512820512822,100 million tonnes (imported-ore equivalent),input-MR-demand.xlsx,ore,ore!A44:AO74
MAXore,"Domestic iron ore available in model, converted to imported-ore equivalent",zj,浙江,2052,0.0010380512820512822,100 million tonnes (imported-ore equivalent),input-MR-demand.xlsx,ore,ore!A44:AO74
MAXore,"Domestic iron ore available in model, converted to imported-ore equivalent",zj,浙江,2053,0.0010380512820512822,100 million tonnes (imported-ore equivalent),input-MR-demand.xlsx,ore,ore!A44:AO74
MAXore,"Domestic iron ore available in model, converted to imported-ore equivalent",zj,浙江,2054,0.0010380512820512822,100 million tonnes (imported-ore equivalent),input-MR-demand.xlsx,ore,ore!A44:AO74
MAXore,"Domestic iron ore available in model, converted to imported-ore equivalent",zj,浙江,2055,0.0010380512820512822,100 million tonnes (imported-ore equivalent),input-MR-demand.xlsx,ore,ore!A44:AO74
MAXore,"Domestic iron ore available in model, converted to imported-ore equivalent",zj,浙江,2056,0.0010380512820512822,100 million tonnes (imported-ore equivalent),input-MR-demand.xlsx,ore,ore!A44:AO74
MAXore,"Domestic iron ore available in model, converted to imported-ore equivalent",zj,浙江,2057,0.0010380512820512822,100 million tonnes (imported-ore equivalent),input-MR-demand.xlsx,ore,ore!A44:AO74
MAXore,"Domestic iron ore available in model, converted to imported-ore equivalent",zj,浙江,2058,0.0010380512820512822,100 million tonnes (imported-ore equivalent),input-MR-demand.xlsx,ore,ore!A44:AO74
MAXore,"Domestic iron ore available in model, converted to imported-ore equivalent",zj,浙江,2059,0.0010380512820512822,100 million tonnes (imported-ore equivalent),input-MR-demand.xlsx,ore,ore!A44:AO74
MAXore,"Domestic iron ore available in model, converted to imported-ore equivalent",zj,浙江,2060,0.0010380512820512822,100 million tonnes (imported-ore equivalent),input-MR-demand.xlsx,ore,ore!A44:AO74
MAXore,"Domestic iron ore available in model, converted to imported-ore equivalent",ah,安徽,2021,0.08348564102564102,100 million tonnes (imported-ore equivalent),input-MR-demand.xlsx,ore,ore!A44:AO74
MAXore,"Domestic iron ore available in model, converted to imported-ore equivalent",ah,安徽,2022,0.08348564102564102,100 million tonnes (imported-ore equivalent),input-MR-demand.xlsx,ore,ore!A44:AO74
MAXore,"Domestic iron ore available in model, converted to imported-ore equivalent",ah,安徽,2023,0.08348564102564102,100 million tonnes (imported-ore equivalent),input-MR-demand.xlsx,ore,ore!A44:AO74
MAXore,"Domestic iron ore available in model, converted to imported-ore equivalent",ah,安徽,2024,0.08348564102564102,100 million tonnes (imported-ore equivalent),input-MR-demand.xlsx,ore,ore!A44:AO74
MAXore,"Domestic iron ore available in model, converted to imported-ore equivalent",ah,安徽,2025,0.08348564102564102,100 million tonnes (imported-ore equivalent),input-MR-demand.xlsx,ore,ore!A44:AO74
MAXore,"Domestic iron ore available in model, converted to imported-ore equivalent",ah,安徽,2026,0.08348564102564102,100 million tonnes (imported-ore equivalent),input-MR-demand.xlsx,ore,ore!A44:AO74
MAXore,"Domestic iron ore available in model, converted to imported-ore equivalent",ah,安徽,2027,0.08348564102564102,100 million tonnes (imported-ore equivalent),input-MR-demand.xlsx,ore,ore!A44:AO74
MAXore,"Domestic iron ore available in model, converted to imported-ore equivalent",ah,安徽,2028,0.08348564102564102,100 million tonnes (imported-ore equivalent),input-MR-demand.xlsx,ore,ore!A44:AO74
MAXore,"Domestic iron ore available in model, converted to imported-ore equivalent",ah,安徽,2029,0.08348564102564102,100 million tonnes (imported-ore equivalent),input-MR-demand.xlsx,ore,ore!A44:AO74
MAXore,"Domestic iron ore available in model, converted to imported-ore equivalent",ah,安徽,2030,0.08348564102564102,100 million tonnes (imported-ore equivalent),input-MR-demand.xlsx,ore,ore!A44:AO74
MAXore,"Domestic iron ore available in model, converted to imported-ore equivalent",ah,安徽,2031,0.08348564102564102,100 million tonnes (imported-ore equivalent),input-MR-demand.xlsx,ore,ore!A44:AO74
MAXore,"Domestic iron ore available in model, converted to imported-ore equivalent",ah,安徽,2032,0.08348564102564102,100 million tonnes (imported-ore equivalent),input-MR-demand.xlsx,ore,ore!A44:AO74
MAXore,"Domestic iron ore available in model, converted to imported-ore equivalent",ah,安徽,2033,0.08348564102564102,100 million tonnes (imported-ore equivalent),input-MR-demand.xlsx,ore,ore!A44:AO74
MAXore,"Domestic iron ore available in model, converted to imported-ore equivalent",ah,安徽,2034,0.08348564102564102,100 million tonnes (imported-ore equivalent),input-MR-demand.xlsx,ore,ore!A44:AO74
MAXore,"Domestic iron ore available in model, converted to imported-ore equivalent",ah,安徽,2035,0.08348564102564103,100 million tonnes (imported-ore equivalent),input-MR-demand.xlsx,ore,ore!A44:AO74
MAXore,"Domestic iron ore available in model, converted to imported-ore equivalent",ah,安徽,2036,0.08348564102564103,100 million tonnes (imported-ore equivalent),input-MR-demand.xlsx,ore,ore!A44:AO74
MAXore,"Domestic iron ore available in model, converted to imported-ore equivalent",ah,安徽,2037,0.08348564102564103,100 million tonnes (imported-ore equivalent),input-MR-demand.xlsx,ore,ore!A44:AO74
MAXore,"Domestic iron ore available in model, converted to imported-ore equivalent",ah,安徽,2038,0.08348564102564103,100 million tonnes (imported-ore equivalent),input-MR-demand.xlsx,ore,ore!A44:AO74
MAXore,"Domestic iron ore available in model, converted to imported-ore equivalent",ah,安徽,2039,0.08348564102564103,100 million tonnes (imported-ore equivalent),input-MR-demand.xlsx,ore,ore!A44:AO74
MAXore,"Domestic iron ore available in model, converted to imported-ore equivalent",ah,安徽,2040,0.08348564102564103,100 million tonnes (imported-ore equivalent),input-MR-demand.xlsx,ore,ore!A44:AO74
MAXore,"Domestic iron ore available in model, converted to imported-ore equivalent",ah,安徽,2041,0.08348564102564103,100 million tonnes (imported-ore equivalent),input-MR-demand.xlsx,ore,ore!A44:AO74
MAXore,"Domestic iron ore available in model, converted to imported-ore equivalent",ah,安徽,2042,0.08348564102564103,100 million tonnes (imported-ore equivalent),input-MR-demand.xlsx,ore,ore!A44:AO74
MAXore,"Domestic iron ore available in model, converted to imported-ore equivalent",ah,安徽,2043,0.08348564102564103,100 million tonnes (imported-ore equivalent),input-MR-demand.xlsx,ore,ore!A44:AO74
MAXore,"Domestic iron ore available in model, converted to imported-ore equivalent",ah,安徽,2044,0.08348564102564103,100 million tonnes (imported-ore equivalent),input-MR-demand.xlsx,ore,ore!A44:AO74
MAXore,"Domestic iron ore available in model, converted to imported-ore equivalent",ah,安徽,2045,0.08348564102564103,100 million tonnes (imported-ore equivalent),input-MR-demand.xlsx,ore,ore!A44:AO74
MAXore,"Domestic iron ore available in model, converted to imported-ore equivalent",ah,安徽,2046,0.08348564102564103,100 million tonnes (imported-ore equivalent),input-MR-demand.xlsx,ore,ore!A44:AO74
MAXore,"Domestic iron ore available in model, converted to imported-ore equivalent",ah,安徽,2047,0.08348564102564103,100 million tonnes (imported-ore equivalent),input-MR-demand.xlsx,ore,ore!A44:AO74
MAXore,"Domestic iron ore available in model, converted to imported-ore equivalent",ah,安徽,2048,0.08348564102564103,100 million tonnes (imported-ore equivalent),input-MR-demand.xlsx,ore,ore!A44:AO74
MAXore,"Domestic iron ore available in model, converted to imported-ore equivalent",ah,安徽,2049,0.08348564102564103,100 million tonnes (imported-ore equivalent),input-MR-demand.xlsx,ore,ore!A44:AO74
MAXore,"Domestic iron ore available in model, converted to imported-ore equivalent",ah,安徽,2050,0.08348564102564103,100 million tonnes (imported-ore equivalent),input-MR-demand.xlsx,ore,ore!A44:AO74
MAXore,"Domestic iron ore available in model, converted to imported-ore equivalent",ah,安徽,2051,0.08348564102564103,100 million tonnes (imported-ore equivalent),input-MR-demand.xlsx,ore,ore!A44:AO74
MAXore,"Domestic iron ore available in model, converted to imported-ore equivalent",ah,安徽,2052,0.08348564102564103,100 million tonnes (imported-ore equivalent),input-MR-demand.xlsx,ore,ore!A44:AO74
MAXore,"Domestic iron ore available in model, converted to imported-ore equivalent",ah,安徽,2053,0.08348564102564103,100 million tonnes (imported-ore equivalent),input-MR-demand.xlsx,ore,ore!A44:AO74
MAXore,"Domestic iron ore available in model, converted to imported-ore equivalent",ah,安徽,2054,0.08348564102564103,100 million tonnes (imported-ore equivalent),input-MR-demand.xlsx,ore,ore!A44:AO74
MAXore,"Domestic iron ore available in model, converted to imported-ore equivalent",ah,安徽,2055,0.08348564102564103,100 million tonnes (imported-ore equivalent),input-MR-demand.xlsx,ore,ore!A44:AO74
MAXore,"Domestic iron ore available in model, converted to imported-ore equivalent",ah,安徽,2056,0.08348564102564103,100 million tonnes (imported-ore equivalent),input-MR-demand.xlsx,ore,ore!A44:AO74
MAXore,"Domestic iron ore available in model, converted to imported-ore equivalent",ah,安徽,2057,0.08348564102564103,100 million tonnes (imported-ore equivalent),input-MR-demand.xlsx,ore,ore!A44:AO74
MAXore,"Domestic iron ore available in model, converted to imported-ore equivalent",ah,安徽,2058,0.08348564102564103,100 million tonnes (imported-ore equivalent),input-MR-demand.xlsx,ore,ore!A44:AO74
MAXore,"Domestic iron ore available in model, converted to imported-ore equivalent",ah,安徽,2059,0.08348564102564103,100 million tonnes (imported-ore equivalent),input-MR-demand.xlsx,ore,ore!A44:AO74
MAXore,"Domestic iron ore available in model, converted to imported-ore equivalent",ah,安徽,2060,0.08348564102564103,100 million tonnes (imported-ore equivalent),input-MR-demand.xlsx,ore,ore!A44:AO74
MAXore,"Domestic iron ore available in model, converted to imported-ore equivalent",fj,福建,2021,0.06197117948717949,100 million tonnes (imported-ore equivalent),input-MR-demand.xlsx,ore,ore!A44:AO74
MAXore,"Domestic iron ore available in model, converted to imported-ore equivalent",fj,福建,2022,0.06197117948717949,100 million tonnes (imported-ore equivalent),input-MR-demand.xlsx,ore,ore!A44:AO74
MAXore,"Domestic iron ore available in model, converted to imported-ore equivalent",fj,福建,2023,0.06197117948717949,100 million tonnes (imported-ore equivalent),input-MR-demand.xlsx,ore,ore!A44:AO74
MAXore,"Domestic iron ore available in model, converted to imported-ore equivalent",fj,福建,2024,0.06197117948717949,100 million tonnes (imported-ore equivalent),input-MR-demand.xlsx,ore,ore!A44:AO74
MAXore,"Domestic iron ore available in model, converted to imported-ore equivalent",fj,福建,2025,0.06197117948717949,100 million tonnes (imported-ore equivalent),input-MR-demand.xlsx,ore,ore!A44:AO74
MAXore,"Domestic iron ore available in model, converted to imported-ore equivalent",fj,福建,2026,0.06197117948717949,100 million tonnes (imported-ore equivalent),input-MR-demand.xlsx,ore,ore!A44:AO74
MAXore,"Domestic iron ore available in model, converted to imported-ore equivalent",fj,福建,2027,0.06197117948717949,100 million tonnes (imported-ore equivalent),input-MR-demand.xlsx,ore,ore!A44:AO74
MAXore,"Domestic iron ore available in model, converted to imported-ore equivalent",fj,福建,2028,0.06197117948717949,100 million tonnes (imported-ore equivalent),input-MR-demand.xlsx,ore,ore!A44:AO74
MAXore,"Domestic iron ore available in model, converted to imported-ore equivalent",fj,福建,2029,0.06197117948717949,100 million tonnes (imported-ore equivalent),input-MR-demand.xlsx,ore,ore!A44:AO74
MAXore,"Domestic iron ore available in model, converted to imported-ore equivalent",fj,福建,2030,0.06197117948717949,100 million tonnes (imported-ore equivalent),input-MR-demand.xlsx,ore,ore!A44:AO74
MAXore,"Domestic iron ore available in model, converted to imported-ore equivalent",fj,福建,2031,0.06197117948717949,100 million tonnes (imported-ore equivalent),input-MR-demand.xlsx,ore,ore!A44:AO74
MAXore,"Domestic iron ore available in model, converted to imported-ore equivalent",fj,福建,2032,0.06197117948717949,100 million tonnes (imported-ore equivalent),input-MR-demand.xlsx,ore,ore!A44:AO74
MAXore,"Domestic iron ore available in model, converted to imported-ore equivalent",fj,福建,2033,0.06197117948717949,100 million tonnes (imported-ore equivalent),input-MR-demand.xlsx,ore,ore!A44:AO74
MAXore,"Domestic iron ore available in model, converted to imported-ore equivalent",fj,福建,2034,0.06197117948717949,100 million tonnes (imported-ore equivalent),input-MR-demand.xlsx,ore,ore!A44:AO74
MAXore,"Domestic iron ore available in model, converted to imported-ore equivalent",fj,福建,2035,0.06197117948717949,100 million tonnes (imported-ore equivalent),input-MR-demand.xlsx,ore,ore!A44:AO74
MAXore,"Domestic iron ore available in model, converted to imported-ore equivalent",fj,福建,2036,0.06197117948717949,100 million tonnes (imported-ore equivalent),input-MR-demand.xlsx,ore,ore!A44:AO74
MAXore,"Domestic iron ore available in model, converted to imported-ore equivalent",fj,福建,2037,0.06197117948717949,100 million tonnes (imported-ore equivalent),input-MR-demand.xlsx,ore,ore!A44:AO74
MAXore,"Domestic iron ore available in model, converted to imported-ore equivalent",fj,福建,2038,0.06197117948717949,100 million tonnes (imported-ore equivalent),input-MR-demand.xlsx,ore,ore!A44:AO74
MAXore,"Domestic iron ore available in model, converted to imported-ore equivalent",fj,福建,2039,0.06197117948717949,100 million tonnes (imported-ore equivalent),input-MR-demand.xlsx,ore,ore!A44:AO74
MAXore,"Domestic iron ore available in model, converted to imported-ore equivalent",fj,福建,2040,0.06197117948717949,100 million tonnes (imported-ore equivalent),input-MR-demand.xlsx,ore,ore!A44:AO74
MAXore,"Domestic iron ore available in model, converted to imported-ore equivalent",fj,福建,2041,0.06197117948717949,100 million tonnes (imported-ore equivalent),input-MR-demand.xlsx,ore,ore!A44:AO74
MAXore,"Domestic iron ore available in model, converted to imported-ore equivalent",fj,福建,2042,0.06197117948717949,100 million tonnes (imported-ore equivalent),input-MR-demand.xlsx,ore,ore!A44:AO74
MAXore,"Domestic iron ore available in model, converted to imported-ore equivalent",fj,福建,2043,0.06197117948717949,100 million tonnes (imported-ore equivalent),input-MR-demand.xlsx,ore,ore!A44:AO74
MAXore,"Domestic iron ore available in model, converted to imported-ore equivalent",fj,福建,2044,0.06197117948717949,100 million tonnes (imported-ore equivalent),input-MR-demand.xlsx,ore,ore!A44:AO74
MAXore,"Domestic iron ore available in model, converted to imported-ore equivalent",fj,福建,2045,0.06197117948717949,100 million tonnes (imported-ore equivalent),input-MR-demand.xlsx,ore,ore!A44:AO74
MAXore,"Domestic iron ore available in model, converted to imported-ore equivalent",fj,福建,2046,0.06197117948717949,100 million tonnes (imported-ore equivalent),input-MR-demand.xlsx,ore,ore!A44:AO74
MAXore,"Domestic iron ore available in model, converted to imported-ore equivalent",fj,福建,2047,0.06197117948717949,100 million tonnes (imported-ore equivalent),input-MR-demand.xlsx,ore,ore!A44:AO74
MAXore,"Domestic iron ore available in model, converted to imported-ore equivalent",fj,福建,2048,0.06197117948717949,100 million tonnes (imported-ore equivalent),input-MR-demand.xlsx,ore,ore!A44:AO74
MAXore,"Domestic iron ore available in model, converted to imported-ore equivalent",fj,福建,2049,0.06197117948717949,100 million tonnes (imported-ore equivalent),input-MR-demand.xlsx,ore,ore!A44:AO74
MAXore,"Domestic iron ore available in model, converted to imported-ore equivalent",fj,福建,2050,0.06197117948717949,100 million tonnes (imported-ore equivalent),input-MR-demand.xlsx,ore,ore!A44:AO74
MAXore,"Domestic iron ore available in model, converted to imported-ore equivalent",fj,福建,2051,0.06197117948717949,100 million tonnes (imported-ore equivalent),input-MR-demand.xlsx,ore,ore!A44:AO74
MAXore,"Domestic iron ore available in model, converted to imported-ore equivalent",fj,福建,2052,0.06197117948717949,100 million tonnes (imported-ore equivalent),input-MR-demand.xlsx,ore,ore!A44:AO74
MAXore,"Domestic iron ore available in model, converted to imported-ore equivalent",fj,福建,2053,0.06197117948717949,100 million tonnes (imported-ore equivalent),input-MR-demand.xlsx,ore,ore!A44:AO74
MAXore,"Domestic iron ore available in model, converted to imported-ore equivalent",fj,福建,2054,0.06197117948717949,100 million tonnes (imported-ore equivalent),input-MR-demand.xlsx,ore,ore!A44:AO74
MAXore,"Domestic iron ore available in model, converted to imported-ore equivalent",fj,福建,2055,0.06197117948717949,100 million tonnes (imported-ore equivalent),input-MR-demand.xlsx,ore,ore!A44:AO74
MAXore,"Domestic iron ore available in model, converted to imported-ore equivalent",fj,福建,2056,0.06197117948717949,100 million tonnes (imported-ore equivalent),input-MR-demand.xlsx,ore,ore!A44:AO74
MAXore,"Domestic iron ore available in model, converted to imported-ore equivalent",fj,福建,2057,0.06197117948717949,100 million tonnes (imported-ore equivalent),input-MR-demand.xlsx,ore,ore!A44:AO74
MAXore,"Domestic iron ore available in model, converted to imported-ore equivalent",fj,福建,2058,0.06197117948717949,100 million tonnes (imported-ore equivalent),input-MR-demand.xlsx,ore,ore!A44:AO74
MAXore,"Domestic iron ore available in model, converted to imported-ore equivalent",fj,福建,2059,0.06197117948717949,100 million tonnes (imported-ore equivalent),input-MR-demand.xlsx,ore,ore!A44:AO74
MAXore,"Domestic iron ore available in model, converted to imported-ore equivalent",fj,福建,2060,0.06197117948717949,100 million tonnes (imported-ore equivalent),input-MR-demand.xlsx,ore,ore!A44:AO74
MAXore,"Domestic iron ore available in model, converted to imported-ore equivalent",jx,江西,2021,0.027165435897435895,100 million tonnes (imported-ore equivalent),input-MR-demand.xlsx,ore,ore!A44:AO74
MAXore,"Domestic iron ore available in model, converted to imported-ore equivalent",jx,江西,2022,0.027165435897435895,100 million tonnes (imported-ore equivalent),input-MR-demand.xlsx,ore,ore!A44:AO74
MAXore,"Domestic iron ore available in model, converted to imported-ore equivalent",jx,江西,2023,0.027165435897435895,100 million tonnes (imported-ore equivalent),input-MR-demand.xlsx,ore,ore!A44:AO74
MAXore,"Domestic iron ore available in model, converted to imported-ore equivalent",jx,江西,2024,0.027165435897435895,100 million tonnes (imported-ore equivalent),input-MR-demand.xlsx,ore,ore!A44:AO74
MAXore,"Domestic iron ore available in model, converted to imported-ore equivalent",jx,江西,2025,0.027165435897435895,100 million tonnes (imported-ore equivalent),input-MR-demand.xlsx,ore,ore!A44:AO74
MAXore,"Domestic iron ore available in model, converted to imported-ore equivalent",jx,江西,2026,0.027165435897435895,100 million tonnes (imported-ore equivalent),input-MR-demand.xlsx,ore,ore!A44:AO74
MAXore,"Domestic iron ore available in model, converted to imported-ore equivalent",jx,江西,2027,0.027165435897435895,100 million tonnes (imported-ore equivalent),input-MR-demand.xlsx,ore,ore!A44:AO74
MAXore,"Domestic iron ore available in model, converted to imported-ore equivalent",jx,江西,2028,0.027165435897435895,100 million tonnes (imported-ore equivalent),input-MR-demand.xlsx,ore,ore!A44:AO74
MAXore,"Domestic iron ore available in model, converted to imported-ore equivalent",jx,江西,2029,0.027165435897435895,100 million tonnes (imported-ore equivalent),input-MR-demand.xlsx,ore,ore!A44:AO74
MAXore,"Domestic iron ore available in model, converted to imported-ore equivalent",jx,江西,2030,0.027165435897435895,100 million tonnes (imported-ore equivalent),input-MR-demand.xlsx,ore,ore!A44:AO74
MAXore,"Domestic iron ore available in model, converted to imported-ore equivalent",jx,江西,2031,0.027165435897435895,100 million tonnes (imported-ore equivalent),input-MR-demand.xlsx,ore,ore!A44:AO74
MAXore,"Domestic iron ore available in model, converted to imported-ore equivalent",jx,江西,2032,0.027165435897435895,100 million tonnes (imported-ore equivalent),input-MR-demand.xlsx,ore,ore!A44:AO74
MAXore,"Domestic iron ore available in model, converted to imported-ore equivalent",jx,江西,2033,0.027165435897435895,100 million tonnes (imported-ore equivalent),input-MR-demand.xlsx,ore,ore!A44:AO74
MAXore,"Domestic iron ore available in model, converted to imported-ore equivalent",jx,江西,2034,0.027165435897435895,100 million tonnes (imported-ore equivalent),input-MR-demand.xlsx,ore,ore!A44:AO74
MAXore,"Domestic iron ore available in model, converted to imported-ore equivalent",jx,江西,2035,0.027165435897435895,100 million tonnes (imported-ore equivalent),input-MR-demand.xlsx,ore,ore!A44:AO74
MAXore,"Domestic iron ore available in model, converted to imported-ore equivalent",jx,江西,2036,0.027165435897435895,100 million tonnes (imported-ore equivalent),input-MR-demand.xlsx,ore,ore!A44:AO74
MAXore,"Domestic iron ore available in model, converted to imported-ore equivalent",jx,江西,2037,0.027165435897435895,100 million tonnes (imported-ore equivalent),input-MR-demand.xlsx,ore,ore!A44:AO74
MAXore,"Domestic iron ore available in model, converted to imported-ore equivalent",jx,江西,2038,0.027165435897435895,100 million tonnes (imported-ore equivalent),input-MR-demand.xlsx,ore,ore!A44:AO74
MAXore,"Domestic iron ore available in model, converted to imported-ore equivalent",jx,江西,2039,0.027165435897435895,100 million tonnes (imported-ore equivalent),input-MR-demand.xlsx,ore,ore!A44:AO74
MAXore,"Domestic iron ore available in model, converted to imported-ore equivalent",jx,江西,2040,0.027165435897435895,100 million tonnes (imported-ore equivalent),input-MR-demand.xlsx,ore,ore!A44:AO74
MAXore,"Domestic iron ore available in model, converted to imported-ore equivalent",jx,江西,2041,0.027165435897435895,100 million tonnes (imported-ore equivalent),input-MR-demand.xlsx,ore,ore!A44:AO74
MAXore,"Domestic iron ore available in model, converted to imported-ore equivalent",jx,江西,2042,0.027165435897435895,100 million tonnes (imported-ore equivalent),input-MR-demand.xlsx,ore,ore!A44:AO74
MAXore,"Domestic iron ore available in model, converted to imported-ore equivalent",jx,江西,2043,0.027165435897435895,100 million tonnes (imported-ore equivalent),input-MR-demand.xlsx,ore,ore!A44:AO74
MAXore,"Domestic iron ore available in model, converted to imported-ore equivalent",jx,江西,2044,0.027165435897435895,100 million tonnes (imported-ore equivalent),input-MR-demand.xlsx,ore,ore!A44:AO74
MAXore,"Domestic iron ore available in model, converted to imported-ore equivalent",jx,江西,2045,0.027165435897435895,100 million tonnes (imported-ore equivalent),input-MR-demand.xlsx,ore,ore!A44:AO74
MAXore,"Domestic iron ore available in model, converted to imported-ore equivalent",jx,江西,2046,0.027165435897435895,100 million tonnes (imported-ore equivalent),input-MR-demand.xlsx,ore,ore!A44:AO74
MAXore,"Domestic iron ore available in model, converted to imported-ore equivalent",jx,江西,2047,0.027165435897435895,100 million tonnes (imported-ore equivalent),input-MR-demand.xlsx,ore,ore!A44:AO74
MAXore,"Domestic iron ore available in model, converted to imported-ore equivalent",jx,江西,2048,0.027165435897435895,100 million tonnes (imported-ore equivalent),input-MR-demand.xlsx,ore,ore!A44:AO74
MAXore,"Domestic iron ore available in model, converted to imported-ore equivalent",jx,江西,2049,0.027165435897435895,100 million tonnes (imported-ore equivalent),input-MR-demand.xlsx,ore,ore!A44:AO74
MAXore,"Domestic iron ore available in model, converted to imported-ore equivalent",jx,江西,2050,0.027165435897435895,100 million tonnes (imported-ore equivalent),input-MR-demand.xlsx,ore,ore!A44:AO74
MAXore,"Domestic iron ore available in model, converted to imported-ore equivalent",jx,江西,2051,0.027165435897435895,100 million tonnes (imported-ore equivalent),input-MR-demand.xlsx,ore,ore!A44:AO74
MAXore,"Domestic iron ore available in model, converted to imported-ore equivalent",jx,江西,2052,0.027165435897435895,100 million tonnes (imported-ore equivalent),input-MR-demand.xlsx,ore,ore!A44:AO74
MAXore,"Domestic iron ore available in model, converted to imported-ore equivalent",jx,江西,2053,0.027165435897435895,100 million tonnes (imported-ore equivalent),input-MR-demand.xlsx,ore,ore!A44:AO74
MAXore,"Domestic iron ore available in model, converted to imported-ore equivalent",jx,江西,2054,0.027165435897435895,100 million tonnes (imported-ore equivalent),input-MR-demand.xlsx,ore,ore!A44:AO74
MAXore,"Domestic iron ore available in model, converted to imported-ore equivalent",jx,江西,2055,0.027165435897435895,100 million tonnes (imported-ore equivalent),input-MR-demand.xlsx,ore,ore!A44:AO74
MAXore,"Domestic iron ore available in model, converted to imported-ore equivalent",jx,江西,2056,0.027165435897435895,100 million tonnes (imported-ore equivalent),input-MR-demand.xlsx,ore,ore!A44:AO74
MAXore,"Domestic iron ore available in model, converted to imported-ore equivalent",jx,江西,2057,0.027165435897435895,100 million tonnes (imported-ore equivalent),input-MR-demand.xlsx,ore,ore!A44:AO74
MAXore,"Domestic iron ore available in model, converted to imported-ore equivalent",jx,江西,2058,0.027165435897435895,100 million tonnes (imported-ore equivalent),input-MR-demand.xlsx,ore,ore!A44:AO74
MAXore,"Domestic iron ore available in model, converted to imported-ore equivalent",jx,江西,2059,0.027165435897435895,100 million tonnes (imported-ore equivalent),input-MR-demand.xlsx,ore,ore!A44:AO74
MAXore,"Domestic iron ore available in model, converted to imported-ore equivalent",jx,江西,2060,0.027165435897435895,100 million tonnes (imported-ore equivalent),input-MR-demand.xlsx,ore,ore!A44:AO74
MAXore,"Domestic iron ore available in model, converted to imported-ore equivalent",sd,山东,2021,0.07788461538461539,100 million tonnes (imported-ore equivalent),input-MR-demand.xlsx,ore,ore!A44:AO74
MAXore,"Domestic iron ore available in model, converted to imported-ore equivalent",sd,山东,2022,0.07788461538461539,100 million tonnes (imported-ore equivalent),input-MR-demand.xlsx,ore,ore!A44:AO74
MAXore,"Domestic iron ore available in model, converted to imported-ore equivalent",sd,山东,2023,0.07788461538461539,100 million tonnes (imported-ore equivalent),input-MR-demand.xlsx,ore,ore!A44:AO74
MAXore,"Domestic iron ore available in model, converted to imported-ore equivalent",sd,山东,2024,0.07788461538461539,100 million tonnes (imported-ore equivalent),input-MR-demand.xlsx,ore,ore!A44:AO74
MAXore,"Domestic iron ore available in model, converted to imported-ore equivalent",sd,山东,2025,0.07788461538461539,100 million tonnes (imported-ore equivalent),input-MR-demand.xlsx,ore,ore!A44:AO74
MAXore,"Domestic iron ore available in model, converted to imported-ore equivalent",sd,山东,2026,0.07788461538461539,100 million tonnes (imported-ore equivalent),input-MR-demand.xlsx,ore,ore!A44:AO74
MAXore,"Domestic iron ore available in model, converted to imported-ore equivalent",sd,山东,2027,0.07788461538461539,100 million tonnes (imported-ore equivalent),input-MR-demand.xlsx,ore,ore!A44:AO74
MAXore,"Domestic iron ore available in model, converted to imported-ore equivalent",sd,山东,2028,0.07788461538461539,100 million tonnes (imported-ore equivalent),input-MR-demand.xlsx,ore,ore!A44:AO74
MAXore,"Domestic iron ore available in model, converted to imported-ore equivalent",sd,山东,2029,0.07788461538461539,100 million tonnes (imported-ore equivalent),input-MR-demand.xlsx,ore,ore!A44:AO74
MAXore,"Domestic iron ore available in model, converted to imported-ore equivalent",sd,山东,2030,0.07788461538461539,100 million tonnes (imported-ore equivalent),input-MR-demand.xlsx,ore,ore!A44:AO74
MAXore,"Domestic iron ore available in model, converted to imported-ore equivalent",sd,山东,2031,0.07788461538461539,100 million tonnes (imported-ore equivalent),input-MR-demand.xlsx,ore,ore!A44:AO74
MAXore,"Domestic iron ore available in model, converted to imported-ore equivalent",sd,山东,2032,0.07788461538461539,100 million tonnes (imported-ore equivalent),input-MR-demand.xlsx,ore,ore!A44:AO74
MAXore,"Domestic iron ore available in model, converted to imported-ore equivalent",sd,山东,2033,0.07788461538461539,100 million tonnes (imported-ore equivalent),input-MR-demand.xlsx,ore,ore!A44:AO74
MAXore,"Domestic iron ore available in model, converted to imported-ore equivalent",sd,山东,2034,0.07788461538461539,100 million tonnes (imported-ore equivalent),input-MR-demand.xlsx,ore,ore!A44:AO74
MAXore,"Domestic iron ore available in model, converted to imported-ore equivalent",sd,山东,2035,0.07788461538461539,100 million tonnes (imported-ore equivalent),input-MR-demand.xlsx,ore,ore!A44:AO74
MAXore,"Domestic iron ore available in model, converted to imported-ore equivalent",sd,山东,2036,0.07788461538461539,100 million tonnes (imported-ore equivalent),input-MR-demand.xlsx,ore,ore!A44:AO74
MAXore,"Domestic iron ore available in model, converted to imported-ore equivalent",sd,山东,2037,0.07788461538461539,100 million tonnes (imported-ore equivalent),input-MR-demand.xlsx,ore,ore!A44:AO74
MAXore,"Domestic iron ore available in model, converted to imported-ore equivalent",sd,山东,2038,0.07788461538461539,100 million tonnes (imported-ore equivalent),input-MR-demand.xlsx,ore,ore!A44:AO74
MAXore,"Domestic iron ore available in model, converted to imported-ore equivalent",sd,山东,2039,0.07788461538461539,100 million tonnes (imported-ore equivalent),input-MR-demand.xlsx,ore,ore!A44:AO74
MAXore,"Domestic iron ore available in model, converted to imported-ore equivalent",sd,山东,2040,0.07788461538461539,100 million tonnes (imported-ore equivalent),input-MR-demand.xlsx,ore,ore!A44:AO74
MAXore,"Domestic iron ore available in model, converted to imported-ore equivalent",sd,山东,2041,0.07788461538461539,100 million tonnes (imported-ore equivalent),input-MR-demand.xlsx,ore,ore!A44:AO74
MAXore,"Domestic iron ore available in model, converted to imported-ore equivalent",sd,山东,2042,0.07788461538461539,100 million tonnes (imported-ore equivalent),input-MR-demand.xlsx,ore,ore!A44:AO74
MAXore,"Domestic iron ore available in model, converted to imported-ore equivalent",sd,山东,2043,0.07788461538461539,100 million tonnes (imported-ore equivalent),input-MR-demand.xlsx,ore,ore!A44:AO74
MAXore,"Domestic iron ore available in model, converted to imported-ore equivalent",sd,山东,2044,0.07788461538461539,100 million tonnes (imported-ore equivalent),input-MR-demand.xlsx,ore,ore!A44:AO74
MAXore,"Domestic iron ore available in model, converted to imported-ore equivalent",sd,山东,2045,0.07788461538461539,100 million tonnes (imported-ore equivalent),input-MR-demand.xlsx,ore,ore!A44:AO74
MAXore,"Domestic iron ore available in model, converted to imported-ore equivalent",sd,山东,2046,0.07788461538461539,100 million tonnes (imported-ore equivalent),input-MR-demand.xlsx,ore,ore!A44:AO74
MAXore,"Domestic iron ore available in model, converted to imported-ore equivalent",sd,山东,2047,0.07788461538461539,100 million tonnes (imported-ore equivalent),input-MR-demand.xlsx,ore,ore!A44:AO74
MAXore,"Domestic iron ore available in model, converted to imported-ore equivalent",sd,山东,2048,0.07788461538461539,100 million tonnes (imported-ore equivalent),input-MR-demand.xlsx,ore,ore!A44:AO74
MAXore,"Domestic iron ore available in model, converted to imported-ore equivalent",sd,山东,2049,0.07788461538461539,100 million tonnes (imported-ore equivalent),input-MR-demand.xlsx,ore,ore!A44:AO74
MAXore,"Domestic iron ore available in model, converted to imported-ore equivalent",sd,山东,2050,0.07788461538461539,100 million tonnes (imported-ore equivalent),input-MR-demand.xlsx,ore,ore!A44:AO74
MAXore,"Domestic iron ore available in model, converted to imported-ore equivalent",sd,山东,2051,0.07788461538461539,100 million tonnes (imported-ore equivalent),input-MR-demand.xlsx,ore,ore!A44:AO74
MAXore,"Domestic iron ore available in model, converted to imported-ore equivalent",sd,山东,2052,0.07788461538461539,100 million tonnes (imported-ore equivalent),input-MR-demand.xlsx,ore,ore!A44:AO74
MAXore,"Domestic iron ore available in model, converted to imported-ore equivalent",sd,山东,2053,0.07788461538461539,100 million tonnes (imported-ore equivalent),input-MR-demand.xlsx,ore,ore!A44:AO74
MAXore,"Domestic iron ore available in model, converted to imported-ore equivalent",sd,山东,2054,0.07788461538461539,100 million tonnes (imported-ore equivalent),input-MR-demand.xlsx,ore,ore!A44:AO74
MAXore,"Domestic iron ore available in model, converted to imported-ore equivalent",sd,山东,2055,0.07788461538461539,100 million tonnes (imported-ore equivalent),input-MR-demand.xlsx,ore,ore!A44:AO74
MAXore,"Domestic iron ore available in model, converted to imported-ore equivalent",sd,山东,2056,0.07788461538461539,100 million tonnes (imported-ore equivalent),input-MR-demand.xlsx,ore,ore!A44:AO74
MAXore,"Domestic iron ore available in model, converted to imported-ore equivalent",sd,山东,2057,0.07788461538461539,100 million tonnes (imported-ore equivalent),input-MR-demand.xlsx,ore,ore!A44:AO74
MAXore,"Domestic iron ore available in model, converted to imported-ore equivalent",sd,山东,2058,0.07788461538461539,100 million tonnes (imported-ore equivalent),input-MR-demand.xlsx,ore,ore!A44:AO74
MAXore,"Domestic iron ore available in model, converted to imported-ore equivalent",sd,山东,2059,0.07788461538461539,100 million tonnes (imported-ore equivalent),input-MR-demand.xlsx,ore,ore!A44:AO74
MAXore,"Domestic iron ore available in model, converted to imported-ore equivalent",sd,山东,2060,0.07788461538461539,100 million tonnes (imported-ore equivalent),input-MR-demand.xlsx,ore,ore!A44:AO74
MAXore,"Domestic iron ore available in model, converted to imported-ore equivalent",ha,河南,2021,0.021279179487179486,100 million tonnes (imported-ore equivalent),input-MR-demand.xlsx,ore,ore!A44:AO74
MAXore,"Domestic iron ore available in model, converted to imported-ore equivalent",ha,河南,2022,0.021279179487179486,100 million tonnes (imported-ore equivalent),input-MR-demand.xlsx,ore,ore!A44:AO74
MAXore,"Domestic iron ore available in model, converted to imported-ore equivalent",ha,河南,2023,0.021279179487179486,100 million tonnes (imported-ore equivalent),input-MR-demand.xlsx,ore,ore!A44:AO74
MAXore,"Domestic iron ore available in model, converted to imported-ore equivalent",ha,河南,2024,0.021279179487179486,100 million tonnes (imported-ore equivalent),input-MR-demand.xlsx,ore,ore!A44:AO74
MAXore,"Domestic iron ore available in model, converted to imported-ore equivalent",ha,河南,2025,0.021279179487179486,100 million tonnes (imported-ore equivalent),input-MR-demand.xlsx,ore,ore!A44:AO74
MAXore,"Domestic iron ore available in model, converted to imported-ore equivalent",ha,河南,2026,0.021279179487179486,100 million tonnes (imported-ore equivalent),input-MR-demand.xlsx,ore,ore!A44:AO74
MAXore,"Domestic iron ore available in model, converted to imported-ore equivalent",ha,河南,2027,0.021279179487179486,100 million tonnes (imported-ore equivalent),input-MR-demand.xlsx,ore,ore!A44:AO74
MAXore,"Domestic iron ore available in model, converted to imported-ore equivalent",ha,河南,2028,0.021279179487179486,100 million tonnes (imported-ore equivalent),input-MR-demand.xlsx,ore,ore!A44:AO74
MAXore,"Domestic iron ore available in model, converted to imported-ore equivalent",ha,河南,2029,0.021279179487179486,100 million tonnes (imported-ore equivalent),input-MR-demand.xlsx,ore,ore!A44:AO74
MAXore,"Domestic iron ore available in model, converted to imported-ore equivalent",ha,河南,2030,0.021279179487179486,100 million tonnes (imported-ore equivalent),input-MR-demand.xlsx,ore,ore!A44:AO74
MAXore,"Domestic iron ore available in model, converted to imported-ore equivalent",ha,河南,2031,0.021279179487179486,100 million tonnes (imported-ore equivalent),input-MR-demand.xlsx,ore,ore!A44:AO74
MAXore,"Domestic iron ore available in model, converted to imported-ore equivalent",ha,河南,2032,0.021279179487179486,100 million tonnes (imported-ore equivalent),input-MR-demand.xlsx,ore,ore!A44:AO74
MAXore,"Domestic iron ore available in model, converted to imported-ore equivalent",ha,河南,2033,0.021279179487179486,100 million tonnes (imported-ore equivalent),input-MR-demand.xlsx,ore,ore!A44:AO74
MAXore,"Domestic iron ore available in model, converted to imported-ore equivalent",ha,河南,2034,0.021279179487179486,100 million tonnes (imported-ore equivalent),input-MR-demand.xlsx,ore,ore!A44:AO74
MAXore,"Domestic iron ore available in model, converted to imported-ore equivalent",ha,河南,2035,0.02127917948717949,100 million tonnes (imported-ore equivalent),input-MR-demand.xlsx,ore,ore!A44:AO74
MAXore,"Domestic iron ore available in model, converted to imported-ore equivalent",ha,河南,2036,0.02127917948717949,100 million tonnes (imported-ore equivalent),input-MR-demand.xlsx,ore,ore!A44:AO74
MAXore,"Domestic iron ore available in model, converted to imported-ore equivalent",ha,河南,2037,0.02127917948717949,100 million tonnes (imported-ore equivalent),input-MR-demand.xlsx,ore,ore!A44:AO74
MAXore,"Domestic iron ore available in model, converted to imported-ore equivalent",ha,河南,2038,0.02127917948717949,100 million tonnes (imported-ore equivalent),input-MR-demand.xlsx,ore,ore!A44:AO74
MAXore,"Domestic iron ore available in model, converted to imported-ore equivalent",ha,河南,2039,0.02127917948717949,100 million tonnes (imported-ore equivalent),input-MR-demand.xlsx,ore,ore!A44:AO74
MAXore,"Domestic iron ore available in model, converted to imported-ore equivalent",ha,河南,2040,0.02127917948717949,100 million tonnes (imported-ore equivalent),input-MR-demand.xlsx,ore,ore!A44:AO74
MAXore,"Domestic iron ore available in model, converted to imported-ore equivalent",ha,河南,2041,0.02127917948717949,100 million tonnes (imported-ore equivalent),input-MR-demand.xlsx,ore,ore!A44:AO74
MAXore,"Domestic iron ore available in model, converted to imported-ore equivalent",ha,河南,2042,0.02127917948717949,100 million tonnes (imported-ore equivalent),input-MR-demand.xlsx,ore,ore!A44:AO74
MAXore,"Domestic iron ore available in model, converted to imported-ore equivalent",ha,河南,2043,0.02127917948717949,100 million tonnes (imported-ore equivalent),input-MR-demand.xlsx,ore,ore!A44:AO74
MAXore,"Domestic iron ore available in model, converted to imported-ore equivalent",ha,河南,2044,0.02127917948717949,100 million tonnes (imported-ore equivalent),input-MR-demand.xlsx,ore,ore!A44:AO74
MAXore,"Domestic iron ore available in model, converted to imported-ore equivalent",ha,河南,2045,0.02127917948717949,100 million tonnes (imported-ore equivalent),input-MR-demand.xlsx,ore,ore!A44:AO74
MAXore,"Domestic iron ore available in model, converted to imported-ore equivalent",ha,河南,2046,0.02127917948717949,100 million tonnes (imported-ore equivalent),input-MR-demand.xlsx,ore,ore!A44:AO74
MAXore,"Domestic iron ore available in model, converted to imported-ore equivalent",ha,河南,2047,0.02127917948717949,100 million tonnes (imported-ore equivalent),input-MR-demand.xlsx,ore,ore!A44:AO74
MAXore,"Domestic iron ore available in model, converted to imported-ore equivalent",ha,河南,2048,0.02127917948717949,100 million tonnes (imported-ore equivalent),input-MR-demand.xlsx,ore,ore!A44:AO74
MAXore,"Domestic iron ore available in model, converted to imported-ore equivalent",ha,河南,2049,0.02127917948717949,100 million tonnes (imported-ore equivalent),input-MR-demand.xlsx,ore,ore!A44:AO74
MAXore,"Domestic iron ore available in model, converted to imported-ore equivalent",ha,河南,2050,0.02127917948717949,100 million tonnes (imported-ore equivalent),input-MR-demand.xlsx,ore,ore!A44:AO74
MAXore,"Domestic iron ore available in model, converted to imported-ore equivalent",ha,河南,2051,0.02127917948717949,100 million tonnes (imported-ore equivalent),input-MR-demand.xlsx,ore,ore!A44:AO74
MAXore,"Domestic iron ore available in model, converted to imported-ore equivalent",ha,河南,2052,0.02127917948717949,100 million tonnes (imported-ore equivalent),input-MR-demand.xlsx,ore,ore!A44:AO74
MAXore,"Domestic iron ore available in model, converted to imported-ore equivalent",ha,河南,2053,0.02127917948717949,100 million tonnes (imported-ore equivalent),input-MR-demand.xlsx,ore,ore!A44:AO74
MAXore,"Domestic iron ore available in model, converted to imported-ore equivalent",ha,河南,2054,0.02127917948717949,100 million tonnes (imported-ore equivalent),input-MR-demand.xlsx,ore,ore!A44:AO74
MAXore,"Domestic iron ore available in model, converted to imported-ore equivalent",ha,河南,2055,0.02127917948717949,100 million tonnes (imported-ore equivalent),input-MR-demand.xlsx,ore,ore!A44:AO74
MAXore,"Domestic iron ore available in model, converted to imported-ore equivalent",ha,河南,2056,0.02127917948717949,100 million tonnes (imported-ore equivalent),input-MR-demand.xlsx,ore,ore!A44:AO74
MAXore,"Domestic iron ore available in model, converted to imported-ore equivalent",ha,河南,2057,0.02127917948717949,100 million tonnes (imported-ore equivalent),input-MR-demand.xlsx,ore,ore!A44:AO74
MAXore,"Domestic iron ore available in model, converted to imported-ore equivalent",ha,河南,2058,0.02127917948717949,100 million tonnes (imported-ore equivalent),input-MR-demand.xlsx,ore,ore!A44:AO74
MAXore,"Domestic iron ore available in model, converted to imported-ore equivalent",ha,河南,2059,0.02127917948717949,100 million tonnes (imported-ore equivalent),input-MR-demand.xlsx,ore,ore!A44:AO74
MAXore,"Domestic iron ore available in model, converted to imported-ore equivalent",ha,河南,2060,0.02127917948717949,100 million tonnes (imported-ore equivalent),input-MR-demand.xlsx,ore,ore!A44:AO74
MAXore,"Domestic iron ore available in model, converted to imported-ore equivalent",hb,湖北,2021,0.037117128205128205,100 million tonnes (imported-ore equivalent),input-MR-demand.xlsx,ore,ore!A44:AO74
MAXore,"Domestic iron ore available in model, converted to imported-ore equivalent",hb,湖北,2022,0.037117128205128205,100 million tonnes (imported-ore equivalent),input-MR-demand.xlsx,ore,ore!A44:AO74
MAXore,"Domestic iron ore available in model, converted to imported-ore equivalent",hb,湖北,2023,0.037117128205128205,100 million tonnes (imported-ore equivalent),input-MR-demand.xlsx,ore,ore!A44:AO74
MAXore,"Domestic iron ore available in model, converted to imported-ore equivalent",hb,湖北,2024,0.037117128205128205,100 million tonnes (imported-ore equivalent),input-MR-demand.xlsx,ore,ore!A44:AO74
MAXore,"Domestic iron ore available in model, converted to imported-ore equivalent",hb,湖北,2025,0.037117128205128205,100 million tonnes (imported-ore equivalent),input-MR-demand.xlsx,ore,ore!A44:AO74
MAXore,"Domestic iron ore available in model, converted to imported-ore equivalent",hb,湖北,2026,0.037117128205128205,100 million tonnes (imported-ore equivalent),input-MR-demand.xlsx,ore,ore!A44:AO74
MAXore,"Domestic iron ore available in model, converted to imported-ore equivalent",hb,湖北,2027,0.037117128205128205,100 million tonnes (imported-ore equivalent),input-MR-demand.xlsx,ore,ore!A44:AO74
MAXore,"Domestic iron ore available in model, converted to imported-ore equivalent",hb,湖北,2028,0.037117128205128205,100 million tonnes (imported-ore equivalent),input-MR-demand.xlsx,ore,ore!A44:AO74
MAXore,"Domestic iron ore available in model, converted to imported-ore equivalent",hb,湖北,2029,0.037117128205128205,100 million tonnes (imported-ore equivalent),input-MR-demand.xlsx,ore,ore!A44:AO74
MAXore,"Domestic iron ore available in model, converted to imported-ore equivalent",hb,湖北,2030,0.037117128205128205,100 million tonnes (imported-ore equivalent),input-MR-demand.xlsx,ore,ore!A44:AO74
MAXore,"Domestic iron ore available in model, converted to imported-ore equivalent",hb,湖北,2031,0.037117128205128205,100 million tonnes (imported-ore equivalent),input-MR-demand.xlsx,ore,ore!A44:AO74
MAXore,"Domestic iron ore available in model, converted to imported-ore equivalent",hb,湖北,2032,0.037117128205128205,100 million tonnes (imported-ore equivalent),input-MR-demand.xlsx,ore,ore!A44:AO74
MAXore,"Domestic iron ore available in model, converted to imported-ore equivalent",hb,湖北,2033,0.037117128205128205,100 million tonnes (imported-ore equivalent),input-MR-demand.xlsx,ore,ore!A44:AO74
MAXore,"Domestic iron ore available in model, converted to imported-ore equivalent",hb,湖北,2034,0.037117128205128205,100 million tonnes (imported-ore equivalent),input-MR-demand.xlsx,ore,ore!A44:AO74
MAXore,"Domestic iron ore available in model, converted to imported-ore equivalent",hb,湖北,2035,0.037117128205128205,100 million tonnes (imported-ore equivalent),input-MR-demand.xlsx,ore,ore!A44:AO74
MAXore,"Domestic iron ore available in model, converted to imported-ore equivalent",hb,湖北,2036,0.037117128205128205,100 million tonnes (imported-ore equivalent),input-MR-demand.xlsx,ore,ore!A44:AO74
MAXore,"Domestic iron ore available in model, converted to imported-ore equivalent",hb,湖北,2037,0.037117128205128205,100 million tonnes (imported-ore equivalent),input-MR-demand.xlsx,ore,ore!A44:AO74
MAXore,"Domestic iron ore available in model, converted to imported-ore equivalent",hb,湖北,2038,0.037117128205128205,100 million tonnes (imported-ore equivalent),input-MR-demand.xlsx,ore,ore!A44:AO74
MAXore,"Domestic iron ore available in model, converted to imported-ore equivalent",hb,湖北,2039,0.037117128205128205,100 million tonnes (imported-ore equivalent),input-MR-demand.xlsx,ore,ore!A44:AO74
MAXore,"Domestic iron ore available in model, converted to imported-ore equivalent",hb,湖北,2040,0.037117128205128205,100 million tonnes (imported-ore equivalent),input-MR-demand.xlsx,ore,ore!A44:AO74
MAXore,"Domestic iron ore available in model, converted to imported-ore equivalent",hb,湖北,2041,0.037117128205128205,100 million tonnes (imported-ore equivalent),input-MR-demand.xlsx,ore,ore!A44:AO74
MAXore,"Domestic iron ore available in model, converted to imported-ore equivalent",hb,湖北,2042,0.037117128205128205,100 million tonnes (imported-ore equivalent),input-MR-demand.xlsx,ore,ore!A44:AO74
MAXore,"Domestic iron ore available in model, converted to imported-ore equivalent",hb,湖北,2043,0.037117128205128205,100 million tonnes (imported-ore equivalent),input-MR-demand.xlsx,ore,ore!A44:AO74
MAXore,"Domestic iron ore available in model, converted to imported-ore equivalent",hb,湖北,2044,0.037117128205128205,100 million tonnes (imported-ore equivalent),input-MR-demand.xlsx,ore,ore!A44:AO74
MAXore,"Domestic iron ore available in model, converted to imported-ore equivalent",hb,湖北,2045,0.037117128205128205,100 million tonnes (imported-ore equivalent),input-MR-demand.xlsx,ore,ore!A44:AO74
MAXore,"Domestic iron ore available in model, converted to imported-ore equivalent",hb,湖北,2046,0.037117128205128205,100 million tonnes (imported-ore equivalent),input-MR-demand.xlsx,ore,ore!A44:AO74
MAXore,"Domestic iron ore available in model, converted to imported-ore equivalent",hb,湖北,2047,0.037117128205128205,100 million tonnes (imported-ore equivalent),input-MR-demand.xlsx,ore,ore!A44:AO74
MAXore,"Domestic iron ore available in model, converted to imported-ore equivalent",hb,湖北,2048,0.037117128205128205,100 million tonnes (imported-ore equivalent),input-MR-demand.xlsx,ore,ore!A44:AO74
MAXore,"Domestic iron ore available in model, converted to imported-ore equivalent",hb,湖北,2049,0.037117128205128205,100 million tonnes (imported-ore equivalent),input-MR-demand.xlsx,ore,ore!A44:AO74
MAXore,"Domestic iron ore available in model, converted to imported-ore equivalent",hb,湖北,2050,0.037117128205128205,100 million tonnes (imported-ore equivalent),input-MR-demand.xlsx,ore,ore!A44:AO74
MAXore,"Domestic iron ore available in model, converted to imported-ore equivalent",hb,湖北,2051,0.037117128205128205,100 million tonnes (imported-ore equivalent),input-MR-demand.xlsx,ore,ore!A44:AO74
MAXore,"Domestic iron ore available in model, converted to imported-ore equivalent",hb,湖北,2052,0.037117128205128205,100 million tonnes (imported-ore equivalent),input-MR-demand.xlsx,ore,ore!A44:AO74
MAXore,"Domestic iron ore available in model, converted to imported-ore equivalent",hb,湖北,2053,0.037117128205128205,100 million tonnes (imported-ore equivalent),input-MR-demand.xlsx,ore,ore!A44:AO74
MAXore,"Domestic iron ore available in model, converted to imported-ore equivalent",hb,湖北,2054,0.037117128205128205,100 million tonnes (imported-ore equivalent),input-MR-demand.xlsx,ore,ore!A44:AO74
MAXore,"Domestic iron ore available in model, converted to imported-ore equivalent",hb,湖北,2055,0.037117128205128205,100 million tonnes (imported-ore equivalent),input-MR-demand.xlsx,ore,ore!A44:AO74
MAXore,"Domestic iron ore available in model, converted to imported-ore equivalent",hb,湖北,2056,0.037117128205128205,100 million tonnes (imported-ore equivalent),input-MR-demand.xlsx,ore,ore!A44:AO74
MAXore,"Domestic iron ore available in model, converted to imported-ore equivalent",hb,湖北,2057,0.037117128205128205,100 million tonnes (imported-ore equivalent),input-MR-demand.xlsx,ore,ore!A44:AO74
MAXore,"Domestic iron ore available in model, converted to imported-ore equivalent",hb,湖北,2058,0.037117128205128205,100 million tonnes (imported-ore equivalent),input-MR-demand.xlsx,ore,ore!A44:AO74
MAXore,"Domestic iron ore available in model, converted to imported-ore equivalent",hb,湖北,2059,0.037117128205128205,100 million tonnes (imported-ore equivalent),input-MR-demand.xlsx,ore,ore!A44:AO74
MAXore,"Domestic iron ore available in model, converted to imported-ore equivalent",hb,湖北,2060,0.037117128205128205,100 million tonnes (imported-ore equivalent),input-MR-demand.xlsx,ore,ore!A44:AO74
MAXore,"Domestic iron ore available in model, converted to imported-ore equivalent",hn,湖南,2021,0.005890051282051282,100 million tonnes (imported-ore equivalent),input-MR-demand.xlsx,ore,ore!A44:AO74
MAXore,"Domestic iron ore available in model, converted to imported-ore equivalent",hn,湖南,2022,0.005890051282051282,100 million tonnes (imported-ore equivalent),input-MR-demand.xlsx,ore,ore!A44:AO74
MAXore,"Domestic iron ore available in model, converted to imported-ore equivalent",hn,湖南,2023,0.005890051282051282,100 million tonnes (imported-ore equivalent),input-MR-demand.xlsx,ore,ore!A44:AO74
MAXore,"Domestic iron ore available in model, converted to imported-ore equivalent",hn,湖南,2024,0.005890051282051282,100 million tonnes (imported-ore equivalent),input-MR-demand.xlsx,ore,ore!A44:AO74
MAXore,"Domestic iron ore available in model, converted to imported-ore equivalent",hn,湖南,2025,0.005890051282051282,100 million tonnes (imported-ore equivalent),input-MR-demand.xlsx,ore,ore!A44:AO74
MAXore,"Domestic iron ore available in model, converted to imported-ore equivalent",hn,湖南,2026,0.005890051282051282,100 million tonnes (imported-ore equivalent),input-MR-demand.xlsx,ore,ore!A44:AO74
MAXore,"Domestic iron ore available in model, converted to imported-ore equivalent",hn,湖南,2027,0.005890051282051282,100 million tonnes (imported-ore equivalent),input-MR-demand.xlsx,ore,ore!A44:AO74
MAXore,"Domestic iron ore available in model, converted to imported-ore equivalent",hn,湖南,2028,0.005890051282051282,100 million tonnes (imported-ore equivalent),input-MR-demand.xlsx,ore,ore!A44:AO74
MAXore,"Domestic iron ore available in model, converted to imported-ore equivalent",hn,湖南,2029,0.005890051282051282,100 million tonnes (imported-ore equivalent),input-MR-demand.xlsx,ore,ore!A44:AO74
MAXore,"Domestic iron ore available in model, converted to imported-ore equivalent",hn,湖南,2030,0.005890051282051282,100 million tonnes (imported-ore equivalent),input-MR-demand.xlsx,ore,ore!A44:AO74
MAXore,"Domestic iron ore available in model, converted to imported-ore equivalent",hn,湖南,2031,0.005890051282051282,100 million tonnes (imported-ore equivalent),input-MR-demand.xlsx,ore,ore!A44:AO74
MAXore,"Domestic iron ore available in model, converted to imported-ore equivalent",hn,湖南,2032,0.005890051282051282,100 million tonnes (imported-ore equivalent),input-MR-demand.xlsx,ore,ore!A44:AO74
MAXore,"Domestic iron ore available in model, converted to imported-ore equivalent",hn,湖南,2033,0.005890051282051282,100 million tonnes (imported-ore equivalent),input-MR-demand.xlsx,ore,ore!A44:AO74
MAXore,"Domestic iron ore available in model, converted to imported-ore equivalent",hn,湖南,2034,0.005890051282051282,100 million tonnes (imported-ore equivalent),input-MR-demand.xlsx,ore,ore!A44:AO74
MAXore,"Domestic iron ore available in model, converted to imported-ore equivalent",hn,湖南,2035,0.005890051282051282,100 million tonnes (imported-ore equivalent),input-MR-demand.xlsx,ore,ore!A44:AO74
MAXore,"Domestic iron ore available in model, converted to imported-ore equivalent",hn,湖南,2036,0.005890051282051282,100 million tonnes (imported-ore equivalent),input-MR-demand.xlsx,ore,ore!A44:AO74
MAXore,"Domestic iron ore available in model, converted to imported-ore equivalent",hn,湖南,2037,0.005890051282051282,100 million tonnes (imported-ore equivalent),input-MR-demand.xlsx,ore,ore!A44:AO74
MAXore,"Domestic iron ore available in model, converted to imported-ore equivalent",hn,湖南,2038,0.005890051282051282,100 million tonnes (imported-ore equivalent),input-MR-demand.xlsx,ore,ore!A44:AO74
MAXore,"Domestic iron ore available in model, converted to imported-ore equivalent",hn,湖南,2039,0.005890051282051282,100 million tonnes (imported-ore equivalent),input-MR-demand.xlsx,ore,ore!A44:AO74
MAXore,"Domestic iron ore available in model, converted to imported-ore equivalent",hn,湖南,2040,0.005890051282051282,100 million tonnes (imported-ore equivalent),input-MR-demand.xlsx,ore,ore!A44:AO74
MAXore,"Domestic iron ore available in model, converted to imported-ore equivalent",hn,湖南,2041,0.005890051282051282,100 million tonnes (imported-ore equivalent),input-MR-demand.xlsx,ore,ore!A44:AO74
MAXore,"Domestic iron ore available in model, converted to imported-ore equivalent",hn,湖南,2042,0.005890051282051282,100 million tonnes (imported-ore equivalent),input-MR-demand.xlsx,ore,ore!A44:AO74
MAXore,"Domestic iron ore available in model, converted to imported-ore equivalent",hn,湖南,2043,0.005890051282051282,100 million tonnes (imported-ore equivalent),input-MR-demand.xlsx,ore,ore!A44:AO74
MAXore,"Domestic iron ore available in model, converted to imported-ore equivalent",hn,湖南,2044,0.005890051282051282,100 million tonnes (imported-ore equivalent),input-MR-demand.xlsx,ore,ore!A44:AO74
MAXore,"Domestic iron ore available in model, converted to imported-ore equivalent",hn,湖南,2045,0.005890051282051282,100 million tonnes (imported-ore equivalent),input-MR-demand.xlsx,ore,ore!A44:AO74
MAXore,"Domestic iron ore available in model, converted to imported-ore equivalent",hn,湖南,2046,0.005890051282051282,100 million tonnes (imported-ore equivalent),input-MR-demand.xlsx,ore,ore!A44:AO74
MAXore,"Domestic iron ore available in model, converted to imported-ore equivalent",hn,湖南,2047,0.005890051282051282,100 million tonnes (imported-ore equivalent),input-MR-demand.xlsx,ore,ore!A44:AO74
MAXore,"Domestic iron ore available in model, converted to imported-ore equivalent",hn,湖南,2048,0.005890051282051282,100 million tonnes (imported-ore equivalent),input-MR-demand.xlsx,ore,ore!A44:AO74
MAXore,"Domestic iron ore available in model, converted to imported-ore equivalent",hn,湖南,2049,0.005890051282051282,100 million tonnes (imported-ore equivalent),input-MR-demand.xlsx,ore,ore!A44:AO74
MAXore,"Domestic iron ore available in model, converted to imported-ore equivalent",hn,湖南,2050,0.005890051282051282,100 million tonnes (imported-ore equivalent),input-MR-demand.xlsx,ore,ore!A44:AO74
MAXore,"Domestic iron ore available in model, converted to imported-ore equivalent",hn,湖南,2051,0.005890051282051282,100 million tonnes (imported-ore equivalent),input-MR-demand.xlsx,ore,ore!A44:AO74
MAXore,"Domestic iron ore available in model, converted to imported-ore equivalent",hn,湖南,2052,0.005890051282051282,100 million tonnes (imported-ore equivalent),input-MR-demand.xlsx,ore,ore!A44:AO74
MAXore,"Domestic iron ore available in model, converted to imported-ore equivalent",hn,湖南,2053,0.005890051282051282,100 million tonnes (imported-ore equivalent),input-MR-demand.xlsx,ore,ore!A44:AO74
MAXore,"Domestic iron ore available in model, converted to imported-ore equivalent",hn,湖南,2054,0.005890051282051282,100 million tonnes (imported-ore equivalent),input-MR-demand.xlsx,ore,ore!A44:AO74
MAXore,"Domestic iron ore available in model, converted to imported-ore equivalent",hn,湖南,2055,0.005890051282051282,100 million tonnes (imported-ore equivalent),input-MR-demand.xlsx,ore,ore!A44:AO74
MAXore,"Domestic iron ore available in model, converted to imported-ore equivalent",hn,湖南,2056,0.005890051282051282,100 million tonnes (imported-ore equivalent),input-MR-demand.xlsx,ore,ore!A44:AO74
MAXore,"Domestic iron ore available in model, converted to imported-ore equivalent",hn,湖南,2057,0.005890051282051282,100 million tonnes (imported-ore equivalent),input-MR-demand.xlsx,ore,ore!A44:AO74
MAXore,"Domestic iron ore available in model, converted to imported-ore equivalent",hn,湖南,2058,0.005890051282051282,100 million tonnes (imported-ore equivalent),input-MR-demand.xlsx,ore,ore!A44:AO74
MAXore,"Domestic iron ore available in model, converted to imported-ore equivalent",hn,湖南,2059,0.005890051282051282,100 million tonnes (imported-ore equivalent),input-MR-demand.xlsx,ore,ore!A44:AO74
MAXore,"Domestic iron ore available in model, converted to imported-ore equivalent",hn,湖南,2060,0.005890051282051282,100 million tonnes (imported-ore equivalent),input-MR-demand.xlsx,ore,ore!A44:AO74
MAXore,"Domestic iron ore available in model, converted to imported-ore equivalent",gd,广东,2021,0.01579928205128205,100 million tonnes (imported-ore equivalent),input-MR-demand.xlsx,ore,ore!A44:AO74
MAXore,"Domestic iron ore available in model, converted to imported-ore equivalent",gd,广东,2022,0.01579928205128205,100 million tonnes (imported-ore equivalent),input-MR-demand.xlsx,ore,ore!A44:AO74
MAXore,"Domestic iron ore available in model, converted to imported-ore equivalent",gd,广东,2023,0.01579928205128205,100 million tonnes (imported-ore equivalent),input-MR-demand.xlsx,ore,ore!A44:AO74
MAXore,"Domestic iron ore available in model, converted to imported-ore equivalent",gd,广东,2024,0.01579928205128205,100 million tonnes (imported-ore equivalent),input-MR-demand.xlsx,ore,ore!A44:AO74
MAXore,"Domestic iron ore available in model, converted to imported-ore equivalent",gd,广东,2025,0.01579928205128205,100 million tonnes (imported-ore equivalent),input-MR-demand.xlsx,ore,ore!A44:AO74
MAXore,"Domestic iron ore available in model, converted to imported-ore equivalent",gd,广东,2026,0.01579928205128205,100 million tonnes (imported-ore equivalent),input-MR-demand.xlsx,ore,ore!A44:AO74
MAXore,"Domestic iron ore available in model, converted to imported-ore equivalent",gd,广东,2027,0.01579928205128205,100 million tonnes (imported-ore equivalent),input-MR-demand.xlsx,ore,ore!A44:AO74
MAXore,"Domestic iron ore available in model, converted to imported-ore equivalent",gd,广东,2028,0.01579928205128205,100 million tonnes (imported-ore equivalent),input-MR-demand.xlsx,ore,ore!A44:AO74
MAXore,"Domestic iron ore available in model, converted to imported-ore equivalent",gd,广东,2029,0.01579928205128205,100 million tonnes (imported-ore equivalent),input-MR-demand.xlsx,ore,ore!A44:AO74
MAXore,"Domestic iron ore available in model, converted to imported-ore equivalent",gd,广东,2030,0.01579928205128205,100 million tonnes (imported-ore equivalent),input-MR-demand.xlsx,ore,ore!A44:AO74
MAXore,"Domestic iron ore available in model, converted to imported-ore equivalent",gd,广东,2031,0.01579928205128205,100 million tonnes (imported-ore equivalent),input-MR-demand.xlsx,ore,ore!A44:AO74
MAXore,"Domestic iron ore available in model, converted to imported-ore equivalent",gd,广东,2032,0.01579928205128205,100 million tonnes (imported-ore equivalent),input-MR-demand.xlsx,ore,ore!A44:AO74
MAXore,"Domestic iron ore available in model, converted to imported-ore equivalent",gd,广东,2033,0.01579928205128205,100 million tonnes (imported-ore equivalent),input-MR-demand.xlsx,ore,ore!A44:AO74
MAXore,"Domestic iron ore available in model, converted to imported-ore equivalent",gd,广东,2034,0.01579928205128205,100 million tonnes (imported-ore equivalent),input-MR-demand.xlsx,ore,ore!A44:AO74
MAXore,"Domestic iron ore available in model, converted to imported-ore equivalent",gd,广东,2035,0.01579928205128205,100 million tonnes (imported-ore equivalent),input-MR-demand.xlsx,ore,ore!A44:AO74
MAXore,"Domestic iron ore available in model, converted to imported-ore equivalent",gd,广东,2036,0.01579928205128205,100 million tonnes (imported-ore equivalent),input-MR-demand.xlsx,ore,ore!A44:AO74
MAXore,"Domestic iron ore available in model, converted to imported-ore equivalent",gd,广东,2037,0.01579928205128205,100 million tonnes (imported-ore equivalent),input-MR-demand.xlsx,ore,ore!A44:AO74
MAXore,"Domestic iron ore available in model, converted to imported-ore equivalent",gd,广东,2038,0.01579928205128205,100 million tonnes (imported-ore equivalent),input-MR-demand.xlsx,ore,ore!A44:AO74
MAXore,"Domestic iron ore available in model, converted to imported-ore equivalent",gd,广东,2039,0.01579928205128205,100 million tonnes (imported-ore equivalent),input-MR-demand.xlsx,ore,ore!A44:AO74
MAXore,"Domestic iron ore available in model, converted to imported-ore equivalent",gd,广东,2040,0.01579928205128205,100 million tonnes (imported-ore equivalent),input-MR-demand.xlsx,ore,ore!A44:AO74
MAXore,"Domestic iron ore available in model, converted to imported-ore equivalent",gd,广东,2041,0.01579928205128205,100 million tonnes (imported-ore equivalent),input-MR-demand.xlsx,ore,ore!A44:AO74
MAXore,"Domestic iron ore available in model, converted to imported-ore equivalent",gd,广东,2042,0.01579928205128205,100 million tonnes (imported-ore equivalent),input-MR-demand.xlsx,ore,ore!A44:AO74
MAXore,"Domestic iron ore available in model, converted to imported-ore equivalent",gd,广东,2043,0.01579928205128205,100 million tonnes (imported-ore equivalent),input-MR-demand.xlsx,ore,ore!A44:AO74
MAXore,"Domestic iron ore available in model, converted to imported-ore equivalent",gd,广东,2044,0.01579928205128205,100 million tonnes (imported-ore equivalent),input-MR-demand.xlsx,ore,ore!A44:AO74
MAXore,"Domestic iron ore available in model, converted to imported-ore equivalent",gd,广东,2045,0.01579928205128205,100 million tonnes (imported-ore equivalent),input-MR-demand.xlsx,ore,ore!A44:AO74
MAXore,"Domestic iron ore available in model, converted to imported-ore equivalent",gd,广东,2046,0.01579928205128205,100 million tonnes (imported-ore equivalent),input-MR-demand.xlsx,ore,ore!A44:AO74
MAXore,"Domestic iron ore available in model, converted to imported-ore equivalent",gd,广东,2047,0.01579928205128205,100 million tonnes (imported-ore equivalent),input-MR-demand.xlsx,ore,ore!A44:AO74
MAXore,"Domestic iron ore available in model, converted to imported-ore equivalent",gd,广东,2048,0.01579928205128205,100 million tonnes (imported-ore equivalent),input-MR-demand.xlsx,ore,ore!A44:AO74
MAXore,"Domestic iron ore available in model, converted to imported-ore equivalent",gd,广东,2049,0.01579928205128205,100 million tonnes (imported-ore equivalent),input-MR-demand.xlsx,ore,ore!A44:AO74
MAXore,"Domestic iron ore available in model, converted to imported-ore equivalent",gd,广东,2050,0.01579928205128205,100 million tonnes (imported-ore equivalent),input-MR-demand.xlsx,ore,ore!A44:AO74
MAXore,"Domestic iron ore available in model, converted to imported-ore equivalent",gd,广东,2051,0.01579928205128205,100 million tonnes (imported-ore equivalent),input-MR-demand.xlsx,ore,ore!A44:AO74
MAXore,"Domestic iron ore available in model, converted to imported-ore equivalent",gd,广东,2052,0.01579928205128205,100 million tonnes (imported-ore equivalent),input-MR-demand.xlsx,ore,ore!A44:AO74
MAXore,"Domestic iron ore available in model, converted to imported-ore equivalent",gd,广东,2053,0.01579928205128205,100 million tonnes (imported-ore equivalent),input-MR-demand.xlsx,ore,ore!A44:AO74
MAXore,"Domestic iron ore available in model, converted to imported-ore equivalent",gd,广东,2054,0.01579928205128205,100 million tonnes (imported-ore equivalent),input-MR-demand.xlsx,ore,ore!A44:AO74
MAXore,"Domestic iron ore available in model, converted to imported-ore equivalent",gd,广东,2055,0.01579928205128205,100 million tonnes (imported-ore equivalent),input-MR-demand.xlsx,ore,ore!A44:AO74
MAXore,"Domestic iron ore available in model, converted to imported-ore equivalent",gd,广东,2056,0.01579928205128205,100 million tonnes (imported-ore equivalent),input-MR-demand.xlsx,ore,ore!A44:AO74
MAXore,"Domestic iron ore available in model, converted to imported-ore equivalent",gd,广东,2057,0.01579928205128205,100 million tonnes (imported-ore equivalent),input-MR-demand.xlsx,ore,ore!A44:AO74
MAXore,"Domestic iron ore available in model, converted to imported-ore equivalent",gd,广东,2058,0.01579928205128205,100 million tonnes (imported-ore equivalent),input-MR-demand.xlsx,ore,ore!A44:AO74
MAXore,"Domestic iron ore available in model, converted to imported-ore equivalent",gd,广东,2059,0.01579928205128205,100 million tonnes (imported-ore equivalent),input-MR-demand.xlsx,ore,ore!A44:AO74
MAXore,"Domestic iron ore available in model, converted to imported-ore equivalent",gd,广东,2060,0.01579928205128205,100 million tonnes (imported-ore equivalent),input-MR-demand.xlsx,ore,ore!A44:AO74
MAXore,"Domestic iron ore available in model, converted to imported-ore equivalent",gx,广西,2021,0.001052,100 million tonnes (imported-ore equivalent),input-MR-demand.xlsx,ore,ore!A44:AO74
MAXore,"Domestic iron ore available in model, converted to imported-ore equivalent",gx,广西,2022,0.001052,100 million tonnes (imported-ore equivalent),input-MR-demand.xlsx,ore,ore!A44:AO74
MAXore,"Domestic iron ore available in model, converted to imported-ore equivalent",gx,广西,2023,0.001052,100 million tonnes (imported-ore equivalent),input-MR-demand.xlsx,ore,ore!A44:AO74
MAXore,"Domestic iron ore available in model, converted to imported-ore equivalent",gx,广西,2024,0.001052,100 million tonnes (imported-ore equivalent),input-MR-demand.xlsx,ore,ore!A44:AO74
MAXore,"Domestic iron ore available in model, converted to imported-ore equivalent",gx,广西,2025,0.001052,100 million tonnes (imported-ore equivalent),input-MR-demand.xlsx,ore,ore!A44:AO74
MAXore,"Domestic iron ore available in model, converted to imported-ore equivalent",gx,广西,2026,0.001052,100 million tonnes (imported-ore equivalent),input-MR-demand.xlsx,ore,ore!A44:AO74
MAXore,"Domestic iron ore available in model, converted to imported-ore equivalent",gx,广西,2027,0.001052,100 million tonnes (imported-ore equivalent),input-MR-demand.xlsx,ore,ore!A44:AO74
MAXore,"Domestic iron ore available in model, converted to imported-ore equivalent",gx,广西,2028,0.001052,100 million tonnes (imported-ore equivalent),input-MR-demand.xlsx,ore,ore!A44:AO74
MAXore,"Domestic iron ore available in model, converted to imported-ore equivalent",gx,广西,2029,0.001052,100 million tonnes (imported-ore equivalent),input-MR-demand.xlsx,ore,ore!A44:AO74
MAXore,"Domestic iron ore available in model, converted to imported-ore equivalent",gx,广西,2030,0.001052,100 million tonnes (imported-ore equivalent),input-MR-demand.xlsx,ore,ore!A44:AO74
MAXore,"Domestic iron ore available in model, converted to imported-ore equivalent",gx,广西,2031,0.001052,100 million tonnes (imported-ore equivalent),input-MR-demand.xlsx,ore,ore!A44:AO74
MAXore,"Domestic iron ore available in model, converted to imported-ore equivalent",gx,广西,2032,0.001052,100 million tonnes (imported-ore equivalent),input-MR-demand.xlsx,ore,ore!A44:AO74
MAXore,"Domestic iron ore available in model, converted to imported-ore equivalent",gx,广西,2033,0.001052,100 million tonnes (imported-ore equivalent),input-MR-demand.xlsx,ore,ore!A44:AO74
MAXore,"Domestic iron ore available in model, converted to imported-ore equivalent",gx,广西,2034,0.001052,100 million tonnes (imported-ore equivalent),input-MR-demand.xlsx,ore,ore!A44:AO74
MAXore,"Domestic iron ore available in model, converted to imported-ore equivalent",gx,广西,2035,0.001052,100 million tonnes (imported-ore equivalent),input-MR-demand.xlsx,ore,ore!A44:AO74
MAXore,"Domestic iron ore available in model, converted to imported-ore equivalent",gx,广西,2036,0.001052,100 million tonnes (imported-ore equivalent),input-MR-demand.xlsx,ore,ore!A44:AO74
MAXore,"Domestic iron ore available in model, converted to imported-ore equivalent",gx,广西,2037,0.001052,100 million tonnes (imported-ore equivalent),input-MR-demand.xlsx,ore,ore!A44:AO74
MAXore,"Domestic iron ore available in model, converted to imported-ore equivalent",gx,广西,2038,0.001052,100 million tonnes (imported-ore equivalent),input-MR-demand.xlsx,ore,ore!A44:AO74
MAXore,"Domestic iron ore available in model, converted to imported-ore equivalent",gx,广西,2039,0.001052,100 million tonnes (imported-ore equivalent),input-MR-demand.xlsx,ore,ore!A44:AO74
MAXore,"Domestic iron ore available in model, converted to imported-ore equivalent",gx,广西,2040,0.001052,100 million tonnes (imported-ore equivalent),input-MR-demand.xlsx,ore,ore!A44:AO74
MAXore,"Domestic iron ore available in model, converted to imported-ore equivalent",gx,广西,2041,0.001052,100 million tonnes (imported-ore equivalent),input-MR-demand.xlsx,ore,ore!A44:AO74
MAXore,"Domestic iron ore available in model, converted to imported-ore equivalent",gx,广西,2042,0.001052,100 million tonnes (imported-ore equivalent),input-MR-demand.xlsx,ore,ore!A44:AO74
MAXore,"Domestic iron ore available in model, converted to imported-ore equivalent",gx,广西,2043,0.001052,100 million tonnes (imported-ore equivalent),input-MR-demand.xlsx,ore,ore!A44:AO74
MAXore,"Domestic iron ore available in model, converted to imported-ore equivalent",gx,广西,2044,0.001052,100 million tonnes (imported-ore equivalent),input-MR-demand.xlsx,ore,ore!A44:AO74
MAXore,"Domestic iron ore available in model, converted to imported-ore equivalent",gx,广西,2045,0.001052,100 million tonnes (imported-ore equivalent),input-MR-demand.xlsx,ore,ore!A44:AO74
MAXore,"Domestic iron ore available in model, converted to imported-ore equivalent",gx,广西,2046,0.001052,100 million tonnes (imported-ore equivalent),input-MR-demand.xlsx,ore,ore!A44:AO74
MAXore,"Domestic iron ore available in model, converted to imported-ore equivalent",gx,广西,2047,0.001052,100 million tonnes (imported-ore equivalent),input-MR-demand.xlsx,ore,ore!A44:AO74
MAXore,"Domestic iron ore available in model, converted to imported-ore equivalent",gx,广西,2048,0.001052,100 million tonnes (imported-ore equivalent),input-MR-demand.xlsx,ore,ore!A44:AO74
MAXore,"Domestic iron ore available in model, converted to imported-ore equivalent",gx,广西,2049,0.001052,100 million tonnes (imported-ore equivalent),input-MR-demand.xlsx,ore,ore!A44:AO74
MAXore,"Domestic iron ore available in model, converted to imported-ore equivalent",gx,广西,2050,0.001052,100 million tonnes (imported-ore equivalent),input-MR-demand.xlsx,ore,ore!A44:AO74
MAXore,"Domestic iron ore available in model, converted to imported-ore equivalent",gx,广西,2051,0.001052,100 million tonnes (imported-ore equivalent),input-MR-demand.xlsx,ore,ore!A44:AO74
MAXore,"Domestic iron ore available in model, converted to imported-ore equivalent",gx,广西,2052,0.001052,100 million tonnes (imported-ore equivalent),input-MR-demand.xlsx,ore,ore!A44:AO74
MAXore,"Domestic iron ore available in model, converted to imported-ore equivalent",gx,广西,2053,0.001052,100 million tonnes (imported-ore equivalent),input-MR-demand.xlsx,ore,ore!A44:AO74
MAXore,"Domestic iron ore available in model, converted to imported-ore equivalent",gx,广西,2054,0.001052,100 million tonnes (imported-ore equivalent),input-MR-demand.xlsx,ore,ore!A44:AO74
MAXore,"Domestic iron ore available in model, converted to imported-ore equivalent",gx,广西,2055,0.001052,100 million tonnes (imported-ore equivalent),input-MR-demand.xlsx,ore,ore!A44:AO74
MAXore,"Domestic iron ore available in model, converted to imported-ore equivalent",gx,广西,2056,0.001052,100 million tonnes (imported-ore equivalent),input-MR-demand.xlsx,ore,ore!A44:AO74
MAXore,"Domestic iron ore available in model, converted to imported-ore equivalent",gx,广西,2057,0.001052,100 million tonnes (imported-ore equivalent),input-MR-demand.xlsx,ore,ore!A44:AO74
MAXore,"Domestic iron ore available in model, converted to imported-ore equivalent",gx,广西,2058,0.001052,100 million tonnes (imported-ore equivalent),input-MR-demand.xlsx,ore,ore!A44:AO74
MAXore,"Domestic iron ore available in model, converted to imported-ore equivalent",gx,广西,2059,0.001052,100 million tonnes (imported-ore equivalent),input-MR-demand.xlsx,ore,ore!A44:AO74
MAXore,"Domestic iron ore available in model, converted to imported-ore equivalent",gx,广西,2060,0.001052,100 million tonnes (imported-ore equivalent),input-MR-demand.xlsx,ore,ore!A44:AO74
MAXore,"Domestic iron ore available in model, converted to imported-ore equivalent",hi,海南,2021,0.013661641025641026,100 million tonnes (imported-ore equivalent),input-MR-demand.xlsx,ore,ore!A44:AO74
MAXore,"Domestic iron ore available in model, converted to imported-ore equivalent",hi,海南,2022,0.013661641025641026,100 million tonnes (imported-ore equivalent),input-MR-demand.xlsx,ore,ore!A44:AO74
MAXore,"Domestic iron ore available in model, converted to imported-ore equivalent",hi,海南,2023,0.013661641025641026,100 million tonnes (imported-ore equivalent),input-MR-demand.xlsx,ore,ore!A44:AO74
MAXore,"Domestic iron ore available in model, converted to imported-ore equivalent",hi,海南,2024,0.013661641025641026,100 million tonnes (imported-ore equivalent),input-MR-demand.xlsx,ore,ore!A44:AO74
MAXore,"Domestic iron ore available in model, converted to imported-ore equivalent",hi,海南,2025,0.013661641025641026,100 million tonnes (imported-ore equivalent),input-MR-demand.xlsx,ore,ore!A44:AO74
MAXore,"Domestic iron ore available in model, converted to imported-ore equivalent",hi,海南,2026,0.013661641025641026,100 million tonnes (imported-ore equivalent),input-MR-demand.xlsx,ore,ore!A44:AO74
MAXore,"Domestic iron ore available in model, converted to imported-ore equivalent",hi,海南,2027,0.013661641025641026,100 million tonnes (imported-ore equivalent),input-MR-demand.xlsx,ore,ore!A44:AO74
MAXore,"Domestic iron ore available in model, converted to imported-ore equivalent",hi,海南,2028,0.013661641025641026,100 million tonnes (imported-ore equivalent),input-MR-demand.xlsx,ore,ore!A44:AO74
MAXore,"Domestic iron ore available in model, converted to imported-ore equivalent",hi,海南,2029,0.013661641025641026,100 million tonnes (imported-ore equivalent),input-MR-demand.xlsx,ore,ore!A44:AO74
MAXore,"Domestic iron ore available in model, converted to imported-ore equivalent",hi,海南,2030,0.013661641025641026,100 million tonnes (imported-ore equivalent),input-MR-demand.xlsx,ore,ore!A44:AO74
MAXore,"Domestic iron ore available in model, converted to imported-ore equivalent",hi,海南,2031,0.013661641025641026,100 million tonnes (imported-ore equivalent),input-MR-demand.xlsx,ore,ore!A44:AO74
MAXore,"Domestic iron ore available in model, converted to imported-ore equivalent",hi,海南,2032,0.013661641025641026,100 million tonnes (imported-ore equivalent),input-MR-demand.xlsx,ore,ore!A44:AO74
MAXore,"Domestic iron ore available in model, converted to imported-ore equivalent",hi,海南,2033,0.013661641025641026,100 million tonnes (imported-ore equivalent),input-MR-demand.xlsx,ore,ore!A44:AO74
MAXore,"Domestic iron ore available in model, converted to imported-ore equivalent",hi,海南,2034,0.013661641025641026,100 million tonnes (imported-ore equivalent),input-MR-demand.xlsx,ore,ore!A44:AO74
MAXore,"Domestic iron ore available in model, converted to imported-ore equivalent",hi,海南,2035,0.013661641025641026,100 million tonnes (imported-ore equivalent),input-MR-demand.xlsx,ore,ore!A44:AO74
MAXore,"Domestic iron ore available in model, converted to imported-ore equivalent",hi,海南,2036,0.013661641025641026,100 million tonnes (imported-ore equivalent),input-MR-demand.xlsx,ore,ore!A44:AO74
MAXore,"Domestic iron ore available in model, converted to imported-ore equivalent",hi,海南,2037,0.013661641025641026,100 million tonnes (imported-ore equivalent),input-MR-demand.xlsx,ore,ore!A44:AO74
MAXore,"Domestic iron ore available in model, converted to imported-ore equivalent",hi,海南,2038,0.013661641025641026,100 million tonnes (imported-ore equivalent),input-MR-demand.xlsx,ore,ore!A44:AO74
MAXore,"Domestic iron ore available in model, converted to imported-ore equivalent",hi,海南,2039,0.013661641025641026,100 million tonnes (imported-ore equivalent),input-MR-demand.xlsx,ore,ore!A44:AO74
MAXore,"Domestic iron ore available in model, converted to imported-ore equivalent",hi,海南,2040,0.013661641025641026,100 million tonnes (imported-ore equivalent),input-MR-demand.xlsx,ore,ore!A44:AO74
MAXore,"Domestic iron ore available in model, converted to imported-ore equivalent",hi,海南,2041,0.013661641025641026,100 million tonnes (imported-ore equivalent),input-MR-demand.xlsx,ore,ore!A44:AO74
MAXore,"Domestic iron ore available in model, converted to imported-ore equivalent",hi,海南,2042,0.013661641025641026,100 million tonnes (imported-ore equivalent),input-MR-demand.xlsx,ore,ore!A44:AO74
MAXore,"Domestic iron ore available in model, converted to imported-ore equivalent",hi,海南,2043,0.013661641025641026,100 million tonnes (imported-ore equivalent),input-MR-demand.xlsx,ore,ore!A44:AO74
MAXore,"Domestic iron ore available in model, converted to imported-ore equivalent",hi,海南,2044,0.013661641025641026,100 million tonnes (imported-ore equivalent),input-MR-demand.xlsx,ore,ore!A44:AO74
MAXore,"Domestic iron ore available in model, converted to imported-ore equivalent",hi,海南,2045,0.013661641025641026,100 million tonnes (imported-ore equivalent),input-MR-demand.xlsx,ore,ore!A44:AO74
MAXore,"Domestic iron ore available in model, converted to imported-ore equivalent",hi,海南,2046,0.013661641025641026,100 million tonnes (imported-ore equivalent),input-MR-demand.xlsx,ore,ore!A44:AO74
MAXore,"Domestic iron ore available in model, converted to imported-ore equivalent",hi,海南,2047,0.013661641025641026,100 million tonnes (imported-ore equivalent),input-MR-demand.xlsx,ore,ore!A44:AO74
MAXore,"Domestic iron ore available in model, converted to imported-ore equivalent",hi,海南,2048,0.013661641025641026,100 million tonnes (imported-ore equivalent),input-MR-demand.xlsx,ore,ore!A44:AO74
MAXore,"Domestic iron ore available in model, converted to imported-ore equivalent",hi,海南,2049,0.013661641025641026,100 million tonnes (imported-ore equivalent),input-MR-demand.xlsx,ore,ore!A44:AO74
MAXore,"Domestic iron ore available in model, converted to imported-ore equivalent",hi,海南,2050,0.013661641025641026,100 million tonnes (imported-ore equivalent),input-MR-demand.xlsx,ore,ore!A44:AO74
MAXore,"Domestic iron ore available in model, converted to imported-ore equivalent",hi,海南,2051,0.013661641025641026,100 million tonnes (imported-ore equivalent),input-MR-demand.xlsx,ore,ore!A44:AO74
MAXore,"Domestic iron ore available in model, converted to imported-ore equivalent",hi,海南,2052,0.013661641025641026,100 million tonnes (imported-ore equivalent),input-MR-demand.xlsx,ore,ore!A44:AO74
MAXore,"Domestic iron ore available in model, converted to imported-ore equivalent",hi,海南,2053,0.013661641025641026,100 million tonnes (imported-ore equivalent),input-MR-demand.xlsx,ore,ore!A44:AO74
MAXore,"Domestic iron ore available in model, converted to imported-ore equivalent",hi,海南,2054,0.013661641025641026,100 million tonnes (imported-ore equivalent),input-MR-demand.xlsx,ore,ore!A44:AO74
MAXore,"Domestic iron ore available in model, converted to imported-ore equivalent",hi,海南,2055,0.013661641025641026,100 million tonnes (imported-ore equivalent),input-MR-demand.xlsx,ore,ore!A44:AO74
MAXore,"Domestic iron ore available in model, converted to imported-ore equivalent",hi,海南,2056,0.013661641025641026,100 million tonnes (imported-ore equivalent),input-MR-demand.xlsx,ore,ore!A44:AO74
MAXore,"Domestic iron ore available in model, converted to imported-ore equivalent",hi,海南,2057,0.013661641025641026,100 million tonnes (imported-ore equivalent),input-MR-demand.xlsx,ore,ore!A44:AO74
MAXore,"Domestic iron ore available in model, converted to imported-ore equivalent",hi,海南,2058,0.013661641025641026,100 million tonnes (imported-ore equivalent),input-MR-demand.xlsx,ore,ore!A44:AO74
MAXore,"Domestic iron ore available in model, converted to imported-ore equivalent",hi,海南,2059,0.013661641025641026,100 million tonnes (imported-ore equivalent),input-MR-demand.xlsx,ore,ore!A44:AO74
MAXore,"Domestic iron ore available in model, converted to imported-ore equivalent",hi,海南,2060,0.013661641025641026,100 million tonnes (imported-ore equivalent),input-MR-demand.xlsx,ore,ore!A44:AO74
MAXore,"Domestic iron ore available in model, converted to imported-ore equivalent",cq,重庆,2021,0,100 million tonnes (imported-ore equivalent),input-MR-demand.xlsx,ore,ore!A44:AO74
MAXore,"Domestic iron ore available in model, converted to imported-ore equivalent",cq,重庆,2022,0,100 million tonnes (imported-ore equivalent),input-MR-demand.xlsx,ore,ore!A44:AO74
MAXore,"Domestic iron ore available in model, converted to imported-ore equivalent",cq,重庆,2023,0,100 million tonnes (imported-ore equivalent),input-MR-demand.xlsx,ore,ore!A44:AO74
MAXore,"Domestic iron ore available in model, converted to imported-ore equivalent",cq,重庆,2024,0,100 million tonnes (imported-ore equivalent),input-MR-demand.xlsx,ore,ore!A44:AO74
MAXore,"Domestic iron ore available in model, converted to imported-ore equivalent",cq,重庆,2025,0,100 million tonnes (imported-ore equivalent),input-MR-demand.xlsx,ore,ore!A44:AO74
MAXore,"Domestic iron ore available in model, converted to imported-ore equivalent",cq,重庆,2026,0,100 million tonnes (imported-ore equivalent),input-MR-demand.xlsx,ore,ore!A44:AO74
MAXore,"Domestic iron ore available in model, converted to imported-ore equivalent",cq,重庆,2027,0,100 million tonnes (imported-ore equivalent),input-MR-demand.xlsx,ore,ore!A44:AO74
MAXore,"Domestic iron ore available in model, converted to imported-ore equivalent",cq,重庆,2028,0,100 million tonnes (imported-ore equivalent),input-MR-demand.xlsx,ore,ore!A44:AO74
MAXore,"Domestic iron ore available in model, converted to imported-ore equivalent",cq,重庆,2029,0,100 million tonnes (imported-ore equivalent),input-MR-demand.xlsx,ore,ore!A44:AO74
MAXore,"Domestic iron ore available in model, converted to imported-ore equivalent",cq,重庆,2030,0,100 million tonnes (imported-ore equivalent),input-MR-demand.xlsx,ore,ore!A44:AO74
MAXore,"Domestic iron ore available in model, converted to imported-ore equivalent",cq,重庆,2031,0,100 million tonnes (imported-ore equivalent),input-MR-demand.xlsx,ore,ore!A44:AO74
MAXore,"Domestic iron ore available in model, converted to imported-ore equivalent",cq,重庆,2032,0,100 million tonnes (imported-ore equivalent),input-MR-demand.xlsx,ore,ore!A44:AO74
MAXore,"Domestic iron ore available in model, converted to imported-ore equivalent",cq,重庆,2033,0,100 million tonnes (imported-ore equivalent),input-MR-demand.xlsx,ore,ore!A44:AO74
MAXore,"Domestic iron ore available in model, converted to imported-ore equivalent",cq,重庆,2034,0,100 million tonnes (imported-ore equivalent),input-MR-demand.xlsx,ore,ore!A44:AO74
MAXore,"Domestic iron ore available in model, converted to imported-ore equivalent",cq,重庆,2035,0,100 million tonnes (imported-ore equivalent),input-MR-demand.xlsx,ore,ore!A44:AO74
MAXore,"Domestic iron ore available in model, converted to imported-ore equivalent",cq,重庆,2036,0,100 million tonnes (imported-ore equivalent),input-MR-demand.xlsx,ore,ore!A44:AO74
MAXore,"Domestic iron ore available in model, converted to imported-ore equivalent",cq,重庆,2037,0,100 million tonnes (imported-ore equivalent),input-MR-demand.xlsx,ore,ore!A44:AO74
MAXore,"Domestic iron ore available in model, converted to imported-ore equivalent",cq,重庆,2038,0,100 million tonnes (imported-ore equivalent),input-MR-demand.xlsx,ore,ore!A44:AO74
MAXore,"Domestic iron ore available in model, converted to imported-ore equivalent",cq,重庆,2039,0,100 million tonnes (imported-ore equivalent),input-MR-demand.xlsx,ore,ore!A44:AO74
MAXore,"Domestic iron ore available in model, converted to imported-ore equivalent",cq,重庆,2040,0,100 million tonnes (imported-ore equivalent),input-MR-demand.xlsx,ore,ore!A44:AO74
MAXore,"Domestic iron ore available in model, converted to imported-ore equivalent",cq,重庆,2041,0,100 million tonnes (imported-ore equivalent),input-MR-demand.xlsx,ore,ore!A44:AO74
MAXore,"Domestic iron ore available in model, converted to imported-ore equivalent",cq,重庆,2042,0,100 million tonnes (imported-ore equivalent),input-MR-demand.xlsx,ore,ore!A44:AO74
MAXore,"Domestic iron ore available in model, converted to imported-ore equivalent",cq,重庆,2043,0,100 million tonnes (imported-ore equivalent),input-MR-demand.xlsx,ore,ore!A44:AO74
MAXore,"Domestic iron ore available in model, converted to imported-ore equivalent",cq,重庆,2044,0,100 million tonnes (imported-ore equivalent),input-MR-demand.xlsx,ore,ore!A44:AO74
MAXore,"Domestic iron ore available in model, converted to imported-ore equivalent",cq,重庆,2045,0,100 million tonnes (imported-ore equivalent),input-MR-demand.xlsx,ore,ore!A44:AO74
MAXore,"Domestic iron ore available in model, converted to imported-ore equivalent",cq,重庆,2046,0,100 million tonnes (imported-ore equivalent),input-MR-demand.xlsx,ore,ore!A44:AO74
MAXore,"Domestic iron ore available in model, converted to imported-ore equivalent",cq,重庆,2047,0,100 million tonnes (imported-ore equivalent),input-MR-demand.xlsx,ore,ore!A44:AO74
MAXore,"Domestic iron ore available in model, converted to imported-ore equivalent",cq,重庆,2048,0,100 million tonnes (imported-ore equivalent),input-MR-demand.xlsx,ore,ore!A44:AO74
MAXore,"Domestic iron ore available in model, converted to imported-ore equivalent",cq,重庆,2049,0,100 million tonnes (imported-ore equivalent),input-MR-demand.xlsx,ore,ore!A44:AO74
MAXore,"Domestic iron ore available in model, converted to imported-ore equivalent",cq,重庆,2050,0,100 million tonnes (imported-ore equivalent),input-MR-demand.xlsx,ore,ore!A44:AO74
MAXore,"Domestic iron ore available in model, converted to imported-ore equivalent",cq,重庆,2051,0,100 million tonnes (imported-ore equivalent),input-MR-demand.xlsx,ore,ore!A44:AO74
MAXore,"Domestic iron ore available in model, converted to imported-ore equivalent",cq,重庆,2052,0,100 million tonnes (imported-ore equivalent),input-MR-demand.xlsx,ore,ore!A44:AO74
MAXore,"Domestic iron ore available in model, converted to imported-ore equivalent",cq,重庆,2053,0,100 million tonnes (imported-ore equivalent),input-MR-demand.xlsx,ore,ore!A44:AO74
MAXore,"Domestic iron ore available in model, converted to imported-ore equivalent",cq,重庆,2054,0,100 million tonnes (imported-ore equivalent),input-MR-demand.xlsx,ore,ore!A44:AO74
MAXore,"Domestic iron ore available in model, converted to imported-ore equivalent",cq,重庆,2055,0,100 million tonnes (imported-ore equivalent),input-MR-demand.xlsx,ore,ore!A44:AO74
MAXore,"Domestic iron ore available in model, converted to imported-ore equivalent",cq,重庆,2056,0,100 million tonnes (imported-ore equivalent),input-MR-demand.xlsx,ore,ore!A44:AO74
MAXore,"Domestic iron ore available in model, converted to imported-ore equivalent",cq,重庆,2057,0,100 million tonnes (imported-ore equivalent),input-MR-demand.xlsx,ore,ore!A44:AO74
MAXore,"Domestic iron ore available in model, converted to imported-ore equivalent",cq,重庆,2058,0,100 million tonnes (imported-ore equivalent),input-MR-demand.xlsx,ore,ore!A44:AO74
MAXore,"Domestic iron ore available in model, converted to imported-ore equivalent",cq,重庆,2059,0,100 million tonnes (imported-ore equivalent),input-MR-demand.xlsx,ore,ore!A44:AO74
MAXore,"Domestic iron ore available in model, converted to imported-ore equivalent",cq,重庆,2060,0,100 million tonnes (imported-ore equivalent),input-MR-demand.xlsx,ore,ore!A44:AO74
MAXore,"Domestic iron ore available in model, converted to imported-ore equivalent",sc,四川,2021,0.32583938461538464,100 million tonnes (imported-ore equivalent),input-MR-demand.xlsx,ore,ore!A44:AO74
MAXore,"Domestic iron ore available in model, converted to imported-ore equivalent",sc,四川,2022,0.32583938461538464,100 million tonnes (imported-ore equivalent),input-MR-demand.xlsx,ore,ore!A44:AO74
MAXore,"Domestic iron ore available in model, converted to imported-ore equivalent",sc,四川,2023,0.32583938461538464,100 million tonnes (imported-ore equivalent),input-MR-demand.xlsx,ore,ore!A44:AO74
MAXore,"Domestic iron ore available in model, converted to imported-ore equivalent",sc,四川,2024,0.32583938461538464,100 million tonnes (imported-ore equivalent),input-MR-demand.xlsx,ore,ore!A44:AO74
MAXore,"Domestic iron ore available in model, converted to imported-ore equivalent",sc,四川,2025,0.32583938461538464,100 million tonnes (imported-ore equivalent),input-MR-demand.xlsx,ore,ore!A44:AO74
MAXore,"Domestic iron ore available in model, converted to imported-ore equivalent",sc,四川,2026,0.32583938461538464,100 million tonnes (imported-ore equivalent),input-MR-demand.xlsx,ore,ore!A44:AO74
MAXore,"Domestic iron ore available in model, converted to imported-ore equivalent",sc,四川,2027,0.32583938461538464,100 million tonnes (imported-ore equivalent),input-MR-demand.xlsx,ore,ore!A44:AO74
MAXore,"Domestic iron ore available in model, converted to imported-ore equivalent",sc,四川,2028,0.32583938461538464,100 million tonnes (imported-ore equivalent),input-MR-demand.xlsx,ore,ore!A44:AO74
MAXore,"Domestic iron ore available in model, converted to imported-ore equivalent",sc,四川,2029,0.32583938461538464,100 million tonnes (imported-ore equivalent),input-MR-demand.xlsx,ore,ore!A44:AO74
MAXore,"Domestic iron ore available in model, converted to imported-ore equivalent",sc,四川,2030,0.32583938461538464,100 million tonnes (imported-ore equivalent),input-MR-demand.xlsx,ore,ore!A44:AO74
MAXore,"Domestic iron ore available in model, converted to imported-ore equivalent",sc,四川,2031,0.32583938461538464,100 million tonnes (imported-ore equivalent),input-MR-demand.xlsx,ore,ore!A44:AO74
MAXore,"Domestic iron ore available in model, converted to imported-ore equivalent",sc,四川,2032,0.32583938461538464,100 million tonnes (imported-ore equivalent),input-MR-demand.xlsx,ore,ore!A44:AO74
MAXore,"Domestic iron ore available in model, converted to imported-ore equivalent",sc,四川,2033,0.32583938461538464,100 million tonnes (imported-ore equivalent),input-MR-demand.xlsx,ore,ore!A44:AO74
MAXore,"Domestic iron ore available in model, converted to imported-ore equivalent",sc,四川,2034,0.32583938461538464,100 million tonnes (imported-ore equivalent),input-MR-demand.xlsx,ore,ore!A44:AO74
MAXore,"Domestic iron ore available in model, converted to imported-ore equivalent",sc,四川,2035,0.32583938461538464,100 million tonnes (imported-ore equivalent),input-MR-demand.xlsx,ore,ore!A44:AO74
MAXore,"Domestic iron ore available in model, converted to imported-ore equivalent",sc,四川,2036,0.32583938461538464,100 million tonnes (imported-ore equivalent),input-MR-demand.xlsx,ore,ore!A44:AO74
MAXore,"Domestic iron ore available in model, converted to imported-ore equivalent",sc,四川,2037,0.32583938461538464,100 million tonnes (imported-ore equivalent),input-MR-demand.xlsx,ore,ore!A44:AO74
MAXore,"Domestic iron ore available in model, converted to imported-ore equivalent",sc,四川,2038,0.32583938461538464,100 million tonnes (imported-ore equivalent),input-MR-demand.xlsx,ore,ore!A44:AO74
MAXore,"Domestic iron ore available in model, converted to imported-ore equivalent",sc,四川,2039,0.32583938461538464,100 million tonnes (imported-ore equivalent),input-MR-demand.xlsx,ore,ore!A44:AO74
MAXore,"Domestic iron ore available in model, converted to imported-ore equivalent",sc,四川,2040,0.32583938461538464,100 million tonnes (imported-ore equivalent),input-MR-demand.xlsx,ore,ore!A44:AO74
MAXore,"Domestic iron ore available in model, converted to imported-ore equivalent",sc,四川,2041,0.32583938461538464,100 million tonnes (imported-ore equivalent),input-MR-demand.xlsx,ore,ore!A44:AO74
MAXore,"Domestic iron ore available in model, converted to imported-ore equivalent",sc,四川,2042,0.32583938461538464,100 million tonnes (imported-ore equivalent),input-MR-demand.xlsx,ore,ore!A44:AO74
MAXore,"Domestic iron ore available in model, converted to imported-ore equivalent",sc,四川,2043,0.32583938461538464,100 million tonnes (imported-ore equivalent),input-MR-demand.xlsx,ore,ore!A44:AO74
MAXore,"Domestic iron ore available in model, converted to imported-ore equivalent",sc,四川,2044,0.32583938461538464,100 million tonnes (imported-ore equivalent),input-MR-demand.xlsx,ore,ore!A44:AO74
MAXore,"Domestic iron ore available in model, converted to imported-ore equivalent",sc,四川,2045,0.32583938461538464,100 million tonnes (imported-ore equivalent),input-MR-demand.xlsx,ore,ore!A44:AO74
MAXore,"Domestic iron ore available in model, converted to imported-ore equivalent",sc,四川,2046,0.32583938461538464,100 million tonnes (imported-ore equivalent),input-MR-demand.xlsx,ore,ore!A44:AO74
MAXore,"Domestic iron ore available in model, converted to imported-ore equivalent",sc,四川,2047,0.32583938461538464,100 million tonnes (imported-ore equivalent),input-MR-demand.xlsx,ore,ore!A44:AO74
MAXore,"Domestic iron ore available in model, converted to imported-ore equivalent",sc,四川,2048,0.32583938461538464,100 million tonnes (imported-ore equivalent),input-MR-demand.xlsx,ore,ore!A44:AO74
MAXore,"Domestic iron ore available in model, converted to imported-ore equivalent",sc,四川,2049,0.32583938461538464,100 million tonnes (imported-ore equivalent),input-MR-demand.xlsx,ore,ore!A44:AO74
MAXore,"Domestic iron ore available in model, converted to imported-ore equivalent",sc,四川,2050,0.32583938461538464,100 million tonnes (imported-ore equivalent),input-MR-demand.xlsx,ore,ore!A44:AO74
MAXore,"Domestic iron ore available in model, converted to imported-ore equivalent",sc,四川,2051,0.32583938461538464,100 million tonnes (imported-ore equivalent),input-MR-demand.xlsx,ore,ore!A44:AO74
MAXore,"Domestic iron ore available in model, converted to imported-ore equivalent",sc,四川,2052,0.32583938461538464,100 million tonnes (imported-ore equivalent),input-MR-demand.xlsx,ore,ore!A44:AO74
MAXore,"Domestic iron ore available in model, converted to imported-ore equivalent",sc,四川,2053,0.32583938461538464,100 million tonnes (imported-ore equivalent),input-MR-demand.xlsx,ore,ore!A44:AO74
MAXore,"Domestic iron ore available in model, converted to imported-ore equivalent",sc,四川,2054,0.32583938461538464,100 million tonnes (imported-ore equivalent),input-MR-demand.xlsx,ore,ore!A44:AO74
MAXore,"Domestic iron ore available in model, converted to imported-ore equivalent",sc,四川,2055,0.32583938461538464,100 million tonnes (imported-ore equivalent),input-MR-demand.xlsx,ore,ore!A44:AO74
MAXore,"Domestic iron ore available in model, converted to imported-ore equivalent",sc,四川,2056,0.32583938461538464,100 million tonnes (imported-ore equivalent),input-MR-demand.xlsx,ore,ore!A44:AO74
MAXore,"Domestic iron ore available in model, converted to imported-ore equivalent",sc,四川,2057,0.32583938461538464,100 million tonnes (imported-ore equivalent),input-MR-demand.xlsx,ore,ore!A44:AO74
MAXore,"Domestic iron ore available in model, converted to imported-ore equivalent",sc,四川,2058,0.32583938461538464,100 million tonnes (imported-ore equivalent),input-MR-demand.xlsx,ore,ore!A44:AO74
MAXore,"Domestic iron ore available in model, converted to imported-ore equivalent",sc,四川,2059,0.32583938461538464,100 million tonnes (imported-ore equivalent),input-MR-demand.xlsx,ore,ore!A44:AO74
MAXore,"Domestic iron ore available in model, converted to imported-ore equivalent",sc,四川,2060,0.32583938461538464,100 million tonnes (imported-ore equivalent),input-MR-demand.xlsx,ore,ore!A44:AO74
MAXore,"Domestic iron ore available in model, converted to imported-ore equivalent",gz,贵州,2021,0.003631076923076923,100 million tonnes (imported-ore equivalent),input-MR-demand.xlsx,ore,ore!A44:AO74
MAXore,"Domestic iron ore available in model, converted to imported-ore equivalent",gz,贵州,2022,0.003631076923076923,100 million tonnes (imported-ore equivalent),input-MR-demand.xlsx,ore,ore!A44:AO74
MAXore,"Domestic iron ore available in model, converted to imported-ore equivalent",gz,贵州,2023,0.003631076923076923,100 million tonnes (imported-ore equivalent),input-MR-demand.xlsx,ore,ore!A44:AO74
MAXore,"Domestic iron ore available in model, converted to imported-ore equivalent",gz,贵州,2024,0.003631076923076923,100 million tonnes (imported-ore equivalent),input-MR-demand.xlsx,ore,ore!A44:AO74
MAXore,"Domestic iron ore available in model, converted to imported-ore equivalent",gz,贵州,2025,0.003631076923076923,100 million tonnes (imported-ore equivalent),input-MR-demand.xlsx,ore,ore!A44:AO74
MAXore,"Domestic iron ore available in model, converted to imported-ore equivalent",gz,贵州,2026,0.003631076923076923,100 million tonnes (imported-ore equivalent),input-MR-demand.xlsx,ore,ore!A44:AO74
MAXore,"Domestic iron ore available in model, converted to imported-ore equivalent",gz,贵州,2027,0.003631076923076923,100 million tonnes (imported-ore equivalent),input-MR-demand.xlsx,ore,ore!A44:AO74
MAXore,"Domestic iron ore available in model, converted to imported-ore equivalent",gz,贵州,2028,0.003631076923076923,100 million tonnes (imported-ore equivalent),input-MR-demand.xlsx,ore,ore!A44:AO74
MAXore,"Domestic iron ore available in model, converted to imported-ore equivalent",gz,贵州,2029,0.003631076923076923,100 million tonnes (imported-ore equivalent),input-MR-demand.xlsx,ore,ore!A44:AO74
MAXore,"Domestic iron ore available in model, converted to imported-ore equivalent",gz,贵州,2030,0.003631076923076923,100 million tonnes (imported-ore equivalent),input-MR-demand.xlsx,ore,ore!A44:AO74
MAXore,"Domestic iron ore available in model, converted to imported-ore equivalent",gz,贵州,2031,0.003631076923076923,100 million tonnes (imported-ore equivalent),input-MR-demand.xlsx,ore,ore!A44:AO74
MAXore,"Domestic iron ore available in model, converted to imported-ore equivalent",gz,贵州,2032,0.003631076923076923,100 million tonnes (imported-ore equivalent),input-MR-demand.xlsx,ore,ore!A44:AO74
MAXore,"Domestic iron ore available in model, converted to imported-ore equivalent",gz,贵州,2033,0.003631076923076923,100 million tonnes (imported-ore equivalent),input-MR-demand.xlsx,ore,ore!A44:AO74
MAXore,"Domestic iron ore available in model, converted to imported-ore equivalent",gz,贵州,2034,0.003631076923076923,100 million tonnes (imported-ore equivalent),input-MR-demand.xlsx,ore,ore!A44:AO74
MAXore,"Domestic iron ore available in model, converted to imported-ore equivalent",gz,贵州,2035,0.003631076923076923,100 million tonnes (imported-ore equivalent),input-MR-demand.xlsx,ore,ore!A44:AO74
MAXore,"Domestic iron ore available in model, converted to imported-ore equivalent",gz,贵州,2036,0.003631076923076923,100 million tonnes (imported-ore equivalent),input-MR-demand.xlsx,ore,ore!A44:AO74
MAXore,"Domestic iron ore available in model, converted to imported-ore equivalent",gz,贵州,2037,0.003631076923076923,100 million tonnes (imported-ore equivalent),input-MR-demand.xlsx,ore,ore!A44:AO74
MAXore,"Domestic iron ore available in model, converted to imported-ore equivalent",gz,贵州,2038,0.003631076923076923,100 million tonnes (imported-ore equivalent),input-MR-demand.xlsx,ore,ore!A44:AO74
MAXore,"Domestic iron ore available in model, converted to imported-ore equivalent",gz,贵州,2039,0.003631076923076923,100 million tonnes (imported-ore equivalent),input-MR-demand.xlsx,ore,ore!A44:AO74
MAXore,"Domestic iron ore available in model, converted to imported-ore equivalent",gz,贵州,2040,0.003631076923076923,100 million tonnes (imported-ore equivalent),input-MR-demand.xlsx,ore,ore!A44:AO74
MAXore,"Domestic iron ore available in model, converted to imported-ore equivalent",gz,贵州,2041,0.003631076923076923,100 million tonnes (imported-ore equivalent),input-MR-demand.xlsx,ore,ore!A44:AO74
MAXore,"Domestic iron ore available in model, converted to imported-ore equivalent",gz,贵州,2042,0.003631076923076923,100 million tonnes (imported-ore equivalent),input-MR-demand.xlsx,ore,ore!A44:AO74
MAXore,"Domestic iron ore available in model, converted to imported-ore equivalent",gz,贵州,2043,0.003631076923076923,100 million tonnes (imported-ore equivalent),input-MR-demand.xlsx,ore,ore!A44:AO74
MAXore,"Domestic iron ore available in model, converted to imported-ore equivalent",gz,贵州,2044,0.003631076923076923,100 million tonnes (imported-ore equivalent),input-MR-demand.xlsx,ore,ore!A44:AO74
MAXore,"Domestic iron ore available in model, converted to imported-ore equivalent",gz,贵州,2045,0.003631076923076923,100 million tonnes (imported-ore equivalent),input-MR-demand.xlsx,ore,ore!A44:AO74
MAXore,"Domestic iron ore available in model, converted to imported-ore equivalent",gz,贵州,2046,0.003631076923076923,100 million tonnes (imported-ore equivalent),input-MR-demand.xlsx,ore,ore!A44:AO74
MAXore,"Domestic iron ore available in model, converted to imported-ore equivalent",gz,贵州,2047,0.003631076923076923,100 million tonnes (imported-ore equivalent),input-MR-demand.xlsx,ore,ore!A44:AO74
MAXore,"Domestic iron ore available in model, converted to imported-ore equivalent",gz,贵州,2048,0.003631076923076923,100 million tonnes (imported-ore equivalent),input-MR-demand.xlsx,ore,ore!A44:AO74
MAXore,"Domestic iron ore available in model, converted to imported-ore equivalent",gz,贵州,2049,0.003631076923076923,100 million tonnes (imported-ore equivalent),input-MR-demand.xlsx,ore,ore!A44:AO74
MAXore,"Domestic iron ore available in model, converted to imported-ore equivalent",gz,贵州,2050,0.003631076923076923,100 million tonnes (imported-ore equivalent),input-MR-demand.xlsx,ore,ore!A44:AO74
MAXore,"Domestic iron ore available in model, converted to imported-ore equivalent",gz,贵州,2051,0.003631076923076923,100 million tonnes (imported-ore equivalent),input-MR-demand.xlsx,ore,ore!A44:AO74
MAXore,"Domestic iron ore available in model, converted to imported-ore equivalent",gz,贵州,2052,0.003631076923076923,100 million tonnes (imported-ore equivalent),input-MR-demand.xlsx,ore,ore!A44:AO74
MAXore,"Domestic iron ore available in model, converted to imported-ore equivalent",gz,贵州,2053,0.003631076923076923,100 million tonnes (imported-ore equivalent),input-MR-demand.xlsx,ore,ore!A44:AO74
MAXore,"Domestic iron ore available in model, converted to imported-ore equivalent",gz,贵州,2054,0.003631076923076923,100 million tonnes (imported-ore equivalent),input-MR-demand.xlsx,ore,ore!A44:AO74
MAXore,"Domestic iron ore available in model, converted to imported-ore equivalent",gz,贵州,2055,0.003631076923076923,100 million tonnes (imported-ore equivalent),input-MR-demand.xlsx,ore,ore!A44:AO74
MAXore,"Domestic iron ore available in model, converted to imported-ore equivalent",gz,贵州,2056,0.003631076923076923,100 million tonnes (imported-ore equivalent),input-MR-demand.xlsx,ore,ore!A44:AO74
MAXore,"Domestic iron ore available in model, converted to imported-ore equivalent",gz,贵州,2057,0.003631076923076923,100 million tonnes (imported-ore equivalent),input-MR-demand.xlsx,ore,ore!A44:AO74
MAXore,"Domestic iron ore available in model, converted to imported-ore equivalent",gz,贵州,2058,0.003631076923076923,100 million tonnes (imported-ore equivalent),input-MR-demand.xlsx,ore,ore!A44:AO74
MAXore,"Domestic iron ore available in model, converted to imported-ore equivalent",gz,贵州,2059,0.003631076923076923,100 million tonnes (imported-ore equivalent),input-MR-demand.xlsx,ore,ore!A44:AO74
MAXore,"Domestic iron ore available in model, converted to imported-ore equivalent",gz,贵州,2060,0.003631076923076923,100 million tonnes (imported-ore equivalent),input-MR-demand.xlsx,ore,ore!A44:AO74
MAXore,"Domestic iron ore available in model, converted to imported-ore equivalent",yn,云南,2021,0.06210215384615384,100 million tonnes (imported-ore equivalent),input-MR-demand.xlsx,ore,ore!A44:AO74
MAXore,"Domestic iron ore available in model, converted to imported-ore equivalent",yn,云南,2022,0.06210215384615384,100 million tonnes (imported-ore equivalent),input-MR-demand.xlsx,ore,ore!A44:AO74
MAXore,"Domestic iron ore available in model, converted to imported-ore equivalent",yn,云南,2023,0.06210215384615384,100 million tonnes (imported-ore equivalent),input-MR-demand.xlsx,ore,ore!A44:AO74
MAXore,"Domestic iron ore available in model, converted to imported-ore equivalent",yn,云南,2024,0.06210215384615384,100 million tonnes (imported-ore equivalent),input-MR-demand.xlsx,ore,ore!A44:AO74
MAXore,"Domestic iron ore available in model, converted to imported-ore equivalent",yn,云南,2025,0.06210215384615384,100 million tonnes (imported-ore equivalent),input-MR-demand.xlsx,ore,ore!A44:AO74
MAXore,"Domestic iron ore available in model, converted to imported-ore equivalent",yn,云南,2026,0.06210215384615384,100 million tonnes (imported-ore equivalent),input-MR-demand.xlsx,ore,ore!A44:AO74
MAXore,"Domestic iron ore available in model, converted to imported-ore equivalent",yn,云南,2027,0.06210215384615384,100 million tonnes (imported-ore equivalent),input-MR-demand.xlsx,ore,ore!A44:AO74
MAXore,"Domestic iron ore available in model, converted to imported-ore equivalent",yn,云南,2028,0.06210215384615384,100 million tonnes (imported-ore equivalent),input-MR-demand.xlsx,ore,ore!A44:AO74
MAXore,"Domestic iron ore available in model, converted to imported-ore equivalent",yn,云南,2029,0.06210215384615384,100 million tonnes (imported-ore equivalent),input-MR-demand.xlsx,ore,ore!A44:AO74
MAXore,"Domestic iron ore available in model, converted to imported-ore equivalent",yn,云南,2030,0.06210215384615384,100 million tonnes (imported-ore equivalent),input-MR-demand.xlsx,ore,ore!A44:AO74
MAXore,"Domestic iron ore available in model, converted to imported-ore equivalent",yn,云南,2031,0.06210215384615384,100 million tonnes (imported-ore equivalent),input-MR-demand.xlsx,ore,ore!A44:AO74
MAXore,"Domestic iron ore available in model, converted to imported-ore equivalent",yn,云南,2032,0.06210215384615384,100 million tonnes (imported-ore equivalent),input-MR-demand.xlsx,ore,ore!A44:AO74
MAXore,"Domestic iron ore available in model, converted to imported-ore equivalent",yn,云南,2033,0.06210215384615384,100 million tonnes (imported-ore equivalent),input-MR-demand.xlsx,ore,ore!A44:AO74
MAXore,"Domestic iron ore available in model, converted to imported-ore equivalent",yn,云南,2034,0.06210215384615384,100 million tonnes (imported-ore equivalent),input-MR-demand.xlsx,ore,ore!A44:AO74
MAXore,"Domestic iron ore available in model, converted to imported-ore equivalent",yn,云南,2035,0.06210215384615384,100 million tonnes (imported-ore equivalent),input-MR-demand.xlsx,ore,ore!A44:AO74
MAXore,"Domestic iron ore available in model, converted to imported-ore equivalent",yn,云南,2036,0.06210215384615384,100 million tonnes (imported-ore equivalent),input-MR-demand.xlsx,ore,ore!A44:AO74
MAXore,"Domestic iron ore available in model, converted to imported-ore equivalent",yn,云南,2037,0.06210215384615384,100 million tonnes (imported-ore equivalent),input-MR-demand.xlsx,ore,ore!A44:AO74
MAXore,"Domestic iron ore available in model, converted to imported-ore equivalent",yn,云南,2038,0.06210215384615384,100 million tonnes (imported-ore equivalent),input-MR-demand.xlsx,ore,ore!A44:AO74
MAXore,"Domestic iron ore available in model, converted to imported-ore equivalent",yn,云南,2039,0.06210215384615384,100 million tonnes (imported-ore equivalent),input-MR-demand.xlsx,ore,ore!A44:AO74
MAXore,"Domestic iron ore available in model, converted to imported-ore equivalent",yn,云南,2040,0.06210215384615384,100 million tonnes (imported-ore equivalent),input-MR-demand.xlsx,ore,ore!A44:AO74
MAXore,"Domestic iron ore available in model, converted to imported-ore equivalent",yn,云南,2041,0.06210215384615384,100 million tonnes (imported-ore equivalent),input-MR-demand.xlsx,ore,ore!A44:AO74
MAXore,"Domestic iron ore available in model, converted to imported-ore equivalent",yn,云南,2042,0.06210215384615384,100 million tonnes (imported-ore equivalent),input-MR-demand.xlsx,ore,ore!A44:AO74
MAXore,"Domestic iron ore available in model, converted to imported-ore equivalent",yn,云南,2043,0.06210215384615384,100 million tonnes (imported-ore equivalent),input-MR-demand.xlsx,ore,ore!A44:AO74
MAXore,"Domestic iron ore available in model, converted to imported-ore equivalent",yn,云南,2044,0.06210215384615384,100 million tonnes (imported-ore equivalent),input-MR-demand.xlsx,ore,ore!A44:AO74
MAXore,"Domestic iron ore available in model, converted to imported-ore equivalent",yn,云南,2045,0.06210215384615384,100 million tonnes (imported-ore equivalent),input-MR-demand.xlsx,ore,ore!A44:AO74
MAXore,"Domestic iron ore available in model, converted to imported-ore equivalent",yn,云南,2046,0.06210215384615384,100 million tonnes (imported-ore equivalent),input-MR-demand.xlsx,ore,ore!A44:AO74
MAXore,"Domestic iron ore available in model, converted to imported-ore equivalent",yn,云南,2047,0.06210215384615384,100 million tonnes (imported-ore equivalent),input-MR-demand.xlsx,ore,ore!A44:AO74
MAXore,"Domestic iron ore available in model, converted to imported-ore equivalent",yn,云南,2048,0.06210215384615384,100 million tonnes (imported-ore equivalent),input-MR-demand.xlsx,ore,ore!A44:AO74
MAXore,"Domestic iron ore available in model, converted to imported-ore equivalent",yn,云南,2049,0.06210215384615384,100 million tonnes (imported-ore equivalent),input-MR-demand.xlsx,ore,ore!A44:AO74
MAXore,"Domestic iron ore available in model, converted to imported-ore equivalent",yn,云南,2050,0.06210215384615384,100 million tonnes (imported-ore equivalent),input-MR-demand.xlsx,ore,ore!A44:AO74
MAXore,"Domestic iron ore available in model, converted to imported-ore equivalent",yn,云南,2051,0.06210215384615384,100 million tonnes (imported-ore equivalent),input-MR-demand.xlsx,ore,ore!A44:AO74
MAXore,"Domestic iron ore available in model, converted to imported-ore equivalent",yn,云南,2052,0.06210215384615384,100 million tonnes (imported-ore equivalent),input-MR-demand.xlsx,ore,ore!A44:AO74
MAXore,"Domestic iron ore available in model, converted to imported-ore equivalent",yn,云南,2053,0.06210215384615384,100 million tonnes (imported-ore equivalent),input-MR-demand.xlsx,ore,ore!A44:AO74
MAXore,"Domestic iron ore available in model, converted to imported-ore equivalent",yn,云南,2054,0.06210215384615384,100 million tonnes (imported-ore equivalent),input-MR-demand.xlsx,ore,ore!A44:AO74
MAXore,"Domestic iron ore available in model, converted to imported-ore equivalent",yn,云南,2055,0.06210215384615384,100 million tonnes (imported-ore equivalent),input-MR-demand.xlsx,ore,ore!A44:AO74
MAXore,"Domestic iron ore available in model, converted to imported-ore equivalent",yn,云南,2056,0.06210215384615384,100 million tonnes (imported-ore equivalent),input-MR-demand.xlsx,ore,ore!A44:AO74
MAXore,"Domestic iron ore available in model, converted to imported-ore equivalent",yn,云南,2057,0.06210215384615384,100 million tonnes (imported-ore equivalent),input-MR-demand.xlsx,ore,ore!A44:AO74
MAXore,"Domestic iron ore available in model, converted to imported-ore equivalent",yn,云南,2058,0.06210215384615384,100 million tonnes (imported-ore equivalent),input-MR-demand.xlsx,ore,ore!A44:AO74
MAXore,"Domestic iron ore available in model, converted to imported-ore equivalent",yn,云南,2059,0.06210215384615384,100 million tonnes (imported-ore equivalent),input-MR-demand.xlsx,ore,ore!A44:AO74
MAXore,"Domestic iron ore available in model, converted to imported-ore equivalent",yn,云南,2060,0.06210215384615384,100 million tonnes (imported-ore equivalent),input-MR-demand.xlsx,ore,ore!A44:AO74
MAXore,"Domestic iron ore available in model, converted to imported-ore equivalent",sn,陕西,2021,0.05750974358974358,100 million tonnes (imported-ore equivalent),input-MR-demand.xlsx,ore,ore!A44:AO74
MAXore,"Domestic iron ore available in model, converted to imported-ore equivalent",sn,陕西,2022,0.05750974358974358,100 million tonnes (imported-ore equivalent),input-MR-demand.xlsx,ore,ore!A44:AO74
MAXore,"Domestic iron ore available in model, converted to imported-ore equivalent",sn,陕西,2023,0.05750974358974358,100 million tonnes (imported-ore equivalent),input-MR-demand.xlsx,ore,ore!A44:AO74
MAXore,"Domestic iron ore available in model, converted to imported-ore equivalent",sn,陕西,2024,0.05750974358974358,100 million tonnes (imported-ore equivalent),input-MR-demand.xlsx,ore,ore!A44:AO74
MAXore,"Domestic iron ore available in model, converted to imported-ore equivalent",sn,陕西,2025,0.05750974358974358,100 million tonnes (imported-ore equivalent),input-MR-demand.xlsx,ore,ore!A44:AO74
MAXore,"Domestic iron ore available in model, converted to imported-ore equivalent",sn,陕西,2026,0.05750974358974358,100 million tonnes (imported-ore equivalent),input-MR-demand.xlsx,ore,ore!A44:AO74
MAXore,"Domestic iron ore available in model, converted to imported-ore equivalent",sn,陕西,2027,0.05750974358974358,100 million tonnes (imported-ore equivalent),input-MR-demand.xlsx,ore,ore!A44:AO74
MAXore,"Domestic iron ore available in model, converted to imported-ore equivalent",sn,陕西,2028,0.05750974358974358,100 million tonnes (imported-ore equivalent),input-MR-demand.xlsx,ore,ore!A44:AO74
MAXore,"Domestic iron ore available in model, converted to imported-ore equivalent",sn,陕西,2029,0.05750974358974358,100 million tonnes (imported-ore equivalent),input-MR-demand.xlsx,ore,ore!A44:AO74
MAXore,"Domestic iron ore available in model, converted to imported-ore equivalent",sn,陕西,2030,0.05750974358974358,100 million tonnes (imported-ore equivalent),input-MR-demand.xlsx,ore,ore!A44:AO74
MAXore,"Domestic iron ore available in model, converted to imported-ore equivalent",sn,陕西,2031,0.05750974358974358,100 million tonnes (imported-ore equivalent),input-MR-demand.xlsx,ore,ore!A44:AO74
MAXore,"Domestic iron ore available in model, converted to imported-ore equivalent",sn,陕西,2032,0.05750974358974358,100 million tonnes (imported-ore equivalent),input-MR-demand.xlsx,ore,ore!A44:AO74
MAXore,"Domestic iron ore available in model, converted to imported-ore equivalent",sn,陕西,2033,0.05750974358974358,100 million tonnes (imported-ore equivalent),input-MR-demand.xlsx,ore,ore!A44:AO74
MAXore,"Domestic iron ore available in model, converted to imported-ore equivalent",sn,陕西,2034,0.05750974358974358,100 million tonnes (imported-ore equivalent),input-MR-demand.xlsx,ore,ore!A44:AO74
MAXore,"Domestic iron ore available in model, converted to imported-ore equivalent",sn,陕西,2035,0.05750974358974358,100 million tonnes (imported-ore equivalent),input-MR-demand.xlsx,ore,ore!A44:AO74
MAXore,"Domestic iron ore available in model, converted to imported-ore equivalent",sn,陕西,2036,0.05750974358974358,100 million tonnes (imported-ore equivalent),input-MR-demand.xlsx,ore,ore!A44:AO74
MAXore,"Domestic iron ore available in model, converted to imported-ore equivalent",sn,陕西,2037,0.05750974358974358,100 million tonnes (imported-ore equivalent),input-MR-demand.xlsx,ore,ore!A44:AO74
MAXore,"Domestic iron ore available in model, converted to imported-ore equivalent",sn,陕西,2038,0.05750974358974358,100 million tonnes (imported-ore equivalent),input-MR-demand.xlsx,ore,ore!A44:AO74
MAXore,"Domestic iron ore available in model, converted to imported-ore equivalent",sn,陕西,2039,0.05750974358974358,100 million tonnes (imported-ore equivalent),input-MR-demand.xlsx,ore,ore!A44:AO74
MAXore,"Domestic iron ore available in model, converted to imported-ore equivalent",sn,陕西,2040,0.05750974358974358,100 million tonnes (imported-ore equivalent),input-MR-demand.xlsx,ore,ore!A44:AO74
MAXore,"Domestic iron ore available in model, converted to imported-ore equivalent",sn,陕西,2041,0.05750974358974358,100 million tonnes (imported-ore equivalent),input-MR-demand.xlsx,ore,ore!A44:AO74
MAXore,"Domestic iron ore available in model, converted to imported-ore equivalent",sn,陕西,2042,0.05750974358974358,100 million tonnes (imported-ore equivalent),input-MR-demand.xlsx,ore,ore!A44:AO74
MAXore,"Domestic iron ore available in model, converted to imported-ore equivalent",sn,陕西,2043,0.05750974358974358,100 million tonnes (imported-ore equivalent),input-MR-demand.xlsx,ore,ore!A44:AO74
MAXore,"Domestic iron ore available in model, converted to imported-ore equivalent",sn,陕西,2044,0.05750974358974358,100 million tonnes (imported-ore equivalent),input-MR-demand.xlsx,ore,ore!A44:AO74
MAXore,"Domestic iron ore available in model, converted to imported-ore equivalent",sn,陕西,2045,0.05750974358974358,100 million tonnes (imported-ore equivalent),input-MR-demand.xlsx,ore,ore!A44:AO74
MAXore,"Domestic iron ore available in model, converted to imported-ore equivalent",sn,陕西,2046,0.05750974358974358,100 million tonnes (imported-ore equivalent),input-MR-demand.xlsx,ore,ore!A44:AO74
MAXore,"Domestic iron ore available in model, converted to imported-ore equivalent",sn,陕西,2047,0.05750974358974358,100 million tonnes (imported-ore equivalent),input-MR-demand.xlsx,ore,ore!A44:AO74
MAXore,"Domestic iron ore available in model, converted to imported-ore equivalent",sn,陕西,2048,0.05750974358974358,100 million tonnes (imported-ore equivalent),input-MR-demand.xlsx,ore,ore!A44:AO74
MAXore,"Domestic iron ore available in model, converted to imported-ore equivalent",sn,陕西,2049,0.05750974358974358,100 million tonnes (imported-ore equivalent),input-MR-demand.xlsx,ore,ore!A44:AO74
MAXore,"Domestic iron ore available in model, converted to imported-ore equivalent",sn,陕西,2050,0.05750974358974358,100 million tonnes (imported-ore equivalent),input-MR-demand.xlsx,ore,ore!A44:AO74
MAXore,"Domestic iron ore available in model, converted to imported-ore equivalent",sn,陕西,2051,0.05750974358974358,100 million tonnes (imported-ore equivalent),input-MR-demand.xlsx,ore,ore!A44:AO74
MAXore,"Domestic iron ore available in model, converted to imported-ore equivalent",sn,陕西,2052,0.05750974358974358,100 million tonnes (imported-ore equivalent),input-MR-demand.xlsx,ore,ore!A44:AO74
MAXore,"Domestic iron ore available in model, converted to imported-ore equivalent",sn,陕西,2053,0.05750974358974358,100 million tonnes (imported-ore equivalent),input-MR-demand.xlsx,ore,ore!A44:AO74
MAXore,"Domestic iron ore available in model, converted to imported-ore equivalent",sn,陕西,2054,0.05750974358974358,100 million tonnes (imported-ore equivalent),input-MR-demand.xlsx,ore,ore!A44:AO74
MAXore,"Domestic iron ore available in model, converted to imported-ore equivalent",sn,陕西,2055,0.05750974358974358,100 million tonnes (imported-ore equivalent),input-MR-demand.xlsx,ore,ore!A44:AO74
MAXore,"Domestic iron ore available in model, converted to imported-ore equivalent",sn,陕西,2056,0.05750974358974358,100 million tonnes (imported-ore equivalent),input-MR-demand.xlsx,ore,ore!A44:AO74
MAXore,"Domestic iron ore available in model, converted to imported-ore equivalent",sn,陕西,2057,0.05750974358974358,100 million tonnes (imported-ore equivalent),input-MR-demand.xlsx,ore,ore!A44:AO74
MAXore,"Domestic iron ore available in model, converted to imported-ore equivalent",sn,陕西,2058,0.05750974358974358,100 million tonnes (imported-ore equivalent),input-MR-demand.xlsx,ore,ore!A44:AO74
MAXore,"Domestic iron ore available in model, converted to imported-ore equivalent",sn,陕西,2059,0.05750974358974358,100 million tonnes (imported-ore equivalent),input-MR-demand.xlsx,ore,ore!A44:AO74
MAXore,"Domestic iron ore available in model, converted to imported-ore equivalent",sn,陕西,2060,0.05750974358974358,100 million tonnes (imported-ore equivalent),input-MR-demand.xlsx,ore,ore!A44:AO74
MAXore,"Domestic iron ore available in model, converted to imported-ore equivalent",gs,甘肃,2021,0.028493743589743593,100 million tonnes (imported-ore equivalent),input-MR-demand.xlsx,ore,ore!A44:AO74
MAXore,"Domestic iron ore available in model, converted to imported-ore equivalent",gs,甘肃,2022,0.028493743589743593,100 million tonnes (imported-ore equivalent),input-MR-demand.xlsx,ore,ore!A44:AO74
MAXore,"Domestic iron ore available in model, converted to imported-ore equivalent",gs,甘肃,2023,0.028493743589743593,100 million tonnes (imported-ore equivalent),input-MR-demand.xlsx,ore,ore!A44:AO74
MAXore,"Domestic iron ore available in model, converted to imported-ore equivalent",gs,甘肃,2024,0.028493743589743593,100 million tonnes (imported-ore equivalent),input-MR-demand.xlsx,ore,ore!A44:AO74
MAXore,"Domestic iron ore available in model, converted to imported-ore equivalent",gs,甘肃,2025,0.028493743589743593,100 million tonnes (imported-ore equivalent),input-MR-demand.xlsx,ore,ore!A44:AO74
MAXore,"Domestic iron ore available in model, converted to imported-ore equivalent",gs,甘肃,2026,0.028493743589743593,100 million tonnes (imported-ore equivalent),input-MR-demand.xlsx,ore,ore!A44:AO74
MAXore,"Domestic iron ore available in model, converted to imported-ore equivalent",gs,甘肃,2027,0.028493743589743593,100 million tonnes (imported-ore equivalent),input-MR-demand.xlsx,ore,ore!A44:AO74
MAXore,"Domestic iron ore available in model, converted to imported-ore equivalent",gs,甘肃,2028,0.028493743589743593,100 million tonnes (imported-ore equivalent),input-MR-demand.xlsx,ore,ore!A44:AO74
MAXore,"Domestic iron ore available in model, converted to imported-ore equivalent",gs,甘肃,2029,0.028493743589743593,100 million tonnes (imported-ore equivalent),input-MR-demand.xlsx,ore,ore!A44:AO74
MAXore,"Domestic iron ore available in model, converted to imported-ore equivalent",gs,甘肃,2030,0.028493743589743593,100 million tonnes (imported-ore equivalent),input-MR-demand.xlsx,ore,ore!A44:AO74
MAXore,"Domestic iron ore available in model, converted to imported-ore equivalent",gs,甘肃,2031,0.028493743589743593,100 million tonnes (imported-ore equivalent),input-MR-demand.xlsx,ore,ore!A44:AO74
MAXore,"Domestic iron ore available in model, converted to imported-ore equivalent",gs,甘肃,2032,0.028493743589743593,100 million tonnes (imported-ore equivalent),input-MR-demand.xlsx,ore,ore!A44:AO74
MAXore,"Domestic iron ore available in model, converted to imported-ore equivalent",gs,甘肃,2033,0.028493743589743593,100 million tonnes (imported-ore equivalent),input-MR-demand.xlsx,ore,ore!A44:AO74
MAXore,"Domestic iron ore available in model, converted to imported-ore equivalent",gs,甘肃,2034,0.028493743589743593,100 million tonnes (imported-ore equivalent),input-MR-demand.xlsx,ore,ore!A44:AO74
MAXore,"Domestic iron ore available in model, converted to imported-ore equivalent",gs,甘肃,2035,0.028493743589743593,100 million tonnes (imported-ore equivalent),input-MR-demand.xlsx,ore,ore!A44:AO74
MAXore,"Domestic iron ore available in model, converted to imported-ore equivalent",gs,甘肃,2036,0.028493743589743593,100 million tonnes (imported-ore equivalent),input-MR-demand.xlsx,ore,ore!A44:AO74
MAXore,"Domestic iron ore available in model, converted to imported-ore equivalent",gs,甘肃,2037,0.028493743589743593,100 million tonnes (imported-ore equivalent),input-MR-demand.xlsx,ore,ore!A44:AO74
MAXore,"Domestic iron ore available in model, converted to imported-ore equivalent",gs,甘肃,2038,0.028493743589743593,100 million tonnes (imported-ore equivalent),input-MR-demand.xlsx,ore,ore!A44:AO74
MAXore,"Domestic iron ore available in model, converted to imported-ore equivalent",gs,甘肃,2039,0.028493743589743593,100 million tonnes (imported-ore equivalent),input-MR-demand.xlsx,ore,ore!A44:AO74
MAXore,"Domestic iron ore available in model, converted to imported-ore equivalent",gs,甘肃,2040,0.028493743589743593,100 million tonnes (imported-ore equivalent),input-MR-demand.xlsx,ore,ore!A44:AO74
MAXore,"Domestic iron ore available in model, converted to imported-ore equivalent",gs,甘肃,2041,0.028493743589743593,100 million tonnes (imported-ore equivalent),input-MR-demand.xlsx,ore,ore!A44:AO74
MAXore,"Domestic iron ore available in model, converted to imported-ore equivalent",gs,甘肃,2042,0.028493743589743593,100 million tonnes (imported-ore equivalent),input-MR-demand.xlsx,ore,ore!A44:AO74
MAXore,"Domestic iron ore available in model, converted to imported-ore equivalent",gs,甘肃,2043,0.028493743589743593,100 million tonnes (imported-ore equivalent),input-MR-demand.xlsx,ore,ore!A44:AO74
MAXore,"Domestic iron ore available in model, converted to imported-ore equivalent",gs,甘肃,2044,0.028493743589743593,100 million tonnes (imported-ore equivalent),input-MR-demand.xlsx,ore,ore!A44:AO74
MAXore,"Domestic iron ore available in model, converted to imported-ore equivalent",gs,甘肃,2045,0.028493743589743593,100 million tonnes (imported-ore equivalent),input-MR-demand.xlsx,ore,ore!A44:AO74
MAXore,"Domestic iron ore available in model, converted to imported-ore equivalent",gs,甘肃,2046,0.028493743589743593,100 million tonnes (imported-ore equivalent),input-MR-demand.xlsx,ore,ore!A44:AO74
MAXore,"Domestic iron ore available in model, converted to imported-ore equivalent",gs,甘肃,2047,0.028493743589743593,100 million tonnes (imported-ore equivalent),input-MR-demand.xlsx,ore,ore!A44:AO74
MAXore,"Domestic iron ore available in model, converted to imported-ore equivalent",gs,甘肃,2048,0.028493743589743593,100 million tonnes (imported-ore equivalent),input-MR-demand.xlsx,ore,ore!A44:AO74
MAXore,"Domestic iron ore available in model, converted to imported-ore equivalent",gs,甘肃,2049,0.028493743589743593,100 million tonnes (imported-ore equivalent),input-MR-demand.xlsx,ore,ore!A44:AO74
MAXore,"Domestic iron ore available in model, converted to imported-ore equivalent",gs,甘肃,2050,0.028493743589743593,100 million tonnes (imported-ore equivalent),input-MR-demand.xlsx,ore,ore!A44:AO74
MAXore,"Domestic iron ore available in model, converted to imported-ore equivalent",gs,甘肃,2051,0.028493743589743593,100 million tonnes (imported-ore equivalent),input-MR-demand.xlsx,ore,ore!A44:AO74
MAXore,"Domestic iron ore available in model, converted to imported-ore equivalent",gs,甘肃,2052,0.028493743589743593,100 million tonnes (imported-ore equivalent),input-MR-demand.xlsx,ore,ore!A44:AO74
MAXore,"Domestic iron ore available in model, converted to imported-ore equivalent",gs,甘肃,2053,0.028493743589743593,100 million tonnes (imported-ore equivalent),input-MR-demand.xlsx,ore,ore!A44:AO74
MAXore,"Domestic iron ore available in model, converted to imported-ore equivalent",gs,甘肃,2054,0.028493743589743593,100 million tonnes (imported-ore equivalent),input-MR-demand.xlsx,ore,ore!A44:AO74
MAXore,"Domestic iron ore available in model, converted to imported-ore equivalent",gs,甘肃,2055,0.028493743589743593,100 million tonnes (imported-ore equivalent),input-MR-demand.xlsx,ore,ore!A44:AO74
MAXore,"Domestic iron ore available in model, converted to imported-ore equivalent",gs,甘肃,2056,0.028493743589743593,100 million tonnes (imported-ore equivalent),input-MR-demand.xlsx,ore,ore!A44:AO74
MAXore,"Domestic iron ore available in model, converted to imported-ore equivalent",gs,甘肃,2057,0.028493743589743593,100 million tonnes (imported-ore equivalent),input-MR-demand.xlsx,ore,ore!A44:AO74
MAXore,"Domestic iron ore available in model, converted to imported-ore equivalent",gs,甘肃,2058,0.028493743589743593,100 million tonnes (imported-ore equivalent),input-MR-demand.xlsx,ore,ore!A44:AO74
MAXore,"Domestic iron ore available in model, converted to imported-ore equivalent",gs,甘肃,2059,0.028493743589743593,100 million tonnes (imported-ore equivalent),input-MR-demand.xlsx,ore,ore!A44:AO74
MAXore,"Domestic iron ore available in model, converted to imported-ore equivalent",gs,甘肃,2060,0.028493743589743593,100 million tonnes (imported-ore equivalent),input-MR-demand.xlsx,ore,ore!A44:AO74
MAXore,"Domestic iron ore available in model, converted to imported-ore equivalent",qh,青海,2021,8.410256410256411e-05,100 million tonnes (imported-ore equivalent),input-MR-demand.xlsx,ore,ore!A44:AO74
MAXore,"Domestic iron ore available in model, converted to imported-ore equivalent",qh,青海,2022,8.410256410256411e-05,100 million tonnes (imported-ore equivalent),input-MR-demand.xlsx,ore,ore!A44:AO74
MAXore,"Domestic iron ore available in model, converted to imported-ore equivalent",qh,青海,2023,8.410256410256411e-05,100 million tonnes (imported-ore equivalent),input-MR-demand.xlsx,ore,ore!A44:AO74
MAXore,"Domestic iron ore available in model, converted to imported-ore equivalent",qh,青海,2024,8.410256410256411e-05,100 million tonnes (imported-ore equivalent),input-MR-demand.xlsx,ore,ore!A44:AO74
MAXore,"Domestic iron ore available in model, converted to imported-ore equivalent",qh,青海,2025,8.410256410256411e-05,100 million tonnes (imported-ore equivalent),input-MR-demand.xlsx,ore,ore!A44:AO74
MAXore,"Domestic iron ore available in model, converted to imported-ore equivalent",qh,青海,2026,8.410256410256411e-05,100 million tonnes (imported-ore equivalent),input-MR-demand.xlsx,ore,ore!A44:AO74
MAXore,"Domestic iron ore available in model, converted to imported-ore equivalent",qh,青海,2027,8.410256410256411e-05,100 million tonnes (imported-ore equivalent),input-MR-demand.xlsx,ore,ore!A44:AO74
MAXore,"Domestic iron ore available in model, converted to imported-ore equivalent",qh,青海,2028,8.410256410256411e-05,100 million tonnes (imported-ore equivalent),input-MR-demand.xlsx,ore,ore!A44:AO74
MAXore,"Domestic iron ore available in model, converted to imported-ore equivalent",qh,青海,2029,8.410256410256411e-05,100 million tonnes (imported-ore equivalent),input-MR-demand.xlsx,ore,ore!A44:AO74
MAXore,"Domestic iron ore available in model, converted to imported-ore equivalent",qh,青海,2030,8.410256410256411e-05,100 million tonnes (imported-ore equivalent),input-MR-demand.xlsx,ore,ore!A44:AO74
MAXore,"Domestic iron ore available in model, converted to imported-ore equivalent",qh,青海,2031,8.410256410256411e-05,100 million tonnes (imported-ore equivalent),input-MR-demand.xlsx,ore,ore!A44:AO74
MAXore,"Domestic iron ore available in model, converted to imported-ore equivalent",qh,青海,2032,8.410256410256411e-05,100 million tonnes (imported-ore equivalent),input-MR-demand.xlsx,ore,ore!A44:AO74
MAXore,"Domestic iron ore available in model, converted to imported-ore equivalent",qh,青海,2033,8.410256410256411e-05,100 million tonnes (imported-ore equivalent),input-MR-demand.xlsx,ore,ore!A44:AO74
MAXore,"Domestic iron ore available in model, converted to imported-ore equivalent",qh,青海,2034,8.410256410256411e-05,100 million tonnes (imported-ore equivalent),input-MR-demand.xlsx,ore,ore!A44:AO74
MAXore,"Domestic iron ore available in model, converted to imported-ore equivalent",qh,青海,2035,8.410256410256411e-05,100 million tonnes (imported-ore equivalent),input-MR-demand.xlsx,ore,ore!A44:AO74
MAXore,"Domestic iron ore available in model, converted to imported-ore equivalent",qh,青海,2036,8.410256410256411e-05,100 million tonnes (imported-ore equivalent),input-MR-demand.xlsx,ore,ore!A44:AO74
MAXore,"Domestic iron ore available in model, converted to imported-ore equivalent",qh,青海,2037,8.410256410256411e-05,100 million tonnes (imported-ore equivalent),input-MR-demand.xlsx,ore,ore!A44:AO74
MAXore,"Domestic iron ore available in model, converted to imported-ore equivalent",qh,青海,2038,8.410256410256411e-05,100 million tonnes (imported-ore equivalent),input-MR-demand.xlsx,ore,ore!A44:AO74
MAXore,"Domestic iron ore available in model, converted to imported-ore equivalent",qh,青海,2039,8.410256410256411e-05,100 million tonnes (imported-ore equivalent),input-MR-demand.xlsx,ore,ore!A44:AO74
MAXore,"Domestic iron ore available in model, converted to imported-ore equivalent",qh,青海,2040,8.410256410256411e-05,100 million tonnes (imported-ore equivalent),input-MR-demand.xlsx,ore,ore!A44:AO74
MAXore,"Domestic iron ore available in model, converted to imported-ore equivalent",qh,青海,2041,8.410256410256411e-05,100 million tonnes (imported-ore equivalent),input-MR-demand.xlsx,ore,ore!A44:AO74
MAXore,"Domestic iron ore available in model, converted to imported-ore equivalent",qh,青海,2042,8.410256410256411e-05,100 million tonnes (imported-ore equivalent),input-MR-demand.xlsx,ore,ore!A44:AO74
MAXore,"Domestic iron ore available in model, converted to imported-ore equivalent",qh,青海,2043,8.410256410256411e-05,100 million tonnes (imported-ore equivalent),input-MR-demand.xlsx,ore,ore!A44:AO74
MAXore,"Domestic iron ore available in model, converted to imported-ore equivalent",qh,青海,2044,8.410256410256411e-05,100 million tonnes (imported-ore equivalent),input-MR-demand.xlsx,ore,ore!A44:AO74
MAXore,"Domestic iron ore available in model, converted to imported-ore equivalent",qh,青海,2045,8.410256410256411e-05,100 million tonnes (imported-ore equivalent),input-MR-demand.xlsx,ore,ore!A44:AO74
MAXore,"Domestic iron ore available in model, converted to imported-ore equivalent",qh,青海,2046,8.410256410256411e-05,100 million tonnes (imported-ore equivalent),input-MR-demand.xlsx,ore,ore!A44:AO74
MAXore,"Domestic iron ore available in model, converted to imported-ore equivalent",qh,青海,2047,8.410256410256411e-05,100 million tonnes (imported-ore equivalent),input-MR-demand.xlsx,ore,ore!A44:AO74
MAXore,"Domestic iron ore available in model, converted to imported-ore equivalent",qh,青海,2048,8.410256410256411e-05,100 million tonnes (imported-ore equivalent),input-MR-demand.xlsx,ore,ore!A44:AO74
MAXore,"Domestic iron ore available in model, converted to imported-ore equivalent",qh,青海,2049,8.410256410256411e-05,100 million tonnes (imported-ore equivalent),input-MR-demand.xlsx,ore,ore!A44:AO74
MAXore,"Domestic iron ore available in model, converted to imported-ore equivalent",qh,青海,2050,8.410256410256411e-05,100 million tonnes (imported-ore equivalent),input-MR-demand.xlsx,ore,ore!A44:AO74
MAXore,"Domestic iron ore available in model, converted to imported-ore equivalent",qh,青海,2051,8.410256410256411e-05,100 million tonnes (imported-ore equivalent),input-MR-demand.xlsx,ore,ore!A44:AO74
MAXore,"Domestic iron ore available in model, converted to imported-ore equivalent",qh,青海,2052,8.410256410256411e-05,100 million tonnes (imported-ore equivalent),input-MR-demand.xlsx,ore,ore!A44:AO74
MAXore,"Domestic iron ore available in model, converted to imported-ore equivalent",qh,青海,2053,8.410256410256411e-05,100 million tonnes (imported-ore equivalent),input-MR-demand.xlsx,ore,ore!A44:AO74
MAXore,"Domestic iron ore available in model, converted to imported-ore equivalent",qh,青海,2054,8.410256410256411e-05,100 million tonnes (imported-ore equivalent),input-MR-demand.xlsx,ore,ore!A44:AO74
MAXore,"Domestic iron ore available in model, converted to imported-ore equivalent",qh,青海,2055,8.410256410256411e-05,100 million tonnes (imported-ore equivalent),input-MR-demand.xlsx,ore,ore!A44:AO74
MAXore,"Domestic iron ore available in model, converted to imported-ore equivalent",qh,青海,2056,8.410256410256411e-05,100 million tonnes (imported-ore equivalent),input-MR-demand.xlsx,ore,ore!A44:AO74
MAXore,"Domestic iron ore available in model, converted to imported-ore equivalent",qh,青海,2057,8.410256410256411e-05,100 million tonnes (imported-ore equivalent),input-MR-demand.xlsx,ore,ore!A44:AO74
MAXore,"Domestic iron ore available in model, converted to imported-ore equivalent",qh,青海,2058,8.410256410256411e-05,100 million tonnes (imported-ore equivalent),input-MR-demand.xlsx,ore,ore!A44:AO74
MAXore,"Domestic iron ore available in model, converted to imported-ore equivalent",qh,青海,2059,8.410256410256411e-05,100 million tonnes (imported-ore equivalent),input-MR-demand.xlsx,ore,ore!A44:AO74
MAXore,"Domestic iron ore available in model, converted to imported-ore equivalent",qh,青海,2060,8.410256410256411e-05,100 million tonnes (imported-ore equivalent),input-MR-demand.xlsx,ore,ore!A44:AO74
MAXore,"Domestic iron ore available in model, converted to imported-ore equivalent",nx,宁夏,2021,0,100 million tonnes (imported-ore equivalent),input-MR-demand.xlsx,ore,ore!A44:AO74
MAXore,"Domestic iron ore available in model, converted to imported-ore equivalent",nx,宁夏,2022,0,100 million tonnes (imported-ore equivalent),input-MR-demand.xlsx,ore,ore!A44:AO74
MAXore,"Domestic iron ore available in model, converted to imported-ore equivalent",nx,宁夏,2023,0,100 million tonnes (imported-ore equivalent),input-MR-demand.xlsx,ore,ore!A44:AO74
MAXore,"Domestic iron ore available in model, converted to imported-ore equivalent",nx,宁夏,2024,0,100 million tonnes (imported-ore equivalent),input-MR-demand.xlsx,ore,ore!A44:AO74
MAXore,"Domestic iron ore available in model, converted to imported-ore equivalent",nx,宁夏,2025,0,100 million tonnes (imported-ore equivalent),input-MR-demand.xlsx,ore,ore!A44:AO74
MAXore,"Domestic iron ore available in model, converted to imported-ore equivalent",nx,宁夏,2026,0,100 million tonnes (imported-ore equivalent),input-MR-demand.xlsx,ore,ore!A44:AO74
MAXore,"Domestic iron ore available in model, converted to imported-ore equivalent",nx,宁夏,2027,0,100 million tonnes (imported-ore equivalent),input-MR-demand.xlsx,ore,ore!A44:AO74
MAXore,"Domestic iron ore available in model, converted to imported-ore equivalent",nx,宁夏,2028,0,100 million tonnes (imported-ore equivalent),input-MR-demand.xlsx,ore,ore!A44:AO74
MAXore,"Domestic iron ore available in model, converted to imported-ore equivalent",nx,宁夏,2029,0,100 million tonnes (imported-ore equivalent),input-MR-demand.xlsx,ore,ore!A44:AO74
MAXore,"Domestic iron ore available in model, converted to imported-ore equivalent",nx,宁夏,2030,0,100 million tonnes (imported-ore equivalent),input-MR-demand.xlsx,ore,ore!A44:AO74
MAXore,"Domestic iron ore available in model, converted to imported-ore equivalent",nx,宁夏,2031,0,100 million tonnes (imported-ore equivalent),input-MR-demand.xlsx,ore,ore!A44:AO74
MAXore,"Domestic iron ore available in model, converted to imported-ore equivalent",nx,宁夏,2032,0,100 million tonnes (imported-ore equivalent),input-MR-demand.xlsx,ore,ore!A44:AO74
MAXore,"Domestic iron ore available in model, converted to imported-ore equivalent",nx,宁夏,2033,0,100 million tonnes (imported-ore equivalent),input-MR-demand.xlsx,ore,ore!A44:AO74
MAXore,"Domestic iron ore available in model, converted to imported-ore equivalent",nx,宁夏,2034,0,100 million tonnes (imported-ore equivalent),input-MR-demand.xlsx,ore,ore!A44:AO74
MAXore,"Domestic iron ore available in model, converted to imported-ore equivalent",nx,宁夏,2035,0,100 million tonnes (imported-ore equivalent),input-MR-demand.xlsx,ore,ore!A44:AO74
MAXore,"Domestic iron ore available in model, converted to imported-ore equivalent",nx,宁夏,2036,0,100 million tonnes (imported-ore equivalent),input-MR-demand.xlsx,ore,ore!A44:AO74
MAXore,"Domestic iron ore available in model, converted to imported-ore equivalent",nx,宁夏,2037,0,100 million tonnes (imported-ore equivalent),input-MR-demand.xlsx,ore,ore!A44:AO74
MAXore,"Domestic iron ore available in model, converted to imported-ore equivalent",nx,宁夏,2038,0,100 million tonnes (imported-ore equivalent),input-MR-demand.xlsx,ore,ore!A44:AO74
MAXore,"Domestic iron ore available in model, converted to imported-ore equivalent",nx,宁夏,2039,0,100 million tonnes (imported-ore equivalent),input-MR-demand.xlsx,ore,ore!A44:AO74
MAXore,"Domestic iron ore available in model, converted to imported-ore equivalent",nx,宁夏,2040,0,100 million tonnes (imported-ore equivalent),input-MR-demand.xlsx,ore,ore!A44:AO74
MAXore,"Domestic iron ore available in model, converted to imported-ore equivalent",nx,宁夏,2041,0,100 million tonnes (imported-ore equivalent),input-MR-demand.xlsx,ore,ore!A44:AO74
MAXore,"Domestic iron ore available in model, converted to imported-ore equivalent",nx,宁夏,2042,0,100 million tonnes (imported-ore equivalent),input-MR-demand.xlsx,ore,ore!A44:AO74
MAXore,"Domestic iron ore available in model, converted to imported-ore equivalent",nx,宁夏,2043,0,100 million tonnes (imported-ore equivalent),input-MR-demand.xlsx,ore,ore!A44:AO74
MAXore,"Domestic iron ore available in model, converted to imported-ore equivalent",nx,宁夏,2044,0,100 million tonnes (imported-ore equivalent),input-MR-demand.xlsx,ore,ore!A44:AO74
MAXore,"Domestic iron ore available in model, converted to imported-ore equivalent",nx,宁夏,2045,0,100 million tonnes (imported-ore equivalent),input-MR-demand.xlsx,ore,ore!A44:AO74
MAXore,"Domestic iron ore available in model, converted to imported-ore equivalent",nx,宁夏,2046,0,100 million tonnes (imported-ore equivalent),input-MR-demand.xlsx,ore,ore!A44:AO74
MAXore,"Domestic iron ore available in model, converted to imported-ore equivalent",nx,宁夏,2047,0,100 million tonnes (imported-ore equivalent),input-MR-demand.xlsx,ore,ore!A44:AO74
MAXore,"Domestic iron ore available in model, converted to imported-ore equivalent",nx,宁夏,2048,0,100 million tonnes (imported-ore equivalent),input-MR-demand.xlsx,ore,ore!A44:AO74
MAXore,"Domestic iron ore available in model, converted to imported-ore equivalent",nx,宁夏,2049,0,100 million tonnes (imported-ore equivalent),input-MR-demand.xlsx,ore,ore!A44:AO74
MAXore,"Domestic iron ore available in model, converted to imported-ore equivalent",nx,宁夏,2050,0,100 million tonnes (imported-ore equivalent),input-MR-demand.xlsx,ore,ore!A44:AO74
MAXore,"Domestic iron ore available in model, converted to imported-ore equivalent",nx,宁夏,2051,0,100 million tonnes (imported-ore equivalent),input-MR-demand.xlsx,ore,ore!A44:AO74
MAXore,"Domestic iron ore available in model, converted to imported-ore equivalent",nx,宁夏,2052,0,100 million tonnes (imported-ore equivalent),input-MR-demand.xlsx,ore,ore!A44:AO74
MAXore,"Domestic iron ore available in model, converted to imported-ore equivalent",nx,宁夏,2053,0,100 million tonnes (imported-ore equivalent),input-MR-demand.xlsx,ore,ore!A44:AO74
MAXore,"Domestic iron ore available in model, converted to imported-ore equivalent",nx,宁夏,2054,0,100 million tonnes (imported-ore equivalent),input-MR-demand.xlsx,ore,ore!A44:AO74
MAXore,"Domestic iron ore available in model, converted to imported-ore equivalent",nx,宁夏,2055,0,100 million tonnes (imported-ore equivalent),input-MR-demand.xlsx,ore,ore!A44:AO74
MAXore,"Domestic iron ore available in model, converted to imported-ore equivalent",nx,宁夏,2056,0,100 million tonnes (imported-ore equivalent),input-MR-demand.xlsx,ore,ore!A44:AO74
MAXore,"Domestic iron ore available in model, converted to imported-ore equivalent",nx,宁夏,2057,0,100 million tonnes (imported-ore equivalent),input-MR-demand.xlsx,ore,ore!A44:AO74
MAXore,"Domestic iron ore available in model, converted to imported-ore equivalent",nx,宁夏,2058,0,100 million tonnes (imported-ore equivalent),input-MR-demand.xlsx,ore,ore!A44:AO74
MAXore,"Domestic iron ore available in model, converted to imported-ore equivalent",nx,宁夏,2059,0,100 million tonnes (imported-ore equivalent),input-MR-demand.xlsx,ore,ore!A44:AO74
MAXore,"Domestic iron ore available in model, converted to imported-ore equivalent",nx,宁夏,2060,0,100 million tonnes (imported-ore equivalent),input-MR-demand.xlsx,ore,ore!A44:AO74
MAXore,"Domestic iron ore available in model, converted to imported-ore equivalent",xj,新疆,2021,0.08341015384615386,100 million tonnes (imported-ore equivalent),input-MR-demand.xlsx,ore,ore!A44:AO74
MAXore,"Domestic iron ore available in model, converted to imported-ore equivalent",xj,新疆,2022,0.08341015384615386,100 million tonnes (imported-ore equivalent),input-MR-demand.xlsx,ore,ore!A44:AO74
MAXore,"Domestic iron ore available in model, converted to imported-ore equivalent",xj,新疆,2023,0.08341015384615386,100 million tonnes (imported-ore equivalent),input-MR-demand.xlsx,ore,ore!A44:AO74
MAXore,"Domestic iron ore available in model, converted to imported-ore equivalent",xj,新疆,2024,0.08341015384615386,100 million tonnes (imported-ore equivalent),input-MR-demand.xlsx,ore,ore!A44:AO74
MAXore,"Domestic iron ore available in model, converted to imported-ore equivalent",xj,新疆,2025,0.08341015384615386,100 million tonnes (imported-ore equivalent),input-MR-demand.xlsx,ore,ore!A44:AO74
MAXore,"Domestic iron ore available in model, converted to imported-ore equivalent",xj,新疆,2026,0.08341015384615386,100 million tonnes (imported-ore equivalent),input-MR-demand.xlsx,ore,ore!A44:AO74
MAXore,"Domestic iron ore available in model, converted to imported-ore equivalent",xj,新疆,2027,0.08341015384615386,100 million tonnes (imported-ore equivalent),input-MR-demand.xlsx,ore,ore!A44:AO74
MAXore,"Domestic iron ore available in model, converted to imported-ore equivalent",xj,新疆,2028,0.08341015384615386,100 million tonnes (imported-ore equivalent),input-MR-demand.xlsx,ore,ore!A44:AO74
MAXore,"Domestic iron ore available in model, converted to imported-ore equivalent",xj,新疆,2029,0.08341015384615386,100 million tonnes (imported-ore equivalent),input-MR-demand.xlsx,ore,ore!A44:AO74
MAXore,"Domestic iron ore available in model, converted to imported-ore equivalent",xj,新疆,2030,0.08341015384615386,100 million tonnes (imported-ore equivalent),input-MR-demand.xlsx,ore,ore!A44:AO74
MAXore,"Domestic iron ore available in model, converted to imported-ore equivalent",xj,新疆,2031,0.08341015384615386,100 million tonnes (imported-ore equivalent),input-MR-demand.xlsx,ore,ore!A44:AO74
MAXore,"Domestic iron ore available in model, converted to imported-ore equivalent",xj,新疆,2032,0.08341015384615386,100 million tonnes (imported-ore equivalent),input-MR-demand.xlsx,ore,ore!A44:AO74
MAXore,"Domestic iron ore available in model, converted to imported-ore equivalent",xj,新疆,2033,0.08341015384615386,100 million tonnes (imported-ore equivalent),input-MR-demand.xlsx,ore,ore!A44:AO74
MAXore,"Domestic iron ore available in model, converted to imported-ore equivalent",xj,新疆,2034,0.08341015384615386,100 million tonnes (imported-ore equivalent),input-MR-demand.xlsx,ore,ore!A44:AO74
MAXore,"Domestic iron ore available in model, converted to imported-ore equivalent",xj,新疆,2035,0.08341015384615386,100 million tonnes (imported-ore equivalent),input-MR-demand.xlsx,ore,ore!A44:AO74
MAXore,"Domestic iron ore available in model, converted to imported-ore equivalent",xj,新疆,2036,0.08341015384615386,100 million tonnes (imported-ore equivalent),input-MR-demand.xlsx,ore,ore!A44:AO74
MAXore,"Domestic iron ore available in model, converted to imported-ore equivalent",xj,新疆,2037,0.08341015384615386,100 million tonnes (imported-ore equivalent),input-MR-demand.xlsx,ore,ore!A44:AO74
MAXore,"Domestic iron ore available in model, converted to imported-ore equivalent",xj,新疆,2038,0.08341015384615386,100 million tonnes (imported-ore equivalent),input-MR-demand.xlsx,ore,ore!A44:AO74
MAXore,"Domestic iron ore available in model, converted to imported-ore equivalent",xj,新疆,2039,0.08341015384615386,100 million tonnes (imported-ore equivalent),input-MR-demand.xlsx,ore,ore!A44:AO74
MAXore,"Domestic iron ore available in model, converted to imported-ore equivalent",xj,新疆,2040,0.08341015384615386,100 million tonnes (imported-ore equivalent),input-MR-demand.xlsx,ore,ore!A44:AO74
MAXore,"Domestic iron ore available in model, converted to imported-ore equivalent",xj,新疆,2041,0.08341015384615386,100 million tonnes (imported-ore equivalent),input-MR-demand.xlsx,ore,ore!A44:AO74
MAXore,"Domestic iron ore available in model, converted to imported-ore equivalent",xj,新疆,2042,0.08341015384615386,100 million tonnes (imported-ore equivalent),input-MR-demand.xlsx,ore,ore!A44:AO74
MAXore,"Domestic iron ore available in model, converted to imported-ore equivalent",xj,新疆,2043,0.08341015384615386,100 million tonnes (imported-ore equivalent),input-MR-demand.xlsx,ore,ore!A44:AO74
MAXore,"Domestic iron ore available in model, converted to imported-ore equivalent",xj,新疆,2044,0.08341015384615386,100 million tonnes (imported-ore equivalent),input-MR-demand.xlsx,ore,ore!A44:AO74
MAXore,"Domestic iron ore available in model, converted to imported-ore equivalent",xj,新疆,2045,0.08341015384615386,100 million tonnes (imported-ore equivalent),input-MR-demand.xlsx,ore,ore!A44:AO74
MAXore,"Domestic iron ore available in model, converted to imported-ore equivalent",xj,新疆,2046,0.08341015384615386,100 million tonnes (imported-ore equivalent),input-MR-demand.xlsx,ore,ore!A44:AO74
MAXore,"Domestic iron ore available in model, converted to imported-ore equivalent",xj,新疆,2047,0.08341015384615386,100 million tonnes (imported-ore equivalent),input-MR-demand.xlsx,ore,ore!A44:AO74
MAXore,"Domestic iron ore available in model, converted to imported-ore equivalent",xj,新疆,2048,0.08341015384615386,100 million tonnes (imported-ore equivalent),input-MR-demand.xlsx,ore,ore!A44:AO74
MAXore,"Domestic iron ore available in model, converted to imported-ore equivalent",xj,新疆,2049,0.08341015384615386,100 million tonnes (imported-ore equivalent),input-MR-demand.xlsx,ore,ore!A44:AO74
MAXore,"Domestic iron ore available in model, converted to imported-ore equivalent",xj,新疆,2050,0.08341015384615386,100 million tonnes (imported-ore equivalent),input-MR-demand.xlsx,ore,ore!A44:AO74
MAXore,"Domestic iron ore available in model, converted to imported-ore equivalent",xj,新疆,2051,0.08341015384615386,100 million tonnes (imported-ore equivalent),input-MR-demand.xlsx,ore,ore!A44:AO74
MAXore,"Domestic iron ore available in model, converted to imported-ore equivalent",xj,新疆,2052,0.08341015384615386,100 million tonnes (imported-ore equivalent),input-MR-demand.xlsx,ore,ore!A44:AO74
MAXore,"Domestic iron ore available in model, converted to imported-ore equivalent",xj,新疆,2053,0.08341015384615386,100 million tonnes (imported-ore equivalent),input-MR-demand.xlsx,ore,ore!A44:AO74
MAXore,"Domestic iron ore available in model, converted to imported-ore equivalent",xj,新疆,2054,0.08341015384615386,100 million tonnes (imported-ore equivalent),input-MR-demand.xlsx,ore,ore!A44:AO74
MAXore,"Domestic iron ore available in model, converted to imported-ore equivalent",xj,新疆,2055,0.08341015384615386,100 million tonnes (imported-ore equivalent),input-MR-demand.xlsx,ore,ore!A44:AO74
MAXore,"Domestic iron ore available in model, converted to imported-ore equivalent",xj,新疆,2056,0.08341015384615386,100 million tonnes (imported-ore equivalent),input-MR-demand.xlsx,ore,ore!A44:AO74
MAXore,"Domestic iron ore available in model, converted to imported-ore equivalent",xj,新疆,2057,0.08341015384615386,100 million tonnes (imported-ore equivalent),input-MR-demand.xlsx,ore,ore!A44:AO74
MAXore,"Domestic iron ore available in model, converted to imported-ore equivalent",xj,新疆,2058,0.08341015384615386,100 million tonnes (imported-ore equivalent),input-MR-demand.xlsx,ore,ore!A44:AO74
MAXore,"Domestic iron ore available in model, converted to imported-ore equivalent",xj,新疆,2059,0.08341015384615386,100 million tonnes (imported-ore equivalent),input-MR-demand.xlsx,ore,ore!A44:AO74
MAXore,"Domestic iron ore available in model, converted to imported-ore equivalent",xj,新疆,2060,0.08341015384615386,100 million tonnes (imported-ore equivalent),input-MR-demand.xlsx,ore,ore!A44:AO74
matP[ore],Iron ore material price used in MATC,bj,北京,2021,800,RMB/t,input-MR-demand.xlsx,Mat_Price,Mat_Price!A38:AP98 (ore rows A69:AP98)
matP[ore],Iron ore material price used in MATC,bj,北京,2022,800,RMB/t,input-MR-demand.xlsx,Mat_Price,Mat_Price!A38:AP98 (ore rows A69:AP98)
matP[ore],Iron ore material price used in MATC,bj,北京,2023,800,RMB/t,input-MR-demand.xlsx,Mat_Price,Mat_Price!A38:AP98 (ore rows A69:AP98)
matP[ore],Iron ore material price used in MATC,bj,北京,2024,800,RMB/t,input-MR-demand.xlsx,Mat_Price,Mat_Price!A38:AP98 (ore rows A69:AP98)
matP[ore],Iron ore material price used in MATC,bj,北京,2025,800,RMB/t,input-MR-demand.xlsx,Mat_Price,Mat_Price!A38:AP98 (ore rows A69:AP98)
matP[ore],Iron ore material price used in MATC,bj,北京,2026,800,RMB/t,input-MR-demand.xlsx,Mat_Price,Mat_Price!A38:AP98 (ore rows A69:AP98)
matP[ore],Iron ore material price used in MATC,bj,北京,2027,800,RMB/t,input-MR-demand.xlsx,Mat_Price,Mat_Price!A38:AP98 (ore rows A69:AP98)
matP[ore],Iron ore material price used in MATC,bj,北京,2028,800,RMB/t,input-MR-demand.xlsx,Mat_Price,Mat_Price!A38:AP98 (ore rows A69:AP98)
matP[ore],Iron ore material price used in MATC,bj,北京,2029,800,RMB/t,input-MR-demand.xlsx,Mat_Price,Mat_Price!A38:AP98 (ore rows A69:AP98)
matP[ore],Iron ore material price used in MATC,bj,北京,2030,800,RMB/t,input-MR-demand.xlsx,Mat_Price,Mat_Price!A38:AP98 (ore rows A69:AP98)
matP[ore],Iron ore material price used in MATC,bj,北京,2031,800,RMB/t,input-MR-demand.xlsx,Mat_Price,Mat_Price!A38:AP98 (ore rows A69:AP98)
matP[ore],Iron ore material price used in MATC,bj,北京,2032,800,RMB/t,input-MR-demand.xlsx,Mat_Price,Mat_Price!A38:AP98 (ore rows A69:AP98)
matP[ore],Iron ore material price used in MATC,bj,北京,2033,800,RMB/t,input-MR-demand.xlsx,Mat_Price,Mat_Price!A38:AP98 (ore rows A69:AP98)
matP[ore],Iron ore material price used in MATC,bj,北京,2034,800,RMB/t,input-MR-demand.xlsx,Mat_Price,Mat_Price!A38:AP98 (ore rows A69:AP98)
matP[ore],Iron ore material price used in MATC,bj,北京,2035,800,RMB/t,input-MR-demand.xlsx,Mat_Price,Mat_Price!A38:AP98 (ore rows A69:AP98)
matP[ore],Iron ore material price used in MATC,bj,北京,2036,800,RMB/t,input-MR-demand.xlsx,Mat_Price,Mat_Price!A38:AP98 (ore rows A69:AP98)
matP[ore],Iron ore material price used in MATC,bj,北京,2037,800,RMB/t,input-MR-demand.xlsx,Mat_Price,Mat_Price!A38:AP98 (ore rows A69:AP98)
matP[ore],Iron ore material price used in MATC,bj,北京,2038,800,RMB/t,input-MR-demand.xlsx,Mat_Price,Mat_Price!A38:AP98 (ore rows A69:AP98)
matP[ore],Iron ore material price used in MATC,bj,北京,2039,800,RMB/t,input-MR-demand.xlsx,Mat_Price,Mat_Price!A38:AP98 (ore rows A69:AP98)
matP[ore],Iron ore material price used in MATC,bj,北京,2040,800,RMB/t,input-MR-demand.xlsx,Mat_Price,Mat_Price!A38:AP98 (ore rows A69:AP98)
matP[ore],Iron ore material price used in MATC,bj,北京,2041,800,RMB/t,input-MR-demand.xlsx,Mat_Price,Mat_Price!A38:AP98 (ore rows A69:AP98)
matP[ore],Iron ore material price used in MATC,bj,北京,2042,800,RMB/t,input-MR-demand.xlsx,Mat_Price,Mat_Price!A38:AP98 (ore rows A69:AP98)
matP[ore],Iron ore material price used in MATC,bj,北京,2043,800,RMB/t,input-MR-demand.xlsx,Mat_Price,Mat_Price!A38:AP98 (ore rows A69:AP98)
matP[ore],Iron ore material price used in MATC,bj,北京,2044,800,RMB/t,input-MR-demand.xlsx,Mat_Price,Mat_Price!A38:AP98 (ore rows A69:AP98)
matP[ore],Iron ore material price used in MATC,bj,北京,2045,800,RMB/t,input-MR-demand.xlsx,Mat_Price,Mat_Price!A38:AP98 (ore rows A69:AP98)
matP[ore],Iron ore material price used in MATC,bj,北京,2046,800,RMB/t,input-MR-demand.xlsx,Mat_Price,Mat_Price!A38:AP98 (ore rows A69:AP98)
matP[ore],Iron ore material price used in MATC,bj,北京,2047,800,RMB/t,input-MR-demand.xlsx,Mat_Price,Mat_Price!A38:AP98 (ore rows A69:AP98)
matP[ore],Iron ore material price used in MATC,bj,北京,2048,800,RMB/t,input-MR-demand.xlsx,Mat_Price,Mat_Price!A38:AP98 (ore rows A69:AP98)
matP[ore],Iron ore material price used in MATC,bj,北京,2049,800,RMB/t,input-MR-demand.xlsx,Mat_Price,Mat_Price!A38:AP98 (ore rows A69:AP98)
matP[ore],Iron ore material price used in MATC,bj,北京,2050,800,RMB/t,input-MR-demand.xlsx,Mat_Price,Mat_Price!A38:AP98 (ore rows A69:AP98)
matP[ore],Iron ore material price used in MATC,bj,北京,2051,800,RMB/t,input-MR-demand.xlsx,Mat_Price,Mat_Price!A38:AP98 (ore rows A69:AP98)
matP[ore],Iron ore material price used in MATC,bj,北京,2052,800,RMB/t,input-MR-demand.xlsx,Mat_Price,Mat_Price!A38:AP98 (ore rows A69:AP98)
matP[ore],Iron ore material price used in MATC,bj,北京,2053,800,RMB/t,input-MR-demand.xlsx,Mat_Price,Mat_Price!A38:AP98 (ore rows A69:AP98)
matP[ore],Iron ore material price used in MATC,bj,北京,2054,800,RMB/t,input-MR-demand.xlsx,Mat_Price,Mat_Price!A38:AP98 (ore rows A69:AP98)
matP[ore],Iron ore material price used in MATC,bj,北京,2055,800,RMB/t,input-MR-demand.xlsx,Mat_Price,Mat_Price!A38:AP98 (ore rows A69:AP98)
matP[ore],Iron ore material price used in MATC,bj,北京,2056,800,RMB/t,input-MR-demand.xlsx,Mat_Price,Mat_Price!A38:AP98 (ore rows A69:AP98)
matP[ore],Iron ore material price used in MATC,bj,北京,2057,800,RMB/t,input-MR-demand.xlsx,Mat_Price,Mat_Price!A38:AP98 (ore rows A69:AP98)
matP[ore],Iron ore material price used in MATC,bj,北京,2058,800,RMB/t,input-MR-demand.xlsx,Mat_Price,Mat_Price!A38:AP98 (ore rows A69:AP98)
matP[ore],Iron ore material price used in MATC,bj,北京,2059,800,RMB/t,input-MR-demand.xlsx,Mat_Price,Mat_Price!A38:AP98 (ore rows A69:AP98)
matP[ore],Iron ore material price used in MATC,bj,北京,2060,800,RMB/t,input-MR-demand.xlsx,Mat_Price,Mat_Price!A38:AP98 (ore rows A69:AP98)
matP[ore],Iron ore material price used in MATC,tj,天津,2021,800,RMB/t,input-MR-demand.xlsx,Mat_Price,Mat_Price!A38:AP98 (ore rows A69:AP98)
matP[ore],Iron ore material price used in MATC,tj,天津,2022,800,RMB/t,input-MR-demand.xlsx,Mat_Price,Mat_Price!A38:AP98 (ore rows A69:AP98)
matP[ore],Iron ore material price used in MATC,tj,天津,2023,800,RMB/t,input-MR-demand.xlsx,Mat_Price,Mat_Price!A38:AP98 (ore rows A69:AP98)
matP[ore],Iron ore material price used in MATC,tj,天津,2024,800,RMB/t,input-MR-demand.xlsx,Mat_Price,Mat_Price!A38:AP98 (ore rows A69:AP98)
matP[ore],Iron ore material price used in MATC,tj,天津,2025,800,RMB/t,input-MR-demand.xlsx,Mat_Price,Mat_Price!A38:AP98 (ore rows A69:AP98)
matP[ore],Iron ore material price used in MATC,tj,天津,2026,800,RMB/t,input-MR-demand.xlsx,Mat_Price,Mat_Price!A38:AP98 (ore rows A69:AP98)
matP[ore],Iron ore material price used in MATC,tj,天津,2027,800,RMB/t,input-MR-demand.xlsx,Mat_Price,Mat_Price!A38:AP98 (ore rows A69:AP98)
matP[ore],Iron ore material price used in MATC,tj,天津,2028,800,RMB/t,input-MR-demand.xlsx,Mat_Price,Mat_Price!A38:AP98 (ore rows A69:AP98)
matP[ore],Iron ore material price used in MATC,tj,天津,2029,800,RMB/t,input-MR-demand.xlsx,Mat_Price,Mat_Price!A38:AP98 (ore rows A69:AP98)
matP[ore],Iron ore material price used in MATC,tj,天津,2030,800,RMB/t,input-MR-demand.xlsx,Mat_Price,Mat_Price!A38:AP98 (ore rows A69:AP98)
matP[ore],Iron ore material price used in MATC,tj,天津,2031,800,RMB/t,input-MR-demand.xlsx,Mat_Price,Mat_Price!A38:AP98 (ore rows A69:AP98)
matP[ore],Iron ore material price used in MATC,tj,天津,2032,800,RMB/t,input-MR-demand.xlsx,Mat_Price,Mat_Price!A38:AP98 (ore rows A69:AP98)
matP[ore],Iron ore material price used in MATC,tj,天津,2033,800,RMB/t,input-MR-demand.xlsx,Mat_Price,Mat_Price!A38:AP98 (ore rows A69:AP98)
matP[ore],Iron ore material price used in MATC,tj,天津,2034,800,RMB/t,input-MR-demand.xlsx,Mat_Price,Mat_Price!A38:AP98 (ore rows A69:AP98)
matP[ore],Iron ore material price used in MATC,tj,天津,2035,800,RMB/t,input-MR-demand.xlsx,Mat_Price,Mat_Price!A38:AP98 (ore rows A69:AP98)
matP[ore],Iron ore material price used in MATC,tj,天津,2036,800,RMB/t,input-MR-demand.xlsx,Mat_Price,Mat_Price!A38:AP98 (ore rows A69:AP98)
matP[ore],Iron ore material price used in MATC,tj,天津,2037,800,RMB/t,input-MR-demand.xlsx,Mat_Price,Mat_Price!A38:AP98 (ore rows A69:AP98)
matP[ore],Iron ore material price used in MATC,tj,天津,2038,800,RMB/t,input-MR-demand.xlsx,Mat_Price,Mat_Price!A38:AP98 (ore rows A69:AP98)
matP[ore],Iron ore material price used in MATC,tj,天津,2039,800,RMB/t,input-MR-demand.xlsx,Mat_Price,Mat_Price!A38:AP98 (ore rows A69:AP98)
matP[ore],Iron ore material price used in MATC,tj,天津,2040,800,RMB/t,input-MR-demand.xlsx,Mat_Price,Mat_Price!A38:AP98 (ore rows A69:AP98)
matP[ore],Iron ore material price used in MATC,tj,天津,2041,800,RMB/t,input-MR-demand.xlsx,Mat_Price,Mat_Price!A38:AP98 (ore rows A69:AP98)
matP[ore],Iron ore material price used in MATC,tj,天津,2042,800,RMB/t,input-MR-demand.xlsx,Mat_Price,Mat_Price!A38:AP98 (ore rows A69:AP98)
matP[ore],Iron ore material price used in MATC,tj,天津,2043,800,RMB/t,input-MR-demand.xlsx,Mat_Price,Mat_Price!A38:AP98 (ore rows A69:AP98)
matP[ore],Iron ore material price used in MATC,tj,天津,2044,800,RMB/t,input-MR-demand.xlsx,Mat_Price,Mat_Price!A38:AP98 (ore rows A69:AP98)
matP[ore],Iron ore material price used in MATC,tj,天津,2045,800,RMB/t,input-MR-demand.xlsx,Mat_Price,Mat_Price!A38:AP98 (ore rows A69:AP98)
matP[ore],Iron ore material price used in MATC,tj,天津,2046,800,RMB/t,input-MR-demand.xlsx,Mat_Price,Mat_Price!A38:AP98 (ore rows A69:AP98)
matP[ore],Iron ore material price used in MATC,tj,天津,2047,800,RMB/t,input-MR-demand.xlsx,Mat_Price,Mat_Price!A38:AP98 (ore rows A69:AP98)
matP[ore],Iron ore material price used in MATC,tj,天津,2048,800,RMB/t,input-MR-demand.xlsx,Mat_Price,Mat_Price!A38:AP98 (ore rows A69:AP98)
matP[ore],Iron ore material price used in MATC,tj,天津,2049,800,RMB/t,input-MR-demand.xlsx,Mat_Price,Mat_Price!A38:AP98 (ore rows A69:AP98)
matP[ore],Iron ore material price used in MATC,tj,天津,2050,800,RMB/t,input-MR-demand.xlsx,Mat_Price,Mat_Price!A38:AP98 (ore rows A69:AP98)
matP[ore],Iron ore material price used in MATC,tj,天津,2051,800,RMB/t,input-MR-demand.xlsx,Mat_Price,Mat_Price!A38:AP98 (ore rows A69:AP98)
matP[ore],Iron ore material price used in MATC,tj,天津,2052,800,RMB/t,input-MR-demand.xlsx,Mat_Price,Mat_Price!A38:AP98 (ore rows A69:AP98)
matP[ore],Iron ore material price used in MATC,tj,天津,2053,800,RMB/t,input-MR-demand.xlsx,Mat_Price,Mat_Price!A38:AP98 (ore rows A69:AP98)
matP[ore],Iron ore material price used in MATC,tj,天津,2054,800,RMB/t,input-MR-demand.xlsx,Mat_Price,Mat_Price!A38:AP98 (ore rows A69:AP98)
matP[ore],Iron ore material price used in MATC,tj,天津,2055,800,RMB/t,input-MR-demand.xlsx,Mat_Price,Mat_Price!A38:AP98 (ore rows A69:AP98)
matP[ore],Iron ore material price used in MATC,tj,天津,2056,800,RMB/t,input-MR-demand.xlsx,Mat_Price,Mat_Price!A38:AP98 (ore rows A69:AP98)
matP[ore],Iron ore material price used in MATC,tj,天津,2057,800,RMB/t,input-MR-demand.xlsx,Mat_Price,Mat_Price!A38:AP98 (ore rows A69:AP98)
matP[ore],Iron ore material price used in MATC,tj,天津,2058,800,RMB/t,input-MR-demand.xlsx,Mat_Price,Mat_Price!A38:AP98 (ore rows A69:AP98)
matP[ore],Iron ore material price used in MATC,tj,天津,2059,800,RMB/t,input-MR-demand.xlsx,Mat_Price,Mat_Price!A38:AP98 (ore rows A69:AP98)
matP[ore],Iron ore material price used in MATC,tj,天津,2060,800,RMB/t,input-MR-demand.xlsx,Mat_Price,Mat_Price!A38:AP98 (ore rows A69:AP98)
matP[ore],Iron ore material price used in MATC,he,河北,2021,800,RMB/t,input-MR-demand.xlsx,Mat_Price,Mat_Price!A38:AP98 (ore rows A69:AP98)
matP[ore],Iron ore material price used in MATC,he,河北,2022,800,RMB/t,input-MR-demand.xlsx,Mat_Price,Mat_Price!A38:AP98 (ore rows A69:AP98)
matP[ore],Iron ore material price used in MATC,he,河北,2023,800,RMB/t,input-MR-demand.xlsx,Mat_Price,Mat_Price!A38:AP98 (ore rows A69:AP98)
matP[ore],Iron ore material price used in MATC,he,河北,2024,800,RMB/t,input-MR-demand.xlsx,Mat_Price,Mat_Price!A38:AP98 (ore rows A69:AP98)
matP[ore],Iron ore material price used in MATC,he,河北,2025,800,RMB/t,input-MR-demand.xlsx,Mat_Price,Mat_Price!A38:AP98 (ore rows A69:AP98)
matP[ore],Iron ore material price used in MATC,he,河北,2026,800,RMB/t,input-MR-demand.xlsx,Mat_Price,Mat_Price!A38:AP98 (ore rows A69:AP98)
matP[ore],Iron ore material price used in MATC,he,河北,2027,800,RMB/t,input-MR-demand.xlsx,Mat_Price,Mat_Price!A38:AP98 (ore rows A69:AP98)
matP[ore],Iron ore material price used in MATC,he,河北,2028,800,RMB/t,input-MR-demand.xlsx,Mat_Price,Mat_Price!A38:AP98 (ore rows A69:AP98)
matP[ore],Iron ore material price used in MATC,he,河北,2029,800,RMB/t,input-MR-demand.xlsx,Mat_Price,Mat_Price!A38:AP98 (ore rows A69:AP98)
matP[ore],Iron ore material price used in MATC,he,河北,2030,800,RMB/t,input-MR-demand.xlsx,Mat_Price,Mat_Price!A38:AP98 (ore rows A69:AP98)
matP[ore],Iron ore material price used in MATC,he,河北,2031,800,RMB/t,input-MR-demand.xlsx,Mat_Price,Mat_Price!A38:AP98 (ore rows A69:AP98)
matP[ore],Iron ore material price used in MATC,he,河北,2032,800,RMB/t,input-MR-demand.xlsx,Mat_Price,Mat_Price!A38:AP98 (ore rows A69:AP98)
matP[ore],Iron ore material price used in MATC,he,河北,2033,800,RMB/t,input-MR-demand.xlsx,Mat_Price,Mat_Price!A38:AP98 (ore rows A69:AP98)
matP[ore],Iron ore material price used in MATC,he,河北,2034,800,RMB/t,input-MR-demand.xlsx,Mat_Price,Mat_Price!A38:AP98 (ore rows A69:AP98)
matP[ore],Iron ore material price used in MATC,he,河北,2035,800,RMB/t,input-MR-demand.xlsx,Mat_Price,Mat_Price!A38:AP98 (ore rows A69:AP98)
matP[ore],Iron ore material price used in MATC,he,河北,2036,800,RMB/t,input-MR-demand.xlsx,Mat_Price,Mat_Price!A38:AP98 (ore rows A69:AP98)
matP[ore],Iron ore material price used in MATC,he,河北,2037,800,RMB/t,input-MR-demand.xlsx,Mat_Price,Mat_Price!A38:AP98 (ore rows A69:AP98)
matP[ore],Iron ore material price used in MATC,he,河北,2038,800,RMB/t,input-MR-demand.xlsx,Mat_Price,Mat_Price!A38:AP98 (ore rows A69:AP98)
matP[ore],Iron ore material price used in MATC,he,河北,2039,800,RMB/t,input-MR-demand.xlsx,Mat_Price,Mat_Price!A38:AP98 (ore rows A69:AP98)
matP[ore],Iron ore material price used in MATC,he,河北,2040,800,RMB/t,input-MR-demand.xlsx,Mat_Price,Mat_Price!A38:AP98 (ore rows A69:AP98)
matP[ore],Iron ore material price used in MATC,he,河北,2041,800,RMB/t,input-MR-demand.xlsx,Mat_Price,Mat_Price!A38:AP98 (ore rows A69:AP98)
matP[ore],Iron ore material price used in MATC,he,河北,2042,800,RMB/t,input-MR-demand.xlsx,Mat_Price,Mat_Price!A38:AP98 (ore rows A69:AP98)
matP[ore],Iron ore material price used in MATC,he,河北,2043,800,RMB/t,input-MR-demand.xlsx,Mat_Price,Mat_Price!A38:AP98 (ore rows A69:AP98)
matP[ore],Iron ore material price used in MATC,he,河北,2044,800,RMB/t,input-MR-demand.xlsx,Mat_Price,Mat_Price!A38:AP98 (ore rows A69:AP98)
matP[ore],Iron ore material price used in MATC,he,河北,2045,800,RMB/t,input-MR-demand.xlsx,Mat_Price,Mat_Price!A38:AP98 (ore rows A69:AP98)
matP[ore],Iron ore material price used in MATC,he,河北,2046,800,RMB/t,input-MR-demand.xlsx,Mat_Price,Mat_Price!A38:AP98 (ore rows A69:AP98)
matP[ore],Iron ore material price used in MATC,he,河北,2047,800,RMB/t,input-MR-demand.xlsx,Mat_Price,Mat_Price!A38:AP98 (ore rows A69:AP98)
matP[ore],Iron ore material price used in MATC,he,河北,2048,800,RMB/t,input-MR-demand.xlsx,Mat_Price,Mat_Price!A38:AP98 (ore rows A69:AP98)
matP[ore],Iron ore material price used in MATC,he,河北,2049,800,RMB/t,input-MR-demand.xlsx,Mat_Price,Mat_Price!A38:AP98 (ore rows A69:AP98)
matP[ore],Iron ore material price used in MATC,he,河北,2050,800,RMB/t,input-MR-demand.xlsx,Mat_Price,Mat_Price!A38:AP98 (ore rows A69:AP98)
matP[ore],Iron ore material price used in MATC,he,河北,2051,800,RMB/t,input-MR-demand.xlsx,Mat_Price,Mat_Price!A38:AP98 (ore rows A69:AP98)
matP[ore],Iron ore material price used in MATC,he,河北,2052,800,RMB/t,input-MR-demand.xlsx,Mat_Price,Mat_Price!A38:AP98 (ore rows A69:AP98)
matP[ore],Iron ore material price used in MATC,he,河北,2053,800,RMB/t,input-MR-demand.xlsx,Mat_Price,Mat_Price!A38:AP98 (ore rows A69:AP98)
matP[ore],Iron ore material price used in MATC,he,河北,2054,800,RMB/t,input-MR-demand.xlsx,Mat_Price,Mat_Price!A38:AP98 (ore rows A69:AP98)
matP[ore],Iron ore material price used in MATC,he,河北,2055,800,RMB/t,input-MR-demand.xlsx,Mat_Price,Mat_Price!A38:AP98 (ore rows A69:AP98)
matP[ore],Iron ore material price used in MATC,he,河北,2056,800,RMB/t,input-MR-demand.xlsx,Mat_Price,Mat_Price!A38:AP98 (ore rows A69:AP98)
matP[ore],Iron ore material price used in MATC,he,河北,2057,800,RMB/t,input-MR-demand.xlsx,Mat_Price,Mat_Price!A38:AP98 (ore rows A69:AP98)
matP[ore],Iron ore material price used in MATC,he,河北,2058,800,RMB/t,input-MR-demand.xlsx,Mat_Price,Mat_Price!A38:AP98 (ore rows A69:AP98)
matP[ore],Iron ore material price used in MATC,he,河北,2059,800,RMB/t,input-MR-demand.xlsx,Mat_Price,Mat_Price!A38:AP98 (ore rows A69:AP98)
matP[ore],Iron ore material price used in MATC,he,河北,2060,800,RMB/t,input-MR-demand.xlsx,Mat_Price,Mat_Price!A38:AP98 (ore rows A69:AP98)
matP[ore],Iron ore material price used in MATC,sx,山西,2021,800,RMB/t,input-MR-demand.xlsx,Mat_Price,Mat_Price!A38:AP98 (ore rows A69:AP98)
matP[ore],Iron ore material price used in MATC,sx,山西,2022,800,RMB/t,input-MR-demand.xlsx,Mat_Price,Mat_Price!A38:AP98 (ore rows A69:AP98)
matP[ore],Iron ore material price used in MATC,sx,山西,2023,800,RMB/t,input-MR-demand.xlsx,Mat_Price,Mat_Price!A38:AP98 (ore rows A69:AP98)
matP[ore],Iron ore material price used in MATC,sx,山西,2024,800,RMB/t,input-MR-demand.xlsx,Mat_Price,Mat_Price!A38:AP98 (ore rows A69:AP98)
matP[ore],Iron ore material price used in MATC,sx,山西,2025,800,RMB/t,input-MR-demand.xlsx,Mat_Price,Mat_Price!A38:AP98 (ore rows A69:AP98)
matP[ore],Iron ore material price used in MATC,sx,山西,2026,800,RMB/t,input-MR-demand.xlsx,Mat_Price,Mat_Price!A38:AP98 (ore rows A69:AP98)
matP[ore],Iron ore material price used in MATC,sx,山西,2027,800,RMB/t,input-MR-demand.xlsx,Mat_Price,Mat_Price!A38:AP98 (ore rows A69:AP98)
matP[ore],Iron ore material price used in MATC,sx,山西,2028,800,RMB/t,input-MR-demand.xlsx,Mat_Price,Mat_Price!A38:AP98 (ore rows A69:AP98)
matP[ore],Iron ore material price used in MATC,sx,山西,2029,800,RMB/t,input-MR-demand.xlsx,Mat_Price,Mat_Price!A38:AP98 (ore rows A69:AP98)
matP[ore],Iron ore material price used in MATC,sx,山西,2030,800,RMB/t,input-MR-demand.xlsx,Mat_Price,Mat_Price!A38:AP98 (ore rows A69:AP98)
matP[ore],Iron ore material price used in MATC,sx,山西,2031,800,RMB/t,input-MR-demand.xlsx,Mat_Price,Mat_Price!A38:AP98 (ore rows A69:AP98)
matP[ore],Iron ore material price used in MATC,sx,山西,2032,800,RMB/t,input-MR-demand.xlsx,Mat_Price,Mat_Price!A38:AP98 (ore rows A69:AP98)
matP[ore],Iron ore material price used in MATC,sx,山西,2033,800,RMB/t,input-MR-demand.xlsx,Mat_Price,Mat_Price!A38:AP98 (ore rows A69:AP98)
matP[ore],Iron ore material price used in MATC,sx,山西,2034,800,RMB/t,input-MR-demand.xlsx,Mat_Price,Mat_Price!A38:AP98 (ore rows A69:AP98)
matP[ore],Iron ore material price used in MATC,sx,山西,2035,800,RMB/t,input-MR-demand.xlsx,Mat_Price,Mat_Price!A38:AP98 (ore rows A69:AP98)
matP[ore],Iron ore material price used in MATC,sx,山西,2036,800,RMB/t,input-MR-demand.xlsx,Mat_Price,Mat_Price!A38:AP98 (ore rows A69:AP98)
matP[ore],Iron ore material price used in MATC,sx,山西,2037,800,RMB/t,input-MR-demand.xlsx,Mat_Price,Mat_Price!A38:AP98 (ore rows A69:AP98)
matP[ore],Iron ore material price used in MATC,sx,山西,2038,800,RMB/t,input-MR-demand.xlsx,Mat_Price,Mat_Price!A38:AP98 (ore rows A69:AP98)
matP[ore],Iron ore material price used in MATC,sx,山西,2039,800,RMB/t,input-MR-demand.xlsx,Mat_Price,Mat_Price!A38:AP98 (ore rows A69:AP98)
matP[ore],Iron ore material price used in MATC,sx,山西,2040,800,RMB/t,input-MR-demand.xlsx,Mat_Price,Mat_Price!A38:AP98 (ore rows A69:AP98)
matP[ore],Iron ore material price used in MATC,sx,山西,2041,800,RMB/t,input-MR-demand.xlsx,Mat_Price,Mat_Price!A38:AP98 (ore rows A69:AP98)
matP[ore],Iron ore material price used in MATC,sx,山西,2042,800,RMB/t,input-MR-demand.xlsx,Mat_Price,Mat_Price!A38:AP98 (ore rows A69:AP98)
matP[ore],Iron ore material price used in MATC,sx,山西,2043,800,RMB/t,input-MR-demand.xlsx,Mat_Price,Mat_Price!A38:AP98 (ore rows A69:AP98)
matP[ore],Iron ore material price used in MATC,sx,山西,2044,800,RMB/t,input-MR-demand.xlsx,Mat_Price,Mat_Price!A38:AP98 (ore rows A69:AP98)
matP[ore],Iron ore material price used in MATC,sx,山西,2045,800,RMB/t,input-MR-demand.xlsx,Mat_Price,Mat_Price!A38:AP98 (ore rows A69:AP98)
matP[ore],Iron ore material price used in MATC,sx,山西,2046,800,RMB/t,input-MR-demand.xlsx,Mat_Price,Mat_Price!A38:AP98 (ore rows A69:AP98)
matP[ore],Iron ore material price used in MATC,sx,山西,2047,800,RMB/t,input-MR-demand.xlsx,Mat_Price,Mat_Price!A38:AP98 (ore rows A69:AP98)
matP[ore],Iron ore material price used in MATC,sx,山西,2048,800,RMB/t,input-MR-demand.xlsx,Mat_Price,Mat_Price!A38:AP98 (ore rows A69:AP98)
matP[ore],Iron ore material price used in MATC,sx,山西,2049,800,RMB/t,input-MR-demand.xlsx,Mat_Price,Mat_Price!A38:AP98 (ore rows A69:AP98)
matP[ore],Iron ore material price used in MATC,sx,山西,2050,800,RMB/t,input-MR-demand.xlsx,Mat_Price,Mat_Price!A38:AP98 (ore rows A69:AP98)
matP[ore],Iron ore material price used in MATC,sx,山西,2051,800,RMB/t,input-MR-demand.xlsx,Mat_Price,Mat_Price!A38:AP98 (ore rows A69:AP98)
matP[ore],Iron ore material price used in MATC,sx,山西,2052,800,RMB/t,input-MR-demand.xlsx,Mat_Price,Mat_Price!A38:AP98 (ore rows A69:AP98)
matP[ore],Iron ore material price used in MATC,sx,山西,2053,800,RMB/t,input-MR-demand.xlsx,Mat_Price,Mat_Price!A38:AP98 (ore rows A69:AP98)
matP[ore],Iron ore material price used in MATC,sx,山西,2054,800,RMB/t,input-MR-demand.xlsx,Mat_Price,Mat_Price!A38:AP98 (ore rows A69:AP98)
matP[ore],Iron ore material price used in MATC,sx,山西,2055,800,RMB/t,input-MR-demand.xlsx,Mat_Price,Mat_Price!A38:AP98 (ore rows A69:AP98)
matP[ore],Iron ore material price used in MATC,sx,山西,2056,800,RMB/t,input-MR-demand.xlsx,Mat_Price,Mat_Price!A38:AP98 (ore rows A69:AP98)
matP[ore],Iron ore material price used in MATC,sx,山西,2057,800,RMB/t,input-MR-demand.xlsx,Mat_Price,Mat_Price!A38:AP98 (ore rows A69:AP98)
matP[ore],Iron ore material price used in MATC,sx,山西,2058,800,RMB/t,input-MR-demand.xlsx,Mat_Price,Mat_Price!A38:AP98 (ore rows A69:AP98)
matP[ore],Iron ore material price used in MATC,sx,山西,2059,800,RMB/t,input-MR-demand.xlsx,Mat_Price,Mat_Price!A38:AP98 (ore rows A69:AP98)
matP[ore],Iron ore material price used in MATC,sx,山西,2060,800,RMB/t,input-MR-demand.xlsx,Mat_Price,Mat_Price!A38:AP98 (ore rows A69:AP98)
matP[ore],Iron ore material price used in MATC,nm,内蒙古,2021,800,RMB/t,input-MR-demand.xlsx,Mat_Price,Mat_Price!A38:AP98 (ore rows A69:AP98)
matP[ore],Iron ore material price used in MATC,nm,内蒙古,2022,800,RMB/t,input-MR-demand.xlsx,Mat_Price,Mat_Price!A38:AP98 (ore rows A69:AP98)
matP[ore],Iron ore material price used in MATC,nm,内蒙古,2023,800,RMB/t,input-MR-demand.xlsx,Mat_Price,Mat_Price!A38:AP98 (ore rows A69:AP98)
matP[ore],Iron ore material price used in MATC,nm,内蒙古,2024,800,RMB/t,input-MR-demand.xlsx,Mat_Price,Mat_Price!A38:AP98 (ore rows A69:AP98)
matP[ore],Iron ore material price used in MATC,nm,内蒙古,2025,800,RMB/t,input-MR-demand.xlsx,Mat_Price,Mat_Price!A38:AP98 (ore rows A69:AP98)
matP[ore],Iron ore material price used in MATC,nm,内蒙古,2026,800,RMB/t,input-MR-demand.xlsx,Mat_Price,Mat_Price!A38:AP98 (ore rows A69:AP98)
matP[ore],Iron ore material price used in MATC,nm,内蒙古,2027,800,RMB/t,input-MR-demand.xlsx,Mat_Price,Mat_Price!A38:AP98 (ore rows A69:AP98)
matP[ore],Iron ore material price used in MATC,nm,内蒙古,2028,800,RMB/t,input-MR-demand.xlsx,Mat_Price,Mat_Price!A38:AP98 (ore rows A69:AP98)
matP[ore],Iron ore material price used in MATC,nm,内蒙古,2029,800,RMB/t,input-MR-demand.xlsx,Mat_Price,Mat_Price!A38:AP98 (ore rows A69:AP98)
matP[ore],Iron ore material price used in MATC,nm,内蒙古,2030,800,RMB/t,input-MR-demand.xlsx,Mat_Price,Mat_Price!A38:AP98 (ore rows A69:AP98)
matP[ore],Iron ore material price used in MATC,nm,内蒙古,2031,800,RMB/t,input-MR-demand.xlsx,Mat_Price,Mat_Price!A38:AP98 (ore rows A69:AP98)
matP[ore],Iron ore material price used in MATC,nm,内蒙古,2032,800,RMB/t,input-MR-demand.xlsx,Mat_Price,Mat_Price!A38:AP98 (ore rows A69:AP98)
matP[ore],Iron ore material price used in MATC,nm,内蒙古,2033,800,RMB/t,input-MR-demand.xlsx,Mat_Price,Mat_Price!A38:AP98 (ore rows A69:AP98)
matP[ore],Iron ore material price used in MATC,nm,内蒙古,2034,800,RMB/t,input-MR-demand.xlsx,Mat_Price,Mat_Price!A38:AP98 (ore rows A69:AP98)
matP[ore],Iron ore material price used in MATC,nm,内蒙古,2035,800,RMB/t,input-MR-demand.xlsx,Mat_Price,Mat_Price!A38:AP98 (ore rows A69:AP98)
matP[ore],Iron ore material price used in MATC,nm,内蒙古,2036,800,RMB/t,input-MR-demand.xlsx,Mat_Price,Mat_Price!A38:AP98 (ore rows A69:AP98)
matP[ore],Iron ore material price used in MATC,nm,内蒙古,2037,800,RMB/t,input-MR-demand.xlsx,Mat_Price,Mat_Price!A38:AP98 (ore rows A69:AP98)
matP[ore],Iron ore material price used in MATC,nm,内蒙古,2038,800,RMB/t,input-MR-demand.xlsx,Mat_Price,Mat_Price!A38:AP98 (ore rows A69:AP98)
matP[ore],Iron ore material price used in MATC,nm,内蒙古,2039,800,RMB/t,input-MR-demand.xlsx,Mat_Price,Mat_Price!A38:AP98 (ore rows A69:AP98)
matP[ore],Iron ore material price used in MATC,nm,内蒙古,2040,800,RMB/t,input-MR-demand.xlsx,Mat_Price,Mat_Price!A38:AP98 (ore rows A69:AP98)
matP[ore],Iron ore material price used in MATC,nm,内蒙古,2041,800,RMB/t,input-MR-demand.xlsx,Mat_Price,Mat_Price!A38:AP98 (ore rows A69:AP98)
matP[ore],Iron ore material price used in MATC,nm,内蒙古,2042,800,RMB/t,input-MR-demand.xlsx,Mat_Price,Mat_Price!A38:AP98 (ore rows A69:AP98)
matP[ore],Iron ore material price used in MATC,nm,内蒙古,2043,800,RMB/t,input-MR-demand.xlsx,Mat_Price,Mat_Price!A38:AP98 (ore rows A69:AP98)
matP[ore],Iron ore material price used in MATC,nm,内蒙古,2044,800,RMB/t,input-MR-demand.xlsx,Mat_Price,Mat_Price!A38:AP98 (ore rows A69:AP98)
matP[ore],Iron ore material price used in MATC,nm,内蒙古,2045,800,RMB/t,input-MR-demand.xlsx,Mat_Price,Mat_Price!A38:AP98 (ore rows A69:AP98)
matP[ore],Iron ore material price used in MATC,nm,内蒙古,2046,800,RMB/t,input-MR-demand.xlsx,Mat_Price,Mat_Price!A38:AP98 (ore rows A69:AP98)
matP[ore],Iron ore material price used in MATC,nm,内蒙古,2047,800,RMB/t,input-MR-demand.xlsx,Mat_Price,Mat_Price!A38:AP98 (ore rows A69:AP98)
matP[ore],Iron ore material price used in MATC,nm,内蒙古,2048,800,RMB/t,input-MR-demand.xlsx,Mat_Price,Mat_Price!A38:AP98 (ore rows A69:AP98)
matP[ore],Iron ore material price used in MATC,nm,内蒙古,2049,800,RMB/t,input-MR-demand.xlsx,Mat_Price,Mat_Price!A38:AP98 (ore rows A69:AP98)
matP[ore],Iron ore material price used in MATC,nm,内蒙古,2050,800,RMB/t,input-MR-demand.xlsx,Mat_Price,Mat_Price!A38:AP98 (ore rows A69:AP98)
matP[ore],Iron ore material price used in MATC,nm,内蒙古,2051,800,RMB/t,input-MR-demand.xlsx,Mat_Price,Mat_Price!A38:AP98 (ore rows A69:AP98)
matP[ore],Iron ore material price used in MATC,nm,内蒙古,2052,800,RMB/t,input-MR-demand.xlsx,Mat_Price,Mat_Price!A38:AP98 (ore rows A69:AP98)
matP[ore],Iron ore material price used in MATC,nm,内蒙古,2053,800,RMB/t,input-MR-demand.xlsx,Mat_Price,Mat_Price!A38:AP98 (ore rows A69:AP98)
matP[ore],Iron ore material price used in MATC,nm,内蒙古,2054,800,RMB/t,input-MR-demand.xlsx,Mat_Price,Mat_Price!A38:AP98 (ore rows A69:AP98)
matP[ore],Iron ore material price used in MATC,nm,内蒙古,2055,800,RMB/t,input-MR-demand.xlsx,Mat_Price,Mat_Price!A38:AP98 (ore rows A69:AP98)
matP[ore],Iron ore material price used in MATC,nm,内蒙古,2056,800,RMB/t,input-MR-demand.xlsx,Mat_Price,Mat_Price!A38:AP98 (ore rows A69:AP98)
matP[ore],Iron ore material price used in MATC,nm,内蒙古,2057,800,RMB/t,input-MR-demand.xlsx,Mat_Price,Mat_Price!A38:AP98 (ore rows A69:AP98)
matP[ore],Iron ore material price used in MATC,nm,内蒙古,2058,800,RMB/t,input-MR-demand.xlsx,Mat_Price,Mat_Price!A38:AP98 (ore rows A69:AP98)
matP[ore],Iron ore material price used in MATC,nm,内蒙古,2059,800,RMB/t,input-MR-demand.xlsx,Mat_Price,Mat_Price!A38:AP98 (ore rows A69:AP98)
matP[ore],Iron ore material price used in MATC,nm,内蒙古,2060,800,RMB/t,input-MR-demand.xlsx,Mat_Price,Mat_Price!A38:AP98 (ore rows A69:AP98)
matP[ore],Iron ore material price used in MATC,ln,辽宁,2021,800,RMB/t,input-MR-demand.xlsx,Mat_Price,Mat_Price!A38:AP98 (ore rows A69:AP98)
matP[ore],Iron ore material price used in MATC,ln,辽宁,2022,800,RMB/t,input-MR-demand.xlsx,Mat_Price,Mat_Price!A38:AP98 (ore rows A69:AP98)
matP[ore],Iron ore material price used in MATC,ln,辽宁,2023,800,RMB/t,input-MR-demand.xlsx,Mat_Price,Mat_Price!A38:AP98 (ore rows A69:AP98)
matP[ore],Iron ore material price used in MATC,ln,辽宁,2024,800,RMB/t,input-MR-demand.xlsx,Mat_Price,Mat_Price!A38:AP98 (ore rows A69:AP98)
matP[ore],Iron ore material price used in MATC,ln,辽宁,2025,800,RMB/t,input-MR-demand.xlsx,Mat_Price,Mat_Price!A38:AP98 (ore rows A69:AP98)
matP[ore],Iron ore material price used in MATC,ln,辽宁,2026,800,RMB/t,input-MR-demand.xlsx,Mat_Price,Mat_Price!A38:AP98 (ore rows A69:AP98)
matP[ore],Iron ore material price used in MATC,ln,辽宁,2027,800,RMB/t,input-MR-demand.xlsx,Mat_Price,Mat_Price!A38:AP98 (ore rows A69:AP98)
matP[ore],Iron ore material price used in MATC,ln,辽宁,2028,800,RMB/t,input-MR-demand.xlsx,Mat_Price,Mat_Price!A38:AP98 (ore rows A69:AP98)
matP[ore],Iron ore material price used in MATC,ln,辽宁,2029,800,RMB/t,input-MR-demand.xlsx,Mat_Price,Mat_Price!A38:AP98 (ore rows A69:AP98)
matP[ore],Iron ore material price used in MATC,ln,辽宁,2030,800,RMB/t,input-MR-demand.xlsx,Mat_Price,Mat_Price!A38:AP98 (ore rows A69:AP98)
matP[ore],Iron ore material price used in MATC,ln,辽宁,2031,800,RMB/t,input-MR-demand.xlsx,Mat_Price,Mat_Price!A38:AP98 (ore rows A69:AP98)
matP[ore],Iron ore material price used in MATC,ln,辽宁,2032,800,RMB/t,input-MR-demand.xlsx,Mat_Price,Mat_Price!A38:AP98 (ore rows A69:AP98)
matP[ore],Iron ore material price used in MATC,ln,辽宁,2033,800,RMB/t,input-MR-demand.xlsx,Mat_Price,Mat_Price!A38:AP98 (ore rows A69:AP98)
matP[ore],Iron ore material price used in MATC,ln,辽宁,2034,800,RMB/t,input-MR-demand.xlsx,Mat_Price,Mat_Price!A38:AP98 (ore rows A69:AP98)
matP[ore],Iron ore material price used in MATC,ln,辽宁,2035,800,RMB/t,input-MR-demand.xlsx,Mat_Price,Mat_Price!A38:AP98 (ore rows A69:AP98)
matP[ore],Iron ore material price used in MATC,ln,辽宁,2036,800,RMB/t,input-MR-demand.xlsx,Mat_Price,Mat_Price!A38:AP98 (ore rows A69:AP98)
matP[ore],Iron ore material price used in MATC,ln,辽宁,2037,800,RMB/t,input-MR-demand.xlsx,Mat_Price,Mat_Price!A38:AP98 (ore rows A69:AP98)
matP[ore],Iron ore material price used in MATC,ln,辽宁,2038,800,RMB/t,input-MR-demand.xlsx,Mat_Price,Mat_Price!A38:AP98 (ore rows A69:AP98)
matP[ore],Iron ore material price used in MATC,ln,辽宁,2039,800,RMB/t,input-MR-demand.xlsx,Mat_Price,Mat_Price!A38:AP98 (ore rows A69:AP98)
matP[ore],Iron ore material price used in MATC,ln,辽宁,2040,800,RMB/t,input-MR-demand.xlsx,Mat_Price,Mat_Price!A38:AP98 (ore rows A69:AP98)
matP[ore],Iron ore material price used in MATC,ln,辽宁,2041,800,RMB/t,input-MR-demand.xlsx,Mat_Price,Mat_Price!A38:AP98 (ore rows A69:AP98)
matP[ore],Iron ore material price used in MATC,ln,辽宁,2042,800,RMB/t,input-MR-demand.xlsx,Mat_Price,Mat_Price!A38:AP98 (ore rows A69:AP98)
matP[ore],Iron ore material price used in MATC,ln,辽宁,2043,800,RMB/t,input-MR-demand.xlsx,Mat_Price,Mat_Price!A38:AP98 (ore rows A69:AP98)
matP[ore],Iron ore material price used in MATC,ln,辽宁,2044,800,RMB/t,input-MR-demand.xlsx,Mat_Price,Mat_Price!A38:AP98 (ore rows A69:AP98)
matP[ore],Iron ore material price used in MATC,ln,辽宁,2045,800,RMB/t,input-MR-demand.xlsx,Mat_Price,Mat_Price!A38:AP98 (ore rows A69:AP98)
matP[ore],Iron ore material price used in MATC,ln,辽宁,2046,800,RMB/t,input-MR-demand.xlsx,Mat_Price,Mat_Price!A38:AP98 (ore rows A69:AP98)
matP[ore],Iron ore material price used in MATC,ln,辽宁,2047,800,RMB/t,input-MR-demand.xlsx,Mat_Price,Mat_Price!A38:AP98 (ore rows A69:AP98)
matP[ore],Iron ore material price used in MATC,ln,辽宁,2048,800,RMB/t,input-MR-demand.xlsx,Mat_Price,Mat_Price!A38:AP98 (ore rows A69:AP98)
matP[ore],Iron ore material price used in MATC,ln,辽宁,2049,800,RMB/t,input-MR-demand.xlsx,Mat_Price,Mat_Price!A38:AP98 (ore rows A69:AP98)
matP[ore],Iron ore material price used in MATC,ln,辽宁,2050,800,RMB/t,input-MR-demand.xlsx,Mat_Price,Mat_Price!A38:AP98 (ore rows A69:AP98)
matP[ore],Iron ore material price used in MATC,ln,辽宁,2051,800,RMB/t,input-MR-demand.xlsx,Mat_Price,Mat_Price!A38:AP98 (ore rows A69:AP98)
matP[ore],Iron ore material price used in MATC,ln,辽宁,2052,800,RMB/t,input-MR-demand.xlsx,Mat_Price,Mat_Price!A38:AP98 (ore rows A69:AP98)
matP[ore],Iron ore material price used in MATC,ln,辽宁,2053,800,RMB/t,input-MR-demand.xlsx,Mat_Price,Mat_Price!A38:AP98 (ore rows A69:AP98)
matP[ore],Iron ore material price used in MATC,ln,辽宁,2054,800,RMB/t,input-MR-demand.xlsx,Mat_Price,Mat_Price!A38:AP98 (ore rows A69:AP98)
matP[ore],Iron ore material price used in MATC,ln,辽宁,2055,800,RMB/t,input-MR-demand.xlsx,Mat_Price,Mat_Price!A38:AP98 (ore rows A69:AP98)
matP[ore],Iron ore material price used in MATC,ln,辽宁,2056,800,RMB/t,input-MR-demand.xlsx,Mat_Price,Mat_Price!A38:AP98 (ore rows A69:AP98)
matP[ore],Iron ore material price used in MATC,ln,辽宁,2057,800,RMB/t,input-MR-demand.xlsx,Mat_Price,Mat_Price!A38:AP98 (ore rows A69:AP98)
matP[ore],Iron ore material price used in MATC,ln,辽宁,2058,800,RMB/t,input-MR-demand.xlsx,Mat_Price,Mat_Price!A38:AP98 (ore rows A69:AP98)
matP[ore],Iron ore material price used in MATC,ln,辽宁,2059,800,RMB/t,input-MR-demand.xlsx,Mat_Price,Mat_Price!A38:AP98 (ore rows A69:AP98)
matP[ore],Iron ore material price used in MATC,ln,辽宁,2060,800,RMB/t,input-MR-demand.xlsx,Mat_Price,Mat_Price!A38:AP98 (ore rows A69:AP98)
matP[ore],Iron ore material price used in MATC,jl,吉林,2021,800,RMB/t,input-MR-demand.xlsx,Mat_Price,Mat_Price!A38:AP98 (ore rows A69:AP98)
matP[ore],Iron ore material price used in MATC,jl,吉林,2022,800,RMB/t,input-MR-demand.xlsx,Mat_Price,Mat_Price!A38:AP98 (ore rows A69:AP98)
matP[ore],Iron ore material price used in MATC,jl,吉林,2023,800,RMB/t,input-MR-demand.xlsx,Mat_Price,Mat_Price!A38:AP98 (ore rows A69:AP98)
matP[ore],Iron ore material price used in MATC,jl,吉林,2024,800,RMB/t,input-MR-demand.xlsx,Mat_Price,Mat_Price!A38:AP98 (ore rows A69:AP98)
matP[ore],Iron ore material price used in MATC,jl,吉林,2025,800,RMB/t,input-MR-demand.xlsx,Mat_Price,Mat_Price!A38:AP98 (ore rows A69:AP98)
matP[ore],Iron ore material price used in MATC,jl,吉林,2026,800,RMB/t,input-MR-demand.xlsx,Mat_Price,Mat_Price!A38:AP98 (ore rows A69:AP98)
matP[ore],Iron ore material price used in MATC,jl,吉林,2027,800,RMB/t,input-MR-demand.xlsx,Mat_Price,Mat_Price!A38:AP98 (ore rows A69:AP98)
matP[ore],Iron ore material price used in MATC,jl,吉林,2028,800,RMB/t,input-MR-demand.xlsx,Mat_Price,Mat_Price!A38:AP98 (ore rows A69:AP98)
matP[ore],Iron ore material price used in MATC,jl,吉林,2029,800,RMB/t,input-MR-demand.xlsx,Mat_Price,Mat_Price!A38:AP98 (ore rows A69:AP98)
matP[ore],Iron ore material price used in MATC,jl,吉林,2030,800,RMB/t,input-MR-demand.xlsx,Mat_Price,Mat_Price!A38:AP98 (ore rows A69:AP98)
matP[ore],Iron ore material price used in MATC,jl,吉林,2031,800,RMB/t,input-MR-demand.xlsx,Mat_Price,Mat_Price!A38:AP98 (ore rows A69:AP98)
matP[ore],Iron ore material price used in MATC,jl,吉林,2032,800,RMB/t,input-MR-demand.xlsx,Mat_Price,Mat_Price!A38:AP98 (ore rows A69:AP98)
matP[ore],Iron ore material price used in MATC,jl,吉林,2033,800,RMB/t,input-MR-demand.xlsx,Mat_Price,Mat_Price!A38:AP98 (ore rows A69:AP98)
matP[ore],Iron ore material price used in MATC,jl,吉林,2034,800,RMB/t,input-MR-demand.xlsx,Mat_Price,Mat_Price!A38:AP98 (ore rows A69:AP98)
matP[ore],Iron ore material price used in MATC,jl,吉林,2035,800,RMB/t,input-MR-demand.xlsx,Mat_Price,Mat_Price!A38:AP98 (ore rows A69:AP98)
matP[ore],Iron ore material price used in MATC,jl,吉林,2036,800,RMB/t,input-MR-demand.xlsx,Mat_Price,Mat_Price!A38:AP98 (ore rows A69:AP98)
matP[ore],Iron ore material price used in MATC,jl,吉林,2037,800,RMB/t,input-MR-demand.xlsx,Mat_Price,Mat_Price!A38:AP98 (ore rows A69:AP98)
matP[ore],Iron ore material price used in MATC,jl,吉林,2038,800,RMB/t,input-MR-demand.xlsx,Mat_Price,Mat_Price!A38:AP98 (ore rows A69:AP98)
matP[ore],Iron ore material price used in MATC,jl,吉林,2039,800,RMB/t,input-MR-demand.xlsx,Mat_Price,Mat_Price!A38:AP98 (ore rows A69:AP98)
matP[ore],Iron ore material price used in MATC,jl,吉林,2040,800,RMB/t,input-MR-demand.xlsx,Mat_Price,Mat_Price!A38:AP98 (ore rows A69:AP98)
matP[ore],Iron ore material price used in MATC,jl,吉林,2041,800,RMB/t,input-MR-demand.xlsx,Mat_Price,Mat_Price!A38:AP98 (ore rows A69:AP98)
matP[ore],Iron ore material price used in MATC,jl,吉林,2042,800,RMB/t,input-MR-demand.xlsx,Mat_Price,Mat_Price!A38:AP98 (ore rows A69:AP98)
matP[ore],Iron ore material price used in MATC,jl,吉林,2043,800,RMB/t,input-MR-demand.xlsx,Mat_Price,Mat_Price!A38:AP98 (ore rows A69:AP98)
matP[ore],Iron ore material price used in MATC,jl,吉林,2044,800,RMB/t,input-MR-demand.xlsx,Mat_Price,Mat_Price!A38:AP98 (ore rows A69:AP98)
matP[ore],Iron ore material price used in MATC,jl,吉林,2045,800,RMB/t,input-MR-demand.xlsx,Mat_Price,Mat_Price!A38:AP98 (ore rows A69:AP98)
matP[ore],Iron ore material price used in MATC,jl,吉林,2046,800,RMB/t,input-MR-demand.xlsx,Mat_Price,Mat_Price!A38:AP98 (ore rows A69:AP98)
matP[ore],Iron ore material price used in MATC,jl,吉林,2047,800,RMB/t,input-MR-demand.xlsx,Mat_Price,Mat_Price!A38:AP98 (ore rows A69:AP98)
matP[ore],Iron ore material price used in MATC,jl,吉林,2048,800,RMB/t,input-MR-demand.xlsx,Mat_Price,Mat_Price!A38:AP98 (ore rows A69:AP98)
matP[ore],Iron ore material price used in MATC,jl,吉林,2049,800,RMB/t,input-MR-demand.xlsx,Mat_Price,Mat_Price!A38:AP98 (ore rows A69:AP98)
matP[ore],Iron ore material price used in MATC,jl,吉林,2050,800,RMB/t,input-MR-demand.xlsx,Mat_Price,Mat_Price!A38:AP98 (ore rows A69:AP98)
matP[ore],Iron ore material price used in MATC,jl,吉林,2051,800,RMB/t,input-MR-demand.xlsx,Mat_Price,Mat_Price!A38:AP98 (ore rows A69:AP98)
matP[ore],Iron ore material price used in MATC,jl,吉林,2052,800,RMB/t,input-MR-demand.xlsx,Mat_Price,Mat_Price!A38:AP98 (ore rows A69:AP98)
matP[ore],Iron ore material price used in MATC,jl,吉林,2053,800,RMB/t,input-MR-demand.xlsx,Mat_Price,Mat_Price!A38:AP98 (ore rows A69:AP98)
matP[ore],Iron ore material price used in MATC,jl,吉林,2054,800,RMB/t,input-MR-demand.xlsx,Mat_Price,Mat_Price!A38:AP98 (ore rows A69:AP98)
matP[ore],Iron ore material price used in MATC,jl,吉林,2055,800,RMB/t,input-MR-demand.xlsx,Mat_Price,Mat_Price!A38:AP98 (ore rows A69:AP98)
matP[ore],Iron ore material price used in MATC,jl,吉林,2056,800,RMB/t,input-MR-demand.xlsx,Mat_Price,Mat_Price!A38:AP98 (ore rows A69:AP98)
matP[ore],Iron ore material price used in MATC,jl,吉林,2057,800,RMB/t,input-MR-demand.xlsx,Mat_Price,Mat_Price!A38:AP98 (ore rows A69:AP98)
matP[ore],Iron ore material price used in MATC,jl,吉林,2058,800,RMB/t,input-MR-demand.xlsx,Mat_Price,Mat_Price!A38:AP98 (ore rows A69:AP98)
matP[ore],Iron ore material price used in MATC,jl,吉林,2059,800,RMB/t,input-MR-demand.xlsx,Mat_Price,Mat_Price!A38:AP98 (ore rows A69:AP98)
matP[ore],Iron ore material price used in MATC,jl,吉林,2060,800,RMB/t,input-MR-demand.xlsx,Mat_Price,Mat_Price!A38:AP98 (ore rows A69:AP98)
matP[ore],Iron ore material price used in MATC,hl,黑龙江,2021,800,RMB/t,input-MR-demand.xlsx,Mat_Price,Mat_Price!A38:AP98 (ore rows A69:AP98)
matP[ore],Iron ore material price used in MATC,hl,黑龙江,2022,800,RMB/t,input-MR-demand.xlsx,Mat_Price,Mat_Price!A38:AP98 (ore rows A69:AP98)
matP[ore],Iron ore material price used in MATC,hl,黑龙江,2023,800,RMB/t,input-MR-demand.xlsx,Mat_Price,Mat_Price!A38:AP98 (ore rows A69:AP98)
matP[ore],Iron ore material price used in MATC,hl,黑龙江,2024,800,RMB/t,input-MR-demand.xlsx,Mat_Price,Mat_Price!A38:AP98 (ore rows A69:AP98)
matP[ore],Iron ore material price used in MATC,hl,黑龙江,2025,800,RMB/t,input-MR-demand.xlsx,Mat_Price,Mat_Price!A38:AP98 (ore rows A69:AP98)
matP[ore],Iron ore material price used in MATC,hl,黑龙江,2026,800,RMB/t,input-MR-demand.xlsx,Mat_Price,Mat_Price!A38:AP98 (ore rows A69:AP98)
matP[ore],Iron ore material price used in MATC,hl,黑龙江,2027,800,RMB/t,input-MR-demand.xlsx,Mat_Price,Mat_Price!A38:AP98 (ore rows A69:AP98)
matP[ore],Iron ore material price used in MATC,hl,黑龙江,2028,800,RMB/t,input-MR-demand.xlsx,Mat_Price,Mat_Price!A38:AP98 (ore rows A69:AP98)
matP[ore],Iron ore material price used in MATC,hl,黑龙江,2029,800,RMB/t,input-MR-demand.xlsx,Mat_Price,Mat_Price!A38:AP98 (ore rows A69:AP98)
matP[ore],Iron ore material price used in MATC,hl,黑龙江,2030,800,RMB/t,input-MR-demand.xlsx,Mat_Price,Mat_Price!A38:AP98 (ore rows A69:AP98)
matP[ore],Iron ore material price used in MATC,hl,黑龙江,2031,800,RMB/t,input-MR-demand.xlsx,Mat_Price,Mat_Price!A38:AP98 (ore rows A69:AP98)
matP[ore],Iron ore material price used in MATC,hl,黑龙江,2032,800,RMB/t,input-MR-demand.xlsx,Mat_Price,Mat_Price!A38:AP98 (ore rows A69:AP98)
matP[ore],Iron ore material price used in MATC,hl,黑龙江,2033,800,RMB/t,input-MR-demand.xlsx,Mat_Price,Mat_Price!A38:AP98 (ore rows A69:AP98)
matP[ore],Iron ore material price used in MATC,hl,黑龙江,2034,800,RMB/t,input-MR-demand.xlsx,Mat_Price,Mat_Price!A38:AP98 (ore rows A69:AP98)
matP[ore],Iron ore material price used in MATC,hl,黑龙江,2035,800,RMB/t,input-MR-demand.xlsx,Mat_Price,Mat_Price!A38:AP98 (ore rows A69:AP98)
matP[ore],Iron ore material price used in MATC,hl,黑龙江,2036,800,RMB/t,input-MR-demand.xlsx,Mat_Price,Mat_Price!A38:AP98 (ore rows A69:AP98)
matP[ore],Iron ore material price used in MATC,hl,黑龙江,2037,800,RMB/t,input-MR-demand.xlsx,Mat_Price,Mat_Price!A38:AP98 (ore rows A69:AP98)
matP[ore],Iron ore material price used in MATC,hl,黑龙江,2038,800,RMB/t,input-MR-demand.xlsx,Mat_Price,Mat_Price!A38:AP98 (ore rows A69:AP98)
matP[ore],Iron ore material price used in MATC,hl,黑龙江,2039,800,RMB/t,input-MR-demand.xlsx,Mat_Price,Mat_Price!A38:AP98 (ore rows A69:AP98)
matP[ore],Iron ore material price used in MATC,hl,黑龙江,2040,800,RMB/t,input-MR-demand.xlsx,Mat_Price,Mat_Price!A38:AP98 (ore rows A69:AP98)
matP[ore],Iron ore material price used in MATC,hl,黑龙江,2041,800,RMB/t,input-MR-demand.xlsx,Mat_Price,Mat_Price!A38:AP98 (ore rows A69:AP98)
matP[ore],Iron ore material price used in MATC,hl,黑龙江,2042,800,RMB/t,input-MR-demand.xlsx,Mat_Price,Mat_Price!A38:AP98 (ore rows A69:AP98)
matP[ore],Iron ore material price used in MATC,hl,黑龙江,2043,800,RMB/t,input-MR-demand.xlsx,Mat_Price,Mat_Price!A38:AP98 (ore rows A69:AP98)
matP[ore],Iron ore material price used in MATC,hl,黑龙江,2044,800,RMB/t,input-MR-demand.xlsx,Mat_Price,Mat_Price!A38:AP98 (ore rows A69:AP98)
matP[ore],Iron ore material price used in MATC,hl,黑龙江,2045,800,RMB/t,input-MR-demand.xlsx,Mat_Price,Mat_Price!A38:AP98 (ore rows A69:AP98)
matP[ore],Iron ore material price used in MATC,hl,黑龙江,2046,800,RMB/t,input-MR-demand.xlsx,Mat_Price,Mat_Price!A38:AP98 (ore rows A69:AP98)
matP[ore],Iron ore material price used in MATC,hl,黑龙江,2047,800,RMB/t,input-MR-demand.xlsx,Mat_Price,Mat_Price!A38:AP98 (ore rows A69:AP98)
matP[ore],Iron ore material price used in MATC,hl,黑龙江,2048,800,RMB/t,input-MR-demand.xlsx,Mat_Price,Mat_Price!A38:AP98 (ore rows A69:AP98)
matP[ore],Iron ore material price used in MATC,hl,黑龙江,2049,800,RMB/t,input-MR-demand.xlsx,Mat_Price,Mat_Price!A38:AP98 (ore rows A69:AP98)
matP[ore],Iron ore material price used in MATC,hl,黑龙江,2050,800,RMB/t,input-MR-demand.xlsx,Mat_Price,Mat_Price!A38:AP98 (ore rows A69:AP98)
matP[ore],Iron ore material price used in MATC,hl,黑龙江,2051,800,RMB/t,input-MR-demand.xlsx,Mat_Price,Mat_Price!A38:AP98 (ore rows A69:AP98)
matP[ore],Iron ore material price used in MATC,hl,黑龙江,2052,800,RMB/t,input-MR-demand.xlsx,Mat_Price,Mat_Price!A38:AP98 (ore rows A69:AP98)
matP[ore],Iron ore material price used in MATC,hl,黑龙江,2053,800,RMB/t,input-MR-demand.xlsx,Mat_Price,Mat_Price!A38:AP98 (ore rows A69:AP98)
matP[ore],Iron ore material price used in MATC,hl,黑龙江,2054,800,RMB/t,input-MR-demand.xlsx,Mat_Price,Mat_Price!A38:AP98 (ore rows A69:AP98)
matP[ore],Iron ore material price used in MATC,hl,黑龙江,2055,800,RMB/t,input-MR-demand.xlsx,Mat_Price,Mat_Price!A38:AP98 (ore rows A69:AP98)
matP[ore],Iron ore material price used in MATC,hl,黑龙江,2056,800,RMB/t,input-MR-demand.xlsx,Mat_Price,Mat_Price!A38:AP98 (ore rows A69:AP98)
matP[ore],Iron ore material price used in MATC,hl,黑龙江,2057,800,RMB/t,input-MR-demand.xlsx,Mat_Price,Mat_Price!A38:AP98 (ore rows A69:AP98)
matP[ore],Iron ore material price used in MATC,hl,黑龙江,2058,800,RMB/t,input-MR-demand.xlsx,Mat_Price,Mat_Price!A38:AP98 (ore rows A69:AP98)
matP[ore],Iron ore material price used in MATC,hl,黑龙江,2059,800,RMB/t,input-MR-demand.xlsx,Mat_Price,Mat_Price!A38:AP98 (ore rows A69:AP98)
matP[ore],Iron ore material price used in MATC,hl,黑龙江,2060,800,RMB/t,input-MR-demand.xlsx,Mat_Price,Mat_Price!A38:AP98 (ore rows A69:AP98)
matP[ore],Iron ore material price used in MATC,sh,上海,2021,800,RMB/t,input-MR-demand.xlsx,Mat_Price,Mat_Price!A38:AP98 (ore rows A69:AP98)
matP[ore],Iron ore material price used in MATC,sh,上海,2022,800,RMB/t,input-MR-demand.xlsx,Mat_Price,Mat_Price!A38:AP98 (ore rows A69:AP98)
matP[ore],Iron ore material price used in MATC,sh,上海,2023,800,RMB/t,input-MR-demand.xlsx,Mat_Price,Mat_Price!A38:AP98 (ore rows A69:AP98)
matP[ore],Iron ore material price used in MATC,sh,上海,2024,800,RMB/t,input-MR-demand.xlsx,Mat_Price,Mat_Price!A38:AP98 (ore rows A69:AP98)
matP[ore],Iron ore material price used in MATC,sh,上海,2025,800,RMB/t,input-MR-demand.xlsx,Mat_Price,Mat_Price!A38:AP98 (ore rows A69:AP98)
matP[ore],Iron ore material price used in MATC,sh,上海,2026,800,RMB/t,input-MR-demand.xlsx,Mat_Price,Mat_Price!A38:AP98 (ore rows A69:AP98)
matP[ore],Iron ore material price used in MATC,sh,上海,2027,800,RMB/t,input-MR-demand.xlsx,Mat_Price,Mat_Price!A38:AP98 (ore rows A69:AP98)
matP[ore],Iron ore material price used in MATC,sh,上海,2028,800,RMB/t,input-MR-demand.xlsx,Mat_Price,Mat_Price!A38:AP98 (ore rows A69:AP98)
matP[ore],Iron ore material price used in MATC,sh,上海,2029,800,RMB/t,input-MR-demand.xlsx,Mat_Price,Mat_Price!A38:AP98 (ore rows A69:AP98)
matP[ore],Iron ore material price used in MATC,sh,上海,2030,800,RMB/t,input-MR-demand.xlsx,Mat_Price,Mat_Price!A38:AP98 (ore rows A69:AP98)
matP[ore],Iron ore material price used in MATC,sh,上海,2031,800,RMB/t,input-MR-demand.xlsx,Mat_Price,Mat_Price!A38:AP98 (ore rows A69:AP98)
matP[ore],Iron ore material price used in MATC,sh,上海,2032,800,RMB/t,input-MR-demand.xlsx,Mat_Price,Mat_Price!A38:AP98 (ore rows A69:AP98)
matP[ore],Iron ore material price used in MATC,sh,上海,2033,800,RMB/t,input-MR-demand.xlsx,Mat_Price,Mat_Price!A38:AP98 (ore rows A69:AP98)
matP[ore],Iron ore material price used in MATC,sh,上海,2034,800,RMB/t,input-MR-demand.xlsx,Mat_Price,Mat_Price!A38:AP98 (ore rows A69:AP98)
matP[ore],Iron ore material price used in MATC,sh,上海,2035,800,RMB/t,input-MR-demand.xlsx,Mat_Price,Mat_Price!A38:AP98 (ore rows A69:AP98)
matP[ore],Iron ore material price used in MATC,sh,上海,2036,800,RMB/t,input-MR-demand.xlsx,Mat_Price,Mat_Price!A38:AP98 (ore rows A69:AP98)
matP[ore],Iron ore material price used in MATC,sh,上海,2037,800,RMB/t,input-MR-demand.xlsx,Mat_Price,Mat_Price!A38:AP98 (ore rows A69:AP98)
matP[ore],Iron ore material price used in MATC,sh,上海,2038,800,RMB/t,input-MR-demand.xlsx,Mat_Price,Mat_Price!A38:AP98 (ore rows A69:AP98)
matP[ore],Iron ore material price used in MATC,sh,上海,2039,800,RMB/t,input-MR-demand.xlsx,Mat_Price,Mat_Price!A38:AP98 (ore rows A69:AP98)
matP[ore],Iron ore material price used in MATC,sh,上海,2040,800,RMB/t,input-MR-demand.xlsx,Mat_Price,Mat_Price!A38:AP98 (ore rows A69:AP98)
matP[ore],Iron ore material price used in MATC,sh,上海,2041,800,RMB/t,input-MR-demand.xlsx,Mat_Price,Mat_Price!A38:AP98 (ore rows A69:AP98)
matP[ore],Iron ore material price used in MATC,sh,上海,2042,800,RMB/t,input-MR-demand.xlsx,Mat_Price,Mat_Price!A38:AP98 (ore rows A69:AP98)
matP[ore],Iron ore material price used in MATC,sh,上海,2043,800,RMB/t,input-MR-demand.xlsx,Mat_Price,Mat_Price!A38:AP98 (ore rows A69:AP98)
matP[ore],Iron ore material price used in MATC,sh,上海,2044,800,RMB/t,input-MR-demand.xlsx,Mat_Price,Mat_Price!A38:AP98 (ore rows A69:AP98)
matP[ore],Iron ore material price used in MATC,sh,上海,2045,800,RMB/t,input-MR-demand.xlsx,Mat_Price,Mat_Price!A38:AP98 (ore rows A69:AP98)
matP[ore],Iron ore material price used in MATC,sh,上海,2046,800,RMB/t,input-MR-demand.xlsx,Mat_Price,Mat_Price!A38:AP98 (ore rows A69:AP98)
matP[ore],Iron ore material price used in MATC,sh,上海,2047,800,RMB/t,input-MR-demand.xlsx,Mat_Price,Mat_Price!A38:AP98 (ore rows A69:AP98)
matP[ore],Iron ore material price used in MATC,sh,上海,2048,800,RMB/t,input-MR-demand.xlsx,Mat_Price,Mat_Price!A38:AP98 (ore rows A69:AP98)
matP[ore],Iron ore material price used in MATC,sh,上海,2049,800,RMB/t,input-MR-demand.xlsx,Mat_Price,Mat_Price!A38:AP98 (ore rows A69:AP98)
matP[ore],Iron ore material price used in MATC,sh,上海,2050,800,RMB/t,input-MR-demand.xlsx,Mat_Price,Mat_Price!A38:AP98 (ore rows A69:AP98)
matP[ore],Iron ore material price used in MATC,sh,上海,2051,800,RMB/t,input-MR-demand.xlsx,Mat_Price,Mat_Price!A38:AP98 (ore rows A69:AP98)
matP[ore],Iron ore material price used in MATC,sh,上海,2052,800,RMB/t,input-MR-demand.xlsx,Mat_Price,Mat_Price!A38:AP98 (ore rows A69:AP98)
matP[ore],Iron ore material price used in MATC,sh,上海,2053,800,RMB/t,input-MR-demand.xlsx,Mat_Price,Mat_Price!A38:AP98 (ore rows A69:AP98)
matP[ore],Iron ore material price used in MATC,sh,上海,2054,800,RMB/t,input-MR-demand.xlsx,Mat_Price,Mat_Price!A38:AP98 (ore rows A69:AP98)
matP[ore],Iron ore material price used in MATC,sh,上海,2055,800,RMB/t,input-MR-demand.xlsx,Mat_Price,Mat_Price!A38:AP98 (ore rows A69:AP98)
matP[ore],Iron ore material price used in MATC,sh,上海,2056,800,RMB/t,input-MR-demand.xlsx,Mat_Price,Mat_Price!A38:AP98 (ore rows A69:AP98)
matP[ore],Iron ore material price used in MATC,sh,上海,2057,800,RMB/t,input-MR-demand.xlsx,Mat_Price,Mat_Price!A38:AP98 (ore rows A69:AP98)
matP[ore],Iron ore material price used in MATC,sh,上海,2058,800,RMB/t,input-MR-demand.xlsx,Mat_Price,Mat_Price!A38:AP98 (ore rows A69:AP98)
matP[ore],Iron ore material price used in MATC,sh,上海,2059,800,RMB/t,input-MR-demand.xlsx,Mat_Price,Mat_Price!A38:AP98 (ore rows A69:AP98)
matP[ore],Iron ore material price used in MATC,sh,上海,2060,800,RMB/t,input-MR-demand.xlsx,Mat_Price,Mat_Price!A38:AP98 (ore rows A69:AP98)
matP[ore],Iron ore material price used in MATC,js,江苏,2021,800,RMB/t,input-MR-demand.xlsx,Mat_Price,Mat_Price!A38:AP98 (ore rows A69:AP98)
matP[ore],Iron ore material price used in MATC,js,江苏,2022,800,RMB/t,input-MR-demand.xlsx,Mat_Price,Mat_Price!A38:AP98 (ore rows A69:AP98)
matP[ore],Iron ore material price used in MATC,js,江苏,2023,800,RMB/t,input-MR-demand.xlsx,Mat_Price,Mat_Price!A38:AP98 (ore rows A69:AP98)
matP[ore],Iron ore material price used in MATC,js,江苏,2024,800,RMB/t,input-MR-demand.xlsx,Mat_Price,Mat_Price!A38:AP98 (ore rows A69:AP98)
matP[ore],Iron ore material price used in MATC,js,江苏,2025,800,RMB/t,input-MR-demand.xlsx,Mat_Price,Mat_Price!A38:AP98 (ore rows A69:AP98)
matP[ore],Iron ore material price used in MATC,js,江苏,2026,800,RMB/t,input-MR-demand.xlsx,Mat_Price,Mat_Price!A38:AP98 (ore rows A69:AP98)
matP[ore],Iron ore material price used in MATC,js,江苏,2027,800,RMB/t,input-MR-demand.xlsx,Mat_Price,Mat_Price!A38:AP98 (ore rows A69:AP98)
matP[ore],Iron ore material price used in MATC,js,江苏,2028,800,RMB/t,input-MR-demand.xlsx,Mat_Price,Mat_Price!A38:AP98 (ore rows A69:AP98)
matP[ore],Iron ore material price used in MATC,js,江苏,2029,800,RMB/t,input-MR-demand.xlsx,Mat_Price,Mat_Price!A38:AP98 (ore rows A69:AP98)
matP[ore],Iron ore material price used in MATC,js,江苏,2030,800,RMB/t,input-MR-demand.xlsx,Mat_Price,Mat_Price!A38:AP98 (ore rows A69:AP98)
matP[ore],Iron ore material price used in MATC,js,江苏,2031,800,RMB/t,input-MR-demand.xlsx,Mat_Price,Mat_Price!A38:AP98 (ore rows A69:AP98)
matP[ore],Iron ore material price used in MATC,js,江苏,2032,800,RMB/t,input-MR-demand.xlsx,Mat_Price,Mat_Price!A38:AP98 (ore rows A69:AP98)
matP[ore],Iron ore material price used in MATC,js,江苏,2033,800,RMB/t,input-MR-demand.xlsx,Mat_Price,Mat_Price!A38:AP98 (ore rows A69:AP98)
matP[ore],Iron ore material price used in MATC,js,江苏,2034,800,RMB/t,input-MR-demand.xlsx,Mat_Price,Mat_Price!A38:AP98 (ore rows A69:AP98)
matP[ore],Iron ore material price used in MATC,js,江苏,2035,800,RMB/t,input-MR-demand.xlsx,Mat_Price,Mat_Price!A38:AP98 (ore rows A69:AP98)
matP[ore],Iron ore material price used in MATC,js,江苏,2036,800,RMB/t,input-MR-demand.xlsx,Mat_Price,Mat_Price!A38:AP98 (ore rows A69:AP98)
matP[ore],Iron ore material price used in MATC,js,江苏,2037,800,RMB/t,input-MR-demand.xlsx,Mat_Price,Mat_Price!A38:AP98 (ore rows A69:AP98)
matP[ore],Iron ore material price used in MATC,js,江苏,2038,800,RMB/t,input-MR-demand.xlsx,Mat_Price,Mat_Price!A38:AP98 (ore rows A69:AP98)
matP[ore],Iron ore material price used in MATC,js,江苏,2039,800,RMB/t,input-MR-demand.xlsx,Mat_Price,Mat_Price!A38:AP98 (ore rows A69:AP98)
matP[ore],Iron ore material price used in MATC,js,江苏,2040,800,RMB/t,input-MR-demand.xlsx,Mat_Price,Mat_Price!A38:AP98 (ore rows A69:AP98)
matP[ore],Iron ore material price used in MATC,js,江苏,2041,800,RMB/t,input-MR-demand.xlsx,Mat_Price,Mat_Price!A38:AP98 (ore rows A69:AP98)
matP[ore],Iron ore material price used in MATC,js,江苏,2042,800,RMB/t,input-MR-demand.xlsx,Mat_Price,Mat_Price!A38:AP98 (ore rows A69:AP98)
matP[ore],Iron ore material price used in MATC,js,江苏,2043,800,RMB/t,input-MR-demand.xlsx,Mat_Price,Mat_Price!A38:AP98 (ore rows A69:AP98)
matP[ore],Iron ore material price used in MATC,js,江苏,2044,800,RMB/t,input-MR-demand.xlsx,Mat_Price,Mat_Price!A38:AP98 (ore rows A69:AP98)
matP[ore],Iron ore material price used in MATC,js,江苏,2045,800,RMB/t,input-MR-demand.xlsx,Mat_Price,Mat_Price!A38:AP98 (ore rows A69:AP98)
matP[ore],Iron ore material price used in MATC,js,江苏,2046,800,RMB/t,input-MR-demand.xlsx,Mat_Price,Mat_Price!A38:AP98 (ore rows A69:AP98)
matP[ore],Iron ore material price used in MATC,js,江苏,2047,800,RMB/t,input-MR-demand.xlsx,Mat_Price,Mat_Price!A38:AP98 (ore rows A69:AP98)
matP[ore],Iron ore material price used in MATC,js,江苏,2048,800,RMB/t,input-MR-demand.xlsx,Mat_Price,Mat_Price!A38:AP98 (ore rows A69:AP98)
matP[ore],Iron ore material price used in MATC,js,江苏,2049,800,RMB/t,input-MR-demand.xlsx,Mat_Price,Mat_Price!A38:AP98 (ore rows A69:AP98)
matP[ore],Iron ore material price used in MATC,js,江苏,2050,800,RMB/t,input-MR-demand.xlsx,Mat_Price,Mat_Price!A38:AP98 (ore rows A69:AP98)
matP[ore],Iron ore material price used in MATC,js,江苏,2051,800,RMB/t,input-MR-demand.xlsx,Mat_Price,Mat_Price!A38:AP98 (ore rows A69:AP98)
matP[ore],Iron ore material price used in MATC,js,江苏,2052,800,RMB/t,input-MR-demand.xlsx,Mat_Price,Mat_Price!A38:AP98 (ore rows A69:AP98)
matP[ore],Iron ore material price used in MATC,js,江苏,2053,800,RMB/t,input-MR-demand.xlsx,Mat_Price,Mat_Price!A38:AP98 (ore rows A69:AP98)
matP[ore],Iron ore material price used in MATC,js,江苏,2054,800,RMB/t,input-MR-demand.xlsx,Mat_Price,Mat_Price!A38:AP98 (ore rows A69:AP98)
matP[ore],Iron ore material price used in MATC,js,江苏,2055,800,RMB/t,input-MR-demand.xlsx,Mat_Price,Mat_Price!A38:AP98 (ore rows A69:AP98)
matP[ore],Iron ore material price used in MATC,js,江苏,2056,800,RMB/t,input-MR-demand.xlsx,Mat_Price,Mat_Price!A38:AP98 (ore rows A69:AP98)
matP[ore],Iron ore material price used in MATC,js,江苏,2057,800,RMB/t,input-MR-demand.xlsx,Mat_Price,Mat_Price!A38:AP98 (ore rows A69:AP98)
matP[ore],Iron ore material price used in MATC,js,江苏,2058,800,RMB/t,input-MR-demand.xlsx,Mat_Price,Mat_Price!A38:AP98 (ore rows A69:AP98)
matP[ore],Iron ore material price used in MATC,js,江苏,2059,800,RMB/t,input-MR-demand.xlsx,Mat_Price,Mat_Price!A38:AP98 (ore rows A69:AP98)
matP[ore],Iron ore material price used in MATC,js,江苏,2060,800,RMB/t,input-MR-demand.xlsx,Mat_Price,Mat_Price!A38:AP98 (ore rows A69:AP98)
matP[ore],Iron ore material price used in MATC,zj,浙江,2021,800,RMB/t,input-MR-demand.xlsx,Mat_Price,Mat_Price!A38:AP98 (ore rows A69:AP98)
matP[ore],Iron ore material price used in MATC,zj,浙江,2022,800,RMB/t,input-MR-demand.xlsx,Mat_Price,Mat_Price!A38:AP98 (ore rows A69:AP98)
matP[ore],Iron ore material price used in MATC,zj,浙江,2023,800,RMB/t,input-MR-demand.xlsx,Mat_Price,Mat_Price!A38:AP98 (ore rows A69:AP98)
matP[ore],Iron ore material price used in MATC,zj,浙江,2024,800,RMB/t,input-MR-demand.xlsx,Mat_Price,Mat_Price!A38:AP98 (ore rows A69:AP98)
matP[ore],Iron ore material price used in MATC,zj,浙江,2025,800,RMB/t,input-MR-demand.xlsx,Mat_Price,Mat_Price!A38:AP98 (ore rows A69:AP98)
matP[ore],Iron ore material price used in MATC,zj,浙江,2026,800,RMB/t,input-MR-demand.xlsx,Mat_Price,Mat_Price!A38:AP98 (ore rows A69:AP98)
matP[ore],Iron ore material price used in MATC,zj,浙江,2027,800,RMB/t,input-MR-demand.xlsx,Mat_Price,Mat_Price!A38:AP98 (ore rows A69:AP98)
matP[ore],Iron ore material price used in MATC,zj,浙江,2028,800,RMB/t,input-MR-demand.xlsx,Mat_Price,Mat_Price!A38:AP98 (ore rows A69:AP98)
matP[ore],Iron ore material price used in MATC,zj,浙江,2029,800,RMB/t,input-MR-demand.xlsx,Mat_Price,Mat_Price!A38:AP98 (ore rows A69:AP98)
matP[ore],Iron ore material price used in MATC,zj,浙江,2030,800,RMB/t,input-MR-demand.xlsx,Mat_Price,Mat_Price!A38:AP98 (ore rows A69:AP98)
matP[ore],Iron ore material price used in MATC,zj,浙江,2031,800,RMB/t,input-MR-demand.xlsx,Mat_Price,Mat_Price!A38:AP98 (ore rows A69:AP98)
matP[ore],Iron ore material price used in MATC,zj,浙江,2032,800,RMB/t,input-MR-demand.xlsx,Mat_Price,Mat_Price!A38:AP98 (ore rows A69:AP98)
matP[ore],Iron ore material price used in MATC,zj,浙江,2033,800,RMB/t,input-MR-demand.xlsx,Mat_Price,Mat_Price!A38:AP98 (ore rows A69:AP98)
matP[ore],Iron ore material price used in MATC,zj,浙江,2034,800,RMB/t,input-MR-demand.xlsx,Mat_Price,Mat_Price!A38:AP98 (ore rows A69:AP98)
matP[ore],Iron ore material price used in MATC,zj,浙江,2035,800,RMB/t,input-MR-demand.xlsx,Mat_Price,Mat_Price!A38:AP98 (ore rows A69:AP98)
matP[ore],Iron ore material price used in MATC,zj,浙江,2036,800,RMB/t,input-MR-demand.xlsx,Mat_Price,Mat_Price!A38:AP98 (ore rows A69:AP98)
matP[ore],Iron ore material price used in MATC,zj,浙江,2037,800,RMB/t,input-MR-demand.xlsx,Mat_Price,Mat_Price!A38:AP98 (ore rows A69:AP98)
matP[ore],Iron ore material price used in MATC,zj,浙江,2038,800,RMB/t,input-MR-demand.xlsx,Mat_Price,Mat_Price!A38:AP98 (ore rows A69:AP98)
matP[ore],Iron ore material price used in MATC,zj,浙江,2039,800,RMB/t,input-MR-demand.xlsx,Mat_Price,Mat_Price!A38:AP98 (ore rows A69:AP98)
matP[ore],Iron ore material price used in MATC,zj,浙江,2040,800,RMB/t,input-MR-demand.xlsx,Mat_Price,Mat_Price!A38:AP98 (ore rows A69:AP98)
matP[ore],Iron ore material price used in MATC,zj,浙江,2041,800,RMB/t,input-MR-demand.xlsx,Mat_Price,Mat_Price!A38:AP98 (ore rows A69:AP98)
matP[ore],Iron ore material price used in MATC,zj,浙江,2042,800,RMB/t,input-MR-demand.xlsx,Mat_Price,Mat_Price!A38:AP98 (ore rows A69:AP98)
matP[ore],Iron ore material price used in MATC,zj,浙江,2043,800,RMB/t,input-MR-demand.xlsx,Mat_Price,Mat_Price!A38:AP98 (ore rows A69:AP98)
matP[ore],Iron ore material price used in MATC,zj,浙江,2044,800,RMB/t,input-MR-demand.xlsx,Mat_Price,Mat_Price!A38:AP98 (ore rows A69:AP98)
matP[ore],Iron ore material price used in MATC,zj,浙江,2045,800,RMB/t,input-MR-demand.xlsx,Mat_Price,Mat_Price!A38:AP98 (ore rows A69:AP98)
matP[ore],Iron ore material price used in MATC,zj,浙江,2046,800,RMB/t,input-MR-demand.xlsx,Mat_Price,Mat_Price!A38:AP98 (ore rows A69:AP98)
matP[ore],Iron ore material price used in MATC,zj,浙江,2047,800,RMB/t,input-MR-demand.xlsx,Mat_Price,Mat_Price!A38:AP98 (ore rows A69:AP98)
matP[ore],Iron ore material price used in MATC,zj,浙江,2048,800,RMB/t,input-MR-demand.xlsx,Mat_Price,Mat_Price!A38:AP98 (ore rows A69:AP98)
matP[ore],Iron ore material price used in MATC,zj,浙江,2049,800,RMB/t,input-MR-demand.xlsx,Mat_Price,Mat_Price!A38:AP98 (ore rows A69:AP98)
matP[ore],Iron ore material price used in MATC,zj,浙江,2050,800,RMB/t,input-MR-demand.xlsx,Mat_Price,Mat_Price!A38:AP98 (ore rows A69:AP98)
matP[ore],Iron ore material price used in MATC,zj,浙江,2051,800,RMB/t,input-MR-demand.xlsx,Mat_Price,Mat_Price!A38:AP98 (ore rows A69:AP98)
matP[ore],Iron ore material price used in MATC,zj,浙江,2052,800,RMB/t,input-MR-demand.xlsx,Mat_Price,Mat_Price!A38:AP98 (ore rows A69:AP98)
matP[ore],Iron ore material price used in MATC,zj,浙江,2053,800,RMB/t,input-MR-demand.xlsx,Mat_Price,Mat_Price!A38:AP98 (ore rows A69:AP98)
matP[ore],Iron ore material price used in MATC,zj,浙江,2054,800,RMB/t,input-MR-demand.xlsx,Mat_Price,Mat_Price!A38:AP98 (ore rows A69:AP98)
matP[ore],Iron ore material price used in MATC,zj,浙江,2055,800,RMB/t,input-MR-demand.xlsx,Mat_Price,Mat_Price!A38:AP98 (ore rows A69:AP98)
matP[ore],Iron ore material price used in MATC,zj,浙江,2056,800,RMB/t,input-MR-demand.xlsx,Mat_Price,Mat_Price!A38:AP98 (ore rows A69:AP98)
matP[ore],Iron ore material price used in MATC,zj,浙江,2057,800,RMB/t,input-MR-demand.xlsx,Mat_Price,Mat_Price!A38:AP98 (ore rows A69:AP98)
matP[ore],Iron ore material price used in MATC,zj,浙江,2058,800,RMB/t,input-MR-demand.xlsx,Mat_Price,Mat_Price!A38:AP98 (ore rows A69:AP98)
matP[ore],Iron ore material price used in MATC,zj,浙江,2059,800,RMB/t,input-MR-demand.xlsx,Mat_Price,Mat_Price!A38:AP98 (ore rows A69:AP98)
matP[ore],Iron ore material price used in MATC,zj,浙江,2060,800,RMB/t,input-MR-demand.xlsx,Mat_Price,Mat_Price!A38:AP98 (ore rows A69:AP98)
matP[ore],Iron ore material price used in MATC,ah,安徽,2021,800,RMB/t,input-MR-demand.xlsx,Mat_Price,Mat_Price!A38:AP98 (ore rows A69:AP98)
matP[ore],Iron ore material price used in MATC,ah,安徽,2022,800,RMB/t,input-MR-demand.xlsx,Mat_Price,Mat_Price!A38:AP98 (ore rows A69:AP98)
matP[ore],Iron ore material price used in MATC,ah,安徽,2023,800,RMB/t,input-MR-demand.xlsx,Mat_Price,Mat_Price!A38:AP98 (ore rows A69:AP98)
matP[ore],Iron ore material price used in MATC,ah,安徽,2024,800,RMB/t,input-MR-demand.xlsx,Mat_Price,Mat_Price!A38:AP98 (ore rows A69:AP98)
matP[ore],Iron ore material price used in MATC,ah,安徽,2025,800,RMB/t,input-MR-demand.xlsx,Mat_Price,Mat_Price!A38:AP98 (ore rows A69:AP98)
matP[ore],Iron ore material price used in MATC,ah,安徽,2026,800,RMB/t,input-MR-demand.xlsx,Mat_Price,Mat_Price!A38:AP98 (ore rows A69:AP98)
matP[ore],Iron ore material price used in MATC,ah,安徽,2027,800,RMB/t,input-MR-demand.xlsx,Mat_Price,Mat_Price!A38:AP98 (ore rows A69:AP98)
matP[ore],Iron ore material price used in MATC,ah,安徽,2028,800,RMB/t,input-MR-demand.xlsx,Mat_Price,Mat_Price!A38:AP98 (ore rows A69:AP98)
matP[ore],Iron ore material price used in MATC,ah,安徽,2029,800,RMB/t,input-MR-demand.xlsx,Mat_Price,Mat_Price!A38:AP98 (ore rows A69:AP98)
matP[ore],Iron ore material price used in MATC,ah,安徽,2030,800,RMB/t,input-MR-demand.xlsx,Mat_Price,Mat_Price!A38:AP98 (ore rows A69:AP98)
matP[ore],Iron ore material price used in MATC,ah,安徽,2031,800,RMB/t,input-MR-demand.xlsx,Mat_Price,Mat_Price!A38:AP98 (ore rows A69:AP98)
matP[ore],Iron ore material price used in MATC,ah,安徽,2032,800,RMB/t,input-MR-demand.xlsx,Mat_Price,Mat_Price!A38:AP98 (ore rows A69:AP98)
matP[ore],Iron ore material price used in MATC,ah,安徽,2033,800,RMB/t,input-MR-demand.xlsx,Mat_Price,Mat_Price!A38:AP98 (ore rows A69:AP98)
matP[ore],Iron ore material price used in MATC,ah,安徽,2034,800,RMB/t,input-MR-demand.xlsx,Mat_Price,Mat_Price!A38:AP98 (ore rows A69:AP98)
matP[ore],Iron ore material price used in MATC,ah,安徽,2035,800,RMB/t,input-MR-demand.xlsx,Mat_Price,Mat_Price!A38:AP98 (ore rows A69:AP98)
matP[ore],Iron ore material price used in MATC,ah,安徽,2036,800,RMB/t,input-MR-demand.xlsx,Mat_Price,Mat_Price!A38:AP98 (ore rows A69:AP98)
matP[ore],Iron ore material price used in MATC,ah,安徽,2037,800,RMB/t,input-MR-demand.xlsx,Mat_Price,Mat_Price!A38:AP98 (ore rows A69:AP98)
matP[ore],Iron ore material price used in MATC,ah,安徽,2038,800,RMB/t,input-MR-demand.xlsx,Mat_Price,Mat_Price!A38:AP98 (ore rows A69:AP98)
matP[ore],Iron ore material price used in MATC,ah,安徽,2039,800,RMB/t,input-MR-demand.xlsx,Mat_Price,Mat_Price!A38:AP98 (ore rows A69:AP98)
matP[ore],Iron ore material price used in MATC,ah,安徽,2040,800,RMB/t,input-MR-demand.xlsx,Mat_Price,Mat_Price!A38:AP98 (ore rows A69:AP98)
matP[ore],Iron ore material price used in MATC,ah,安徽,2041,800,RMB/t,input-MR-demand.xlsx,Mat_Price,Mat_Price!A38:AP98 (ore rows A69:AP98)
matP[ore],Iron ore material price used in MATC,ah,安徽,2042,800,RMB/t,input-MR-demand.xlsx,Mat_Price,Mat_Price!A38:AP98 (ore rows A69:AP98)
matP[ore],Iron ore material price used in MATC,ah,安徽,2043,800,RMB/t,input-MR-demand.xlsx,Mat_Price,Mat_Price!A38:AP98 (ore rows A69:AP98)
matP[ore],Iron ore material price used in MATC,ah,安徽,2044,800,RMB/t,input-MR-demand.xlsx,Mat_Price,Mat_Price!A38:AP98 (ore rows A69:AP98)
matP[ore],Iron ore material price used in MATC,ah,安徽,2045,800,RMB/t,input-MR-demand.xlsx,Mat_Price,Mat_Price!A38:AP98 (ore rows A69:AP98)
matP[ore],Iron ore material price used in MATC,ah,安徽,2046,800,RMB/t,input-MR-demand.xlsx,Mat_Price,Mat_Price!A38:AP98 (ore rows A69:AP98)
matP[ore],Iron ore material price used in MATC,ah,安徽,2047,800,RMB/t,input-MR-demand.xlsx,Mat_Price,Mat_Price!A38:AP98 (ore rows A69:AP98)
matP[ore],Iron ore material price used in MATC,ah,安徽,2048,800,RMB/t,input-MR-demand.xlsx,Mat_Price,Mat_Price!A38:AP98 (ore rows A69:AP98)
matP[ore],Iron ore material price used in MATC,ah,安徽,2049,800,RMB/t,input-MR-demand.xlsx,Mat_Price,Mat_Price!A38:AP98 (ore rows A69:AP98)
matP[ore],Iron ore material price used in MATC,ah,安徽,2050,800,RMB/t,input-MR-demand.xlsx,Mat_Price,Mat_Price!A38:AP98 (ore rows A69:AP98)
matP[ore],Iron ore material price used in MATC,ah,安徽,2051,800,RMB/t,input-MR-demand.xlsx,Mat_Price,Mat_Price!A38:AP98 (ore rows A69:AP98)
matP[ore],Iron ore material price used in MATC,ah,安徽,2052,800,RMB/t,input-MR-demand.xlsx,Mat_Price,Mat_Price!A38:AP98 (ore rows A69:AP98)
matP[ore],Iron ore material price used in MATC,ah,安徽,2053,800,RMB/t,input-MR-demand.xlsx,Mat_Price,Mat_Price!A38:AP98 (ore rows A69:AP98)
matP[ore],Iron ore material price used in MATC,ah,安徽,2054,800,RMB/t,input-MR-demand.xlsx,Mat_Price,Mat_Price!A38:AP98 (ore rows A69:AP98)
matP[ore],Iron ore material price used in MATC,ah,安徽,2055,800,RMB/t,input-MR-demand.xlsx,Mat_Price,Mat_Price!A38:AP98 (ore rows A69:AP98)
matP[ore],Iron ore material price used in MATC,ah,安徽,2056,800,RMB/t,input-MR-demand.xlsx,Mat_Price,Mat_Price!A38:AP98 (ore rows A69:AP98)
matP[ore],Iron ore material price used in MATC,ah,安徽,2057,800,RMB/t,input-MR-demand.xlsx,Mat_Price,Mat_Price!A38:AP98 (ore rows A69:AP98)
matP[ore],Iron ore material price used in MATC,ah,安徽,2058,800,RMB/t,input-MR-demand.xlsx,Mat_Price,Mat_Price!A38:AP98 (ore rows A69:AP98)
matP[ore],Iron ore material price used in MATC,ah,安徽,2059,800,RMB/t,input-MR-demand.xlsx,Mat_Price,Mat_Price!A38:AP98 (ore rows A69:AP98)
matP[ore],Iron ore material price used in MATC,ah,安徽,2060,800,RMB/t,input-MR-demand.xlsx,Mat_Price,Mat_Price!A38:AP98 (ore rows A69:AP98)
matP[ore],Iron ore material price used in MATC,fj,福建,2021,800,RMB/t,input-MR-demand.xlsx,Mat_Price,Mat_Price!A38:AP98 (ore rows A69:AP98)
matP[ore],Iron ore material price used in MATC,fj,福建,2022,800,RMB/t,input-MR-demand.xlsx,Mat_Price,Mat_Price!A38:AP98 (ore rows A69:AP98)
matP[ore],Iron ore material price used in MATC,fj,福建,2023,800,RMB/t,input-MR-demand.xlsx,Mat_Price,Mat_Price!A38:AP98 (ore rows A69:AP98)
matP[ore],Iron ore material price used in MATC,fj,福建,2024,800,RMB/t,input-MR-demand.xlsx,Mat_Price,Mat_Price!A38:AP98 (ore rows A69:AP98)
matP[ore],Iron ore material price used in MATC,fj,福建,2025,800,RMB/t,input-MR-demand.xlsx,Mat_Price,Mat_Price!A38:AP98 (ore rows A69:AP98)
matP[ore],Iron ore material price used in MATC,fj,福建,2026,800,RMB/t,input-MR-demand.xlsx,Mat_Price,Mat_Price!A38:AP98 (ore rows A69:AP98)
matP[ore],Iron ore material price used in MATC,fj,福建,2027,800,RMB/t,input-MR-demand.xlsx,Mat_Price,Mat_Price!A38:AP98 (ore rows A69:AP98)
matP[ore],Iron ore material price used in MATC,fj,福建,2028,800,RMB/t,input-MR-demand.xlsx,Mat_Price,Mat_Price!A38:AP98 (ore rows A69:AP98)
matP[ore],Iron ore material price used in MATC,fj,福建,2029,800,RMB/t,input-MR-demand.xlsx,Mat_Price,Mat_Price!A38:AP98 (ore rows A69:AP98)
matP[ore],Iron ore material price used in MATC,fj,福建,2030,800,RMB/t,input-MR-demand.xlsx,Mat_Price,Mat_Price!A38:AP98 (ore rows A69:AP98)
matP[ore],Iron ore material price used in MATC,fj,福建,2031,800,RMB/t,input-MR-demand.xlsx,Mat_Price,Mat_Price!A38:AP98 (ore rows A69:AP98)
matP[ore],Iron ore material price used in MATC,fj,福建,2032,800,RMB/t,input-MR-demand.xlsx,Mat_Price,Mat_Price!A38:AP98 (ore rows A69:AP98)
matP[ore],Iron ore material price used in MATC,fj,福建,2033,800,RMB/t,input-MR-demand.xlsx,Mat_Price,Mat_Price!A38:AP98 (ore rows A69:AP98)
matP[ore],Iron ore material price used in MATC,fj,福建,2034,800,RMB/t,input-MR-demand.xlsx,Mat_Price,Mat_Price!A38:AP98 (ore rows A69:AP98)
matP[ore],Iron ore material price used in MATC,fj,福建,2035,800,RMB/t,input-MR-demand.xlsx,Mat_Price,Mat_Price!A38:AP98 (ore rows A69:AP98)
matP[ore],Iron ore material price used in MATC,fj,福建,2036,800,RMB/t,input-MR-demand.xlsx,Mat_Price,Mat_Price!A38:AP98 (ore rows A69:AP98)
matP[ore],Iron ore material price used in MATC,fj,福建,2037,800,RMB/t,input-MR-demand.xlsx,Mat_Price,Mat_Price!A38:AP98 (ore rows A69:AP98)
matP[ore],Iron ore material price used in MATC,fj,福建,2038,800,RMB/t,input-MR-demand.xlsx,Mat_Price,Mat_Price!A38:AP98 (ore rows A69:AP98)
matP[ore],Iron ore material price used in MATC,fj,福建,2039,800,RMB/t,input-MR-demand.xlsx,Mat_Price,Mat_Price!A38:AP98 (ore rows A69:AP98)
matP[ore],Iron ore material price used in MATC,fj,福建,2040,800,RMB/t,input-MR-demand.xlsx,Mat_Price,Mat_Price!A38:AP98 (ore rows A69:AP98)
matP[ore],Iron ore material price used in MATC,fj,福建,2041,800,RMB/t,input-MR-demand.xlsx,Mat_Price,Mat_Price!A38:AP98 (ore rows A69:AP98)
matP[ore],Iron ore material price used in MATC,fj,福建,2042,800,RMB/t,input-MR-demand.xlsx,Mat_Price,Mat_Price!A38:AP98 (ore rows A69:AP98)
matP[ore],Iron ore material price used in MATC,fj,福建,2043,800,RMB/t,input-MR-demand.xlsx,Mat_Price,Mat_Price!A38:AP98 (ore rows A69:AP98)
matP[ore],Iron ore material price used in MATC,fj,福建,2044,800,RMB/t,input-MR-demand.xlsx,Mat_Price,Mat_Price!A38:AP98 (ore rows A69:AP98)
matP[ore],Iron ore material price used in MATC,fj,福建,2045,800,RMB/t,input-MR-demand.xlsx,Mat_Price,Mat_Price!A38:AP98 (ore rows A69:AP98)
matP[ore],Iron ore material price used in MATC,fj,福建,2046,800,RMB/t,input-MR-demand.xlsx,Mat_Price,Mat_Price!A38:AP98 (ore rows A69:AP98)
matP[ore],Iron ore material price used in MATC,fj,福建,2047,800,RMB/t,input-MR-demand.xlsx,Mat_Price,Mat_Price!A38:AP98 (ore rows A69:AP98)
matP[ore],Iron ore material price used in MATC,fj,福建,2048,800,RMB/t,input-MR-demand.xlsx,Mat_Price,Mat_Price!A38:AP98 (ore rows A69:AP98)
matP[ore],Iron ore material price used in MATC,fj,福建,2049,800,RMB/t,input-MR-demand.xlsx,Mat_Price,Mat_Price!A38:AP98 (ore rows A69:AP98)
matP[ore],Iron ore material price used in MATC,fj,福建,2050,800,RMB/t,input-MR-demand.xlsx,Mat_Price,Mat_Price!A38:AP98 (ore rows A69:AP98)
matP[ore],Iron ore material price used in MATC,fj,福建,2051,800,RMB/t,input-MR-demand.xlsx,Mat_Price,Mat_Price!A38:AP98 (ore rows A69:AP98)
matP[ore],Iron ore material price used in MATC,fj,福建,2052,800,RMB/t,input-MR-demand.xlsx,Mat_Price,Mat_Price!A38:AP98 (ore rows A69:AP98)
matP[ore],Iron ore material price used in MATC,fj,福建,2053,800,RMB/t,input-MR-demand.xlsx,Mat_Price,Mat_Price!A38:AP98 (ore rows A69:AP98)
matP[ore],Iron ore material price used in MATC,fj,福建,2054,800,RMB/t,input-MR-demand.xlsx,Mat_Price,Mat_Price!A38:AP98 (ore rows A69:AP98)
matP[ore],Iron ore material price used in MATC,fj,福建,2055,800,RMB/t,input-MR-demand.xlsx,Mat_Price,Mat_Price!A38:AP98 (ore rows A69:AP98)
matP[ore],Iron ore material price used in MATC,fj,福建,2056,800,RMB/t,input-MR-demand.xlsx,Mat_Price,Mat_Price!A38:AP98 (ore rows A69:AP98)
matP[ore],Iron ore material price used in MATC,fj,福建,2057,800,RMB/t,input-MR-demand.xlsx,Mat_Price,Mat_Price!A38:AP98 (ore rows A69:AP98)
matP[ore],Iron ore material price used in MATC,fj,福建,2058,800,RMB/t,input-MR-demand.xlsx,Mat_Price,Mat_Price!A38:AP98 (ore rows A69:AP98)
matP[ore],Iron ore material price used in MATC,fj,福建,2059,800,RMB/t,input-MR-demand.xlsx,Mat_Price,Mat_Price!A38:AP98 (ore rows A69:AP98)
matP[ore],Iron ore material price used in MATC,fj,福建,2060,800,RMB/t,input-MR-demand.xlsx,Mat_Price,Mat_Price!A38:AP98 (ore rows A69:AP98)
matP[ore],Iron ore material price used in MATC,jx,江西,2021,800,RMB/t,input-MR-demand.xlsx,Mat_Price,Mat_Price!A38:AP98 (ore rows A69:AP98)
matP[ore],Iron ore material price used in MATC,jx,江西,2022,800,RMB/t,input-MR-demand.xlsx,Mat_Price,Mat_Price!A38:AP98 (ore rows A69:AP98)
matP[ore],Iron ore material price used in MATC,jx,江西,2023,800,RMB/t,input-MR-demand.xlsx,Mat_Price,Mat_Price!A38:AP98 (ore rows A69:AP98)
matP[ore],Iron ore material price used in MATC,jx,江西,2024,800,RMB/t,input-MR-demand.xlsx,Mat_Price,Mat_Price!A38:AP98 (ore rows A69:AP98)
matP[ore],Iron ore material price used in MATC,jx,江西,2025,800,RMB/t,input-MR-demand.xlsx,Mat_Price,Mat_Price!A38:AP98 (ore rows A69:AP98)
matP[ore],Iron ore material price used in MATC,jx,江西,2026,800,RMB/t,input-MR-demand.xlsx,Mat_Price,Mat_Price!A38:AP98 (ore rows A69:AP98)
matP[ore],Iron ore material price used in MATC,jx,江西,2027,800,RMB/t,input-MR-demand.xlsx,Mat_Price,Mat_Price!A38:AP98 (ore rows A69:AP98)
matP[ore],Iron ore material price used in MATC,jx,江西,2028,800,RMB/t,input-MR-demand.xlsx,Mat_Price,Mat_Price!A38:AP98 (ore rows A69:AP98)
matP[ore],Iron ore material price used in MATC,jx,江西,2029,800,RMB/t,input-MR-demand.xlsx,Mat_Price,Mat_Price!A38:AP98 (ore rows A69:AP98)
matP[ore],Iron ore material price used in MATC,jx,江西,2030,800,RMB/t,input-MR-demand.xlsx,Mat_Price,Mat_Price!A38:AP98 (ore rows A69:AP98)
matP[ore],Iron ore material price used in MATC,jx,江西,2031,800,RMB/t,input-MR-demand.xlsx,Mat_Price,Mat_Price!A38:AP98 (ore rows A69:AP98)
matP[ore],Iron ore material price used in MATC,jx,江西,2032,800,RMB/t,input-MR-demand.xlsx,Mat_Price,Mat_Price!A38:AP98 (ore rows A69:AP98)
matP[ore],Iron ore material price used in MATC,jx,江西,2033,800,RMB/t,input-MR-demand.xlsx,Mat_Price,Mat_Price!A38:AP98 (ore rows A69:AP98)
matP[ore],Iron ore material price used in MATC,jx,江西,2034,800,RMB/t,input-MR-demand.xlsx,Mat_Price,Mat_Price!A38:AP98 (ore rows A69:AP98)
matP[ore],Iron ore material price used in MATC,jx,江西,2035,800,RMB/t,input-MR-demand.xlsx,Mat_Price,Mat_Price!A38:AP98 (ore rows A69:AP98)
matP[ore],Iron ore material price used in MATC,jx,江西,2036,800,RMB/t,input-MR-demand.xlsx,Mat_Price,Mat_Price!A38:AP98 (ore rows A69:AP98)
matP[ore],Iron ore material price used in MATC,jx,江西,2037,800,RMB/t,input-MR-demand.xlsx,Mat_Price,Mat_Price!A38:AP98 (ore rows A69:AP98)
matP[ore],Iron ore material price used in MATC,jx,江西,2038,800,RMB/t,input-MR-demand.xlsx,Mat_Price,Mat_Price!A38:AP98 (ore rows A69:AP98)
matP[ore],Iron ore material price used in MATC,jx,江西,2039,800,RMB/t,input-MR-demand.xlsx,Mat_Price,Mat_Price!A38:AP98 (ore rows A69:AP98)
matP[ore],Iron ore material price used in MATC,jx,江西,2040,800,RMB/t,input-MR-demand.xlsx,Mat_Price,Mat_Price!A38:AP98 (ore rows A69:AP98)
matP[ore],Iron ore material price used in MATC,jx,江西,2041,800,RMB/t,input-MR-demand.xlsx,Mat_Price,Mat_Price!A38:AP98 (ore rows A69:AP98)
matP[ore],Iron ore material price used in MATC,jx,江西,2042,800,RMB/t,input-MR-demand.xlsx,Mat_Price,Mat_Price!A38:AP98 (ore rows A69:AP98)
matP[ore],Iron ore material price used in MATC,jx,江西,2043,800,RMB/t,input-MR-demand.xlsx,Mat_Price,Mat_Price!A38:AP98 (ore rows A69:AP98)
matP[ore],Iron ore material price used in MATC,jx,江西,2044,800,RMB/t,input-MR-demand.xlsx,Mat_Price,Mat_Price!A38:AP98 (ore rows A69:AP98)
matP[ore],Iron ore material price used in MATC,jx,江西,2045,800,RMB/t,input-MR-demand.xlsx,Mat_Price,Mat_Price!A38:AP98 (ore rows A69:AP98)
matP[ore],Iron ore material price used in MATC,jx,江西,2046,800,RMB/t,input-MR-demand.xlsx,Mat_Price,Mat_Price!A38:AP98 (ore rows A69:AP98)
matP[ore],Iron ore material price used in MATC,jx,江西,2047,800,RMB/t,input-MR-demand.xlsx,Mat_Price,Mat_Price!A38:AP98 (ore rows A69:AP98)
matP[ore],Iron ore material price used in MATC,jx,江西,2048,800,RMB/t,input-MR-demand.xlsx,Mat_Price,Mat_Price!A38:AP98 (ore rows A69:AP98)
matP[ore],Iron ore material price used in MATC,jx,江西,2049,800,RMB/t,input-MR-demand.xlsx,Mat_Price,Mat_Price!A38:AP98 (ore rows A69:AP98)
matP[ore],Iron ore material price used in MATC,jx,江西,2050,800,RMB/t,input-MR-demand.xlsx,Mat_Price,Mat_Price!A38:AP98 (ore rows A69:AP98)
matP[ore],Iron ore material price used in MATC,jx,江西,2051,800,RMB/t,input-MR-demand.xlsx,Mat_Price,Mat_Price!A38:AP98 (ore rows A69:AP98)
matP[ore],Iron ore material price used in MATC,jx,江西,2052,800,RMB/t,input-MR-demand.xlsx,Mat_Price,Mat_Price!A38:AP98 (ore rows A69:AP98)
matP[ore],Iron ore material price used in MATC,jx,江西,2053,800,RMB/t,input-MR-demand.xlsx,Mat_Price,Mat_Price!A38:AP98 (ore rows A69:AP98)
matP[ore],Iron ore material price used in MATC,jx,江西,2054,800,RMB/t,input-MR-demand.xlsx,Mat_Price,Mat_Price!A38:AP98 (ore rows A69:AP98)
matP[ore],Iron ore material price used in MATC,jx,江西,2055,800,RMB/t,input-MR-demand.xlsx,Mat_Price,Mat_Price!A38:AP98 (ore rows A69:AP98)
matP[ore],Iron ore material price used in MATC,jx,江西,2056,800,RMB/t,input-MR-demand.xlsx,Mat_Price,Mat_Price!A38:AP98 (ore rows A69:AP98)
matP[ore],Iron ore material price used in MATC,jx,江西,2057,800,RMB/t,input-MR-demand.xlsx,Mat_Price,Mat_Price!A38:AP98 (ore rows A69:AP98)
matP[ore],Iron ore material price used in MATC,jx,江西,2058,800,RMB/t,input-MR-demand.xlsx,Mat_Price,Mat_Price!A38:AP98 (ore rows A69:AP98)
matP[ore],Iron ore material price used in MATC,jx,江西,2059,800,RMB/t,input-MR-demand.xlsx,Mat_Price,Mat_Price!A38:AP98 (ore rows A69:AP98)
matP[ore],Iron ore material price used in MATC,jx,江西,2060,800,RMB/t,input-MR-demand.xlsx,Mat_Price,Mat_Price!A38:AP98 (ore rows A69:AP98)
matP[ore],Iron ore material price used in MATC,sd,山东,2021,800,RMB/t,input-MR-demand.xlsx,Mat_Price,Mat_Price!A38:AP98 (ore rows A69:AP98)
matP[ore],Iron ore material price used in MATC,sd,山东,2022,800,RMB/t,input-MR-demand.xlsx,Mat_Price,Mat_Price!A38:AP98 (ore rows A69:AP98)
matP[ore],Iron ore material price used in MATC,sd,山东,2023,800,RMB/t,input-MR-demand.xlsx,Mat_Price,Mat_Price!A38:AP98 (ore rows A69:AP98)
matP[ore],Iron ore material price used in MATC,sd,山东,2024,800,RMB/t,input-MR-demand.xlsx,Mat_Price,Mat_Price!A38:AP98 (ore rows A69:AP98)
matP[ore],Iron ore material price used in MATC,sd,山东,2025,800,RMB/t,input-MR-demand.xlsx,Mat_Price,Mat_Price!A38:AP98 (ore rows A69:AP98)
matP[ore],Iron ore material price used in MATC,sd,山东,2026,800,RMB/t,input-MR-demand.xlsx,Mat_Price,Mat_Price!A38:AP98 (ore rows A69:AP98)
matP[ore],Iron ore material price used in MATC,sd,山东,2027,800,RMB/t,input-MR-demand.xlsx,Mat_Price,Mat_Price!A38:AP98 (ore rows A69:AP98)
matP[ore],Iron ore material price used in MATC,sd,山东,2028,800,RMB/t,input-MR-demand.xlsx,Mat_Price,Mat_Price!A38:AP98 (ore rows A69:AP98)
matP[ore],Iron ore material price used in MATC,sd,山东,2029,800,RMB/t,input-MR-demand.xlsx,Mat_Price,Mat_Price!A38:AP98 (ore rows A69:AP98)
matP[ore],Iron ore material price used in MATC,sd,山东,2030,800,RMB/t,input-MR-demand.xlsx,Mat_Price,Mat_Price!A38:AP98 (ore rows A69:AP98)
matP[ore],Iron ore material price used in MATC,sd,山东,2031,800,RMB/t,input-MR-demand.xlsx,Mat_Price,Mat_Price!A38:AP98 (ore rows A69:AP98)
matP[ore],Iron ore material price used in MATC,sd,山东,2032,800,RMB/t,input-MR-demand.xlsx,Mat_Price,Mat_Price!A38:AP98 (ore rows A69:AP98)
matP[ore],Iron ore material price used in MATC,sd,山东,2033,800,RMB/t,input-MR-demand.xlsx,Mat_Price,Mat_Price!A38:AP98 (ore rows A69:AP98)
matP[ore],Iron ore material price used in MATC,sd,山东,2034,800,RMB/t,input-MR-demand.xlsx,Mat_Price,Mat_Price!A38:AP98 (ore rows A69:AP98)
matP[ore],Iron ore material price used in MATC,sd,山东,2035,800,RMB/t,input-MR-demand.xlsx,Mat_Price,Mat_Price!A38:AP98 (ore rows A69:AP98)
matP[ore],Iron ore material price used in MATC,sd,山东,2036,800,RMB/t,input-MR-demand.xlsx,Mat_Price,Mat_Price!A38:AP98 (ore rows A69:AP98)
matP[ore],Iron ore material price used in MATC,sd,山东,2037,800,RMB/t,input-MR-demand.xlsx,Mat_Price,Mat_Price!A38:AP98 (ore rows A69:AP98)
matP[ore],Iron ore material price used in MATC,sd,山东,2038,800,RMB/t,input-MR-demand.xlsx,Mat_Price,Mat_Price!A38:AP98 (ore rows A69:AP98)
matP[ore],Iron ore material price used in MATC,sd,山东,2039,800,RMB/t,input-MR-demand.xlsx,Mat_Price,Mat_Price!A38:AP98 (ore rows A69:AP98)
matP[ore],Iron ore material price used in MATC,sd,山东,2040,800,RMB/t,input-MR-demand.xlsx,Mat_Price,Mat_Price!A38:AP98 (ore rows A69:AP98)
matP[ore],Iron ore material price used in MATC,sd,山东,2041,800,RMB/t,input-MR-demand.xlsx,Mat_Price,Mat_Price!A38:AP98 (ore rows A69:AP98)
matP[ore],Iron ore material price used in MATC,sd,山东,2042,800,RMB/t,input-MR-demand.xlsx,Mat_Price,Mat_Price!A38:AP98 (ore rows A69:AP98)
matP[ore],Iron ore material price used in MATC,sd,山东,2043,800,RMB/t,input-MR-demand.xlsx,Mat_Price,Mat_Price!A38:AP98 (ore rows A69:AP98)
matP[ore],Iron ore material price used in MATC,sd,山东,2044,800,RMB/t,input-MR-demand.xlsx,Mat_Price,Mat_Price!A38:AP98 (ore rows A69:AP98)
matP[ore],Iron ore material price used in MATC,sd,山东,2045,800,RMB/t,input-MR-demand.xlsx,Mat_Price,Mat_Price!A38:AP98 (ore rows A69:AP98)
matP[ore],Iron ore material price used in MATC,sd,山东,2046,800,RMB/t,input-MR-demand.xlsx,Mat_Price,Mat_Price!A38:AP98 (ore rows A69:AP98)
matP[ore],Iron ore material price used in MATC,sd,山东,2047,800,RMB/t,input-MR-demand.xlsx,Mat_Price,Mat_Price!A38:AP98 (ore rows A69:AP98)
matP[ore],Iron ore material price used in MATC,sd,山东,2048,800,RMB/t,input-MR-demand.xlsx,Mat_Price,Mat_Price!A38:AP98 (ore rows A69:AP98)
matP[ore],Iron ore material price used in MATC,sd,山东,2049,800,RMB/t,input-MR-demand.xlsx,Mat_Price,Mat_Price!A38:AP98 (ore rows A69:AP98)
matP[ore],Iron ore material price used in MATC,sd,山东,2050,800,RMB/t,input-MR-demand.xlsx,Mat_Price,Mat_Price!A38:AP98 (ore rows A69:AP98)
matP[ore],Iron ore material price used in MATC,sd,山东,2051,800,RMB/t,input-MR-demand.xlsx,Mat_Price,Mat_Price!A38:AP98 (ore rows A69:AP98)
matP[ore],Iron ore material price used in MATC,sd,山东,2052,800,RMB/t,input-MR-demand.xlsx,Mat_Price,Mat_Price!A38:AP98 (ore rows A69:AP98)
matP[ore],Iron ore material price used in MATC,sd,山东,2053,800,RMB/t,input-MR-demand.xlsx,Mat_Price,Mat_Price!A38:AP98 (ore rows A69:AP98)
matP[ore],Iron ore material price used in MATC,sd,山东,2054,800,RMB/t,input-MR-demand.xlsx,Mat_Price,Mat_Price!A38:AP98 (ore rows A69:AP98)
matP[ore],Iron ore material price used in MATC,sd,山东,2055,800,RMB/t,input-MR-demand.xlsx,Mat_Price,Mat_Price!A38:AP98 (ore rows A69:AP98)
matP[ore],Iron ore material price used in MATC,sd,山东,2056,800,RMB/t,input-MR-demand.xlsx,Mat_Price,Mat_Price!A38:AP98 (ore rows A69:AP98)
matP[ore],Iron ore material price used in MATC,sd,山东,2057,800,RMB/t,input-MR-demand.xlsx,Mat_Price,Mat_Price!A38:AP98 (ore rows A69:AP98)
matP[ore],Iron ore material price used in MATC,sd,山东,2058,800,RMB/t,input-MR-demand.xlsx,Mat_Price,Mat_Price!A38:AP98 (ore rows A69:AP98)
matP[ore],Iron ore material price used in MATC,sd,山东,2059,800,RMB/t,input-MR-demand.xlsx,Mat_Price,Mat_Price!A38:AP98 (ore rows A69:AP98)
matP[ore],Iron ore material price used in MATC,sd,山东,2060,800,RMB/t,input-MR-demand.xlsx,Mat_Price,Mat_Price!A38:AP98 (ore rows A69:AP98)
matP[ore],Iron ore material price used in MATC,ha,河南,2021,800,RMB/t,input-MR-demand.xlsx,Mat_Price,Mat_Price!A38:AP98 (ore rows A69:AP98)
matP[ore],Iron ore material price used in MATC,ha,河南,2022,800,RMB/t,input-MR-demand.xlsx,Mat_Price,Mat_Price!A38:AP98 (ore rows A69:AP98)
matP[ore],Iron ore material price used in MATC,ha,河南,2023,800,RMB/t,input-MR-demand.xlsx,Mat_Price,Mat_Price!A38:AP98 (ore rows A69:AP98)
matP[ore],Iron ore material price used in MATC,ha,河南,2024,800,RMB/t,input-MR-demand.xlsx,Mat_Price,Mat_Price!A38:AP98 (ore rows A69:AP98)
matP[ore],Iron ore material price used in MATC,ha,河南,2025,800,RMB/t,input-MR-demand.xlsx,Mat_Price,Mat_Price!A38:AP98 (ore rows A69:AP98)
matP[ore],Iron ore material price used in MATC,ha,河南,2026,800,RMB/t,input-MR-demand.xlsx,Mat_Price,Mat_Price!A38:AP98 (ore rows A69:AP98)
matP[ore],Iron ore material price used in MATC,ha,河南,2027,800,RMB/t,input-MR-demand.xlsx,Mat_Price,Mat_Price!A38:AP98 (ore rows A69:AP98)
matP[ore],Iron ore material price used in MATC,ha,河南,2028,800,RMB/t,input-MR-demand.xlsx,Mat_Price,Mat_Price!A38:AP98 (ore rows A69:AP98)
matP[ore],Iron ore material price used in MATC,ha,河南,2029,800,RMB/t,input-MR-demand.xlsx,Mat_Price,Mat_Price!A38:AP98 (ore rows A69:AP98)
matP[ore],Iron ore material price used in MATC,ha,河南,2030,800,RMB/t,input-MR-demand.xlsx,Mat_Price,Mat_Price!A38:AP98 (ore rows A69:AP98)
matP[ore],Iron ore material price used in MATC,ha,河南,2031,800,RMB/t,input-MR-demand.xlsx,Mat_Price,Mat_Price!A38:AP98 (ore rows A69:AP98)
matP[ore],Iron ore material price used in MATC,ha,河南,2032,800,RMB/t,input-MR-demand.xlsx,Mat_Price,Mat_Price!A38:AP98 (ore rows A69:AP98)
matP[ore],Iron ore material price used in MATC,ha,河南,2033,800,RMB/t,input-MR-demand.xlsx,Mat_Price,Mat_Price!A38:AP98 (ore rows A69:AP98)
matP[ore],Iron ore material price used in MATC,ha,河南,2034,800,RMB/t,input-MR-demand.xlsx,Mat_Price,Mat_Price!A38:AP98 (ore rows A69:AP98)
matP[ore],Iron ore material price used in MATC,ha,河南,2035,800,RMB/t,input-MR-demand.xlsx,Mat_Price,Mat_Price!A38:AP98 (ore rows A69:AP98)
matP[ore],Iron ore material price used in MATC,ha,河南,2036,800,RMB/t,input-MR-demand.xlsx,Mat_Price,Mat_Price!A38:AP98 (ore rows A69:AP98)
matP[ore],Iron ore material price used in MATC,ha,河南,2037,800,RMB/t,input-MR-demand.xlsx,Mat_Price,Mat_Price!A38:AP98 (ore rows A69:AP98)
matP[ore],Iron ore material price used in MATC,ha,河南,2038,800,RMB/t,input-MR-demand.xlsx,Mat_Price,Mat_Price!A38:AP98 (ore rows A69:AP98)
matP[ore],Iron ore material price used in MATC,ha,河南,2039,800,RMB/t,input-MR-demand.xlsx,Mat_Price,Mat_Price!A38:AP98 (ore rows A69:AP98)
matP[ore],Iron ore material price used in MATC,ha,河南,2040,800,RMB/t,input-MR-demand.xlsx,Mat_Price,Mat_Price!A38:AP98 (ore rows A69:AP98)
matP[ore],Iron ore material price used in MATC,ha,河南,2041,800,RMB/t,input-MR-demand.xlsx,Mat_Price,Mat_Price!A38:AP98 (ore rows A69:AP98)
matP[ore],Iron ore material price used in MATC,ha,河南,2042,800,RMB/t,input-MR-demand.xlsx,Mat_Price,Mat_Price!A38:AP98 (ore rows A69:AP98)
matP[ore],Iron ore material price used in MATC,ha,河南,2043,800,RMB/t,input-MR-demand.xlsx,Mat_Price,Mat_Price!A38:AP98 (ore rows A69:AP98)
matP[ore],Iron ore material price used in MATC,ha,河南,2044,800,RMB/t,input-MR-demand.xlsx,Mat_Price,Mat_Price!A38:AP98 (ore rows A69:AP98)
matP[ore],Iron ore material price used in MATC,ha,河南,2045,800,RMB/t,input-MR-demand.xlsx,Mat_Price,Mat_Price!A38:AP98 (ore rows A69:AP98)
matP[ore],Iron ore material price used in MATC,ha,河南,2046,800,RMB/t,input-MR-demand.xlsx,Mat_Price,Mat_Price!A38:AP98 (ore rows A69:AP98)
matP[ore],Iron ore material price used in MATC,ha,河南,2047,800,RMB/t,input-MR-demand.xlsx,Mat_Price,Mat_Price!A38:AP98 (ore rows A69:AP98)
matP[ore],Iron ore material price used in MATC,ha,河南,2048,800,RMB/t,input-MR-demand.xlsx,Mat_Price,Mat_Price!A38:AP98 (ore rows A69:AP98)
matP[ore],Iron ore material price used in MATC,ha,河南,2049,800,RMB/t,input-MR-demand.xlsx,Mat_Price,Mat_Price!A38:AP98 (ore rows A69:AP98)
matP[ore],Iron ore material price used in MATC,ha,河南,2050,800,RMB/t,input-MR-demand.xlsx,Mat_Price,Mat_Price!A38:AP98 (ore rows A69:AP98)
matP[ore],Iron ore material price used in MATC,ha,河南,2051,800,RMB/t,input-MR-demand.xlsx,Mat_Price,Mat_Price!A38:AP98 (ore rows A69:AP98)
matP[ore],Iron ore material price used in MATC,ha,河南,2052,800,RMB/t,input-MR-demand.xlsx,Mat_Price,Mat_Price!A38:AP98 (ore rows A69:AP98)
matP[ore],Iron ore material price used in MATC,ha,河南,2053,800,RMB/t,input-MR-demand.xlsx,Mat_Price,Mat_Price!A38:AP98 (ore rows A69:AP98)
matP[ore],Iron ore material price used in MATC,ha,河南,2054,800,RMB/t,input-MR-demand.xlsx,Mat_Price,Mat_Price!A38:AP98 (ore rows A69:AP98)
matP[ore],Iron ore material price used in MATC,ha,河南,2055,800,RMB/t,input-MR-demand.xlsx,Mat_Price,Mat_Price!A38:AP98 (ore rows A69:AP98)
matP[ore],Iron ore material price used in MATC,ha,河南,2056,800,RMB/t,input-MR-demand.xlsx,Mat_Price,Mat_Price!A38:AP98 (ore rows A69:AP98)
matP[ore],Iron ore material price used in MATC,ha,河南,2057,800,RMB/t,input-MR-demand.xlsx,Mat_Price,Mat_Price!A38:AP98 (ore rows A69:AP98)
matP[ore],Iron ore material price used in MATC,ha,河南,2058,800,RMB/t,input-MR-demand.xlsx,Mat_Price,Mat_Price!A38:AP98 (ore rows A69:AP98)
matP[ore],Iron ore material price used in MATC,ha,河南,2059,800,RMB/t,input-MR-demand.xlsx,Mat_Price,Mat_Price!A38:AP98 (ore rows A69:AP98)
matP[ore],Iron ore material price used in MATC,ha,河南,2060,800,RMB/t,input-MR-demand.xlsx,Mat_Price,Mat_Price!A38:AP98 (ore rows A69:AP98)
matP[ore],Iron ore material price used in MATC,hb,湖北,2021,800,RMB/t,input-MR-demand.xlsx,Mat_Price,Mat_Price!A38:AP98 (ore rows A69:AP98)
matP[ore],Iron ore material price used in MATC,hb,湖北,2022,800,RMB/t,input-MR-demand.xlsx,Mat_Price,Mat_Price!A38:AP98 (ore rows A69:AP98)
matP[ore],Iron ore material price used in MATC,hb,湖北,2023,800,RMB/t,input-MR-demand.xlsx,Mat_Price,Mat_Price!A38:AP98 (ore rows A69:AP98)
matP[ore],Iron ore material price used in MATC,hb,湖北,2024,800,RMB/t,input-MR-demand.xlsx,Mat_Price,Mat_Price!A38:AP98 (ore rows A69:AP98)
matP[ore],Iron ore material price used in MATC,hb,湖北,2025,800,RMB/t,input-MR-demand.xlsx,Mat_Price,Mat_Price!A38:AP98 (ore rows A69:AP98)
matP[ore],Iron ore material price used in MATC,hb,湖北,2026,800,RMB/t,input-MR-demand.xlsx,Mat_Price,Mat_Price!A38:AP98 (ore rows A69:AP98)
matP[ore],Iron ore material price used in MATC,hb,湖北,2027,800,RMB/t,input-MR-demand.xlsx,Mat_Price,Mat_Price!A38:AP98 (ore rows A69:AP98)
matP[ore],Iron ore material price used in MATC,hb,湖北,2028,800,RMB/t,input-MR-demand.xlsx,Mat_Price,Mat_Price!A38:AP98 (ore rows A69:AP98)
matP[ore],Iron ore material price used in MATC,hb,湖北,2029,800,RMB/t,input-MR-demand.xlsx,Mat_Price,Mat_Price!A38:AP98 (ore rows A69:AP98)
matP[ore],Iron ore material price used in MATC,hb,湖北,2030,800,RMB/t,input-MR-demand.xlsx,Mat_Price,Mat_Price!A38:AP98 (ore rows A69:AP98)
matP[ore],Iron ore material price used in MATC,hb,湖北,2031,800,RMB/t,input-MR-demand.xlsx,Mat_Price,Mat_Price!A38:AP98 (ore rows A69:AP98)
matP[ore],Iron ore material price used in MATC,hb,湖北,2032,800,RMB/t,input-MR-demand.xlsx,Mat_Price,Mat_Price!A38:AP98 (ore rows A69:AP98)
matP[ore],Iron ore material price used in MATC,hb,湖北,2033,800,RMB/t,input-MR-demand.xlsx,Mat_Price,Mat_Price!A38:AP98 (ore rows A69:AP98)
matP[ore],Iron ore material price used in MATC,hb,湖北,2034,800,RMB/t,input-MR-demand.xlsx,Mat_Price,Mat_Price!A38:AP98 (ore rows A69:AP98)
matP[ore],Iron ore material price used in MATC,hb,湖北,2035,800,RMB/t,input-MR-demand.xlsx,Mat_Price,Mat_Price!A38:AP98 (ore rows A69:AP98)
matP[ore],Iron ore material price used in MATC,hb,湖北,2036,800,RMB/t,input-MR-demand.xlsx,Mat_Price,Mat_Price!A38:AP98 (ore rows A69:AP98)
matP[ore],Iron ore material price used in MATC,hb,湖北,2037,800,RMB/t,input-MR-demand.xlsx,Mat_Price,Mat_Price!A38:AP98 (ore rows A69:AP98)
matP[ore],Iron ore material price used in MATC,hb,湖北,2038,800,RMB/t,input-MR-demand.xlsx,Mat_Price,Mat_Price!A38:AP98 (ore rows A69:AP98)
matP[ore],Iron ore material price used in MATC,hb,湖北,2039,800,RMB/t,input-MR-demand.xlsx,Mat_Price,Mat_Price!A38:AP98 (ore rows A69:AP98)
matP[ore],Iron ore material price used in MATC,hb,湖北,2040,800,RMB/t,input-MR-demand.xlsx,Mat_Price,Mat_Price!A38:AP98 (ore rows A69:AP98)
matP[ore],Iron ore material price used in MATC,hb,湖北,2041,800,RMB/t,input-MR-demand.xlsx,Mat_Price,Mat_Price!A38:AP98 (ore rows A69:AP98)
matP[ore],Iron ore material price used in MATC,hb,湖北,2042,800,RMB/t,input-MR-demand.xlsx,Mat_Price,Mat_Price!A38:AP98 (ore rows A69:AP98)
matP[ore],Iron ore material price used in MATC,hb,湖北,2043,800,RMB/t,input-MR-demand.xlsx,Mat_Price,Mat_Price!A38:AP98 (ore rows A69:AP98)
matP[ore],Iron ore material price used in MATC,hb,湖北,2044,800,RMB/t,input-MR-demand.xlsx,Mat_Price,Mat_Price!A38:AP98 (ore rows A69:AP98)
matP[ore],Iron ore material price used in MATC,hb,湖北,2045,800,RMB/t,input-MR-demand.xlsx,Mat_Price,Mat_Price!A38:AP98 (ore rows A69:AP98)
matP[ore],Iron ore material price used in MATC,hb,湖北,2046,800,RMB/t,input-MR-demand.xlsx,Mat_Price,Mat_Price!A38:AP98 (ore rows A69:AP98)
matP[ore],Iron ore material price used in MATC,hb,湖北,2047,800,RMB/t,input-MR-demand.xlsx,Mat_Price,Mat_Price!A38:AP98 (ore rows A69:AP98)
matP[ore],Iron ore material price used in MATC,hb,湖北,2048,800,RMB/t,input-MR-demand.xlsx,Mat_Price,Mat_Price!A38:AP98 (ore rows A69:AP98)
matP[ore],Iron ore material price used in MATC,hb,湖北,2049,800,RMB/t,input-MR-demand.xlsx,Mat_Price,Mat_Price!A38:AP98 (ore rows A69:AP98)
matP[ore],Iron ore material price used in MATC,hb,湖北,2050,800,RMB/t,input-MR-demand.xlsx,Mat_Price,Mat_Price!A38:AP98 (ore rows A69:AP98)
matP[ore],Iron ore material price used in MATC,hb,湖北,2051,800,RMB/t,input-MR-demand.xlsx,Mat_Price,Mat_Price!A38:AP98 (ore rows A69:AP98)
matP[ore],Iron ore material price used in MATC,hb,湖北,2052,800,RMB/t,input-MR-demand.xlsx,Mat_Price,Mat_Price!A38:AP98 (ore rows A69:AP98)
matP[ore],Iron ore material price used in MATC,hb,湖北,2053,800,RMB/t,input-MR-demand.xlsx,Mat_Price,Mat_Price!A38:AP98 (ore rows A69:AP98)
matP[ore],Iron ore material price used in MATC,hb,湖北,2054,800,RMB/t,input-MR-demand.xlsx,Mat_Price,Mat_Price!A38:AP98 (ore rows A69:AP98)
matP[ore],Iron ore material price used in MATC,hb,湖北,2055,800,RMB/t,input-MR-demand.xlsx,Mat_Price,Mat_Price!A38:AP98 (ore rows A69:AP98)
matP[ore],Iron ore material price used in MATC,hb,湖北,2056,800,RMB/t,input-MR-demand.xlsx,Mat_Price,Mat_Price!A38:AP98 (ore rows A69:AP98)
matP[ore],Iron ore material price used in MATC,hb,湖北,2057,800,RMB/t,input-MR-demand.xlsx,Mat_Price,Mat_Price!A38:AP98 (ore rows A69:AP98)
matP[ore],Iron ore material price used in MATC,hb,湖北,2058,800,RMB/t,input-MR-demand.xlsx,Mat_Price,Mat_Price!A38:AP98 (ore rows A69:AP98)
matP[ore],Iron ore material price used in MATC,hb,湖北,2059,800,RMB/t,input-MR-demand.xlsx,Mat_Price,Mat_Price!A38:AP98 (ore rows A69:AP98)
matP[ore],Iron ore material price used in MATC,hb,湖北,2060,800,RMB/t,input-MR-demand.xlsx,Mat_Price,Mat_Price!A38:AP98 (ore rows A69:AP98)
matP[ore],Iron ore material price used in MATC,hn,湖南,2021,800,RMB/t,input-MR-demand.xlsx,Mat_Price,Mat_Price!A38:AP98 (ore rows A69:AP98)
matP[ore],Iron ore material price used in MATC,hn,湖南,2022,800,RMB/t,input-MR-demand.xlsx,Mat_Price,Mat_Price!A38:AP98 (ore rows A69:AP98)
matP[ore],Iron ore material price used in MATC,hn,湖南,2023,800,RMB/t,input-MR-demand.xlsx,Mat_Price,Mat_Price!A38:AP98 (ore rows A69:AP98)
matP[ore],Iron ore material price used in MATC,hn,湖南,2024,800,RMB/t,input-MR-demand.xlsx,Mat_Price,Mat_Price!A38:AP98 (ore rows A69:AP98)
matP[ore],Iron ore material price used in MATC,hn,湖南,2025,800,RMB/t,input-MR-demand.xlsx,Mat_Price,Mat_Price!A38:AP98 (ore rows A69:AP98)
matP[ore],Iron ore material price used in MATC,hn,湖南,2026,800,RMB/t,input-MR-demand.xlsx,Mat_Price,Mat_Price!A38:AP98 (ore rows A69:AP98)
matP[ore],Iron ore material price used in MATC,hn,湖南,2027,800,RMB/t,input-MR-demand.xlsx,Mat_Price,Mat_Price!A38:AP98 (ore rows A69:AP98)
matP[ore],Iron ore material price used in MATC,hn,湖南,2028,800,RMB/t,input-MR-demand.xlsx,Mat_Price,Mat_Price!A38:AP98 (ore rows A69:AP98)
matP[ore],Iron ore material price used in MATC,hn,湖南,2029,800,RMB/t,input-MR-demand.xlsx,Mat_Price,Mat_Price!A38:AP98 (ore rows A69:AP98)
matP[ore],Iron ore material price used in MATC,hn,湖南,2030,800,RMB/t,input-MR-demand.xlsx,Mat_Price,Mat_Price!A38:AP98 (ore rows A69:AP98)
matP[ore],Iron ore material price used in MATC,hn,湖南,2031,800,RMB/t,input-MR-demand.xlsx,Mat_Price,Mat_Price!A38:AP98 (ore rows A69:AP98)
matP[ore],Iron ore material price used in MATC,hn,湖南,2032,800,RMB/t,input-MR-demand.xlsx,Mat_Price,Mat_Price!A38:AP98 (ore rows A69:AP98)
matP[ore],Iron ore material price used in MATC,hn,湖南,2033,800,RMB/t,input-MR-demand.xlsx,Mat_Price,Mat_Price!A38:AP98 (ore rows A69:AP98)
matP[ore],Iron ore material price used in MATC,hn,湖南,2034,800,RMB/t,input-MR-demand.xlsx,Mat_Price,Mat_Price!A38:AP98 (ore rows A69:AP98)
matP[ore],Iron ore material price used in MATC,hn,湖南,2035,800,RMB/t,input-MR-demand.xlsx,Mat_Price,Mat_Price!A38:AP98 (ore rows A69:AP98)
matP[ore],Iron ore material price used in MATC,hn,湖南,2036,800,RMB/t,input-MR-demand.xlsx,Mat_Price,Mat_Price!A38:AP98 (ore rows A69:AP98)
matP[ore],Iron ore material price used in MATC,hn,湖南,2037,800,RMB/t,input-MR-demand.xlsx,Mat_Price,Mat_Price!A38:AP98 (ore rows A69:AP98)
matP[ore],Iron ore material price used in MATC,hn,湖南,2038,800,RMB/t,input-MR-demand.xlsx,Mat_Price,Mat_Price!A38:AP98 (ore rows A69:AP98)
matP[ore],Iron ore material price used in MATC,hn,湖南,2039,800,RMB/t,input-MR-demand.xlsx,Mat_Price,Mat_Price!A38:AP98 (ore rows A69:AP98)
matP[ore],Iron ore material price used in MATC,hn,湖南,2040,800,RMB/t,input-MR-demand.xlsx,Mat_Price,Mat_Price!A38:AP98 (ore rows A69:AP98)
matP[ore],Iron ore material price used in MATC,hn,湖南,2041,800,RMB/t,input-MR-demand.xlsx,Mat_Price,Mat_Price!A38:AP98 (ore rows A69:AP98)
matP[ore],Iron ore material price used in MATC,hn,湖南,2042,800,RMB/t,input-MR-demand.xlsx,Mat_Price,Mat_Price!A38:AP98 (ore rows A69:AP98)
matP[ore],Iron ore material price used in MATC,hn,湖南,2043,800,RMB/t,input-MR-demand.xlsx,Mat_Price,Mat_Price!A38:AP98 (ore rows A69:AP98)
matP[ore],Iron ore material price used in MATC,hn,湖南,2044,800,RMB/t,input-MR-demand.xlsx,Mat_Price,Mat_Price!A38:AP98 (ore rows A69:AP98)
matP[ore],Iron ore material price used in MATC,hn,湖南,2045,800,RMB/t,input-MR-demand.xlsx,Mat_Price,Mat_Price!A38:AP98 (ore rows A69:AP98)
matP[ore],Iron ore material price used in MATC,hn,湖南,2046,800,RMB/t,input-MR-demand.xlsx,Mat_Price,Mat_Price!A38:AP98 (ore rows A69:AP98)
matP[ore],Iron ore material price used in MATC,hn,湖南,2047,800,RMB/t,input-MR-demand.xlsx,Mat_Price,Mat_Price!A38:AP98 (ore rows A69:AP98)
matP[ore],Iron ore material price used in MATC,hn,湖南,2048,800,RMB/t,input-MR-demand.xlsx,Mat_Price,Mat_Price!A38:AP98 (ore rows A69:AP98)
matP[ore],Iron ore material price used in MATC,hn,湖南,2049,800,RMB/t,input-MR-demand.xlsx,Mat_Price,Mat_Price!A38:AP98 (ore rows A69:AP98)
matP[ore],Iron ore material price used in MATC,hn,湖南,2050,800,RMB/t,input-MR-demand.xlsx,Mat_Price,Mat_Price!A38:AP98 (ore rows A69:AP98)
matP[ore],Iron ore material price used in MATC,hn,湖南,2051,800,RMB/t,input-MR-demand.xlsx,Mat_Price,Mat_Price!A38:AP98 (ore rows A69:AP98)
matP[ore],Iron ore material price used in MATC,hn,湖南,2052,800,RMB/t,input-MR-demand.xlsx,Mat_Price,Mat_Price!A38:AP98 (ore rows A69:AP98)
matP[ore],Iron ore material price used in MATC,hn,湖南,2053,800,RMB/t,input-MR-demand.xlsx,Mat_Price,Mat_Price!A38:AP98 (ore rows A69:AP98)
matP[ore],Iron ore material price used in MATC,hn,湖南,2054,800,RMB/t,input-MR-demand.xlsx,Mat_Price,Mat_Price!A38:AP98 (ore rows A69:AP98)
matP[ore],Iron ore material price used in MATC,hn,湖南,2055,800,RMB/t,input-MR-demand.xlsx,Mat_Price,Mat_Price!A38:AP98 (ore rows A69:AP98)
matP[ore],Iron ore material price used in MATC,hn,湖南,2056,800,RMB/t,input-MR-demand.xlsx,Mat_Price,Mat_Price!A38:AP98 (ore rows A69:AP98)
matP[ore],Iron ore material price used in MATC,hn,湖南,2057,800,RMB/t,input-MR-demand.xlsx,Mat_Price,Mat_Price!A38:AP98 (ore rows A69:AP98)
matP[ore],Iron ore material price used in MATC,hn,湖南,2058,800,RMB/t,input-MR-demand.xlsx,Mat_Price,Mat_Price!A38:AP98 (ore rows A69:AP98)
matP[ore],Iron ore material price used in MATC,hn,湖南,2059,800,RMB/t,input-MR-demand.xlsx,Mat_Price,Mat_Price!A38:AP98 (ore rows A69:AP98)
matP[ore],Iron ore material price used in MATC,hn,湖南,2060,800,RMB/t,input-MR-demand.xlsx,Mat_Price,Mat_Price!A38:AP98 (ore rows A69:AP98)
matP[ore],Iron ore material price used in MATC,gd,广东,2021,800,RMB/t,input-MR-demand.xlsx,Mat_Price,Mat_Price!A38:AP98 (ore rows A69:AP98)
matP[ore],Iron ore material price used in MATC,gd,广东,2022,800,RMB/t,input-MR-demand.xlsx,Mat_Price,Mat_Price!A38:AP98 (ore rows A69:AP98)
matP[ore],Iron ore material price used in MATC,gd,广东,2023,800,RMB/t,input-MR-demand.xlsx,Mat_Price,Mat_Price!A38:AP98 (ore rows A69:AP98)
matP[ore],Iron ore material price used in MATC,gd,广东,2024,800,RMB/t,input-MR-demand.xlsx,Mat_Price,Mat_Price!A38:AP98 (ore rows A69:AP98)
matP[ore],Iron ore material price used in MATC,gd,广东,2025,800,RMB/t,input-MR-demand.xlsx,Mat_Price,Mat_Price!A38:AP98 (ore rows A69:AP98)
matP[ore],Iron ore material price used in MATC,gd,广东,2026,800,RMB/t,input-MR-demand.xlsx,Mat_Price,Mat_Price!A38:AP98 (ore rows A69:AP98)
matP[ore],Iron ore material price used in MATC,gd,广东,2027,800,RMB/t,input-MR-demand.xlsx,Mat_Price,Mat_Price!A38:AP98 (ore rows A69:AP98)
matP[ore],Iron ore material price used in MATC,gd,广东,2028,800,RMB/t,input-MR-demand.xlsx,Mat_Price,Mat_Price!A38:AP98 (ore rows A69:AP98)
matP[ore],Iron ore material price used in MATC,gd,广东,2029,800,RMB/t,input-MR-demand.xlsx,Mat_Price,Mat_Price!A38:AP98 (ore rows A69:AP98)
matP[ore],Iron ore material price used in MATC,gd,广东,2030,800,RMB/t,input-MR-demand.xlsx,Mat_Price,Mat_Price!A38:AP98 (ore rows A69:AP98)
matP[ore],Iron ore material price used in MATC,gd,广东,2031,800,RMB/t,input-MR-demand.xlsx,Mat_Price,Mat_Price!A38:AP98 (ore rows A69:AP98)
matP[ore],Iron ore material price used in MATC,gd,广东,2032,800,RMB/t,input-MR-demand.xlsx,Mat_Price,Mat_Price!A38:AP98 (ore rows A69:AP98)
matP[ore],Iron ore material price used in MATC,gd,广东,2033,800,RMB/t,input-MR-demand.xlsx,Mat_Price,Mat_Price!A38:AP98 (ore rows A69:AP98)
matP[ore],Iron ore material price used in MATC,gd,广东,2034,800,RMB/t,input-MR-demand.xlsx,Mat_Price,Mat_Price!A38:AP98 (ore rows A69:AP98)
matP[ore],Iron ore material price used in MATC,gd,广东,2035,800,RMB/t,input-MR-demand.xlsx,Mat_Price,Mat_Price!A38:AP98 (ore rows A69:AP98)
matP[ore],Iron ore material price used in MATC,gd,广东,2036,800,RMB/t,input-MR-demand.xlsx,Mat_Price,Mat_Price!A38:AP98 (ore rows A69:AP98)
matP[ore],Iron ore material price used in MATC,gd,广东,2037,800,RMB/t,input-MR-demand.xlsx,Mat_Price,Mat_Price!A38:AP98 (ore rows A69:AP98)
matP[ore],Iron ore material price used in MATC,gd,广东,2038,800,RMB/t,input-MR-demand.xlsx,Mat_Price,Mat_Price!A38:AP98 (ore rows A69:AP98)
matP[ore],Iron ore material price used in MATC,gd,广东,2039,800,RMB/t,input-MR-demand.xlsx,Mat_Price,Mat_Price!A38:AP98 (ore rows A69:AP98)
matP[ore],Iron ore material price used in MATC,gd,广东,2040,800,RMB/t,input-MR-demand.xlsx,Mat_Price,Mat_Price!A38:AP98 (ore rows A69:AP98)
matP[ore],Iron ore material price used in MATC,gd,广东,2041,800,RMB/t,input-MR-demand.xlsx,Mat_Price,Mat_Price!A38:AP98 (ore rows A69:AP98)
matP[ore],Iron ore material price used in MATC,gd,广东,2042,800,RMB/t,input-MR-demand.xlsx,Mat_Price,Mat_Price!A38:AP98 (ore rows A69:AP98)
matP[ore],Iron ore material price used in MATC,gd,广东,2043,800,RMB/t,input-MR-demand.xlsx,Mat_Price,Mat_Price!A38:AP98 (ore rows A69:AP98)
matP[ore],Iron ore material price used in MATC,gd,广东,2044,800,RMB/t,input-MR-demand.xlsx,Mat_Price,Mat_Price!A38:AP98 (ore rows A69:AP98)
matP[ore],Iron ore material price used in MATC,gd,广东,2045,800,RMB/t,input-MR-demand.xlsx,Mat_Price,Mat_Price!A38:AP98 (ore rows A69:AP98)
matP[ore],Iron ore material price used in MATC,gd,广东,2046,800,RMB/t,input-MR-demand.xlsx,Mat_Price,Mat_Price!A38:AP98 (ore rows A69:AP98)
matP[ore],Iron ore material price used in MATC,gd,广东,2047,800,RMB/t,input-MR-demand.xlsx,Mat_Price,Mat_Price!A38:AP98 (ore rows A69:AP98)
matP[ore],Iron ore material price used in MATC,gd,广东,2048,800,RMB/t,input-MR-demand.xlsx,Mat_Price,Mat_Price!A38:AP98 (ore rows A69:AP98)
matP[ore],Iron ore material price used in MATC,gd,广东,2049,800,RMB/t,input-MR-demand.xlsx,Mat_Price,Mat_Price!A38:AP98 (ore rows A69:AP98)
matP[ore],Iron ore material price used in MATC,gd,广东,2050,800,RMB/t,input-MR-demand.xlsx,Mat_Price,Mat_Price!A38:AP98 (ore rows A69:AP98)
matP[ore],Iron ore material price used in MATC,gd,广东,2051,800,RMB/t,input-MR-demand.xlsx,Mat_Price,Mat_Price!A38:AP98 (ore rows A69:AP98)
matP[ore],Iron ore material price used in MATC,gd,广东,2052,800,RMB/t,input-MR-demand.xlsx,Mat_Price,Mat_Price!A38:AP98 (ore rows A69:AP98)
matP[ore],Iron ore material price used in MATC,gd,广东,2053,800,RMB/t,input-MR-demand.xlsx,Mat_Price,Mat_Price!A38:AP98 (ore rows A69:AP98)
matP[ore],Iron ore material price used in MATC,gd,广东,2054,800,RMB/t,input-MR-demand.xlsx,Mat_Price,Mat_Price!A38:AP98 (ore rows A69:AP98)
matP[ore],Iron ore material price used in MATC,gd,广东,2055,800,RMB/t,input-MR-demand.xlsx,Mat_Price,Mat_Price!A38:AP98 (ore rows A69:AP98)
matP[ore],Iron ore material price used in MATC,gd,广东,2056,800,RMB/t,input-MR-demand.xlsx,Mat_Price,Mat_Price!A38:AP98 (ore rows A69:AP98)
matP[ore],Iron ore material price used in MATC,gd,广东,2057,800,RMB/t,input-MR-demand.xlsx,Mat_Price,Mat_Price!A38:AP98 (ore rows A69:AP98)
matP[ore],Iron ore material price used in MATC,gd,广东,2058,800,RMB/t,input-MR-demand.xlsx,Mat_Price,Mat_Price!A38:AP98 (ore rows A69:AP98)
matP[ore],Iron ore material price used in MATC,gd,广东,2059,800,RMB/t,input-MR-demand.xlsx,Mat_Price,Mat_Price!A38:AP98 (ore rows A69:AP98)
matP[ore],Iron ore material price used in MATC,gd,广东,2060,800,RMB/t,input-MR-demand.xlsx,Mat_Price,Mat_Price!A38:AP98 (ore rows A69:AP98)
matP[ore],Iron ore material price used in MATC,gx,广西,2021,800,RMB/t,input-MR-demand.xlsx,Mat_Price,Mat_Price!A38:AP98 (ore rows A69:AP98)
matP[ore],Iron ore material price used in MATC,gx,广西,2022,800,RMB/t,input-MR-demand.xlsx,Mat_Price,Mat_Price!A38:AP98 (ore rows A69:AP98)
matP[ore],Iron ore material price used in MATC,gx,广西,2023,800,RMB/t,input-MR-demand.xlsx,Mat_Price,Mat_Price!A38:AP98 (ore rows A69:AP98)
matP[ore],Iron ore material price used in MATC,gx,广西,2024,800,RMB/t,input-MR-demand.xlsx,Mat_Price,Mat_Price!A38:AP98 (ore rows A69:AP98)
matP[ore],Iron ore material price used in MATC,gx,广西,2025,800,RMB/t,input-MR-demand.xlsx,Mat_Price,Mat_Price!A38:AP98 (ore rows A69:AP98)
matP[ore],Iron ore material price used in MATC,gx,广西,2026,800,RMB/t,input-MR-demand.xlsx,Mat_Price,Mat_Price!A38:AP98 (ore rows A69:AP98)
matP[ore],Iron ore material price used in MATC,gx,广西,2027,800,RMB/t,input-MR-demand.xlsx,Mat_Price,Mat_Price!A38:AP98 (ore rows A69:AP98)
matP[ore],Iron ore material price used in MATC,gx,广西,2028,800,RMB/t,input-MR-demand.xlsx,Mat_Price,Mat_Price!A38:AP98 (ore rows A69:AP98)
matP[ore],Iron ore material price used in MATC,gx,广西,2029,800,RMB/t,input-MR-demand.xlsx,Mat_Price,Mat_Price!A38:AP98 (ore rows A69:AP98)
matP[ore],Iron ore material price used in MATC,gx,广西,2030,800,RMB/t,input-MR-demand.xlsx,Mat_Price,Mat_Price!A38:AP98 (ore rows A69:AP98)
matP[ore],Iron ore material price used in MATC,gx,广西,2031,800,RMB/t,input-MR-demand.xlsx,Mat_Price,Mat_Price!A38:AP98 (ore rows A69:AP98)
matP[ore],Iron ore material price used in MATC,gx,广西,2032,800,RMB/t,input-MR-demand.xlsx,Mat_Price,Mat_Price!A38:AP98 (ore rows A69:AP98)
matP[ore],Iron ore material price used in MATC,gx,广西,2033,800,RMB/t,input-MR-demand.xlsx,Mat_Price,Mat_Price!A38:AP98 (ore rows A69:AP98)
matP[ore],Iron ore material price used in MATC,gx,广西,2034,800,RMB/t,input-MR-demand.xlsx,Mat_Price,Mat_Price!A38:AP98 (ore rows A69:AP98)
matP[ore],Iron ore material price used in MATC,gx,广西,2035,800,RMB/t,input-MR-demand.xlsx,Mat_Price,Mat_Price!A38:AP98 (ore rows A69:AP98)
matP[ore],Iron ore material price used in MATC,gx,广西,2036,800,RMB/t,input-MR-demand.xlsx,Mat_Price,Mat_Price!A38:AP98 (ore rows A69:AP98)
matP[ore],Iron ore material price used in MATC,gx,广西,2037,800,RMB/t,input-MR-demand.xlsx,Mat_Price,Mat_Price!A38:AP98 (ore rows A69:AP98)
matP[ore],Iron ore material price used in MATC,gx,广西,2038,800,RMB/t,input-MR-demand.xlsx,Mat_Price,Mat_Price!A38:AP98 (ore rows A69:AP98)
matP[ore],Iron ore material price used in MATC,gx,广西,2039,800,RMB/t,input-MR-demand.xlsx,Mat_Price,Mat_Price!A38:AP98 (ore rows A69:AP98)
matP[ore],Iron ore material price used in MATC,gx,广西,2040,800,RMB/t,input-MR-demand.xlsx,Mat_Price,Mat_Price!A38:AP98 (ore rows A69:AP98)
matP[ore],Iron ore material price used in MATC,gx,广西,2041,800,RMB/t,input-MR-demand.xlsx,Mat_Price,Mat_Price!A38:AP98 (ore rows A69:AP98)
matP[ore],Iron ore material price used in MATC,gx,广西,2042,800,RMB/t,input-MR-demand.xlsx,Mat_Price,Mat_Price!A38:AP98 (ore rows A69:AP98)
matP[ore],Iron ore material price used in MATC,gx,广西,2043,800,RMB/t,input-MR-demand.xlsx,Mat_Price,Mat_Price!A38:AP98 (ore rows A69:AP98)
matP[ore],Iron ore material price used in MATC,gx,广西,2044,800,RMB/t,input-MR-demand.xlsx,Mat_Price,Mat_Price!A38:AP98 (ore rows A69:AP98)
matP[ore],Iron ore material price used in MATC,gx,广西,2045,800,RMB/t,input-MR-demand.xlsx,Mat_Price,Mat_Price!A38:AP98 (ore rows A69:AP98)
matP[ore],Iron ore material price used in MATC,gx,广西,2046,800,RMB/t,input-MR-demand.xlsx,Mat_Price,Mat_Price!A38:AP98 (ore rows A69:AP98)
matP[ore],Iron ore material price used in MATC,gx,广西,2047,800,RMB/t,input-MR-demand.xlsx,Mat_Price,Mat_Price!A38:AP98 (ore rows A69:AP98)
matP[ore],Iron ore material price used in MATC,gx,广西,2048,800,RMB/t,input-MR-demand.xlsx,Mat_Price,Mat_Price!A38:AP98 (ore rows A69:AP98)
matP[ore],Iron ore material price used in MATC,gx,广西,2049,800,RMB/t,input-MR-demand.xlsx,Mat_Price,Mat_Price!A38:AP98 (ore rows A69:AP98)
matP[ore],Iron ore material price used in MATC,gx,广西,2050,800,RMB/t,input-MR-demand.xlsx,Mat_Price,Mat_Price!A38:AP98 (ore rows A69:AP98)
matP[ore],Iron ore material price used in MATC,gx,广西,2051,800,RMB/t,input-MR-demand.xlsx,Mat_Price,Mat_Price!A38:AP98 (ore rows A69:AP98)
matP[ore],Iron ore material price used in MATC,gx,广西,2052,800,RMB/t,input-MR-demand.xlsx,Mat_Price,Mat_Price!A38:AP98 (ore rows A69:AP98)
matP[ore],Iron ore material price used in MATC,gx,广西,2053,800,RMB/t,input-MR-demand.xlsx,Mat_Price,Mat_Price!A38:AP98 (ore rows A69:AP98)
matP[ore],Iron ore material price used in MATC,gx,广西,2054,800,RMB/t,input-MR-demand.xlsx,Mat_Price,Mat_Price!A38:AP98 (ore rows A69:AP98)
matP[ore],Iron ore material price used in MATC,gx,广西,2055,800,RMB/t,input-MR-demand.xlsx,Mat_Price,Mat_Price!A38:AP98 (ore rows A69:AP98)
matP[ore],Iron ore material price used in MATC,gx,广西,2056,800,RMB/t,input-MR-demand.xlsx,Mat_Price,Mat_Price!A38:AP98 (ore rows A69:AP98)
matP[ore],Iron ore material price used in MATC,gx,广西,2057,800,RMB/t,input-MR-demand.xlsx,Mat_Price,Mat_Price!A38:AP98 (ore rows A69:AP98)
matP[ore],Iron ore material price used in MATC,gx,广西,2058,800,RMB/t,input-MR-demand.xlsx,Mat_Price,Mat_Price!A38:AP98 (ore rows A69:AP98)
matP[ore],Iron ore material price used in MATC,gx,广西,2059,800,RMB/t,input-MR-demand.xlsx,Mat_Price,Mat_Price!A38:AP98 (ore rows A69:AP98)
matP[ore],Iron ore material price used in MATC,gx,广西,2060,800,RMB/t,input-MR-demand.xlsx,Mat_Price,Mat_Price!A38:AP98 (ore rows A69:AP98)
matP[ore],Iron ore material price used in MATC,hi,海南,2021,800,RMB/t,input-MR-demand.xlsx,Mat_Price,Mat_Price!A38:AP98 (ore rows A69:AP98)
matP[ore],Iron ore material price used in MATC,hi,海南,2022,800,RMB/t,input-MR-demand.xlsx,Mat_Price,Mat_Price!A38:AP98 (ore rows A69:AP98)
matP[ore],Iron ore material price used in MATC,hi,海南,2023,800,RMB/t,input-MR-demand.xlsx,Mat_Price,Mat_Price!A38:AP98 (ore rows A69:AP98)
matP[ore],Iron ore material price used in MATC,hi,海南,2024,800,RMB/t,input-MR-demand.xlsx,Mat_Price,Mat_Price!A38:AP98 (ore rows A69:AP98)
matP[ore],Iron ore material price used in MATC,hi,海南,2025,800,RMB/t,input-MR-demand.xlsx,Mat_Price,Mat_Price!A38:AP98 (ore rows A69:AP98)
matP[ore],Iron ore material price used in MATC,hi,海南,2026,800,RMB/t,input-MR-demand.xlsx,Mat_Price,Mat_Price!A38:AP98 (ore rows A69:AP98)
matP[ore],Iron ore material price used in MATC,hi,海南,2027,800,RMB/t,input-MR-demand.xlsx,Mat_Price,Mat_Price!A38:AP98 (ore rows A69:AP98)
matP[ore],Iron ore material price used in MATC,hi,海南,2028,800,RMB/t,input-MR-demand.xlsx,Mat_Price,Mat_Price!A38:AP98 (ore rows A69:AP98)
matP[ore],Iron ore material price used in MATC,hi,海南,2029,800,RMB/t,input-MR-demand.xlsx,Mat_Price,Mat_Price!A38:AP98 (ore rows A69:AP98)
matP[ore],Iron ore material price used in MATC,hi,海南,2030,800,RMB/t,input-MR-demand.xlsx,Mat_Price,Mat_Price!A38:AP98 (ore rows A69:AP98)
matP[ore],Iron ore material price used in MATC,hi,海南,2031,800,RMB/t,input-MR-demand.xlsx,Mat_Price,Mat_Price!A38:AP98 (ore rows A69:AP98)
matP[ore],Iron ore material price used in MATC,hi,海南,2032,800,RMB/t,input-MR-demand.xlsx,Mat_Price,Mat_Price!A38:AP98 (ore rows A69:AP98)
matP[ore],Iron ore material price used in MATC,hi,海南,2033,800,RMB/t,input-MR-demand.xlsx,Mat_Price,Mat_Price!A38:AP98 (ore rows A69:AP98)
matP[ore],Iron ore material price used in MATC,hi,海南,2034,800,RMB/t,input-MR-demand.xlsx,Mat_Price,Mat_Price!A38:AP98 (ore rows A69:AP98)
matP[ore],Iron ore material price used in MATC,hi,海南,2035,800,RMB/t,input-MR-demand.xlsx,Mat_Price,Mat_Price!A38:AP98 (ore rows A69:AP98)
matP[ore],Iron ore material price used in MATC,hi,海南,2036,800,RMB/t,input-MR-demand.xlsx,Mat_Price,Mat_Price!A38:AP98 (ore rows A69:AP98)
matP[ore],Iron ore material price used in MATC,hi,海南,2037,800,RMB/t,input-MR-demand.xlsx,Mat_Price,Mat_Price!A38:AP98 (ore rows A69:AP98)
matP[ore],Iron ore material price used in MATC,hi,海南,2038,800,RMB/t,input-MR-demand.xlsx,Mat_Price,Mat_Price!A38:AP98 (ore rows A69:AP98)
matP[ore],Iron ore material price used in MATC,hi,海南,2039,800,RMB/t,input-MR-demand.xlsx,Mat_Price,Mat_Price!A38:AP98 (ore rows A69:AP98)
matP[ore],Iron ore material price used in MATC,hi,海南,2040,800,RMB/t,input-MR-demand.xlsx,Mat_Price,Mat_Price!A38:AP98 (ore rows A69:AP98)
matP[ore],Iron ore material price used in MATC,hi,海南,2041,800,RMB/t,input-MR-demand.xlsx,Mat_Price,Mat_Price!A38:AP98 (ore rows A69:AP98)
matP[ore],Iron ore material price used in MATC,hi,海南,2042,800,RMB/t,input-MR-demand.xlsx,Mat_Price,Mat_Price!A38:AP98 (ore rows A69:AP98)
matP[ore],Iron ore material price used in MATC,hi,海南,2043,800,RMB/t,input-MR-demand.xlsx,Mat_Price,Mat_Price!A38:AP98 (ore rows A69:AP98)
matP[ore],Iron ore material price used in MATC,hi,海南,2044,800,RMB/t,input-MR-demand.xlsx,Mat_Price,Mat_Price!A38:AP98 (ore rows A69:AP98)
matP[ore],Iron ore material price used in MATC,hi,海南,2045,800,RMB/t,input-MR-demand.xlsx,Mat_Price,Mat_Price!A38:AP98 (ore rows A69:AP98)
matP[ore],Iron ore material price used in MATC,hi,海南,2046,800,RMB/t,input-MR-demand.xlsx,Mat_Price,Mat_Price!A38:AP98 (ore rows A69:AP98)
matP[ore],Iron ore material price used in MATC,hi,海南,2047,800,RMB/t,input-MR-demand.xlsx,Mat_Price,Mat_Price!A38:AP98 (ore rows A69:AP98)
matP[ore],Iron ore material price used in MATC,hi,海南,2048,800,RMB/t,input-MR-demand.xlsx,Mat_Price,Mat_Price!A38:AP98 (ore rows A69:AP98)
matP[ore],Iron ore material price used in MATC,hi,海南,2049,800,RMB/t,input-MR-demand.xlsx,Mat_Price,Mat_Price!A38:AP98 (ore rows A69:AP98)
matP[ore],Iron ore material price used in MATC,hi,海南,2050,800,RMB/t,input-MR-demand.xlsx,Mat_Price,Mat_Price!A38:AP98 (ore rows A69:AP98)
matP[ore],Iron ore material price used in MATC,hi,海南,2051,800,RMB/t,input-MR-demand.xlsx,Mat_Price,Mat_Price!A38:AP98 (ore rows A69:AP98)
matP[ore],Iron ore material price used in MATC,hi,海南,2052,800,RMB/t,input-MR-demand.xlsx,Mat_Price,Mat_Price!A38:AP98 (ore rows A69:AP98)
matP[ore],Iron ore material price used in MATC,hi,海南,2053,800,RMB/t,input-MR-demand.xlsx,Mat_Price,Mat_Price!A38:AP98 (ore rows A69:AP98)
matP[ore],Iron ore material price used in MATC,hi,海南,2054,800,RMB/t,input-MR-demand.xlsx,Mat_Price,Mat_Price!A38:AP98 (ore rows A69:AP98)
matP[ore],Iron ore material price used in MATC,hi,海南,2055,800,RMB/t,input-MR-demand.xlsx,Mat_Price,Mat_Price!A38:AP98 (ore rows A69:AP98)
matP[ore],Iron ore material price used in MATC,hi,海南,2056,800,RMB/t,input-MR-demand.xlsx,Mat_Price,Mat_Price!A38:AP98 (ore rows A69:AP98)
matP[ore],Iron ore material price used in MATC,hi,海南,2057,800,RMB/t,input-MR-demand.xlsx,Mat_Price,Mat_Price!A38:AP98 (ore rows A69:AP98)
matP[ore],Iron ore material price used in MATC,hi,海南,2058,800,RMB/t,input-MR-demand.xlsx,Mat_Price,Mat_Price!A38:AP98 (ore rows A69:AP98)
matP[ore],Iron ore material price used in MATC,hi,海南,2059,800,RMB/t,input-MR-demand.xlsx,Mat_Price,Mat_Price!A38:AP98 (ore rows A69:AP98)
matP[ore],Iron ore material price used in MATC,hi,海南,2060,800,RMB/t,input-MR-demand.xlsx,Mat_Price,Mat_Price!A38:AP98 (ore rows A69:AP98)
matP[ore],Iron ore material price used in MATC,cq,重庆,2021,800,RMB/t,input-MR-demand.xlsx,Mat_Price,Mat_Price!A38:AP98 (ore rows A69:AP98)
matP[ore],Iron ore material price used in MATC,cq,重庆,2022,800,RMB/t,input-MR-demand.xlsx,Mat_Price,Mat_Price!A38:AP98 (ore rows A69:AP98)
matP[ore],Iron ore material price used in MATC,cq,重庆,2023,800,RMB/t,input-MR-demand.xlsx,Mat_Price,Mat_Price!A38:AP98 (ore rows A69:AP98)
matP[ore],Iron ore material price used in MATC,cq,重庆,2024,800,RMB/t,input-MR-demand.xlsx,Mat_Price,Mat_Price!A38:AP98 (ore rows A69:AP98)
matP[ore],Iron ore material price used in MATC,cq,重庆,2025,800,RMB/t,input-MR-demand.xlsx,Mat_Price,Mat_Price!A38:AP98 (ore rows A69:AP98)
matP[ore],Iron ore material price used in MATC,cq,重庆,2026,800,RMB/t,input-MR-demand.xlsx,Mat_Price,Mat_Price!A38:AP98 (ore rows A69:AP98)
matP[ore],Iron ore material price used in MATC,cq,重庆,2027,800,RMB/t,input-MR-demand.xlsx,Mat_Price,Mat_Price!A38:AP98 (ore rows A69:AP98)
matP[ore],Iron ore material price used in MATC,cq,重庆,2028,800,RMB/t,input-MR-demand.xlsx,Mat_Price,Mat_Price!A38:AP98 (ore rows A69:AP98)
matP[ore],Iron ore material price used in MATC,cq,重庆,2029,800,RMB/t,input-MR-demand.xlsx,Mat_Price,Mat_Price!A38:AP98 (ore rows A69:AP98)
matP[ore],Iron ore material price used in MATC,cq,重庆,2030,800,RMB/t,input-MR-demand.xlsx,Mat_Price,Mat_Price!A38:AP98 (ore rows A69:AP98)
matP[ore],Iron ore material price used in MATC,cq,重庆,2031,800,RMB/t,input-MR-demand.xlsx,Mat_Price,Mat_Price!A38:AP98 (ore rows A69:AP98)
matP[ore],Iron ore material price used in MATC,cq,重庆,2032,800,RMB/t,input-MR-demand.xlsx,Mat_Price,Mat_Price!A38:AP98 (ore rows A69:AP98)
matP[ore],Iron ore material price used in MATC,cq,重庆,2033,800,RMB/t,input-MR-demand.xlsx,Mat_Price,Mat_Price!A38:AP98 (ore rows A69:AP98)
matP[ore],Iron ore material price used in MATC,cq,重庆,2034,800,RMB/t,input-MR-demand.xlsx,Mat_Price,Mat_Price!A38:AP98 (ore rows A69:AP98)
matP[ore],Iron ore material price used in MATC,cq,重庆,2035,800,RMB/t,input-MR-demand.xlsx,Mat_Price,Mat_Price!A38:AP98 (ore rows A69:AP98)
matP[ore],Iron ore material price used in MATC,cq,重庆,2036,800,RMB/t,input-MR-demand.xlsx,Mat_Price,Mat_Price!A38:AP98 (ore rows A69:AP98)
matP[ore],Iron ore material price used in MATC,cq,重庆,2037,800,RMB/t,input-MR-demand.xlsx,Mat_Price,Mat_Price!A38:AP98 (ore rows A69:AP98)
matP[ore],Iron ore material price used in MATC,cq,重庆,2038,800,RMB/t,input-MR-demand.xlsx,Mat_Price,Mat_Price!A38:AP98 (ore rows A69:AP98)
matP[ore],Iron ore material price used in MATC,cq,重庆,2039,800,RMB/t,input-MR-demand.xlsx,Mat_Price,Mat_Price!A38:AP98 (ore rows A69:AP98)
matP[ore],Iron ore material price used in MATC,cq,重庆,2040,800,RMB/t,input-MR-demand.xlsx,Mat_Price,Mat_Price!A38:AP98 (ore rows A69:AP98)
matP[ore],Iron ore material price used in MATC,cq,重庆,2041,800,RMB/t,input-MR-demand.xlsx,Mat_Price,Mat_Price!A38:AP98 (ore rows A69:AP98)
matP[ore],Iron ore material price used in MATC,cq,重庆,2042,800,RMB/t,input-MR-demand.xlsx,Mat_Price,Mat_Price!A38:AP98 (ore rows A69:AP98)
matP[ore],Iron ore material price used in MATC,cq,重庆,2043,800,RMB/t,input-MR-demand.xlsx,Mat_Price,Mat_Price!A38:AP98 (ore rows A69:AP98)
matP[ore],Iron ore material price used in MATC,cq,重庆,2044,800,RMB/t,input-MR-demand.xlsx,Mat_Price,Mat_Price!A38:AP98 (ore rows A69:AP98)
matP[ore],Iron ore material price used in MATC,cq,重庆,2045,800,RMB/t,input-MR-demand.xlsx,Mat_Price,Mat_Price!A38:AP98 (ore rows A69:AP98)
matP[ore],Iron ore material price used in MATC,cq,重庆,2046,800,RMB/t,input-MR-demand.xlsx,Mat_Price,Mat_Price!A38:AP98 (ore rows A69:AP98)
matP[ore],Iron ore material price used in MATC,cq,重庆,2047,800,RMB/t,input-MR-demand.xlsx,Mat_Price,Mat_Price!A38:AP98 (ore rows A69:AP98)
matP[ore],Iron ore material price used in MATC,cq,重庆,2048,800,RMB/t,input-MR-demand.xlsx,Mat_Price,Mat_Price!A38:AP98 (ore rows A69:AP98)
matP[ore],Iron ore material price used in MATC,cq,重庆,2049,800,RMB/t,input-MR-demand.xlsx,Mat_Price,Mat_Price!A38:AP98 (ore rows A69:AP98)
matP[ore],Iron ore material price used in MATC,cq,重庆,2050,800,RMB/t,input-MR-demand.xlsx,Mat_Price,Mat_Price!A38:AP98 (ore rows A69:AP98)
matP[ore],Iron ore material price used in MATC,cq,重庆,2051,800,RMB/t,input-MR-demand.xlsx,Mat_Price,Mat_Price!A38:AP98 (ore rows A69:AP98)
matP[ore],Iron ore material price used in MATC,cq,重庆,2052,800,RMB/t,input-MR-demand.xlsx,Mat_Price,Mat_Price!A38:AP98 (ore rows A69:AP98)
matP[ore],Iron ore material price used in MATC,cq,重庆,2053,800,RMB/t,input-MR-demand.xlsx,Mat_Price,Mat_Price!A38:AP98 (ore rows A69:AP98)
matP[ore],Iron ore material price used in MATC,cq,重庆,2054,800,RMB/t,input-MR-demand.xlsx,Mat_Price,Mat_Price!A38:AP98 (ore rows A69:AP98)
matP[ore],Iron ore material price used in MATC,cq,重庆,2055,800,RMB/t,input-MR-demand.xlsx,Mat_Price,Mat_Price!A38:AP98 (ore rows A69:AP98)
matP[ore],Iron ore material price used in MATC,cq,重庆,2056,800,RMB/t,input-MR-demand.xlsx,Mat_Price,Mat_Price!A38:AP98 (ore rows A69:AP98)
matP[ore],Iron ore material price used in MATC,cq,重庆,2057,800,RMB/t,input-MR-demand.xlsx,Mat_Price,Mat_Price!A38:AP98 (ore rows A69:AP98)
matP[ore],Iron ore material price used in MATC,cq,重庆,2058,800,RMB/t,input-MR-demand.xlsx,Mat_Price,Mat_Price!A38:AP98 (ore rows A69:AP98)
matP[ore],Iron ore material price used in MATC,cq,重庆,2059,800,RMB/t,input-MR-demand.xlsx,Mat_Price,Mat_Price!A38:AP98 (ore rows A69:AP98)
matP[ore],Iron ore material price used in MATC,cq,重庆,2060,800,RMB/t,input-MR-demand.xlsx,Mat_Price,Mat_Price!A38:AP98 (ore rows A69:AP98)
matP[ore],Iron ore material price used in MATC,sc,四川,2021,800,RMB/t,input-MR-demand.xlsx,Mat_Price,Mat_Price!A38:AP98 (ore rows A69:AP98)
matP[ore],Iron ore material price used in MATC,sc,四川,2022,800,RMB/t,input-MR-demand.xlsx,Mat_Price,Mat_Price!A38:AP98 (ore rows A69:AP98)
matP[ore],Iron ore material price used in MATC,sc,四川,2023,800,RMB/t,input-MR-demand.xlsx,Mat_Price,Mat_Price!A38:AP98 (ore rows A69:AP98)
matP[ore],Iron ore material price used in MATC,sc,四川,2024,800,RMB/t,input-MR-demand.xlsx,Mat_Price,Mat_Price!A38:AP98 (ore rows A69:AP98)
matP[ore],Iron ore material price used in MATC,sc,四川,2025,800,RMB/t,input-MR-demand.xlsx,Mat_Price,Mat_Price!A38:AP98 (ore rows A69:AP98)
matP[ore],Iron ore material price used in MATC,sc,四川,2026,800,RMB/t,input-MR-demand.xlsx,Mat_Price,Mat_Price!A38:AP98 (ore rows A69:AP98)
matP[ore],Iron ore material price used in MATC,sc,四川,2027,800,RMB/t,input-MR-demand.xlsx,Mat_Price,Mat_Price!A38:AP98 (ore rows A69:AP98)
matP[ore],Iron ore material price used in MATC,sc,四川,2028,800,RMB/t,input-MR-demand.xlsx,Mat_Price,Mat_Price!A38:AP98 (ore rows A69:AP98)
matP[ore],Iron ore material price used in MATC,sc,四川,2029,800,RMB/t,input-MR-demand.xlsx,Mat_Price,Mat_Price!A38:AP98 (ore rows A69:AP98)
matP[ore],Iron ore material price used in MATC,sc,四川,2030,800,RMB/t,input-MR-demand.xlsx,Mat_Price,Mat_Price!A38:AP98 (ore rows A69:AP98)
matP[ore],Iron ore material price used in MATC,sc,四川,2031,800,RMB/t,input-MR-demand.xlsx,Mat_Price,Mat_Price!A38:AP98 (ore rows A69:AP98)
matP[ore],Iron ore material price used in MATC,sc,四川,2032,800,RMB/t,input-MR-demand.xlsx,Mat_Price,Mat_Price!A38:AP98 (ore rows A69:AP98)
matP[ore],Iron ore material price used in MATC,sc,四川,2033,800,RMB/t,input-MR-demand.xlsx,Mat_Price,Mat_Price!A38:AP98 (ore rows A69:AP98)
matP[ore],Iron ore material price used in MATC,sc,四川,2034,800,RMB/t,input-MR-demand.xlsx,Mat_Price,Mat_Price!A38:AP98 (ore rows A69:AP98)
matP[ore],Iron ore material price used in MATC,sc,四川,2035,800,RMB/t,input-MR-demand.xlsx,Mat_Price,Mat_Price!A38:AP98 (ore rows A69:AP98)
matP[ore],Iron ore material price used in MATC,sc,四川,2036,800,RMB/t,input-MR-demand.xlsx,Mat_Price,Mat_Price!A38:AP98 (ore rows A69:AP98)
matP[ore],Iron ore material price used in MATC,sc,四川,2037,800,RMB/t,input-MR-demand.xlsx,Mat_Price,Mat_Price!A38:AP98 (ore rows A69:AP98)
matP[ore],Iron ore material price used in MATC,sc,四川,2038,800,RMB/t,input-MR-demand.xlsx,Mat_Price,Mat_Price!A38:AP98 (ore rows A69:AP98)
matP[ore],Iron ore material price used in MATC,sc,四川,2039,800,RMB/t,input-MR-demand.xlsx,Mat_Price,Mat_Price!A38:AP98 (ore rows A69:AP98)
matP[ore],Iron ore material price used in MATC,sc,四川,2040,800,RMB/t,input-MR-demand.xlsx,Mat_Price,Mat_Price!A38:AP98 (ore rows A69:AP98)
matP[ore],Iron ore material price used in MATC,sc,四川,2041,800,RMB/t,input-MR-demand.xlsx,Mat_Price,Mat_Price!A38:AP98 (ore rows A69:AP98)
matP[ore],Iron ore material price used in MATC,sc,四川,2042,800,RMB/t,input-MR-demand.xlsx,Mat_Price,Mat_Price!A38:AP98 (ore rows A69:AP98)
matP[ore],Iron ore material price used in MATC,sc,四川,2043,800,RMB/t,input-MR-demand.xlsx,Mat_Price,Mat_Price!A38:AP98 (ore rows A69:AP98)
matP[ore],Iron ore material price used in MATC,sc,四川,2044,800,RMB/t,input-MR-demand.xlsx,Mat_Price,Mat_Price!A38:AP98 (ore rows A69:AP98)
matP[ore],Iron ore material price used in MATC,sc,四川,2045,800,RMB/t,input-MR-demand.xlsx,Mat_Price,Mat_Price!A38:AP98 (ore rows A69:AP98)
matP[ore],Iron ore material price used in MATC,sc,四川,2046,800,RMB/t,input-MR-demand.xlsx,Mat_Price,Mat_Price!A38:AP98 (ore rows A69:AP98)
matP[ore],Iron ore material price used in MATC,sc,四川,2047,800,RMB/t,input-MR-demand.xlsx,Mat_Price,Mat_Price!A38:AP98 (ore rows A69:AP98)
matP[ore],Iron ore material price used in MATC,sc,四川,2048,800,RMB/t,input-MR-demand.xlsx,Mat_Price,Mat_Price!A38:AP98 (ore rows A69:AP98)
matP[ore],Iron ore material price used in MATC,sc,四川,2049,800,RMB/t,input-MR-demand.xlsx,Mat_Price,Mat_Price!A38:AP98 (ore rows A69:AP98)
matP[ore],Iron ore material price used in MATC,sc,四川,2050,800,RMB/t,input-MR-demand.xlsx,Mat_Price,Mat_Price!A38:AP98 (ore rows A69:AP98)
matP[ore],Iron ore material price used in MATC,sc,四川,2051,800,RMB/t,input-MR-demand.xlsx,Mat_Price,Mat_Price!A38:AP98 (ore rows A69:AP98)
matP[ore],Iron ore material price used in MATC,sc,四川,2052,800,RMB/t,input-MR-demand.xlsx,Mat_Price,Mat_Price!A38:AP98 (ore rows A69:AP98)
matP[ore],Iron ore material price used in MATC,sc,四川,2053,800,RMB/t,input-MR-demand.xlsx,Mat_Price,Mat_Price!A38:AP98 (ore rows A69:AP98)
matP[ore],Iron ore material price used in MATC,sc,四川,2054,800,RMB/t,input-MR-demand.xlsx,Mat_Price,Mat_Price!A38:AP98 (ore rows A69:AP98)
matP[ore],Iron ore material price used in MATC,sc,四川,2055,800,RMB/t,input-MR-demand.xlsx,Mat_Price,Mat_Price!A38:AP98 (ore rows A69:AP98)
matP[ore],Iron ore material price used in MATC,sc,四川,2056,800,RMB/t,input-MR-demand.xlsx,Mat_Price,Mat_Price!A38:AP98 (ore rows A69:AP98)
matP[ore],Iron ore material price used in MATC,sc,四川,2057,800,RMB/t,input-MR-demand.xlsx,Mat_Price,Mat_Price!A38:AP98 (ore rows A69:AP98)
matP[ore],Iron ore material price used in MATC,sc,四川,2058,800,RMB/t,input-MR-demand.xlsx,Mat_Price,Mat_Price!A38:AP98 (ore rows A69:AP98)
matP[ore],Iron ore material price used in MATC,sc,四川,2059,800,RMB/t,input-MR-demand.xlsx,Mat_Price,Mat_Price!A38:AP98 (ore rows A69:AP98)
matP[ore],Iron ore material price used in MATC,sc,四川,2060,800,RMB/t,input-MR-demand.xlsx,Mat_Price,Mat_Price!A38:AP98 (ore rows A69:AP98)
matP[ore],Iron ore material price used in MATC,gz,贵州,2021,800,RMB/t,input-MR-demand.xlsx,Mat_Price,Mat_Price!A38:AP98 (ore rows A69:AP98)
matP[ore],Iron ore material price used in MATC,gz,贵州,2022,800,RMB/t,input-MR-demand.xlsx,Mat_Price,Mat_Price!A38:AP98 (ore rows A69:AP98)
matP[ore],Iron ore material price used in MATC,gz,贵州,2023,800,RMB/t,input-MR-demand.xlsx,Mat_Price,Mat_Price!A38:AP98 (ore rows A69:AP98)
matP[ore],Iron ore material price used in MATC,gz,贵州,2024,800,RMB/t,input-MR-demand.xlsx,Mat_Price,Mat_Price!A38:AP98 (ore rows A69:AP98)
matP[ore],Iron ore material price used in MATC,gz,贵州,2025,800,RMB/t,input-MR-demand.xlsx,Mat_Price,Mat_Price!A38:AP98 (ore rows A69:AP98)
matP[ore],Iron ore material price used in MATC,gz,贵州,2026,800,RMB/t,input-MR-demand.xlsx,Mat_Price,Mat_Price!A38:AP98 (ore rows A69:AP98)
matP[ore],Iron ore material price used in MATC,gz,贵州,2027,800,RMB/t,input-MR-demand.xlsx,Mat_Price,Mat_Price!A38:AP98 (ore rows A69:AP98)
matP[ore],Iron ore material price used in MATC,gz,贵州,2028,800,RMB/t,input-MR-demand.xlsx,Mat_Price,Mat_Price!A38:AP98 (ore rows A69:AP98)
matP[ore],Iron ore material price used in MATC,gz,贵州,2029,800,RMB/t,input-MR-demand.xlsx,Mat_Price,Mat_Price!A38:AP98 (ore rows A69:AP98)
matP[ore],Iron ore material price used in MATC,gz,贵州,2030,800,RMB/t,input-MR-demand.xlsx,Mat_Price,Mat_Price!A38:AP98 (ore rows A69:AP98)
matP[ore],Iron ore material price used in MATC,gz,贵州,2031,800,RMB/t,input-MR-demand.xlsx,Mat_Price,Mat_Price!A38:AP98 (ore rows A69:AP98)
matP[ore],Iron ore material price used in MATC,gz,贵州,2032,800,RMB/t,input-MR-demand.xlsx,Mat_Price,Mat_Price!A38:AP98 (ore rows A69:AP98)
matP[ore],Iron ore material price used in MATC,gz,贵州,2033,800,RMB/t,input-MR-demand.xlsx,Mat_Price,Mat_Price!A38:AP98 (ore rows A69:AP98)
matP[ore],Iron ore material price used in MATC,gz,贵州,2034,800,RMB/t,input-MR-demand.xlsx,Mat_Price,Mat_Price!A38:AP98 (ore rows A69:AP98)
matP[ore],Iron ore material price used in MATC,gz,贵州,2035,800,RMB/t,input-MR-demand.xlsx,Mat_Price,Mat_Price!A38:AP98 (ore rows A69:AP98)
matP[ore],Iron ore material price used in MATC,gz,贵州,2036,800,RMB/t,input-MR-demand.xlsx,Mat_Price,Mat_Price!A38:AP98 (ore rows A69:AP98)
matP[ore],Iron ore material price used in MATC,gz,贵州,2037,800,RMB/t,input-MR-demand.xlsx,Mat_Price,Mat_Price!A38:AP98 (ore rows A69:AP98)
matP[ore],Iron ore material price used in MATC,gz,贵州,2038,800,RMB/t,input-MR-demand.xlsx,Mat_Price,Mat_Price!A38:AP98 (ore rows A69:AP98)
matP[ore],Iron ore material price used in MATC,gz,贵州,2039,800,RMB/t,input-MR-demand.xlsx,Mat_Price,Mat_Price!A38:AP98 (ore rows A69:AP98)
matP[ore],Iron ore material price used in MATC,gz,贵州,2040,800,RMB/t,input-MR-demand.xlsx,Mat_Price,Mat_Price!A38:AP98 (ore rows A69:AP98)
matP[ore],Iron ore material price used in MATC,gz,贵州,2041,800,RMB/t,input-MR-demand.xlsx,Mat_Price,Mat_Price!A38:AP98 (ore rows A69:AP98)
matP[ore],Iron ore material price used in MATC,gz,贵州,2042,800,RMB/t,input-MR-demand.xlsx,Mat_Price,Mat_Price!A38:AP98 (ore rows A69:AP98)
matP[ore],Iron ore material price used in MATC,gz,贵州,2043,800,RMB/t,input-MR-demand.xlsx,Mat_Price,Mat_Price!A38:AP98 (ore rows A69:AP98)
matP[ore],Iron ore material price used in MATC,gz,贵州,2044,800,RMB/t,input-MR-demand.xlsx,Mat_Price,Mat_Price!A38:AP98 (ore rows A69:AP98)
matP[ore],Iron ore material price used in MATC,gz,贵州,2045,800,RMB/t,input-MR-demand.xlsx,Mat_Price,Mat_Price!A38:AP98 (ore rows A69:AP98)
matP[ore],Iron ore material price used in MATC,gz,贵州,2046,800,RMB/t,input-MR-demand.xlsx,Mat_Price,Mat_Price!A38:AP98 (ore rows A69:AP98)
matP[ore],Iron ore material price used in MATC,gz,贵州,2047,800,RMB/t,input-MR-demand.xlsx,Mat_Price,Mat_Price!A38:AP98 (ore rows A69:AP98)
matP[ore],Iron ore material price used in MATC,gz,贵州,2048,800,RMB/t,input-MR-demand.xlsx,Mat_Price,Mat_Price!A38:AP98 (ore rows A69:AP98)
matP[ore],Iron ore material price used in MATC,gz,贵州,2049,800,RMB/t,input-MR-demand.xlsx,Mat_Price,Mat_Price!A38:AP98 (ore rows A69:AP98)
matP[ore],Iron ore material price used in MATC,gz,贵州,2050,800,RMB/t,input-MR-demand.xlsx,Mat_Price,Mat_Price!A38:AP98 (ore rows A69:AP98)
matP[ore],Iron ore material price used in MATC,gz,贵州,2051,800,RMB/t,input-MR-demand.xlsx,Mat_Price,Mat_Price!A38:AP98 (ore rows A69:AP98)
matP[ore],Iron ore material price used in MATC,gz,贵州,2052,800,RMB/t,input-MR-demand.xlsx,Mat_Price,Mat_Price!A38:AP98 (ore rows A69:AP98)
matP[ore],Iron ore material price used in MATC,gz,贵州,2053,800,RMB/t,input-MR-demand.xlsx,Mat_Price,Mat_Price!A38:AP98 (ore rows A69:AP98)
matP[ore],Iron ore material price used in MATC,gz,贵州,2054,800,RMB/t,input-MR-demand.xlsx,Mat_Price,Mat_Price!A38:AP98 (ore rows A69:AP98)
matP[ore],Iron ore material price used in MATC,gz,贵州,2055,800,RMB/t,input-MR-demand.xlsx,Mat_Price,Mat_Price!A38:AP98 (ore rows A69:AP98)
matP[ore],Iron ore material price used in MATC,gz,贵州,2056,800,RMB/t,input-MR-demand.xlsx,Mat_Price,Mat_Price!A38:AP98 (ore rows A69:AP98)
matP[ore],Iron ore material price used in MATC,gz,贵州,2057,800,RMB/t,input-MR-demand.xlsx,Mat_Price,Mat_Price!A38:AP98 (ore rows A69:AP98)
matP[ore],Iron ore material price used in MATC,gz,贵州,2058,800,RMB/t,input-MR-demand.xlsx,Mat_Price,Mat_Price!A38:AP98 (ore rows A69:AP98)
matP[ore],Iron ore material price used in MATC,gz,贵州,2059,800,RMB/t,input-MR-demand.xlsx,Mat_Price,Mat_Price!A38:AP98 (ore rows A69:AP98)
matP[ore],Iron ore material price used in MATC,gz,贵州,2060,800,RMB/t,input-MR-demand.xlsx,Mat_Price,Mat_Price!A38:AP98 (ore rows A69:AP98)
matP[ore],Iron ore material price used in MATC,yn,云南,2021,800,RMB/t,input-MR-demand.xlsx,Mat_Price,Mat_Price!A38:AP98 (ore rows A69:AP98)
matP[ore],Iron ore material price used in MATC,yn,云南,2022,800,RMB/t,input-MR-demand.xlsx,Mat_Price,Mat_Price!A38:AP98 (ore rows A69:AP98)
matP[ore],Iron ore material price used in MATC,yn,云南,2023,800,RMB/t,input-MR-demand.xlsx,Mat_Price,Mat_Price!A38:AP98 (ore rows A69:AP98)
matP[ore],Iron ore material price used in MATC,yn,云南,2024,800,RMB/t,input-MR-demand.xlsx,Mat_Price,Mat_Price!A38:AP98 (ore rows A69:AP98)
matP[ore],Iron ore material price used in MATC,yn,云南,2025,800,RMB/t,input-MR-demand.xlsx,Mat_Price,Mat_Price!A38:AP98 (ore rows A69:AP98)
matP[ore],Iron ore material price used in MATC,yn,云南,2026,800,RMB/t,input-MR-demand.xlsx,Mat_Price,Mat_Price!A38:AP98 (ore rows A69:AP98)
matP[ore],Iron ore material price used in MATC,yn,云南,2027,800,RMB/t,input-MR-demand.xlsx,Mat_Price,Mat_Price!A38:AP98 (ore rows A69:AP98)
matP[ore],Iron ore material price used in MATC,yn,云南,2028,800,RMB/t,input-MR-demand.xlsx,Mat_Price,Mat_Price!A38:AP98 (ore rows A69:AP98)
matP[ore],Iron ore material price used in MATC,yn,云南,2029,800,RMB/t,input-MR-demand.xlsx,Mat_Price,Mat_Price!A38:AP98 (ore rows A69:AP98)
matP[ore],Iron ore material price used in MATC,yn,云南,2030,800,RMB/t,input-MR-demand.xlsx,Mat_Price,Mat_Price!A38:AP98 (ore rows A69:AP98)
matP[ore],Iron ore material price used in MATC,yn,云南,2031,800,RMB/t,input-MR-demand.xlsx,Mat_Price,Mat_Price!A38:AP98 (ore rows A69:AP98)
matP[ore],Iron ore material price used in MATC,yn,云南,2032,800,RMB/t,input-MR-demand.xlsx,Mat_Price,Mat_Price!A38:AP98 (ore rows A69:AP98)
matP[ore],Iron ore material price used in MATC,yn,云南,2033,800,RMB/t,input-MR-demand.xlsx,Mat_Price,Mat_Price!A38:AP98 (ore rows A69:AP98)
matP[ore],Iron ore material price used in MATC,yn,云南,2034,800,RMB/t,input-MR-demand.xlsx,Mat_Price,Mat_Price!A38:AP98 (ore rows A69:AP98)
matP[ore],Iron ore material price used in MATC,yn,云南,2035,800,RMB/t,input-MR-demand.xlsx,Mat_Price,Mat_Price!A38:AP98 (ore rows A69:AP98)
matP[ore],Iron ore material price used in MATC,yn,云南,2036,800,RMB/t,input-MR-demand.xlsx,Mat_Price,Mat_Price!A38:AP98 (ore rows A69:AP98)
matP[ore],Iron ore material price used in MATC,yn,云南,2037,800,RMB/t,input-MR-demand.xlsx,Mat_Price,Mat_Price!A38:AP98 (ore rows A69:AP98)
matP[ore],Iron ore material price used in MATC,yn,云南,2038,800,RMB/t,input-MR-demand.xlsx,Mat_Price,Mat_Price!A38:AP98 (ore rows A69:AP98)
matP[ore],Iron ore material price used in MATC,yn,云南,2039,800,RMB/t,input-MR-demand.xlsx,Mat_Price,Mat_Price!A38:AP98 (ore rows A69:AP98)
matP[ore],Iron ore material price used in MATC,yn,云南,2040,800,RMB/t,input-MR-demand.xlsx,Mat_Price,Mat_Price!A38:AP98 (ore rows A69:AP98)
matP[ore],Iron ore material price used in MATC,yn,云南,2041,800,RMB/t,input-MR-demand.xlsx,Mat_Price,Mat_Price!A38:AP98 (ore rows A69:AP98)
matP[ore],Iron ore material price used in MATC,yn,云南,2042,800,RMB/t,input-MR-demand.xlsx,Mat_Price,Mat_Price!A38:AP98 (ore rows A69:AP98)
matP[ore],Iron ore material price used in MATC,yn,云南,2043,800,RMB/t,input-MR-demand.xlsx,Mat_Price,Mat_Price!A38:AP98 (ore rows A69:AP98)
matP[ore],Iron ore material price used in MATC,yn,云南,2044,800,RMB/t,input-MR-demand.xlsx,Mat_Price,Mat_Price!A38:AP98 (ore rows A69:AP98)
matP[ore],Iron ore material price used in MATC,yn,云南,2045,800,RMB/t,input-MR-demand.xlsx,Mat_Price,Mat_Price!A38:AP98 (ore rows A69:AP98)
matP[ore],Iron ore material price used in MATC,yn,云南,2046,800,RMB/t,input-MR-demand.xlsx,Mat_Price,Mat_Price!A38:AP98 (ore rows A69:AP98)
matP[ore],Iron ore material price used in MATC,yn,云南,2047,800,RMB/t,input-MR-demand.xlsx,Mat_Price,Mat_Price!A38:AP98 (ore rows A69:AP98)
matP[ore],Iron ore material price used in MATC,yn,云南,2048,800,RMB/t,input-MR-demand.xlsx,Mat_Price,Mat_Price!A38:AP98 (ore rows A69:AP98)
matP[ore],Iron ore material price used in MATC,yn,云南,2049,800,RMB/t,input-MR-demand.xlsx,Mat_Price,Mat_Price!A38:AP98 (ore rows A69:AP98)
matP[ore],Iron ore material price used in MATC,yn,云南,2050,800,RMB/t,input-MR-demand.xlsx,Mat_Price,Mat_Price!A38:AP98 (ore rows A69:AP98)
matP[ore],Iron ore material price used in MATC,yn,云南,2051,800,RMB/t,input-MR-demand.xlsx,Mat_Price,Mat_Price!A38:AP98 (ore rows A69:AP98)
matP[ore],Iron ore material price used in MATC,yn,云南,2052,800,RMB/t,input-MR-demand.xlsx,Mat_Price,Mat_Price!A38:AP98 (ore rows A69:AP98)
matP[ore],Iron ore material price used in MATC,yn,云南,2053,800,RMB/t,input-MR-demand.xlsx,Mat_Price,Mat_Price!A38:AP98 (ore rows A69:AP98)
matP[ore],Iron ore material price used in MATC,yn,云南,2054,800,RMB/t,input-MR-demand.xlsx,Mat_Price,Mat_Price!A38:AP98 (ore rows A69:AP98)
matP[ore],Iron ore material price used in MATC,yn,云南,2055,800,RMB/t,input-MR-demand.xlsx,Mat_Price,Mat_Price!A38:AP98 (ore rows A69:AP98)
matP[ore],Iron ore material price used in MATC,yn,云南,2056,800,RMB/t,input-MR-demand.xlsx,Mat_Price,Mat_Price!A38:AP98 (ore rows A69:AP98)
matP[ore],Iron ore material price used in MATC,yn,云南,2057,800,RMB/t,input-MR-demand.xlsx,Mat_Price,Mat_Price!A38:AP98 (ore rows A69:AP98)
matP[ore],Iron ore material price used in MATC,yn,云南,2058,800,RMB/t,input-MR-demand.xlsx,Mat_Price,Mat_Price!A38:AP98 (ore rows A69:AP98)
matP[ore],Iron ore material price used in MATC,yn,云南,2059,800,RMB/t,input-MR-demand.xlsx,Mat_Price,Mat_Price!A38:AP98 (ore rows A69:AP98)
matP[ore],Iron ore material price used in MATC,yn,云南,2060,800,RMB/t,input-MR-demand.xlsx,Mat_Price,Mat_Price!A38:AP98 (ore rows A69:AP98)
matP[ore],Iron ore material price used in MATC,sn,陕西,2021,800,RMB/t,input-MR-demand.xlsx,Mat_Price,Mat_Price!A38:AP98 (ore rows A69:AP98)
matP[ore],Iron ore material price used in MATC,sn,陕西,2022,800,RMB/t,input-MR-demand.xlsx,Mat_Price,Mat_Price!A38:AP98 (ore rows A69:AP98)
matP[ore],Iron ore material price used in MATC,sn,陕西,2023,800,RMB/t,input-MR-demand.xlsx,Mat_Price,Mat_Price!A38:AP98 (ore rows A69:AP98)
matP[ore],Iron ore material price used in MATC,sn,陕西,2024,800,RMB/t,input-MR-demand.xlsx,Mat_Price,Mat_Price!A38:AP98 (ore rows A69:AP98)
matP[ore],Iron ore material price used in MATC,sn,陕西,2025,800,RMB/t,input-MR-demand.xlsx,Mat_Price,Mat_Price!A38:AP98 (ore rows A69:AP98)
matP[ore],Iron ore material price used in MATC,sn,陕西,2026,800,RMB/t,input-MR-demand.xlsx,Mat_Price,Mat_Price!A38:AP98 (ore rows A69:AP98)
matP[ore],Iron ore material price used in MATC,sn,陕西,2027,800,RMB/t,input-MR-demand.xlsx,Mat_Price,Mat_Price!A38:AP98 (ore rows A69:AP98)
matP[ore],Iron ore material price used in MATC,sn,陕西,2028,800,RMB/t,input-MR-demand.xlsx,Mat_Price,Mat_Price!A38:AP98 (ore rows A69:AP98)
matP[ore],Iron ore material price used in MATC,sn,陕西,2029,800,RMB/t,input-MR-demand.xlsx,Mat_Price,Mat_Price!A38:AP98 (ore rows A69:AP98)
matP[ore],Iron ore material price used in MATC,sn,陕西,2030,800,RMB/t,input-MR-demand.xlsx,Mat_Price,Mat_Price!A38:AP98 (ore rows A69:AP98)
matP[ore],Iron ore material price used in MATC,sn,陕西,2031,800,RMB/t,input-MR-demand.xlsx,Mat_Price,Mat_Price!A38:AP98 (ore rows A69:AP98)
matP[ore],Iron ore material price used in MATC,sn,陕西,2032,800,RMB/t,input-MR-demand.xlsx,Mat_Price,Mat_Price!A38:AP98 (ore rows A69:AP98)
matP[ore],Iron ore material price used in MATC,sn,陕西,2033,800,RMB/t,input-MR-demand.xlsx,Mat_Price,Mat_Price!A38:AP98 (ore rows A69:AP98)
matP[ore],Iron ore material price used in MATC,sn,陕西,2034,800,RMB/t,input-MR-demand.xlsx,Mat_Price,Mat_Price!A38:AP98 (ore rows A69:AP98)
matP[ore],Iron ore material price used in MATC,sn,陕西,2035,800,RMB/t,input-MR-demand.xlsx,Mat_Price,Mat_Price!A38:AP98 (ore rows A69:AP98)
matP[ore],Iron ore material price used in MATC,sn,陕西,2036,800,RMB/t,input-MR-demand.xlsx,Mat_Price,Mat_Price!A38:AP98 (ore rows A69:AP98)
matP[ore],Iron ore material price used in MATC,sn,陕西,2037,800,RMB/t,input-MR-demand.xlsx,Mat_Price,Mat_Price!A38:AP98 (ore rows A69:AP98)
matP[ore],Iron ore material price used in MATC,sn,陕西,2038,800,RMB/t,input-MR-demand.xlsx,Mat_Price,Mat_Price!A38:AP98 (ore rows A69:AP98)
matP[ore],Iron ore material price used in MATC,sn,陕西,2039,800,RMB/t,input-MR-demand.xlsx,Mat_Price,Mat_Price!A38:AP98 (ore rows A69:AP98)
matP[ore],Iron ore material price used in MATC,sn,陕西,2040,800,RMB/t,input-MR-demand.xlsx,Mat_Price,Mat_Price!A38:AP98 (ore rows A69:AP98)
matP[ore],Iron ore material price used in MATC,sn,陕西,2041,800,RMB/t,input-MR-demand.xlsx,Mat_Price,Mat_Price!A38:AP98 (ore rows A69:AP98)
matP[ore],Iron ore material price used in MATC,sn,陕西,2042,800,RMB/t,input-MR-demand.xlsx,Mat_Price,Mat_Price!A38:AP98 (ore rows A69:AP98)
matP[ore],Iron ore material price used in MATC,sn,陕西,2043,800,RMB/t,input-MR-demand.xlsx,Mat_Price,Mat_Price!A38:AP98 (ore rows A69:AP98)
matP[ore],Iron ore material price used in MATC,sn,陕西,2044,800,RMB/t,input-MR-demand.xlsx,Mat_Price,Mat_Price!A38:AP98 (ore rows A69:AP98)
matP[ore],Iron ore material price used in MATC,sn,陕西,2045,800,RMB/t,input-MR-demand.xlsx,Mat_Price,Mat_Price!A38:AP98 (ore rows A69:AP98)
matP[ore],Iron ore material price used in MATC,sn,陕西,2046,800,RMB/t,input-MR-demand.xlsx,Mat_Price,Mat_Price!A38:AP98 (ore rows A69:AP98)
matP[ore],Iron ore material price used in MATC,sn,陕西,2047,800,RMB/t,input-MR-demand.xlsx,Mat_Price,Mat_Price!A38:AP98 (ore rows A69:AP98)
matP[ore],Iron ore material price used in MATC,sn,陕西,2048,800,RMB/t,input-MR-demand.xlsx,Mat_Price,Mat_Price!A38:AP98 (ore rows A69:AP98)
matP[ore],Iron ore material price used in MATC,sn,陕西,2049,800,RMB/t,input-MR-demand.xlsx,Mat_Price,Mat_Price!A38:AP98 (ore rows A69:AP98)
matP[ore],Iron ore material price used in MATC,sn,陕西,2050,800,RMB/t,input-MR-demand.xlsx,Mat_Price,Mat_Price!A38:AP98 (ore rows A69:AP98)
matP[ore],Iron ore material price used in MATC,sn,陕西,2051,800,RMB/t,input-MR-demand.xlsx,Mat_Price,Mat_Price!A38:AP98 (ore rows A69:AP98)
matP[ore],Iron ore material price used in MATC,sn,陕西,2052,800,RMB/t,input-MR-demand.xlsx,Mat_Price,Mat_Price!A38:AP98 (ore rows A69:AP98)
matP[ore],Iron ore material price used in MATC,sn,陕西,2053,800,RMB/t,input-MR-demand.xlsx,Mat_Price,Mat_Price!A38:AP98 (ore rows A69:AP98)
matP[ore],Iron ore material price used in MATC,sn,陕西,2054,800,RMB/t,input-MR-demand.xlsx,Mat_Price,Mat_Price!A38:AP98 (ore rows A69:AP98)
matP[ore],Iron ore material price used in MATC,sn,陕西,2055,800,RMB/t,input-MR-demand.xlsx,Mat_Price,Mat_Price!A38:AP98 (ore rows A69:AP98)
matP[ore],Iron ore material price used in MATC,sn,陕西,2056,800,RMB/t,input-MR-demand.xlsx,Mat_Price,Mat_Price!A38:AP98 (ore rows A69:AP98)
matP[ore],Iron ore material price used in MATC,sn,陕西,2057,800,RMB/t,input-MR-demand.xlsx,Mat_Price,Mat_Price!A38:AP98 (ore rows A69:AP98)
matP[ore],Iron ore material price used in MATC,sn,陕西,2058,800,RMB/t,input-MR-demand.xlsx,Mat_Price,Mat_Price!A38:AP98 (ore rows A69:AP98)
matP[ore],Iron ore material price used in MATC,sn,陕西,2059,800,RMB/t,input-MR-demand.xlsx,Mat_Price,Mat_Price!A38:AP98 (ore rows A69:AP98)
matP[ore],Iron ore material price used in MATC,sn,陕西,2060,800,RMB/t,input-MR-demand.xlsx,Mat_Price,Mat_Price!A38:AP98 (ore rows A69:AP98)
matP[ore],Iron ore material price used in MATC,gs,甘肃,2021,800,RMB/t,input-MR-demand.xlsx,Mat_Price,Mat_Price!A38:AP98 (ore rows A69:AP98)
matP[ore],Iron ore material price used in MATC,gs,甘肃,2022,800,RMB/t,input-MR-demand.xlsx,Mat_Price,Mat_Price!A38:AP98 (ore rows A69:AP98)
matP[ore],Iron ore material price used in MATC,gs,甘肃,2023,800,RMB/t,input-MR-demand.xlsx,Mat_Price,Mat_Price!A38:AP98 (ore rows A69:AP98)
matP[ore],Iron ore material price used in MATC,gs,甘肃,2024,800,RMB/t,input-MR-demand.xlsx,Mat_Price,Mat_Price!A38:AP98 (ore rows A69:AP98)
matP[ore],Iron ore material price used in MATC,gs,甘肃,2025,800,RMB/t,input-MR-demand.xlsx,Mat_Price,Mat_Price!A38:AP98 (ore rows A69:AP98)
matP[ore],Iron ore material price used in MATC,gs,甘肃,2026,800,RMB/t,input-MR-demand.xlsx,Mat_Price,Mat_Price!A38:AP98 (ore rows A69:AP98)
matP[ore],Iron ore material price used in MATC,gs,甘肃,2027,800,RMB/t,input-MR-demand.xlsx,Mat_Price,Mat_Price!A38:AP98 (ore rows A69:AP98)
matP[ore],Iron ore material price used in MATC,gs,甘肃,2028,800,RMB/t,input-MR-demand.xlsx,Mat_Price,Mat_Price!A38:AP98 (ore rows A69:AP98)
matP[ore],Iron ore material price used in MATC,gs,甘肃,2029,800,RMB/t,input-MR-demand.xlsx,Mat_Price,Mat_Price!A38:AP98 (ore rows A69:AP98)
matP[ore],Iron ore material price used in MATC,gs,甘肃,2030,800,RMB/t,input-MR-demand.xlsx,Mat_Price,Mat_Price!A38:AP98 (ore rows A69:AP98)
matP[ore],Iron ore material price used in MATC,gs,甘肃,2031,800,RMB/t,input-MR-demand.xlsx,Mat_Price,Mat_Price!A38:AP98 (ore rows A69:AP98)
matP[ore],Iron ore material price used in MATC,gs,甘肃,2032,800,RMB/t,input-MR-demand.xlsx,Mat_Price,Mat_Price!A38:AP98 (ore rows A69:AP98)
matP[ore],Iron ore material price used in MATC,gs,甘肃,2033,800,RMB/t,input-MR-demand.xlsx,Mat_Price,Mat_Price!A38:AP98 (ore rows A69:AP98)
matP[ore],Iron ore material price used in MATC,gs,甘肃,2034,800,RMB/t,input-MR-demand.xlsx,Mat_Price,Mat_Price!A38:AP98 (ore rows A69:AP98)
matP[ore],Iron ore material price used in MATC,gs,甘肃,2035,800,RMB/t,input-MR-demand.xlsx,Mat_Price,Mat_Price!A38:AP98 (ore rows A69:AP98)
matP[ore],Iron ore material price used in MATC,gs,甘肃,2036,800,RMB/t,input-MR-demand.xlsx,Mat_Price,Mat_Price!A38:AP98 (ore rows A69:AP98)
matP[ore],Iron ore material price used in MATC,gs,甘肃,2037,800,RMB/t,input-MR-demand.xlsx,Mat_Price,Mat_Price!A38:AP98 (ore rows A69:AP98)
matP[ore],Iron ore material price used in MATC,gs,甘肃,2038,800,RMB/t,input-MR-demand.xlsx,Mat_Price,Mat_Price!A38:AP98 (ore rows A69:AP98)
matP[ore],Iron ore material price used in MATC,gs,甘肃,2039,800,RMB/t,input-MR-demand.xlsx,Mat_Price,Mat_Price!A38:AP98 (ore rows A69:AP98)
matP[ore],Iron ore material price used in MATC,gs,甘肃,2040,800,RMB/t,input-MR-demand.xlsx,Mat_Price,Mat_Price!A38:AP98 (ore rows A69:AP98)
matP[ore],Iron ore material price used in MATC,gs,甘肃,2041,800,RMB/t,input-MR-demand.xlsx,Mat_Price,Mat_Price!A38:AP98 (ore rows A69:AP98)
matP[ore],Iron ore material price used in MATC,gs,甘肃,2042,800,RMB/t,input-MR-demand.xlsx,Mat_Price,Mat_Price!A38:AP98 (ore rows A69:AP98)
matP[ore],Iron ore material price used in MATC,gs,甘肃,2043,800,RMB/t,input-MR-demand.xlsx,Mat_Price,Mat_Price!A38:AP98 (ore rows A69:AP98)
matP[ore],Iron ore material price used in MATC,gs,甘肃,2044,800,RMB/t,input-MR-demand.xlsx,Mat_Price,Mat_Price!A38:AP98 (ore rows A69:AP98)
matP[ore],Iron ore material price used in MATC,gs,甘肃,2045,800,RMB/t,input-MR-demand.xlsx,Mat_Price,Mat_Price!A38:AP98 (ore rows A69:AP98)
matP[ore],Iron ore material price used in MATC,gs,甘肃,2046,800,RMB/t,input-MR-demand.xlsx,Mat_Price,Mat_Price!A38:AP98 (ore rows A69:AP98)
matP[ore],Iron ore material price used in MATC,gs,甘肃,2047,800,RMB/t,input-MR-demand.xlsx,Mat_Price,Mat_Price!A38:AP98 (ore rows A69:AP98)
matP[ore],Iron ore material price used in MATC,gs,甘肃,2048,800,RMB/t,input-MR-demand.xlsx,Mat_Price,Mat_Price!A38:AP98 (ore rows A69:AP98)
matP[ore],Iron ore material price used in MATC,gs,甘肃,2049,800,RMB/t,input-MR-demand.xlsx,Mat_Price,Mat_Price!A38:AP98 (ore rows A69:AP98)
matP[ore],Iron ore material price used in MATC,gs,甘肃,2050,800,RMB/t,input-MR-demand.xlsx,Mat_Price,Mat_Price!A38:AP98 (ore rows A69:AP98)
matP[ore],Iron ore material price used in MATC,gs,甘肃,2051,800,RMB/t,input-MR-demand.xlsx,Mat_Price,Mat_Price!A38:AP98 (ore rows A69:AP98)
matP[ore],Iron ore material price used in MATC,gs,甘肃,2052,800,RMB/t,input-MR-demand.xlsx,Mat_Price,Mat_Price!A38:AP98 (ore rows A69:AP98)
matP[ore],Iron ore material price used in MATC,gs,甘肃,2053,800,RMB/t,input-MR-demand.xlsx,Mat_Price,Mat_Price!A38:AP98 (ore rows A69:AP98)
matP[ore],Iron ore material price used in MATC,gs,甘肃,2054,800,RMB/t,input-MR-demand.xlsx,Mat_Price,Mat_Price!A38:AP98 (ore rows A69:AP98)
matP[ore],Iron ore material price used in MATC,gs,甘肃,2055,800,RMB/t,input-MR-demand.xlsx,Mat_Price,Mat_Price!A38:AP98 (ore rows A69:AP98)
matP[ore],Iron ore material price used in MATC,gs,甘肃,2056,800,RMB/t,input-MR-demand.xlsx,Mat_Price,Mat_Price!A38:AP98 (ore rows A69:AP98)
matP[ore],Iron ore material price used in MATC,gs,甘肃,2057,800,RMB/t,input-MR-demand.xlsx,Mat_Price,Mat_Price!A38:AP98 (ore rows A69:AP98)
matP[ore],Iron ore material price used in MATC,gs,甘肃,2058,800,RMB/t,input-MR-demand.xlsx,Mat_Price,Mat_Price!A38:AP98 (ore rows A69:AP98)
matP[ore],Iron ore material price used in MATC,gs,甘肃,2059,800,RMB/t,input-MR-demand.xlsx,Mat_Price,Mat_Price!A38:AP98 (ore rows A69:AP98)
matP[ore],Iron ore material price used in MATC,gs,甘肃,2060,800,RMB/t,input-MR-demand.xlsx,Mat_Price,Mat_Price!A38:AP98 (ore rows A69:AP98)
matP[ore],Iron ore material price used in MATC,qh,青海,2021,800,RMB/t,input-MR-demand.xlsx,Mat_Price,Mat_Price!A38:AP98 (ore rows A69:AP98)
matP[ore],Iron ore material price used in MATC,qh,青海,2022,800,RMB/t,input-MR-demand.xlsx,Mat_Price,Mat_Price!A38:AP98 (ore rows A69:AP98)
matP[ore],Iron ore material price used in MATC,qh,青海,2023,800,RMB/t,input-MR-demand.xlsx,Mat_Price,Mat_Price!A38:AP98 (ore rows A69:AP98)
matP[ore],Iron ore material price used in MATC,qh,青海,2024,800,RMB/t,input-MR-demand.xlsx,Mat_Price,Mat_Price!A38:AP98 (ore rows A69:AP98)
matP[ore],Iron ore material price used in MATC,qh,青海,2025,800,RMB/t,input-MR-demand.xlsx,Mat_Price,Mat_Price!A38:AP98 (ore rows A69:AP98)
matP[ore],Iron ore material price used in MATC,qh,青海,2026,800,RMB/t,input-MR-demand.xlsx,Mat_Price,Mat_Price!A38:AP98 (ore rows A69:AP98)
matP[ore],Iron ore material price used in MATC,qh,青海,2027,800,RMB/t,input-MR-demand.xlsx,Mat_Price,Mat_Price!A38:AP98 (ore rows A69:AP98)
matP[ore],Iron ore material price used in MATC,qh,青海,2028,800,RMB/t,input-MR-demand.xlsx,Mat_Price,Mat_Price!A38:AP98 (ore rows A69:AP98)
matP[ore],Iron ore material price used in MATC,qh,青海,2029,800,RMB/t,input-MR-demand.xlsx,Mat_Price,Mat_Price!A38:AP98 (ore rows A69:AP98)
matP[ore],Iron ore material price used in MATC,qh,青海,2030,800,RMB/t,input-MR-demand.xlsx,Mat_Price,Mat_Price!A38:AP98 (ore rows A69:AP98)
matP[ore],Iron ore material price used in MATC,qh,青海,2031,800,RMB/t,input-MR-demand.xlsx,Mat_Price,Mat_Price!A38:AP98 (ore rows A69:AP98)
matP[ore],Iron ore material price used in MATC,qh,青海,2032,800,RMB/t,input-MR-demand.xlsx,Mat_Price,Mat_Price!A38:AP98 (ore rows A69:AP98)
matP[ore],Iron ore material price used in MATC,qh,青海,2033,800,RMB/t,input-MR-demand.xlsx,Mat_Price,Mat_Price!A38:AP98 (ore rows A69:AP98)
matP[ore],Iron ore material price used in MATC,qh,青海,2034,800,RMB/t,input-MR-demand.xlsx,Mat_Price,Mat_Price!A38:AP98 (ore rows A69:AP98)
matP[ore],Iron ore material price used in MATC,qh,青海,2035,800,RMB/t,input-MR-demand.xlsx,Mat_Price,Mat_Price!A38:AP98 (ore rows A69:AP98)
matP[ore],Iron ore material price used in MATC,qh,青海,2036,800,RMB/t,input-MR-demand.xlsx,Mat_Price,Mat_Price!A38:AP98 (ore rows A69:AP98)
matP[ore],Iron ore material price used in MATC,qh,青海,2037,800,RMB/t,input-MR-demand.xlsx,Mat_Price,Mat_Price!A38:AP98 (ore rows A69:AP98)
matP[ore],Iron ore material price used in MATC,qh,青海,2038,800,RMB/t,input-MR-demand.xlsx,Mat_Price,Mat_Price!A38:AP98 (ore rows A69:AP98)
matP[ore],Iron ore material price used in MATC,qh,青海,2039,800,RMB/t,input-MR-demand.xlsx,Mat_Price,Mat_Price!A38:AP98 (ore rows A69:AP98)
matP[ore],Iron ore material price used in MATC,qh,青海,2040,800,RMB/t,input-MR-demand.xlsx,Mat_Price,Mat_Price!A38:AP98 (ore rows A69:AP98)
matP[ore],Iron ore material price used in MATC,qh,青海,2041,800,RMB/t,input-MR-demand.xlsx,Mat_Price,Mat_Price!A38:AP98 (ore rows A69:AP98)
matP[ore],Iron ore material price used in MATC,qh,青海,2042,800,RMB/t,input-MR-demand.xlsx,Mat_Price,Mat_Price!A38:AP98 (ore rows A69:AP98)
matP[ore],Iron ore material price used in MATC,qh,青海,2043,800,RMB/t,input-MR-demand.xlsx,Mat_Price,Mat_Price!A38:AP98 (ore rows A69:AP98)
matP[ore],Iron ore material price used in MATC,qh,青海,2044,800,RMB/t,input-MR-demand.xlsx,Mat_Price,Mat_Price!A38:AP98 (ore rows A69:AP98)
matP[ore],Iron ore material price used in MATC,qh,青海,2045,800,RMB/t,input-MR-demand.xlsx,Mat_Price,Mat_Price!A38:AP98 (ore rows A69:AP98)
matP[ore],Iron ore material price used in MATC,qh,青海,2046,800,RMB/t,input-MR-demand.xlsx,Mat_Price,Mat_Price!A38:AP98 (ore rows A69:AP98)
matP[ore],Iron ore material price used in MATC,qh,青海,2047,800,RMB/t,input-MR-demand.xlsx,Mat_Price,Mat_Price!A38:AP98 (ore rows A69:AP98)
matP[ore],Iron ore material price used in MATC,qh,青海,2048,800,RMB/t,input-MR-demand.xlsx,Mat_Price,Mat_Price!A38:AP98 (ore rows A69:AP98)
matP[ore],Iron ore material price used in MATC,qh,青海,2049,800,RMB/t,input-MR-demand.xlsx,Mat_Price,Mat_Price!A38:AP98 (ore rows A69:AP98)
matP[ore],Iron ore material price used in MATC,qh,青海,2050,800,RMB/t,input-MR-demand.xlsx,Mat_Price,Mat_Price!A38:AP98 (ore rows A69:AP98)
matP[ore],Iron ore material price used in MATC,qh,青海,2051,800,RMB/t,input-MR-demand.xlsx,Mat_Price,Mat_Price!A38:AP98 (ore rows A69:AP98)
matP[ore],Iron ore material price used in MATC,qh,青海,2052,800,RMB/t,input-MR-demand.xlsx,Mat_Price,Mat_Price!A38:AP98 (ore rows A69:AP98)
matP[ore],Iron ore material price used in MATC,qh,青海,2053,800,RMB/t,input-MR-demand.xlsx,Mat_Price,Mat_Price!A38:AP98 (ore rows A69:AP98)
matP[ore],Iron ore material price used in MATC,qh,青海,2054,800,RMB/t,input-MR-demand.xlsx,Mat_Price,Mat_Price!A38:AP98 (ore rows A69:AP98)
matP[ore],Iron ore material price used in MATC,qh,青海,2055,800,RMB/t,input-MR-demand.xlsx,Mat_Price,Mat_Price!A38:AP98 (ore rows A69:AP98)
matP[ore],Iron ore material price used in MATC,qh,青海,2056,800,RMB/t,input-MR-demand.xlsx,Mat_Price,Mat_Price!A38:AP98 (ore rows A69:AP98)
matP[ore],Iron ore material price used in MATC,qh,青海,2057,800,RMB/t,input-MR-demand.xlsx,Mat_Price,Mat_Price!A38:AP98 (ore rows A69:AP98)
matP[ore],Iron ore material price used in MATC,qh,青海,2058,800,RMB/t,input-MR-demand.xlsx,Mat_Price,Mat_Price!A38:AP98 (ore rows A69:AP98)
matP[ore],Iron ore material price used in MATC,qh,青海,2059,800,RMB/t,input-MR-demand.xlsx,Mat_Price,Mat_Price!A38:AP98 (ore rows A69:AP98)
matP[ore],Iron ore material price used in MATC,qh,青海,2060,800,RMB/t,input-MR-demand.xlsx,Mat_Price,Mat_Price!A38:AP98 (ore rows A69:AP98)
matP[ore],Iron ore material price used in MATC,nx,宁夏,2021,800,RMB/t,input-MR-demand.xlsx,Mat_Price,Mat_Price!A38:AP98 (ore rows A69:AP98)
matP[ore],Iron ore material price used in MATC,nx,宁夏,2022,800,RMB/t,input-MR-demand.xlsx,Mat_Price,Mat_Price!A38:AP98 (ore rows A69:AP98)
matP[ore],Iron ore material price used in MATC,nx,宁夏,2023,800,RMB/t,input-MR-demand.xlsx,Mat_Price,Mat_Price!A38:AP98 (ore rows A69:AP98)
matP[ore],Iron ore material price used in MATC,nx,宁夏,2024,800,RMB/t,input-MR-demand.xlsx,Mat_Price,Mat_Price!A38:AP98 (ore rows A69:AP98)
matP[ore],Iron ore material price used in MATC,nx,宁夏,2025,800,RMB/t,input-MR-demand.xlsx,Mat_Price,Mat_Price!A38:AP98 (ore rows A69:AP98)
matP[ore],Iron ore material price used in MATC,nx,宁夏,2026,800,RMB/t,input-MR-demand.xlsx,Mat_Price,Mat_Price!A38:AP98 (ore rows A69:AP98)
matP[ore],Iron ore material price used in MATC,nx,宁夏,2027,800,RMB/t,input-MR-demand.xlsx,Mat_Price,Mat_Price!A38:AP98 (ore rows A69:AP98)
matP[ore],Iron ore material price used in MATC,nx,宁夏,2028,800,RMB/t,input-MR-demand.xlsx,Mat_Price,Mat_Price!A38:AP98 (ore rows A69:AP98)
matP[ore],Iron ore material price used in MATC,nx,宁夏,2029,800,RMB/t,input-MR-demand.xlsx,Mat_Price,Mat_Price!A38:AP98 (ore rows A69:AP98)
matP[ore],Iron ore material price used in MATC,nx,宁夏,2030,800,RMB/t,input-MR-demand.xlsx,Mat_Price,Mat_Price!A38:AP98 (ore rows A69:AP98)
matP[ore],Iron ore material price used in MATC,nx,宁夏,2031,800,RMB/t,input-MR-demand.xlsx,Mat_Price,Mat_Price!A38:AP98 (ore rows A69:AP98)
matP[ore],Iron ore material price used in MATC,nx,宁夏,2032,800,RMB/t,input-MR-demand.xlsx,Mat_Price,Mat_Price!A38:AP98 (ore rows A69:AP98)
matP[ore],Iron ore material price used in MATC,nx,宁夏,2033,800,RMB/t,input-MR-demand.xlsx,Mat_Price,Mat_Price!A38:AP98 (ore rows A69:AP98)
matP[ore],Iron ore material price used in MATC,nx,宁夏,2034,800,RMB/t,input-MR-demand.xlsx,Mat_Price,Mat_Price!A38:AP98 (ore rows A69:AP98)
matP[ore],Iron ore material price used in MATC,nx,宁夏,2035,800,RMB/t,input-MR-demand.xlsx,Mat_Price,Mat_Price!A38:AP98 (ore rows A69:AP98)
matP[ore],Iron ore material price used in MATC,nx,宁夏,2036,800,RMB/t,input-MR-demand.xlsx,Mat_Price,Mat_Price!A38:AP98 (ore rows A69:AP98)
matP[ore],Iron ore material price used in MATC,nx,宁夏,2037,800,RMB/t,input-MR-demand.xlsx,Mat_Price,Mat_Price!A38:AP98 (ore rows A69:AP98)
matP[ore],Iron ore material price used in MATC,nx,宁夏,2038,800,RMB/t,input-MR-demand.xlsx,Mat_Price,Mat_Price!A38:AP98 (ore rows A69:AP98)
matP[ore],Iron ore material price used in MATC,nx,宁夏,2039,800,RMB/t,input-MR-demand.xlsx,Mat_Price,Mat_Price!A38:AP98 (ore rows A69:AP98)
matP[ore],Iron ore material price used in MATC,nx,宁夏,2040,800,RMB/t,input-MR-demand.xlsx,Mat_Price,Mat_Price!A38:AP98 (ore rows A69:AP98)
matP[ore],Iron ore material price used in MATC,nx,宁夏,2041,800,RMB/t,input-MR-demand.xlsx,Mat_Price,Mat_Price!A38:AP98 (ore rows A69:AP98)
matP[ore],Iron ore material price used in MATC,nx,宁夏,2042,800,RMB/t,input-MR-demand.xlsx,Mat_Price,Mat_Price!A38:AP98 (ore rows A69:AP98)
matP[ore],Iron ore material price used in MATC,nx,宁夏,2043,800,RMB/t,input-MR-demand.xlsx,Mat_Price,Mat_Price!A38:AP98 (ore rows A69:AP98)
matP[ore],Iron ore material price used in MATC,nx,宁夏,2044,800,RMB/t,input-MR-demand.xlsx,Mat_Price,Mat_Price!A38:AP98 (ore rows A69:AP98)
matP[ore],Iron ore material price used in MATC,nx,宁夏,2045,800,RMB/t,input-MR-demand.xlsx,Mat_Price,Mat_Price!A38:AP98 (ore rows A69:AP98)
matP[ore],Iron ore material price used in MATC,nx,宁夏,2046,800,RMB/t,input-MR-demand.xlsx,Mat_Price,Mat_Price!A38:AP98 (ore rows A69:AP98)
matP[ore],Iron ore material price used in MATC,nx,宁夏,2047,800,RMB/t,input-MR-demand.xlsx,Mat_Price,Mat_Price!A38:AP98 (ore rows A69:AP98)
matP[ore],Iron ore material price used in MATC,nx,宁夏,2048,800,RMB/t,input-MR-demand.xlsx,Mat_Price,Mat_Price!A38:AP98 (ore rows A69:AP98)
matP[ore],Iron ore material price used in MATC,nx,宁夏,2049,800,RMB/t,input-MR-demand.xlsx,Mat_Price,Mat_Price!A38:AP98 (ore rows A69:AP98)
matP[ore],Iron ore material price used in MATC,nx,宁夏,2050,800,RMB/t,input-MR-demand.xlsx,Mat_Price,Mat_Price!A38:AP98 (ore rows A69:AP98)
matP[ore],Iron ore material price used in MATC,nx,宁夏,2051,800,RMB/t,input-MR-demand.xlsx,Mat_Price,Mat_Price!A38:AP98 (ore rows A69:AP98)
matP[ore],Iron ore material price used in MATC,nx,宁夏,2052,800,RMB/t,input-MR-demand.xlsx,Mat_Price,Mat_Price!A38:AP98 (ore rows A69:AP98)
matP[ore],Iron ore material price used in MATC,nx,宁夏,2053,800,RMB/t,input-MR-demand.xlsx,Mat_Price,Mat_Price!A38:AP98 (ore rows A69:AP98)
matP[ore],Iron ore material price used in MATC,nx,宁夏,2054,800,RMB/t,input-MR-demand.xlsx,Mat_Price,Mat_Price!A38:AP98 (ore rows A69:AP98)
matP[ore],Iron ore material price used in MATC,nx,宁夏,2055,800,RMB/t,input-MR-demand.xlsx,Mat_Price,Mat_Price!A38:AP98 (ore rows A69:AP98)
matP[ore],Iron ore material price used in MATC,nx,宁夏,2056,800,RMB/t,input-MR-demand.xlsx,Mat_Price,Mat_Price!A38:AP98 (ore rows A69:AP98)
matP[ore],Iron ore material price used in MATC,nx,宁夏,2057,800,RMB/t,input-MR-demand.xlsx,Mat_Price,Mat_Price!A38:AP98 (ore rows A69:AP98)
matP[ore],Iron ore material price used in MATC,nx,宁夏,2058,800,RMB/t,input-MR-demand.xlsx,Mat_Price,Mat_Price!A38:AP98 (ore rows A69:AP98)
matP[ore],Iron ore material price used in MATC,nx,宁夏,2059,800,RMB/t,input-MR-demand.xlsx,Mat_Price,Mat_Price!A38:AP98 (ore rows A69:AP98)
matP[ore],Iron ore material price used in MATC,nx,宁夏,2060,800,RMB/t,input-MR-demand.xlsx,Mat_Price,Mat_Price!A38:AP98 (ore rows A69:AP98)
matP[ore],Iron ore material price used in MATC,xj,新疆,2021,800,RMB/t,input-MR-demand.xlsx,Mat_Price,Mat_Price!A38:AP98 (ore rows A69:AP98)
matP[ore],Iron ore material price used in MATC,xj,新疆,2022,800,RMB/t,input-MR-demand.xlsx,Mat_Price,Mat_Price!A38:AP98 (ore rows A69:AP98)
matP[ore],Iron ore material price used in MATC,xj,新疆,2023,800,RMB/t,input-MR-demand.xlsx,Mat_Price,Mat_Price!A38:AP98 (ore rows A69:AP98)
matP[ore],Iron ore material price used in MATC,xj,新疆,2024,800,RMB/t,input-MR-demand.xlsx,Mat_Price,Mat_Price!A38:AP98 (ore rows A69:AP98)
matP[ore],Iron ore material price used in MATC,xj,新疆,2025,800,RMB/t,input-MR-demand.xlsx,Mat_Price,Mat_Price!A38:AP98 (ore rows A69:AP98)
matP[ore],Iron ore material price used in MATC,xj,新疆,2026,800,RMB/t,input-MR-demand.xlsx,Mat_Price,Mat_Price!A38:AP98 (ore rows A69:AP98)
matP[ore],Iron ore material price used in MATC,xj,新疆,2027,800,RMB/t,input-MR-demand.xlsx,Mat_Price,Mat_Price!A38:AP98 (ore rows A69:AP98)
matP[ore],Iron ore material price used in MATC,xj,新疆,2028,800,RMB/t,input-MR-demand.xlsx,Mat_Price,Mat_Price!A38:AP98 (ore rows A69:AP98)
matP[ore],Iron ore material price used in MATC,xj,新疆,2029,800,RMB/t,input-MR-demand.xlsx,Mat_Price,Mat_Price!A38:AP98 (ore rows A69:AP98)
matP[ore],Iron ore material price used in MATC,xj,新疆,2030,800,RMB/t,input-MR-demand.xlsx,Mat_Price,Mat_Price!A38:AP98 (ore rows A69:AP98)
matP[ore],Iron ore material price used in MATC,xj,新疆,2031,800,RMB/t,input-MR-demand.xlsx,Mat_Price,Mat_Price!A38:AP98 (ore rows A69:AP98)
matP[ore],Iron ore material price used in MATC,xj,新疆,2032,800,RMB/t,input-MR-demand.xlsx,Mat_Price,Mat_Price!A38:AP98 (ore rows A69:AP98)
matP[ore],Iron ore material price used in MATC,xj,新疆,2033,800,RMB/t,input-MR-demand.xlsx,Mat_Price,Mat_Price!A38:AP98 (ore rows A69:AP98)
matP[ore],Iron ore material price used in MATC,xj,新疆,2034,800,RMB/t,input-MR-demand.xlsx,Mat_Price,Mat_Price!A38:AP98 (ore rows A69:AP98)
matP[ore],Iron ore material price used in MATC,xj,新疆,2035,800,RMB/t,input-MR-demand.xlsx,Mat_Price,Mat_Price!A38:AP98 (ore rows A69:AP98)
matP[ore],Iron ore material price used in MATC,xj,新疆,2036,800,RMB/t,input-MR-demand.xlsx,Mat_Price,Mat_Price!A38:AP98 (ore rows A69:AP98)
matP[ore],Iron ore material price used in MATC,xj,新疆,2037,800,RMB/t,input-MR-demand.xlsx,Mat_Price,Mat_Price!A38:AP98 (ore rows A69:AP98)
matP[ore],Iron ore material price used in MATC,xj,新疆,2038,800,RMB/t,input-MR-demand.xlsx,Mat_Price,Mat_Price!A38:AP98 (ore rows A69:AP98)
matP[ore],Iron ore material price used in MATC,xj,新疆,2039,800,RMB/t,input-MR-demand.xlsx,Mat_Price,Mat_Price!A38:AP98 (ore rows A69:AP98)
matP[ore],Iron ore material price used in MATC,xj,新疆,2040,800,RMB/t,input-MR-demand.xlsx,Mat_Price,Mat_Price!A38:AP98 (ore rows A69:AP98)
matP[ore],Iron ore material price used in MATC,xj,新疆,2041,800,RMB/t,input-MR-demand.xlsx,Mat_Price,Mat_Price!A38:AP98 (ore rows A69:AP98)
matP[ore],Iron ore material price used in MATC,xj,新疆,2042,800,RMB/t,input-MR-demand.xlsx,Mat_Price,Mat_Price!A38:AP98 (ore rows A69:AP98)
matP[ore],Iron ore material price used in MATC,xj,新疆,2043,800,RMB/t,input-MR-demand.xlsx,Mat_Price,Mat_Price!A38:AP98 (ore rows A69:AP98)
matP[ore],Iron ore material price used in MATC,xj,新疆,2044,800,RMB/t,input-MR-demand.xlsx,Mat_Price,Mat_Price!A38:AP98 (ore rows A69:AP98)
matP[ore],Iron ore material price used in MATC,xj,新疆,2045,800,RMB/t,input-MR-demand.xlsx,Mat_Price,Mat_Price!A38:AP98 (ore rows A69:AP98)
matP[ore],Iron ore material price used in MATC,xj,新疆,2046,800,RMB/t,input-MR-demand.xlsx,Mat_Price,Mat_Price!A38:AP98 (ore rows A69:AP98)
matP[ore],Iron ore material price used in MATC,xj,新疆,2047,800,RMB/t,input-MR-demand.xlsx,Mat_Price,Mat_Price!A38:AP98 (ore rows A69:AP98)
matP[ore],Iron ore material price used in MATC,xj,新疆,2048,800,RMB/t,input-MR-demand.xlsx,Mat_Price,Mat_Price!A38:AP98 (ore rows A69:AP98)
matP[ore],Iron ore material price used in MATC,xj,新疆,2049,800,RMB/t,input-MR-demand.xlsx,Mat_Price,Mat_Price!A38:AP98 (ore rows A69:AP98)
matP[ore],Iron ore material price used in MATC,xj,新疆,2050,800,RMB/t,input-MR-demand.xlsx,Mat_Price,Mat_Price!A38:AP98 (ore rows A69:AP98)
matP[ore],Iron ore material price used in MATC,xj,新疆,2051,800,RMB/t,input-MR-demand.xlsx,Mat_Price,Mat_Price!A38:AP98 (ore rows A69:AP98)
matP[ore],Iron ore material price used in MATC,xj,新疆,2052,800,RMB/t,input-MR-demand.xlsx,Mat_Price,Mat_Price!A38:AP98 (ore rows A69:AP98)
matP[ore],Iron ore material price used in MATC,xj,新疆,2053,800,RMB/t,input-MR-demand.xlsx,Mat_Price,Mat_Price!A38:AP98 (ore rows A69:AP98)
matP[ore],Iron ore material price used in MATC,xj,新疆,2054,800,RMB/t,input-MR-demand.xlsx,Mat_Price,Mat_Price!A38:AP98 (ore rows A69:AP98)
matP[ore],Iron ore material price used in MATC,xj,新疆,2055,800,RMB/t,input-MR-demand.xlsx,Mat_Price,Mat_Price!A38:AP98 (ore rows A69:AP98)
matP[ore],Iron ore material price used in MATC,xj,新疆,2056,800,RMB/t,input-MR-demand.xlsx,Mat_Price,Mat_Price!A38:AP98 (ore rows A69:AP98)
matP[ore],Iron ore material price used in MATC,xj,新疆,2057,800,RMB/t,input-MR-demand.xlsx,Mat_Price,Mat_Price!A38:AP98 (ore rows A69:AP98)
matP[ore],Iron ore material price used in MATC,xj,新疆,2058,800,RMB/t,input-MR-demand.xlsx,Mat_Price,Mat_Price!A38:AP98 (ore rows A69:AP98)
matP[ore],Iron ore material price used in MATC,xj,新疆,2059,800,RMB/t,input-MR-demand.xlsx,Mat_Price,Mat_Price!A38:AP98 (ore rows A69:AP98)
matP[ore],Iron ore material price used in MATC,xj,新疆,2060,800,RMB/t,input-MR-demand.xlsx,Mat_Price,Mat_Price!A38:AP98 (ore rows A69:AP98)
